1778215364
0
1778215369
0
1778215374
35
1778215379
35
1778215384
35
1778215389
285
1778215394
285
1778215400
285
1778215405
339
1778215410
339
1778215415
339
1778215420
339
1778215425
339
1778215430
339
1778215435
339
1778215440
339
1778215445
339
1778215451
339
1778215456
339
1778215461
339
1778215466
339
1778215471
339
1778215476
339
1778215481
339
1778215486
339
1778215491
339
1778215496
339
1778215501
339
1778215507
339
1778215512
339
1778215517
339
1778215522
339
1778215527
339
1778215532
339
1778215537
339
1778215542
339
1778215547
339
1778215552
339
1778215557
339
1778215563
339
1778215568
339
1778215573
339
1778215578
339
1778215583
339
1778215588
339
1778215593
339
1778215598
339
1778215603
339
1778215608
339
1778215613
339
1778215618
364
1778215623
405
1778215629
453
1778215634
500
1778215639
555
1778215644
607
1778215649
626
1778215654
637
1778215659
639
1778215664
639
1778215669
639
1778215674
639
1778215679
639
1778215684
639
1778215689
639
1778215694
639
1778215700
639
1778215705
639
1778215710
639
1778215715
639
1778215720
639
1778215725
639
1778215730
639
1778215735
639
1778215740
639
1778215745
639
1778215751
639
1778215756
639
1778215761
639
1778215766
639
1778215771
639
1778215776
639
1778215781
639
1778215786
639
1778215791
639
1778215796
639
1778215802
639
1778215807
639
1778215812
639
1778215817
639
1778215822
639
1778215827
639
1778215832
639
1778215837
639
1778215842
639
1778215847
639
1778215853
639
1778215858
639
1778215863
639
1778215868
837
1778215873
837
1778215878
746
1778215883
639
1778215888
639
1778215893
639
1778215898
639
1778215904
639
1778215909
639
1778215914
639
1778215919
639
1778215924
639
1778215929
639
1778215934
639
1778215939
639
1778215944
639
1778215949
639
1778215955
639
1778215960
639
1778215965
639
1778215970
639
1778215975
0
1778215980
0
1778215985
0
1778215990
0
1778215995
0
1778216001
0
1778216006
0
1778216011
0
1778216016
0
1778216021
0
1778216026
0
1778216031
0
1778216036
0
1778216041
0
1778216046
0
1778216051
0
1778216057
0
1778216062
0
1778216067
0
1778216072
0
1778216077
0
1778216082
0
1778216087
0
1778216092
0
1778216097
0
1778216102
0
1778216107
0
1778216112
0
1778216118
0
1778216123
0
1778216128
0
1778216133
0
1778216138
0
1778216143
0
1778216148
0
1778216153
0
1778216158
0
1778216163
0
1778216168
0
1778216173
0
1778216178
0
1778216184
0
1778216189
0
1778216194
0
1778216199
0
1778216204
0
1778216209
0
1778216214
0
1778216219
0
1778216224
0
1778216229
0
1778216234
0
1778216239
0
1778216244
0
1778216250
0
1778216255
0
1778216260
0
1778216265
0
1778216270
0
1778216275
0
1778216280
0
1778216285
0
1778216290
0
1778216295
0
1778216300
0
1778216305
0
1778216311
0
1778216316
0
1778216321
0
1778216326
0
1778216331
0
1778216336
0
1778216341
0
1778216346
0
1778216351
0
1778216356
0
1778216361
0
1778216366
0
1778216372
0
1778216377
0
1778216382
0
1778216387
0
1778216392
0
1778216397
0
1778216402
0
1778216407
0
1778216412
0
1778216417
0
1778216422
0
1778216427
0
1778216432
0
1778216438
0
1778216443
0
1778216448
0
1778216453
0
1778216458
0
1778216463
0
1778216469
0
1778216474
0
1778216479
0
1778216484
0
1778216489
0
1778216494
0
1778216499
0
1778216505
0
1778216510
0
1778216515
0
1778216520
0
1778216525
0
1778216530
0
1778216536
0
1778216541
0
1778216546
0
1778216551
0
1778216556
0
1778216561
0
1778216566
0
1778216572
0
1778216577
0
1778216582
0
1778216587
0
1778216592
0
1778216597
0
1778216602
0
1778216608
0
1778216613
0
1778216618
0
1778216623
0
1778216628
0
1778216633
0
1778216639
0
1778216644
0
1778216649
0
1778216654
0
1778216659
0
1778216664
0
1778216669
0
1778216674
0
1778216680
0
1778216685
0
1778216690
0
1778216695
0
1778216700
0
1778216705
0
1778216711
0
1778216716
0
1778216721
0
1778216726
0
1778216731
0
1778216736
0
1778216742
0
1778216747
0
1778216752
0
1778216757
0
1778216762
0
1778216767
0
1778216772
0
1778216777
0
1778216782
0
1778216787
0
1778216792
0
1778216798
0
1778216803
0
1778216808
0
1778216813
0
1778216818
0
1778216823
0
1778216828
0
1778216833
0
1778216838
0
1778216843
0
1778216848
0
1778216854
0
1778216859
0
1778216864
0
1778216869
0
1778216874
0
1778216879
0
1778216884
0
1778216889
0
1778216894
0
1778216899
0
1778216904
0
1778216909
0
1778216915
0
1778216920
0
1778216925
0
1778216930
0
1778216935
0
1778216940
0
1778216945
0
1778216950
0
1778216955
0
1778216960
0
1778216965
0
1778216970
0
1778216976
0
1778216981
0
1778216986
0
1778216991
0
1778216996
0
1778217001
0
1778217006
0
1778217011
0
1778217016
0
1778217021
0
1778217026
0
1778217031
0
1778217037
0
1778217042
0
1778217047
0
1778217052
0
1778217057
0
1778217062
0
1778217067
0
1778217072
0
1778217077
0
1778217082
0
1778217087
0
1778217092
0
1778217098
0
1778217103
0
1778217108
0
1778217113
0
1778217118
0
1778217123
0
1778217128
0
1778217133
0
1778217138
0
1778217143
0
1778217148
0
1778217153
0
1778217159
0
1778217164
0
1778217169
0
1778217174
0
1778217179
0
1778217184
0
1778217189
0
1778217194
0
1778217199
0
1778217204
0
1778217209
0
1778217214
0
1778217219
0
1778217225
0
1778217230
0
1778217235
0
1778217240
0
1778217245
0
1778217250
0
1778217255
0
1778217260
0
1778217265
0
1778217270
0
1778217275
0
1778217280
0
1778217286
0
1778217291
0
1778217296
0
1778217301
0
1778217306
0
1778217311
0
1778217316
0
1778217321
0
1778217326
0
1778217331
0
1778217336
0
1778217341
0
1778217347
0
1778217352
0
1778217357
0
1778217362
0
1778217367
0
1778217372
0
1778217377
0
1778217382
0
1778217387
0
1778217392
0
1778217397
0
1778217402
0
1778217408
0
1778217413
0
1778217418
0
1778217423
0
1778217428
0
1778217433
0
1778217438
0
1778217443
0
1778217448
0
1778217453
0
1778217458
0
1778217463
0
1778217469
0
1778217474
0
1778217479
0
1778217484
0
1778217489
0
1778217494
0
1778217499
0
1778217504
0
1778217509
0
1778217514
0
1778217519
0
1778217525
0
1778217530
0
1778217535
0
1778217540
0
1778217545
0
1778217550
0
1778217555
0
1778217560
0
1778217565
0
1778217570
0
1778217575
0
1778217581
0
1778217586
0
1778217591
0
1778217596
0
1778217601
0
1778217606
0
1778217611
0
1778217616
0
1778217621
0
1778217626
0
1778217632
0
1778217637
0
1778217642
0
1778217647
0
1778217652
0
1778217657
0
1778217663
0
1778217668
0
1778217673
0
1778217678
0
1778217683
0
1778217688
0
1778217694
0
1778217699
0
1778217704
0
1778217709
0
1778217714
0
1778217719
0
1778217725
0
1778217730
0
1778217735
0
1778217740
0
1778217745
0
1778217750
0
1778217755
0
1778217761
0
1778217766
0
1778217771
0
1778217776
0
1778217781
0
1778217787
0
1778217792
0
1778217797
0
1778217802
0
1778217807
0
1778217812
0
1778217817
0
1778217823
0
1778217828
0
1778217833
0
1778217838
0
1778217843
0
1778217848
0
1778217853
0
1778217858
0
1778217864
0
1778217869
0
1778217874
0
1778217879
0
1778217884
0
1778217889
0
1778217895
0
1778217900
0
1778217905
0
1778217910
0
1778217915
0
1778217920
0
1778217925
0
1778217931
0
1778217936
0
1778217941
0
1778217946
0
1778217951
0
1778217956
0
1778217962
0
1778217967
0
1778217972
0
1778217977
0
1778217982
0
1778217987
0
1778217993
0
1778217998
0
1778218003
0
1778218008
0
1778218013
0
1778218018
0
1778218024
0
1778218029
0
1778218034
0
1778218039
0
1778218044
0
1778218049
0
1778218055
0
1778218060
0
1778218065
0
1778218070
0
1778218075
0
1778218080
0
1778218085
0
1778218090
0
1778218096
0
1778218101
0
1778218106
0
1778218111
0
1778218116
0
1778218121
0
1778218126
0
1778218132
0
1778218137
0
1778218142
0
1778218147
0
1778218152
0
1778218157
0
1778218162
0
1778218167
0
1778218173
0
1778218178
0
1778218183
0
1778218188
0
1778218193
0
1778218198
0
1778218203
0
1778218208
0
1778218214
0
1778218219
0
1778218224
0
1778218229
0
1778218234
0
1778218239
0
1778218244
0
1778218250
0
1778218255
0
1778218260
0
1778218265
0
1778218270
0
1778218275
0
1778218280
0
1778218285
0
1778218291
0
1778218296
0
1778218301
0
1778218306
0
1778218311
0
1778218316
0
1778218321
0
1778218326
0
1778218332
0
1778218337
0
1778218342
0
1778218347
0
1778218352
0
1778218357
0
1778218362
0
1778218367
0
1778218372
0
1778218378
0
1778218383
0
1778218388
0
1778218393
0
1778218398
0
1778218404
0
1778218409
0
1778218414
0
1778218419
0
1778218424
0
1778218430
0
1778218435
0
1778218441
0
1778218446
0
1778218451
0
1778218456
0
1778218461
0
1778218466
0
1778218472
0
1778218477
0
1778218482
0
1778218487
0
1778218492
0
1778218497
0
1778218502
0
1778218507
0
1778218513
0
1778218518
0
1778218523
0
1778218528
73
1778218533
73
1778218538
73
1778218543
323
1778218548
323
1778218553
323
1778218558
339
1778218563
339
1778218568
339
1778218573
339
1778218578
339
1778218583
339
1778218588
339
1778218593
339
1778218598
339
1778218603
339
1778218608
339
1778218613
339
1778218619
339
1778218624
339
1778218629
339
1778218634
339
1778218639
339
1778218644
339
1778218649
339
1778218654
339
1778218659
339
1778218664
339
1778218669
339
1778218674
339
1778218679
339
1778218684
339
1778218689
339
1778218694
339
1778218699
339
1778218705
339
1778218710
339
1778218715
339
1778218720
339
1778218725
339
1778218730
339
1778218735
339
1778218740
339
1778218745
339
1778218750
339
1778218755
339
1778218760
339
1778218765
339
1778218770
339
1778218775
339
1778218780
339
1778218785
339
1778218790
339
1778218796
339
1778218801
339
1778218806
339
1778218811
339
1778218816
339
1778218821
339
1778218826
339
1778218831
339
1778218836
339
1778218841
339
1778218846
339
1778218851
339
1778218856
339
1778218861
339
1778218866
339
1778218871
339
1778218876
339
1778218881
339
1778218886
339
1778218891
339
1778218897
339
1778218902
339
1778218907
339
1778218912
339
1778218917
339
1778218922
339
1778218927
339
1778218932
339
1778218937
339
1778218942
339
1778218947
339
1778218952
339
1778218957
339
1778218962
339
1778218967
339
1778218972
339
1778218977
339
1778218982
339
1778218988
339
1778218993
339
1778218998
339
1778219003
339
1778219008
339
1778219013
339
1778219018
339
1778219023
339
1778219028
339
1778219033
339
1778219038
0
1778219043
0
1778219048
0
1778219053
0
1778219058
0
1778219063
0
1778219068
0
1778219073
0
1778219078
0
1778219084
0
1778219089
0
1778219094
0
1778219099
0
1778219104
0
1778219109
0
1778219114
0
1778219119
0
1778219124
0
1778219129
0
1778219134
0
1778219139
0
1778219144
0
1778219149
0
1778219154
0
1778219159
0
1778219164
0
1778219169
0
1778219174
0
1778219179
0
1778219185
0
1778219190
0
1778219195
0
1778219200
0
1778219205
0
1778219210
0
1778219215
0
1778219220
0
1778219225
0
1778219230
0
1778219235
0
1778219240
0
1778219245
0
1778219250
0
1778219255
0
1778219260
0
1778219265
0
1778219270
0
1778219276
0
1778219281
0
1778219286
0
1778219291
0
1778219296
0
1778219301
0
1778219306
0
1778219311
0
1778219316
0
1778219321
0
1778219326
0
1778219331
0
1778219336
0
1778219341
0
1778219346
0
1778219352
0
1778219357
0
1778219362
0
1778219367
0
1778219372
0
1778219377
0
1778219382
0
1778219387
0
1778219392
0
1778219397
0
1778219402
0
1778219408
0
1778219413
0
1778219418
0
1778219423
0
1778219428
0
1778219433
0
1778219438
0
1778219443
0
1778219448
0
1778219453
0
1778219458
0
1778219463
0
1778219468
0
1778219473
0
1778219478
0
1778219483
0
1778219488
0
1778219494
0
1778219499
0
1778219504
0
1778219509
0
1778219514
0
1778219519
0
1778219524
0
1778219529
0
1778219534
0
1778219539
0
1778219544
0
1778219549
0
1778219554
0
1778219560
0
1778219565
0
1778219570
0
1778219575
0
1778219580
0
1778219585
0
1778219590
0
1778219595
0
1778219600
0
1778219605
0
1778219610
0
1778219616
0
1778219621
0
1778219626
0
1778219631
0
1778219636
0
1778219641
0
1778219646
0
1778219651
0
1778219656
0
1778219661
0
1778219666
0
1778219671
0
1778219676
0
1778219682
0
1778219687
0
1778219692
0
1778219697
0
1778219702
0
1778219707
0
1778219712
0
1778219717
0
1778219722
0
1778219727
0
1778219732
0
1778219737
0
1778219743
0
1778219748
0
1778219753
0
1778219758
0
1778219763
0
1778219768
0
1778219773
0
1778219778
0
1778219783
0
1778219788
0
1778219793
0
1778219799
0
1778219804
0
1778219809
0
1778219814
0
1778219819
0
1778219824
0
1778219829
0
1778219834
0
1778219839
0
1778219844
0
1778219849
0
1778219854
0
1778219859
0
1778219864
0
1778219869
0
1778219874
0
1778219880
0
1778219885
0
1778219890
0
1778219895
0
1778219900
0
1778219905
0
1778219910
0
1778219915
0
1778219920
0
1778219925
0
1778219930
0
1778219935
0
1778219941
0
1778219946
0
1778219951
0
1778219956
0
1778219961
0
1778219966
0
1778219971
0
1778219976
0
1778219981
0
1778219986
0
1778219991
0
1778219997
0
1778220002
0
1778220007
0
1778220012
0
1778220017
0
1778220022
0
1778220027
0
1778220032
0
1778220037
0
1778220042
0
1778220048
0
1778220053
0
1778220058
0
1778220063
0
1778220068
0
1778220073
0
1778220078
0
1778220083
0
1778220088
0
1778220093
0
1778220099
0
1778220104
0
1778220109
0
1778220114
0
1778220119
0
1778220124
0
1778220129
0
1778220134
0
1778220139
0
1778220144
0
1778220149
0
1778220154
0
1778220159
0
1778220165
0
1778220170
0
1778220175
0
1778220180
0
1778220185
0
1778220190
0
1778220195
0
1778220200
0
1778220205
0
1778220210
0
1778220215
0
1778220220
0
1778220226
0
1778220231
0
1778220236
0
1778220241
0
1778220246
0
1778220251
0
1778220256
0
1778220261
0
1778220266
0
1778220271
0
1778220276
0
1778220281
0
1778220287
0
1778220292
0
1778220297
0
1778220302
0
1778220307
0
1778220312
0
1778220317
0
1778220322
0
1778220327
0
1778220332
0
1778220337
0
1778220342
0
1778220347
0
1778220353
0
1778220358
0
1778220363
0
1778220368
0
1778220373
0
1778220378
0
1778220383
0
1778220388
0
1778220393
0
1778220398
0
1778220403
0
1778220408
0
1778220413
0
1778220419
0
1778220424
0
1778220429
0
1778220434
0
1778220439
0
1778220444
0
1778220449
0
1778220454
0
1778220459
0
1778220464
0
1778220469
0
1778220474
0
1778220480
0
1778220485
0
1778220490
0
1778220495
0
1778220500
0
1778220505
0
1778220510
0
1778220515
0
1778220520
0
1778220525
0
1778220530
0
1778220536
0
1778220541
0
1778220546
0
1778220551
0
1778220556
0
1778220561
0
1778220566
0
1778220571
0
1778220576
0
1778220581
0
1778220586
0
1778220591
0
1778220597
0
1778220602
0
1778220607
0
1778220612
0
1778220617
0
1778220622
0
1778220627
0
1778220632
0
1778220637
0
1778220642
0
1778220647
0
1778220652
0
1778220658
0
1778220663
0
1778220668
0
1778220673
0
1778220678
0
1778220683
0
1778220688
0
1778220693
0
1778220698
0
1778220703
0
1778220708
0
1778220713
0
1778220719
0
1778220724
0
1778220729
0
1778220734
0
1778220739
0
1778220744
0
1778220749
0
1778220754
0
1778220759
0
1778220764
0
1778220769
0
1778220775
0
1778220780
0
1778220785
0
1778220790
0
1778220795
0
1778220800
0
1778220805
0
1778220810
0
1778220815
0
1778220820
0
1778220825
0
1778220830
0
1778220836
0
1778220841
0
1778220846
0
1778220851
0
1778220856
0
1778220861
0
1778220866
0
1778220871
0
1778220876
0
1778220881
0
1778220886
0
1778220891
0
1778220896
0
1778220902
0
1778220907
0
1778220912
0
1778220917
0
1778220922
0
1778220927
0
1778220932
0
1778220937
0
1778220942
0
1778220947
0
1778220952
0
1778220957
0
1778220963
0
1778220968
0
1778220973
0
1778220978
0
1778220983
0
1778220988
0
1778220993
0
1778220998
0
1778221003
0
1778221008
0
1778221013
0
1778221019
0
1778221024
0
1778221029
0
1778221034
0
1778221039
0
1778221044
0
1778221049
0
1778221054
0
1778221059
0
1778221064
0
1778221069
0
1778221075
0
1778221080
0
1778221085
0
1778221090
0
1778221095
0
1778221100
0
1778221105
0
1778221110
0
1778221115
0
1778221120
0
1778221125
0
1778221130
0
1778221136
0
1778221141
0
1778221146
0
1778221151
0
1778221156
0
1778221161
0
1778221166
0
1778221171
0
1778221176
0
1778221181
0
1778221186
0
1778221192
0
1778221197
0
1778221202
0
1778221207
0
1778221212
0
1778221217
0
1778221222
0
1778221227
0
1778221232
0
1778221237
0
1778221242
0
1778221247
0
1778221253
0
1778221258
0
1778221263
0
1778221268
0
1778221273
0
1778221278
0
1778221283
0
1778221288
0
1778221293
0
1778221298
0
1778221303
0
1778221309
0
1778221314
0
1778221319
0
1778221324
0
1778221329
0
1778221334
0
1778221339
0
1778221344
0
1778221349
0
1778221354
0
1778221359
0
1778221364
0
1778221370
0
1778221375
0
1778221380
0
1778221385
0
1778221390
0
1778221395
0
1778221400
0
1778221405
0
1778221410
0
1778221415
0
1778221420
0
1778221425
0
1778221431
0
1778221436
0
1778221441
0
1778221446
0
1778221451
0
1778221456
0
1778221461
0
1778221466
0
1778221471
0
1778221476
0
1778221481
0
1778221486
0
1778221492
0
1778221497
0
1778221502
0
1778221507
0
1778221512
0
1778221517
0
1778221522
0
1778221527
0
1778221532
0
1778221537
0
1778221542
0
1778221547
0
1778221553
0
1778221558
0
1778221563
0
1778221568
0
1778221573
0
1778221578
0
1778221583
0
1778221588
0
1778221593
0
1778221598
0
1778221603
0
1778221608
0
1778221613
0
1778221618
0
1778221624
0
1778221629
0
1778221634
0
1778221639
0
1778221644
0
1778221649
0
1778221654
0
1778221659
0
1778221664
0
1778221669
0
1778221674
0
1778221679
0
1778221684
0
1778221689
0
1778221694
0
1778221699
0
1778221704
0
1778221709
0
1778221714
0
1778221719
0
1778221725
0
1778221730
0
1778221735
0
1778221740
0
1778221745
0
1778221750
0
1778221755
0
1778221760
0
1778221765
0
1778221770
0
1778221775
0
1778221780
0
1778221785
0
1778221790
0
1778221795
0
1778221800
0
1778221805
0
1778221810
0
1778221815
0
1778221820
0
1778221826
0
1778221831
0
1778221836
0
1778221841
0
1778221846
0
1778221851
0
1778221856
0
1778221861
0
1778221866
0
1778221871
0
1778221876
0
1778221881
0
1778221886
0
1778221891
0
1778221896
0
1778221901
0
1778221906
0
1778221911
0
1778221916
0
1778221921
0
1778221927
0
1778221932
0
1778221937
0
1778221942
0
1778221947
0
1778221952
0
1778221957
0
1778221962
0
1778221967
0
1778221972
0
1778221977
0
1778221982
0
1778221987
0
1778221992
0
1778221997
0
1778222002
0
1778222007
0
1778222012
0
1778222017
0
1778222022
0
1778222028
0
1778222033
0
1778222038
0
1778222043
0
1778222048
0
1778222053
0
1778222058
0
1778222063
0
1778222068
0
1778222073
0
1778222078
0
1778222083
0
1778222088
0
1778222093
0
1778222098
0
1778222103
0
1778222108
0
1778222113
0
1778222118
0
1778222123
0
1778222129
0
1778222134
0
1778222139
0
1778222144
0
1778222149
0
1778222154
0
1778222159
0
1778222164
0
1778222169
0
1778222174
0
1778222179
0
1778222184
0
1778222189
0
1778222194
0
1778222200
0
1778222205
0
1778222210
0
1778222215
0
1778222220
0
1778222225
0
1778222230
0
1778222235
0
1778222240
0
1778222245
0
1778222250
0
1778222256
0
1778222261
0
1778222266
0
1778222271
0
1778222276
0
1778222281
0
1778222286
0
1778222291
0
1778222296
0
1778222301
0
1778222306
0
1778222311
0
1778222317
0
1778222322
0
1778222327
0
1778222332
0
1778222337
0
1778222342
0
1778222347
0
1778222352
0
1778222357
0
1778222362
0
1778222367
0
1778222373
0
1778222378
0
1778222383
0
1778222388
0
1778222393
0
1778222398
0
1778222403
0
1778222408
0
1778222413
0
1778222418
0
1778222423
0
1778222428
0
1778222433
0
1778222439
0
1778222444
0
1778222449
0
1778222454
0
1778222459
0
1778222464
0
1778222469
0
1778222474
0
1778222479
0
1778222484
0
1778222489
0
1778222494
0
1778222499
0
1778222505
0
1778222510
0
1778222515
0
1778222520
0
1778222525
0
1778222530
0
1778222535
0
1778222540
0
1778222545
0
1778222550
0
1778222555
0
1778222560
0
1778222565
0
1778222570
0
1778222575
0
1778222581
0
1778222586
0
1778222591
0
1778222596
0
1778222601
0
1778222606
0
1778222611
0
1778222616
0
1778222621
0
1778222626
0
1778222632
0
1778222637
0
1778222642
0
1778222647
0
1778222652
0
1778222657
0
1778222662
0
1778222667
0
1778222672
0
1778222678
0
1778222683
0
1778222688
0
1778222693
0
1778222698
0
1778222703
0
1778222708
0
1778222713
0
1778222719
0
1778222724
0
1778222729
0
1778222734
0
1778222739
0
1778222744
0
1778222749
0
1778222754
0
1778222759
0
1778222764
41
1778222769
41
1778222774
41
1778222779
166
1778222784
166
1778222789
166
1778222795
299
1778222800
299
1778222805
299
1778222810
339
1778222815
339
1778222820
339
1778222825
339
1778222830
339
1778222835
339
1778222840
339
1778222845
339
1778222850
339
1778222855
339
1778222860
339
1778222865
339
1778222870
339
1778222875
339
1778222881
339
1778222886
339
1778222891
339
1778222896
339
1778222901
339
1778222906
339
1778222911
339
1778222916
339
1778222921
339
1778222926
339
1778222931
339
1778222936
339
1778222941
339
1778222946
339
1778222951
339
1778222956
339
1778222961
339
1778222966
339
1778222971
339
1778222977
339
1778222982
339
1778222987
339
1778222992
339
1778222997
339
1778223002
339
1778223007
339
1778223012
339
1778223017
339
1778223022
339
1778223027
339
1778223032
339
1778223037
339
1778223042
339
1778223047
339
1778223052
339
1778223058
339
1778223063
339
1778223068
339
1778223073
339
1778223078
339
1778223083
339
1778223088
339
1778223093
339
1778223098
339
1778223103
339
1778223108
339
1778223113
339
1778223118
339
1778223123
339
1778223128
339
1778223133
339
1778223138
339
1778223143
339
1778223148
339
1778223154
339
1778223159
339
1778223164
339
1778223169
339
1778223174
339
1778223179
339
1778223184
339
1778223189
339
1778223194
339
1778223199
339
1778223204
339
1778223209
339
1778223214
339
1778223219
339
1778223224
339
1778223229
339
1778223234
339
1778223240
339
1778223245
339
1778223250
339
1778223255
339
1778223260
339
1778223265
339
1778223270
339
1778223275
339
1778223280
339
1778223285
339
1778223290
339
1778223295
339
1778223300
339
1778223305
339
1778223310
339
1778223315
339
1778223320
339
1778223325
339
1778223330
339
1778223335
0
1778223341
0
1778223346
0
1778223351
0
1778223356
0
1778223361
0
1778223366
0
1778223371
0
1778223376
0
1778223381
0
1778223386
0
1778223391
0
1778223396
0
1778223401
0
1778223406
0
1778223411
0
1778223416
0
1778223421
0
1778223426
0
1778223432
0
1778223437
0
1778223442
0
1778223447
0
1778223452
0
1778223457
0
1778223462
0
1778223467
0
1778223472
0
1778223477
0
1778223482
0
1778223487
0
1778223492
0
1778223497
0
1778223502
0
1778223507
0
1778223512
0
1778223517
0
1778223522
0
1778223528
0
1778223533
0
1778223538
0
1778223543
0
1778223548
0
1778223553
0
1778223558
0
1778223563
0
1778223568
0
1778223573
0
1778223578
0
1778223583
0
1778223588
0
1778223593
0
1778223598
0
1778223603
0
1778223608
0
1778223613
0
1778223619
0
1778223624
0
1778223629
0
1778223634
0
1778223639
0
1778223644
0
1778223649
0
1778223654
0
1778223659
0
1778223664
0
1778223669
0
1778223674
0
1778223679
0
1778223684
0
1778223689
0
1778223694
0
1778223699
0
1778223705
0
1778223710
0
1778223715
0
1778223720
0
1778223725
0
1778223730
0
1778223735
0
1778223740
0
1778223745
0
1778223750
0
1778223756
0
1778223761
0
1778223766
0
1778223771
0
1778223776
0
1778223781
0
1778223786
0
1778223791
0
1778223796
0
1778223801
0
1778223806
0
1778223812
0
1778223817
0
1778223822
0
1778223827
0
1778223832
0
1778223837
0
1778223842
0
1778223847
0
1778223852
0
1778223857
0
1778223862
0
1778223867
0
1778223873
0
1778223878
0
1778223883
0
1778223888
0
1778223893
0
1778223898
0
1778223903
0
1778223908
0
1778223913
0
1778223919
0
1778223924
0
1778223929
0
1778223934
0
1778223939
0
1778223944
0
1778223949
0
1778223954
0
1778223959
0
1778223964
0
1778223969
0
1778223974
0
1778223980
0
1778223985
0
1778223990
0
1778223995
0
1778224000
0
1778224005
0
1778224010
0
1778224015
0
1778224020
0
1778224026
0
1778224031
0
1778224036
0
1778224041
0
1778224046
0
1778224051
0
1778224056
0
1778224061
0
1778224067
0
1778224072
0
1778224077
0
1778224082
12
1778224087
12
1778224092
137
1778224097
137
1778224102
137
1778224107
262
1778224112
262
1778224117
262
1778224122
339
1778224127
339
1778224132
339
1778224137
339
1778224142
339
1778224147
339
1778224153
339
1778224158
339
1778224163
339
1778224168
339
1778224173
339
1778224178
339
1778224183
339
1778224188
339
1778224193
339
1778224198
339
1778224203
339
1778224208
339
1778224213
339
1778224218
339
1778224223
339
1778224228
339
1778224233
339
1778224239
339
1778224244
339
1778224249
339
1778224254
339
1778224259
339
1778224264
339
1778224269
339
1778224274
339
1778224279
339
1778224284
339
1778224289
339
1778224294
339
1778224299
339
1778224304
339
1778224309
339
1778224314
339
1778224319
339
1778224324
339
1778224330
339
1778224335
339
1778224340
339
1778224345
339
1778224350
339
1778224355
339
1778224360
339
1778224365
339
1778224370
339
1778224375
339
1778224380
339
1778224385
339
1778224390
339
1778224395
339
1778224400
339
1778224405
339
1778224410
339
1778224415
339
1778224421
339
1778224426
339
1778224431
339
1778224436
339
1778224441
339
1778224446
339
1778224451
339
1778224456
339
1778224461
339
1778224466
339
1778224471
339
1778224476
339
1778224481
339
1778224486
339
1778224491
339
1778224496
339
1778224501
339
1778224507
339
1778224512
339
1778224517
339
1778224522
339
1778224527
339
1778224532
339
1778224537
339
1778224542
339
1778224547
339
1778224552
339
1778224557
339
1778224562
339
1778224567
339
1778224572
339
1778224577
339
1778224582
339
1778224587
339
1778224593
339
1778224598
339
1778224603
339
1778224608
339
1778224613
339
1778224618
339
1778224623
339
1778224628
339
1778224633
339
1778224638
339
1778224643
339
1778224648
339
1778224653
339
1778224658
339
1778224663
0
1778224668
0
1778224673
0
1778224678
0
1778224683
0
1778224689
0
1778224694
0
1778224699
0
1778224704
0
1778224709
0
1778224714
0
1778224719
0
1778224724
0
1778224729
0
1778224734
0
1778224739
0
1778224744
0
1778224749
0
1778224754
0
1778224759
0
1778224764
0
1778224770
0
1778224775
0
1778224780
0
1778224785
0
1778224790
0
1778224795
0
1778224800
0
1778224805
0
1778224810
0
1778224815
0
1778224820
0
1778224825
0
1778224830
0
1778224835
0
1778224840
0
1778224845
0
1778224850
0
1778224855
0
1778224860
0
1778224866
0
1778224871
0
1778224876
0
1778224881
0
1778224886
0
1778224891
0
1778224896
0
1778224901
0
1778224906
0
1778224911
0
1778224916
0
1778224921
0
1778224926
0
1778224931
0
1778224936
0
1778224941
0
1778224946
0
1778224952
0
1778224957
0
1778224962
0
1778224967
0
1778224972
0
1778224977
0
1778224982
0
1778224987
0
1778224992
0
1778224997
0
1778225002
0
1778225007
0
1778225012
0
1778225017
0
1778225022
0
1778225027
0
1778225032
0
1778225038
0
1778225043
0
1778225048
0
1778225053
0
1778225058
0
1778225063
0
1778225068
0
1778225073
0
1778225078
0
1778225083
0
1778225088
0
1778225093
0
1778225099
0
1778225104
0
1778225109
0
1778225114
0
1778225119
0
1778225124
0
1778225129
0
1778225134
0
1778225139
0
1778225144
0
1778225149
0
1778225154
0
1778225159
0
1778225164
0
1778225169
0
1778225175
0
1778225180
0
1778225185
0
1778225190
0
1778225195
0
1778225200
0
1778225205
0
1778225210
0
1778225215
0
1778225220
0
1778225226
0
1778225231
0
1778225236
0
1778225241
0
1778225246
0
1778225251
0
1778225256
0
1778225261
0
1778225267
0
1778225272
0
1778225277
0
1778225282
0
1778225287
0
1778225292
0
1778225297
0
1778225302
0
1778225307
0
1778225312
0
1778225317
0
1778225322
0
1778225327
0
1778225332
0
1778225337
0
1778225342
0
1778225347
0
1778225353
0
1778225358
0
1778225363
0
1778225368
0
1778225373
0
1778225378
0
1778225383
0
1778225388
0
1778225393
0
1778225398
0
1778225403
0
1778225408
0
1778225413
0
1778225418
0
1778225423
0
1778225428
0
1778225433
0
1778225438
0
1778225443
0
1778225448
0
1778225454
0
1778225459
0
1778225464
0
1778225469
0
1778225474
0
1778225479
0
1778225484
0
1778225489
0
1778225494
0
1778225499
0
1778225504
0
1778225509
0
1778225514
0
1778225519
0
1778225524
0
1778225529
0
1778225534
0
1778225539
0
1778225544
0
1778225549
0
1778225555
0
1778225560
0
1778225565
0
1778225570
0
1778225575
0
1778225580
0
1778225585
0
1778225590
0
1778225595
0
1778225600
0
1778225605
0
1778225610
0
1778225615
0
1778225620
0
1778225625
0
1778225630
0
1778225636
0
1778225641
0
1778225646
0
1778225651
0
1778225656
0
1778225661
0
1778225666
0
1778225671
0
1778225676
0
1778225682
0
1778225687
0
1778225692
0
1778225697
0
1778225702
0
1778225707
0
1778225712
0
1778225717
0
1778225722
0
1778225727
0
1778225732
0
1778225737
0
1778225743
0
1778225748
0
1778225753
0
1778225758
0
1778225763
0
1778225768
0
1778225773
0
1778225778
0
1778225783
0
1778225788
0
1778225793
0
1778225799
0
1778225804
0
1778225809
0
1778225814
0
1778225819
0
1778225824
0
1778225829
0
1778225834
0
1778225839
0
1778225844
0
1778225849
0
1778225854
0
1778225859
0
1778225864
0
1778225870
0
1778225875
0
1778225880
0
1778225885
0
1778225890
0
1778225895
0
1778225900
0
1778225905
0
1778225910
0
1778225915
0
1778225920
0
1778225925
0
1778225930
0
1778225935
0
1778225941
0
1778225946
0
1778225951
0
1778225956
0
1778225961
0
1778225966
0
1778225971
0
1778225976
0
1778225981
0
1778225986
0
1778225991
0
1778225996
0
1778226001
0
1778226006
0
1778226012
0
1778226017
0
1778226022
0
1778226027
0
1778226032
0
1778226037
0
1778226042
0
1778226047
0
1778226052
0
1778226057
0
1778226062
0
1778226067
0
1778226072
0
1778226078
0
1778226083
0
1778226088
0
1778226093
0
1778226098
0
1778226103
0
1778226108
0
1778226113
0
1778226118
0
1778226123
0
1778226128
0
1778226133
0
1778226138
0
1778226143
0
1778226149
0
1778226154
0
1778226159
0
1778226164
0
1778226169
0
1778226174
0
1778226179
0
1778226184
0
1778226189
0
1778226194
0
1778226199
0
1778226204
0
1778226209
0
1778226214
0
1778226219
0
1778226224
0
1778226229
0
1778226234
0
1778226240
0
1778226245
0
1778226250
0
1778226255
0
1778226260
0
1778226265
0
1778226270
0
1778226275
0
1778226280
0
1778226285
0
1778226290
0
1778226295
0
1778226300
0
1778226306
0
1778226311
0
1778226316
0
1778226321
0
1778226326
0
1778226331
0
1778226336
0
1778226341
0
1778226346
0
1778226351
0
1778226356
0
1778226361
0
1778226366
0
1778226371
0
1778226377
0
1778226382
0
1778226387
0
1778226392
0
1778226397
0
1778226402
0
1778226407
0
1778226412
0
1778226417
0
1778226422
0
1778226427
0
1778226432
0
1778226437
0
1778226442
0
1778226447
0
1778226452
0
1778226457
0
1778226462
0
1778226467
0
1778226472
0
1778226478
0
1778226483
0
1778226488
0
1778226493
0
1778226498
0
1778226503
0
1778226508
0
1778226513
0
1778226518
0
1778226523
0
1778226528
0
1778226533
0
1778226538
0
1778226543
0
1778226548
0
1778226553
0
1778226558
0
1778226563
0
1778226569
0
1778226574
0
1778226579
0
1778226584
0
1778226589
0
1778226594
0
1778226599
0
1778226604
0
1778226609
0
1778226614
0
1778226619
0
1778226624
0
1778226629
0
1778226634
0
1778226639
0
1778226644
0
1778226649
0
1778226654
0
1778226660
0
1778226665
0
1778226670
0
1778226675
0
1778226680
0
1778226685
0
1778226690
0
1778226695
0
1778226700
0
1778226705
0
1778226710
0
1778226715
0
1778226720
0
1778226725
0
1778226730
0
1778226735
0
1778226740
0
1778226746
0
1778226751
0
1778226756
0
1778226761
0
1778226766
0
1778226771
0
1778226776
0
1778226781
0
1778226786
0
1778226791
0
1778226796
0
1778226801
0
1778226806
0
1778226811
0
1778226816
0
1778226821
0
1778226827
0
1778226832
0
1778226837
0
1778226842
0
1778226847
0
1778226852
0
1778226857
0
1778226862
0
1778226867
0
1778226872
0
1778226877
0
1778226882
0
1778226887
0
1778226892
0
1778226898
0
1778226903
0
1778226908
0
1778226913
0
1778226918
0
1778226923
0
1778226928
0
1778226933
0
1778226938
0
1778226943
0
1778226948
0
1778226953
0
1778226959
0
1778226964
0
1778226969
0
1778226974
0
1778226979
0
1778226984
0
1778226989
0
1778226994
0
1778226999
0
1778227004
0
1778227009
0
1778227014
0
1778227020
0
1778227025
0
1778227030
0
1778227035
0
1778227040
0
1778227045
0
1778227050
0
1778227055
0
1778227060
0
1778227065
0
1778227070
0
1778227075
0
1778227080
0
1778227085
0
1778227090
0
1778227096
0
1778227101
0
1778227106
0
1778227111
0
1778227116
0
1778227121
0
1778227126
0
1778227131
0
1778227136
0
1778227141
0
1778227146
0
1778227152
0
1778227157
0
1778227162
0
1778227167
0
1778227172
0
1778227177
0
1778227182
0
1778227187
0
1778227192
0
1778227197
0
1778227202
0
1778227207
0
1778227212
0
1778227218
0
1778227223
0
1778227228
0
1778227233
0
1778227238
0
1778227243
0
1778227248
0
1778227253
0
1778227258
0
1778227263
0
1778227268
0
1778227274
0
1778227279
0
1778227284
0
1778227289
0
1778227294
0
1778227299
0
1778227304
0
1778227309
0
1778227314
0
1778227320
0
1778227325
0
1778227330
0
1778227335
0
1778227340
0
1778227345
0
1778227350
0
1778227355
0
1778227360
0
1778227365
0
1778227370
0
1778227375
0
1778227381
0
1778227386
0
1778227391
0
1778227396
0
1778227401
0
1778227406
0
1778227411
0
1778227416
0
1778227421
0
1778227426
0
1778227431
0
1778227437
0
1778227442
0
1778227447
0
1778227452
0
1778227457
0
1778227462
0
1778227467
0
1778227472
0
1778227477
0
1778227482
0
1778227487
0
1778227492
0
1778227497
0
1778227503
0
1778227508
0
1778227513
0
1778227518
0
1778227523
0
1778227528
0
1778227533
0
1778227538
0
1778227543
0
1778227548
0
1778227553
0
1778227559
0
1778227564
0
1778227569
0
1778227574
0
1778227579
0
1778227584
0
1778227589
0
1778227594
0
1778227599
0
1778227604
0
1778227609
0
1778227615
0
1778227620
0
1778227625
0
1778227630
0
1778227635
0
1778227640
0
1778227645
0
1778227650
0
1778227655
0
1778227660
0
1778227665
0
1778227670
0
1778227676
0
1778227681
0
1778227686
0
1778227691
0
1778227696
0
1778227701
0
1778227706
0
1778227711
0
1778227716
0
1778227721
0
1778227726
0
1778227732
0
1778227737
0
1778227742
0
1778227747
0
1778227752
0
1778227757
0
1778227762
0
1778227767
0
1778227772
0
1778227777
0
1778227782
0
1778227787
0
1778227793
0
1778227798
0
1778227803
0
1778227808
0
1778227813
0
1778227818
0
1778227823
0
1778227828
0
1778227833
0
1778227838
0
1778227843
0
1778227848
0
1778227854
0
1778227859
0
1778227864
0
1778227869
0
1778227874
0
1778227879
0
1778227884
0
1778227889
0
1778227894
0
1778227899
0
1778227904
0
1778227909
0
1778227915
0
1778227920
0
1778227925
0
1778227930
0
1778227935
0
1778227940
0
1778227945
0
1778227950
0
1778227955
0
1778227960
0
1778227965
0
1778227971
0
1778227976
0
1778227981
0
1778227986
0
1778227991
0
1778227996
0
1778228001
0
1778228006
0
1778228011
0
1778228016
0
1778228022
0
1778228027
0
1778228032
0
1778228037
0
1778228042
0
1778228047
0
1778228052
0
1778228057
0
1778228062
0
1778228067
0
1778228072
0
1778228078
0
1778228083
0
1778228088
0
1778228093
0
1778228098
0
1778228103
0
1778228108
0
1778228113
0
1778228118
0
1778228123
0
1778228129
0
1778228134
0
1778228139
0
1778228144
0
1778228149
0
1778228154
0
1778228159
0
1778228164
0
1778228169
0
1778228174
0
1778228179
0
1778228184
0
1778228189
0
1778228194
0
1778228200
0
1778228205
0
1778228210
0
1778228215
0
1778228220
0
1778228225
0
1778228230
0
1778228235
0
1778228240
0
1778228245
0
1778228250
0
1778228255
0
1778228260
0
1778228265
0
1778228271
0
1778228276
0
1778228281
0
1778228286
0
1778228291
0
1778228296
0
1778228301
0
1778228306
0
1778228311
0
1778228316
0
1778228321
0
1778228327
0
1778228332
0
1778228337
0
1778228342
0
1778228347
0
1778228352
0
1778228357
0
1778228362
0
1778228367
45
1778228372
45
1778228377
45
1778228382
295
1778228387
295
1778228392
295
1778228397
339
1778228402
339
1778228407
339
1778228412
339
1778228417
339
1778228422
339
1778228427
339
1778228432
339
1778228438
339
1778228443
339
1778228448
339
1778228453
339
1778228458
339
1778228463
339
1778228468
339
1778228473
339
1778228478
339
1778228483
339
1778228488
339
1778228493
339
1778228498
339
1778228503
339
1778228508
339
1778228513
339
1778228518
339
1778228523
339
1778228528
339
1778228533
339
1778228539
339
1778228544
339
1778228549
339
1778228554
339
1778228559
339
1778228564
339
1778228569
339
1778228574
339
1778228579
339
1778228584
339
1778228589
339
1778228594
339
1778228599
339
1778228604
339
1778228609
339
1778228614
339
1778228619
339
1778228624
339
1778228630
339
1778228635
339
1778228640
339
1778228645
339
1778228650
339
1778228655
339
1778228660
339
1778228665
339
1778228670
339
1778228675
339
1778228680
339
1778228685
339
1778228690
339
1778228695
339
1778228700
339
1778228705
339
1778228710
339
1778228716
339
1778228721
339
1778228726
339
1778228731
339
1778228736
339
1778228741
339
1778228746
339
1778228751
339
1778228756
339
1778228761
339
1778228766
339
1778228771
339
1778228776
339
1778228781
339
1778228786
339
1778228791
339
1778228796
339
1778228801
339
1778228807
339
1778228812
339
1778228817
339
1778228822
339
1778228827
339
1778228832
339
1778228837
339
1778228842
339
1778228847
339
1778228852
339
1778228857
339
1778228862
339
1778228867
339
1778228872
339
1778228877
0
1778228882
0
1778228887
0
1778228892
0
1778228897
0
1778228902
0
1778228908
0
1778228913
0
1778228918
0
1778228923
0
1778228928
0
1778228933
0
1778228938
0
1778228943
0
1778228948
0
1778228953
0
1778228958
0
1778228963
0
1778228968
0
1778228973
0
1778228978
0
1778228983
0
1778228988
0
1778228993
0
1778228999
0
1778229004
0
1778229009
0
1778229014
0
1778229019
0
1778229024
0
1778229029
0
1778229034
0
1778229039
0
1778229044
0
1778229049
0
1778229054
0
1778229059
0
1778229064
0
1778229069
0
1778229074
0
1778229079
0
1778229085
0
1778229090
0
1778229095
0
1778229100
0
1778229105
0
1778229110
0
1778229115
0
1778229120
0
1778229125
0
1778229130
0
1778229135
0
1778229140
0
1778229145
0
1778229150
0
1778229155
0
1778229160
0
1778229165
0
1778229170
0
1778229176
0
1778229181
0
1778229186
0
1778229191
0
1778229196
0
1778229201
0
1778229206
0
1778229211
0
1778229216
0
1778229221
0
1778229226
0
1778229231
0
1778229236
0
1778229242
0
1778229247
0
1778229252
0
1778229257
0
1778229262
0
1778229267
0
1778229272
0
1778229277
0
1778229282
0
1778229287
0
1778229292
0
1778229297
0
1778229303
0
1778229308
0
1778229313
0
1778229318
0
1778229323
0
1778229328
0
1778229333
0
1778229338
0
1778229343
0
1778229348
0
1778229353
0
1778229358
0
1778229364
0
1778229369
0
1778229374
0
1778229379
0
1778229384
0
1778229389
0
1778229394
0
1778229399
0
1778229404
0
1778229409
0
1778229414
0
1778229420
0
1778229425
0
1778229430
0
1778229435
0
1778229440
0
1778229445
0
1778229450
0
1778229455
0
1778229460
0
1778229465
0
1778229470
0
1778229475
0
1778229481
0
1778229486
0
1778229491
0
1778229496
0
1778229501
0
1778229506
0
1778229511
0
1778229516
0
1778229521
0
1778229526
0
1778229531
0
1778229536
0
1778229542
0
1778229547
0
1778229552
0
1778229557
0
1778229562
0
1778229567
0
1778229572
0
1778229577
0
1778229582
0
1778229587
0
1778229592
0
1778229597
0
1778229603
0
1778229608
0
1778229613
0
1778229618
0
1778229623
0
1778229628
0
1778229633
0
1778229638
0
1778229643
0
1778229648
0
1778229653
0
1778229658
0
1778229664
0
1778229669
0
1778229674
0
1778229679
0
1778229684
0
1778229689
0
1778229694
0
1778229699
0
1778229704
0
1778229709
0
1778229714
0
1778229719
0
1778229725
0
1778229730
0
1778229735
0
1778229740
0
1778229745
0
1778229750
0
1778229755
0
1778229760
0
1778229765
0
1778229770
0
1778229775
0
1778229780
0
1778229786
0
1778229791
0
1778229796
0
1778229801
0
1778229806
0
1778229811
0
1778229816
0
1778229821
0
1778229826
0
1778229831
0
1778229836
0
1778229841
0
1778229847
0
1778229852
0
1778229857
0
1778229862
0
1778229867
0
1778229872
0
1778229877
0
1778229882
0
1778229887
0
1778229892
0
1778229897
0
1778229902
0
1778229908
0
1778229913
0
1778229918
0
1778229923
0
1778229928
0
1778229933
0
1778229938
0
1778229943
0
1778229948
0
1778229953
0
1778229958
0
1778229963
0
1778229968
0
1778229974
0
1778229979
0
1778229984
0
1778229989
0
1778229994
0
1778229999
0
1778230004
0
1778230009
0
1778230014
0
1778230019
0
1778230024
0
1778230029
0
1778230035
0
1778230040
0
1778230045
0
1778230050
0
1778230055
0
1778230060
0
1778230065
0
1778230070
0
1778230075
0
1778230080
0
1778230085
0
1778230090
0
1778230096
0
1778230101
0
1778230106
0
1778230111
0
1778230116
0
1778230121
0
1778230126
0
1778230131
0
1778230136
0
1778230141
0
1778230146
0
1778230151
0
1778230156
0
1778230162
0
1778230167
0
1778230172
0
1778230177
0
1778230182
0
1778230187
0
1778230192
0
1778230197
0
1778230202
0
1778230207
0
1778230212
0
1778230218
0
1778230223
0
1778230228
0
1778230233
0
1778230238
0
1778230243
0
1778230248
0
1778230253
0
1778230258
0
1778230263
0
1778230268
0
1778230273
0
1778230279
0
1778230284
0
1778230289
0
1778230294
0
1778230299
0
1778230304
0
1778230309
0
1778230314
0
1778230319
0
1778230324
0
1778230329
0
1778230334
0
1778230340
0
1778230345
0
1778230350
0
1778230355
0
1778230360
0
1778230365
0
1778230370
0
1778230375
0
1778230380
0
1778230385
0
1778230390
0
1778230395
0
1778230401
0
1778230406
0
1778230411
0
1778230416
0
1778230421
0
1778230426
0
1778230431
0
1778230436
0
1778230441
0
1778230446
0
1778230451
0
1778230456
0
1778230462
0
1778230467
0
1778230472
0
1778230477
0
1778230482
0
1778230487
0
1778230492
0
1778230497
0
1778230502
0
1778230507
0
1778230512
0
1778230518
0
1778230523
0
1778230528
0
1778230533
0
1778230538
0
1778230543
0
1778230548
0
1778230553
0
1778230558
0
1778230563
0
1778230568
0
1778230574
0
1778230579
0
1778230584
0
1778230589
0
1778230594
0
1778230599
0
1778230604
0
1778230609
0
1778230614
0
1778230619
0
1778230624
0
1778230629
0
1778230634
0
1778230640
0
1778230645
0
1778230650
0
1778230655
0
1778230660
0
1778230665
0
1778230670
0
1778230675
0
1778230680
0
1778230685
0
1778230690
0
1778230695
0
1778230700
0
1778230705
0
1778230710
0
1778230716
0
1778230721
0
1778230726
0
1778230731
0
1778230736
0
1778230741
0
1778230746
0
1778230751
0
1778230756
0
1778230761
0
1778230766
0
1778230771
0
1778230776
0
1778230782
0
1778230787
0
1778230792
0
1778230797
0
1778230802
0
1778230807
0
1778230812
0
1778230817
0
1778230822
0
1778230827
0
1778230832
0
1778230838
0
1778230843
0
1778230848
0
1778230853
0
1778230858
0
1778230863
0
1778230868
0
1778230873
0
1778230878
0
1778230883
0
1778230888
0
1778230893
0
1778230899
0
1778230904
0
1778230909
0
1778230914
0
1778230919
0
1778230924
0
1778230929
0
1778230934
0
1778230939
0
1778230944
0
1778230949
0
1778230954
0
1778230959
0
1778230965
0
1778230970
0
1778230975
0
1778230980
0
1778230985
0
1778230990
0
1778230995
0
1778231000
0
1778231005
0
1778231010
0
1778231015
0
1778231021
0
1778231026
0
1778231031
0
1778231036
0
1778231041
0
1778231046
0
1778231051
0
1778231056
0
1778231061
0
1778231066
0
1778231071
0
1778231076
0
1778231081
0
1778231087
0
1778231092
0
1778231097
0
1778231102
0
1778231107
0
1778231112
0
1778231117
0
1778231122
0
1778231127
0
1778231132
0
1778231137
0
1778231143
0
1778231148
0
1778231153
0
1778231158
0
1778231163
0
1778231168
0
1778231173
0
1778231178
0
1778231183
0
1778231188
0
1778231193
0
1778231199
0
1778231204
0
1778231209
0
1778231214
0
1778231219
0
1778231224
0
1778231229
0
1778231234
0
1778231239
0
1778231244
0
1778231249
0
1778231255
0
1778231260
0
1778231265
0
1778231270
0
1778231275
0
1778231280
0
1778231285
0
1778231290
0
1778231295
0
1778231300
0
1778231305
0
1778231311
0
1778231316
0
1778231321
0
1778231326
0
1778231331
0
1778231336
0
1778231341
0
1778231346
0
1778231351
0
1778231356
0
1778231361
0
1778231366
0
1778231372
0
1778231377
0
1778231382
0
1778231387
0
1778231392
0
1778231397
0
1778231402
0
1778231407
0
1778231412
0
1778231417
0
1778231422
0
1778231428
0
1778231433
0
1778231438
0
1778231443
0
1778231448
0
1778231453
0
1778231458
0
1778231463
0
1778231468
0
1778231473
0
1778231478
0
1778231483
0
1778231489
0
1778231494
0
1778231499
0
1778231504
0
1778231509
0
1778231514
0
1778231519
0
1778231524
0
1778231529
0
1778231534
0
1778231539
0
1778231544
0
1778231550
0
1778231555
0
1778231560
0
1778231565
0
1778231570
0
1778231575
0
1778231580
0
1778231585
0
1778231590
0
1778231595
0
1778231600
0
1778231606
0
1778231611
0
1778231616
0
1778231621
0
1778231626
0
1778231631
0
1778231636
0
1778231641
0
1778231646
0
1778231651
0
1778231656
0
1778231661
0
1778231667
0
1778231672
0
1778231677
0
1778231682
0
1778231687
0
1778231692
0
1778231697
0
1778231702
0
1778231707
0
1778231712
0
1778231717
0
1778231722
0
1778231728
0
1778231733
0
1778231738
0
1778231743
0
1778231748
0
1778231753
0
1778231758
0
1778231763
0
1778231768
0
1778231773
0
1778231778
0
1778231784
0
1778231789
0
1778231794
0
1778231799
0
1778231804
0
1778231809
0
1778231814
0
1778231819
0
1778231824
0
1778231829
0
1778231834
0
1778231839
0
1778231845
0
1778231850
0
1778231855
0
1778231860
0
1778231865
0
1778231870
0
1778231875
0
1778231880
0
1778231885
0
1778231890
0
1778231895
0
1778231901
0
1778231906
0
1778231911
0
1778231916
0
1778231921
0
1778231926
0
1778231931
0
1778231936
0
1778231941
0
1778231946
0
1778231951
0
1778231956
0
1778231962
0
1778231967
0
1778231972
0
1778231977
0
1778231982
0
1778231987
0
1778231992
0
1778231997
0
1778232002
0
1778232007
0
1778232012
0
1778232018
0
1778232023
0
1778232028
0
1778232033
0
1778232038
0
1778232043
0
1778232048
0
1778232053
0
1778232058
0
1778232063
0
1778232068
0
1778232073
0
1778232078
0
1778232084
0
1778232089
0
1778232094
0
1778232099
0
1778232104
0
1778232109
0
1778232114
0
1778232119
0
1778232124
0
1778232129
0
1778232135
0
1778232140
0
1778232145
0
1778232150
0
1778232155
0
1778232160
0
1778232165
0
1778232170
0
1778232175
0
1778232180
0
1778232185
0
1778232190
0
1778232196
0
1778232201
0
1778232206
0
1778232211
0
1778232216
0
1778232221
0
1778232226
0
1778232231
0
1778232236
0
1778232241
0
1778232246
0
1778232251
0
1778232257
0
1778232262
0
1778232267
0
1778232272
0
1778232277
0
1778232282
0
1778232287
0
1778232292
0
1778232297
0
1778232302
0
1778232307
0
1778232313
0
1778232318
0
1778232323
0
1778232328
0
1778232333
0
1778232338
0
1778232343
0
1778232348
0
1778232353
0
1778232358
0
1778232363
0
1778232368
0
1778232373
0
1778232378
0
1778232383
0
1778232388
0
1778232393
0
1778232399
0
1778232404
0
1778232409
0
1778232414
0
1778232419
0
1778232424
0
1778232429
0
1778232434
0
1778232439
0
1778232444
0
1778232449
0
1778232455
0
1778232460
0
1778232465
0
1778232470
0
1778232475
0
1778232480
0
1778232485
0
1778232490
0
1778232495
0
1778232500
0
1778232505
0
1778232510
0
1778232516
0
1778232521
0
1778232526
0
1778232531
0
1778232536
0
1778232541
0
1778232546
0
1778232551
0
1778232556
0
1778232561
0
1778232566
0
1778232571
0
1778232577
0
1778232582
0
1778232587
0
1778232592
0
1778232597
0
1778232602
0
1778232607
0
1778232612
0
1778232617
0
1778232622
0
1778232627
0
1778232632
0
1778232637
0
1778232643
0
1778232648
0
1778232653
0
1778232658
0
1778232663
0
1778232668
0
1778232673
0
1778232678
0
1778232683
0
1778232688
0
1778232694
0
1778232699
0
1778232704
0
1778232709
0
1778232714
0
1778232719
0
1778232724
0
1778232729
0
1778232734
0
1778232739
0
1778232744
0
1778232749
0
1778232755
0
1778232760
0
1778232765
0
1778232770
0
1778232775
0
1778232780
0
1778232785
0
1778232790
0
1778232795
0
1778232800
0
1778232805
0
1778232810
0
1778232815
0
1778232821
0
1778232826
0
1778232831
0
1778232836
0
1778232841
0
1778232846
0
1778232851
0
1778232856
0
1778232861
0
1778232866
0
1778232871
0
1778232876
0
1778232882
0
1778232887
0
1778232892
0
1778232897
0
1778232902
0
1778232907
0
1778232912
0
1778232917
0
1778232922
0
1778232927
0
1778232932
0
1778232937
0
1778232943
0
1778232948
0
1778232953
0
1778232958
0
1778232963
0
1778232968
0
1778232973
0
1778232978
0
1778232983
0
1778232988
0
1778232993
0
1778232999
0
1778233004
0
1778233009
0
1778233014
0
1778233019
0
1778233024
0
1778233029
0
1778233034
0
1778233039
0
1778233044
0
1778233049
0
1778233055
0
1778233060
0
1778233065
0
1778233070
0
1778233075
0
1778233080
0
1778233085
0
1778233090
0
1778233095
0
1778233100
0
1778233105
0
1778233110
0
1778233116
0
1778233121
0
1778233126
0
1778233131
0
1778233136
0
1778233141
0
1778233146
0
1778233151
0
1778233156
0
1778233161
0
1778233166
0
1778233171
0
1778233176
0
1778233182
0
1778233187
0
1778233192
0
1778233197
0
1778233202
0
1778233207
0
1778233212
0
1778233217
0
1778233222
0
1778233227
0
1778233232
0
1778233237
0
1778233243
0
1778233248
0
1778233253
0
1778233258
0
1778233263
0
1778233268
0
1778233273
0
1778233278
0
1778233283
0
1778233288
0
1778233293
0
1778233298
0
1778233304
0
1778233309
0
1778233314
0
1778233319
0
1778233324
0
1778233329
0
1778233334
0
1778233339
0
1778233344
0
1778233350
0
1778233355
0
1778233360
0
1778233365
0
1778233370
0
1778233375
0
1778233380
0
1778233385
0
1778233390
0
1778233395
0
1778233400
0
1778233405
0
1778233410
0
1778233415
0
1778233421
0
1778233426
0
1778233431
0
1778233436
0
1778233441
0
1778233446
0
1778233451
0
1778233456
0
1778233461
0
1778233466
0
1778233471
0
1778233476
0
1778233481
0
1778233486
0
1778233491
0
1778233496
0
1778233501
0
1778233506
0
1778233511
0
1778233517
0
1778233522
0
1778233527
0
1778233532
0
1778233537
0
1778233542
0
1778233547
0
1778233552
0
1778233557
0
1778233562
0
1778233567
0
1778233572
0
1778233577
0
1778233582
0
1778233588
0
1778233593
0
1778233598
0
1778233603
0
1778233608
0
1778233613
0
1778233618
0
1778233623
0
1778233628
0
1778233633
0
1778233638
0
1778233643
0
1778233648
0
1778233653
0
1778233659
0
1778233664
0
1778233669
0
1778233674
0
1778233679
0
1778233684
0
1778233689
0
1778233694
0
1778233700
0
1778233705
0
1778233710
0
1778233715
0
1778233720
0
1778233725
0
1778233730
0
1778233735
0
1778233740
0
1778233745
0
1778233750
0
1778233755
0
1778233760
0
1778233766
0
1778233771
0
1778233776
0
1778233781
0
1778233786
0
1778233791
0
1778233796
0
1778233801
0
1778233806
0
1778233811
0
1778233816
0
1778233821
0
1778233826
0
1778233831
0
1778233836
0
1778233841
0
1778233847
0
1778233852
0
1778233857
0
1778233862
0
1778233867
0
1778233872
0
1778233877
0
1778233882
0
1778233887
0
1778233892
0
1778233897
0
1778233902
0
1778233908
0
1778233913
0
1778233918
0
1778233923
0
1778233928
0
1778233933
0
1778233938
0
1778233943
0
1778233948
0
1778233953
0
1778233958
0
1778233963
0
1778233968
0
1778233973
0
1778233978
0
1778233984
0
1778233989
0
1778233994
0
1778233999
0
1778234004
0
1778234009
0
1778234014
0
1778234019
0
1778234024
0
1778234029
0
1778234034
0
1778234039
0
1778234044
0
1778234049
0
1778234054
21
1778234060
21
1778234065
21
1778234070
271
1778234075
271
1778234080
271
1778234085
339
1778234090
339
1778234095
339
1778234100
339
1778234105
339
1778234110
339
1778234115
339
1778234120
339
1778234125
339
1778234130
339
1778234135
339
1778234140
339
1778234145
339
1778234150
339
1778234155
339
1778234160
339
1778234165
339
1778234170
339
1778234175
339
1778234180
339
1778234185
339
1778234190
339
1778234195
339
1778234201
339
1778234206
339
1778234211
339
1778234216
339
1778234221
339
1778234226
339
1778234231
339
1778234236
339
1778234241
339
1778234246
339
1778234251
339
1778234256
339
1778234261
339
1778234266
339
1778234271
339
1778234276
339
1778234281
339
1778234286
339
1778234291
339
1778234296
339
1778234301
339
1778234306
339
1778234311
339
1778234316
339
1778234321
339
1778234326
339
1778234331
339
1778234336
339
1778234341
339
1778234346
339
1778234351
339
1778234356
339
1778234362
339
1778234367
339
1778234372
339
1778234377
339
1778234382
339
1778234387
339
1778234392
339
1778234397
339
1778234402
339
1778234407
339
1778234412
339
1778234417
339
1778234422
339
1778234427
339
1778234432
339
1778234437
339
1778234442
339
1778234447
339
1778234452
339
1778234457
339
1778234462
339
1778234467
339
1778234472
339
1778234477
339
1778234482
339
1778234487
339
1778234492
339
1778234497
339
1778234502
339
1778234507
339
1778234513
339
1778234518
339
1778234523
339
1778234528
339
1778234533
339
1778234538
339
1778234543
339
1778234548
339
1778234553
339
1778234558
339
1778234563
0
1778234568
0
1778234573
0
1778234578
0
1778234583
0
1778234588
0
1778234593
0
1778234598
0
1778234603
0
1778234608
0
1778234613
0
1778234618
0
1778234623
0
1778234628
0
1778234633
0
1778234638
0
1778234643
0
1778234648
0
1778234653
0
1778234658
0
1778234663
0
1778234668
0
1778234673
0
1778234678
0
1778234684
0
1778234689
0
1778234694
0
1778234699
0
1778234704
0
1778234709
0
1778234714
0
1778234719
0
1778234724
0
1778234729
0
1778234734
0
1778234739
0
1778234744
0
1778234749
0
1778234754
0
1778234759
0
1778234764
0
1778234769
0
1778234774
0
1778234779
0
1778234784
0
1778234789
0
1778234794
0
1778234799
0
1778234804
0
1778234809
0
1778234814
0
1778234819
0
1778234824
0
1778234829
0
1778234834
0
1778234839
0
1778234845
0
1778234850
0
1778234855
0
1778234860
0
1778234865
0
1778234870
0
1778234875
0
1778234880
0
1778234885
0
1778234890
0
1778234895
0
1778234900
0
1778234905
0
1778234910
0
1778234915
0
1778234920
0
1778234925
0
1778234930
0
1778234935
0
1778234940
0
1778234945
0
1778234950
0
1778234955
0
1778234961
0
1778234966
0
1778234971
0
1778234976
0
1778234981
0
1778234986
0
1778234991
0
1778234996
0
1778235001
0
1778235006
0
1778235011
0
1778235016
0
1778235021
0
1778235026
0
1778235031
0
1778235036
0
1778235041
0
1778235046
0
1778235051
0
1778235056
0
1778235061
0
1778235066
0
1778235072
0
1778235077
0
1778235082
0
1778235087
0
1778235092
0
1778235097
0
1778235102
0
1778235107
0
1778235112
0
1778235117
0
1778235122
0
1778235127
0
1778235132
0
1778235137
0
1778235142
0
1778235147
0
1778235152
0
1778235157
0
1778235162
0
1778235167
0
1778235172
0
1778235177
0
1778235183
0
1778235188
0
1778235193
0
1778235198
0
1778235203
0
1778235208
0
1778235213
0
1778235218
0
1778235223
0
1778235228
0
1778235233
0
1778235238
0
1778235243
0
1778235248
0
1778235253
0
1778235258
0
1778235263
0
1778235268
0
1778235273
0
1778235278
0
1778235283
0
1778235288
0
1778235294
0
1778235299
0
1778235304
0
1778235309
0
1778235314
0
1778235319
0
1778235324
0
1778235329
0
1778235334
0
1778235339
0
1778235344
0
1778235349
0
1778235354
0
1778235359
0
1778235364
0
1778235369
0
1778235374
0
1778235379
0
1778235384
0
1778235389
0
1778235394
0
1778235400
0
1778235405
0
1778235410
0
1778235415
0
1778235420
0
1778235425
0
1778235430
0
1778235435
0
1778235440
0
1778235445
0
1778235450
0
1778235455
0
1778235460
0
1778235465
0
1778235470
0
1778235475
0
1778235480
0
1778235485
0
1778235490
0
1778235495
0
1778235500
0
1778235506
0
1778235511
0
1778235516
0
1778235521
0
1778235526
0
1778235531
0
1778235536
0
1778235541
0
1778235546
0
1778235551
0
1778235556
0
1778235561
0
1778235566
0
1778235571
0
1778235576
0
1778235581
0
1778235587
0
1778235592
0
1778235597
0
1778235602
0
1778235607
0
1778235612
0
1778235617
0
1778235622
0
1778235627
0
1778235632
0
1778235637
0
1778235642
0
1778235647
0
1778235652
0
1778235657
0
1778235662
0
1778235667
0
1778235673
0
1778235678
0
1778235683
0
1778235688
0
1778235693
0
1778235698
0
1778235703
0
1778235708
0
1778235713
0
1778235718
0
1778235723
0
1778235728
0
1778235733
0
1778235738
0
1778235743
0
1778235748
0
1778235753
0
1778235758
0
1778235763
0
1778235768
0
1778235773
0
1778235779
0
1778235784
0
1778235789
0
1778235794
0
1778235799
0
1778235804
0
1778235809
0
1778235814
0
1778235819
0
1778235824
0
1778235829
0
1778235834
0
1778235839
0
1778235844
0
1778235849
0
1778235854
0
1778235859
0
1778235865
0
1778235870
0
1778235875
0
1778235880
0
1778235885
0
1778235890
0
1778235895
0
1778235900
0
1778235905
0
1778235910
0
1778235915
0
1778235920
0
1778235925
0
1778235930
0
1778235935
0
1778235940
0
1778235945
0
1778235950
0
1778235955
0
1778235961
0
1778235966
0
1778235971
0
1778235976
0
1778235981
0
1778235986
0
1778235991
0
1778235996
0
1778236001
0
1778236006
0
1778236011
0
1778236016
0
1778236021
0
1778236026
0
1778236031
0
1778236036
0
1778236041
0
1778236046
0
1778236051
0
1778236056
0
1778236062
0
1778236067
0
1778236072
0
1778236077
0
1778236082
0
1778236087
0
1778236092
0
1778236097
0
1778236102
0
1778236107
0
1778236112
0
1778236117
0
1778236122
0
1778236127
0
1778236132
0
1778236137
0
1778236143
0
1778236148
0
1778236153
0
1778236158
0
1778236163
0
1778236168
0
1778236173
0
1778236178
0
1778236183
0
1778236188
0
1778236193
0
1778236198
0
1778236203
0
1778236208
0
1778236213
0
1778236218
0
1778236223
0
1778236229
0
1778236234
0
1778236239
0
1778236244
0
1778236249
0
1778236254
0
1778236259
0
1778236264
0
1778236269
0
1778236274
0
1778236279
0
1778236284
0
1778236289
0
1778236294
0
1778236299
0
1778236304
0
1778236309
0
1778236314
0
1778236319
0
1778236324
0
1778236329
0
1778236335
0
1778236340
0
1778236345
0
1778236350
0
1778236355
0
1778236360
0
1778236365
0
1778236370
0
1778236375
0
1778236380
0
1778236385
0
1778236390
0
1778236395
0
1778236400
0
1778236405
0
1778236410
0
1778236415
0
1778236420
0
1778236425
0
1778236430
0
1778236435
0
1778236440
0
1778236446
0
1778236451
0
1778236456
0
1778236461
0
1778236466
0
1778236471
0
1778236476
0
1778236481
0
1778236486
0
1778236491
0
1778236496
0
1778236501
0
1778236506
0
1778236511
0
1778236516
0
1778236521
0
1778236526
0
1778236531
0
1778236536
0
1778236541
0
1778236546
0
1778236551
0
1778236557
0
1778236562
0
1778236567
0
1778236572
0
1778236577
0
1778236582
0
1778236587
0
1778236592
0
1778236597
0
1778236602
0
1778236607
0
1778236612
0
1778236617
0
1778236622
0
1778236627
0
1778236632
0
1778236637
0
1778236642
0
1778236647
0
1778236652
0
1778236657
0
1778236662
0
1778236668
0
1778236673
0
1778236678
0
1778236683
0
1778236688
0
1778236693
0
1778236698
0
1778236703
0
1778236708
0
1778236713
0
1778236718
0
1778236723
0
1778236728
0
1778236733
0
1778236738
0
1778236743
0
1778236748
0
1778236753
0
1778236758
0
1778236763
0
1778236768
0
1778236773
0
1778236779
0
1778236784
0
1778236789
0
1778236794
0
1778236799
0
1778236804
0
1778236809
0
1778236814
0
1778236819
0
1778236824
0
1778236829
0
1778236834
0
1778236839
0
1778236844
0
1778236849
0
1778236854
0
1778236859
0
1778236864
0
1778236869
0
1778236874
0
1778236879
0
1778236884
0
1778236890
0
1778236895
0
1778236900
0
1778236905
0
1778236910
0
1778236915
0
1778236920
0
1778236925
0
1778236930
0
1778236935
0
1778236940
0
1778236945
0
1778236950
0
1778236955
0
1778236960
0
1778236965
0
1778236970
0
1778236975
0
1778236980
0
1778236985
0
1778236990
0
1778236995
0
1778237001
0
1778237006
0
1778237011
0
1778237016
0
1778237021
0
1778237026
0
1778237031
0
1778237036
0
1778237041
0
1778237046
0
1778237051
0
1778237056
0
1778237061
0
1778237066
0
1778237071
0
1778237076
0
1778237081
0
1778237086
0
1778237091
0
1778237096
0
1778237101
0
1778237106
0
1778237112
0
1778237117
0
1778237122
0
1778237127
0
1778237132
0
1778237137
0
1778237142
0
1778237147
0
1778237152
0
1778237157
0
1778237162
0
1778237167
0
1778237172
0
1778237177
0
1778237182
0
1778237187
0
1778237192
0
1778237197
0
1778237202
0
1778237207
0
1778237212
0
1778237217
0
1778237223
0
1778237228
0
1778237233
0
1778237238
0
1778237243
0
1778237248
0
1778237253
0
1778237258
0
1778237263
0
1778237268
0
1778237273
0
1778237278
0
1778237283
0
1778237288
0
1778237293
0
1778237298
0
1778237303
0
1778237308
0
1778237313
0
1778237318
0
1778237323
0
1778237328
0
1778237334
0
1778237339
0
1778237344
0
1778237349
0
1778237354
0
1778237359
0
1778237364
0
1778237369
0
1778237374
0
1778237379
0
1778237384
0
1778237389
0
1778237394
0
1778237399
0
1778237404
0
1778237409
0
1778237414
0
1778237419
0
1778237424
0
1778237429
0
1778237434
0
1778237440
0
1778237445
0
1778237450
0
1778237455
0
1778237460
0
1778237465
0
1778237470
0
1778237475
0
1778237480
0
1778237485
0
1778237490
0
1778237495
0
1778237500
0
1778237505
0
1778237510
0
1778237515
0
1778237521
0
1778237526
0
1778237531
0
1778237536
0
1778237541
0
1778237546
0
1778237551
0
1778237556
0
1778237561
0
1778237566
0
1778237571
0
1778237576
0
1778237581
0
1778237586
0
1778237591
0
1778237596
0
1778237601
0
1778237606
0
1778237611
0
1778237617
0
1778237622
0
1778237627
0
1778237632
0
1778237637
0
1778237642
0
1778237647
0
1778237652
0
1778237657
0
1778237662
0
1778237667
0
1778237672
0
1778237677
0
1778237682
0
1778237687
0
1778237692
0
1778237697
0
1778237702
0
1778237707
0
1778237712
0
1778237718
0
1778237723
0
1778237728
0
1778237733
0
1778237738
0
1778237743
0
1778237748
0
1778237753
0
1778237758
0
1778237763
0
1778237768
0
1778237773
0
1778237778
0
1778237783
0
1778237788
0
1778237793
0
1778237798
0
1778237803
0
1778237808
0
1778237814
0
1778237819
0
1778237824
0
1778237829
0
1778237834
0
1778237839
0
1778237844
0
1778237849
0
1778237854
0
1778237859
0
1778237864
0
1778237869
0
1778237874
0
1778237879
0
1778237884
0
1778237889
0
1778237894
0
1778237899
0
1778237904
0
1778237909
0
1778237915
0
1778237920
0
1778237925
0
1778237930
0
1778237935
0
1778237940
0
1778237945
0
1778237950
0
1778237955
0
1778237960
0
1778237965
0
1778237970
0
1778237975
0
1778237980
0
1778237985
0
1778237990
0
1778237995
0
1778238000
0
1778238005
0
1778238011
0
1778238016
0
1778238021
0
1778238026
0
1778238031
0
1778238036
0
1778238041
0
1778238046
0
1778238051
0
1778238056
0
1778238061
0
1778238066
0
1778238071
0
1778238076
0
1778238081
0
1778238086
0
1778238091
0
1778238096
0
1778238101
0
1778238107
0
1778238112
0
1778238117
0
1778238122
0
1778238127
0
1778238132
0
1778238137
0
1778238142
0
1778238147
0
1778238152
0
1778238157
0
1778238162
0
1778238167
0
1778238172
0
1778238177
0
1778238182
0
1778238187
0
1778238192
0
1778238197
0
1778238202
0
1778238208
0
1778238213
0
1778238218
0
1778238223
0
1778238228
0
1778238233
0
1778238238
0
1778238243
0
1778238248
0
1778238253
0
1778238258
0
1778238263
0
1778238268
0
1778238273
0
1778238278
0
1778238283
0
1778238288
0
1778238293
0
1778238298
0
1778238303
0
1778238308
0
1778238313
0
1778238319
0
1778238324
0
1778238329
0
1778238334
0
1778238339
0
1778238344
0
1778238349
0
1778238354
0
1778238359
0
1778238364
0
1778238369
0
1778238374
0
1778238379
0
1778238384
0
1778238389
0
1778238394
0
1778238399
0
1778238404
0
1778238409
0
1778238414
0
1778238420
0
1778238425
0
1778238430
0
1778238435
0
1778238440
0
1778238445
0
1778238450
0
1778238455
0
1778238460
0
1778238465
0
1778238470
0
1778238475
0
1778238480
0
1778238485
0
1778238490
0
1778238495
0
1778238500
0
1778238505
0
1778238510
0
1778238515
0
1778238520
0
1778238526
0
1778238531
0
1778238536
0
1778238541
0
1778238546
0
1778238551
0
1778238556
0
1778238561
0
1778238566
0
1778238571
0
1778238576
0
1778238581
0
1778238586
0
1778238591
0
1778238596
0
1778238601
0
1778238606
0
1778238611
0
1778238616
0
1778238621
0
1778238627
0
1778238632
0
1778238637
0
1778238642
0
1778238647
0
1778238652
0
1778238657
0
1778238662
0
1778238667
0
1778238672
0
1778238677
0
1778238682
0
1778238687
0
1778238692
0
1778238697
0
1778238702
0
1778238707
0
1778238712
0
1778238717
0
1778238722
0
1778238728
0
1778238733
0
1778238738
0
1778238743
0
1778238748
0
1778238753
0
1778238758
0
1778238763
0
1778238768
0
1778238773
0
1778238778
0
1778238783
0
1778238788
0
1778238793
0
1778238798
0
1778238803
0
1778238808
0
1778238813
0
1778238818
0
1778238823
0
1778238829
0
1778238834
0
1778238839
0
1778238844
0
1778238849
0
1778238854
0
1778238859
0
1778238864
0
1778238869
0
1778238874
0
1778238879
0
1778238884
0
1778238889
0
1778238894
0
1778238899
0
1778238904
0
1778238909
0
1778238914
0
1778238919
0
1778238924
0
1778238930
0
1778238935
0
1778238940
0
1778238945
0
1778238950
0
1778238955
0
1778238960
0
1778238965
0
1778238970
0
1778238975
0
1778238980
0
1778238985
0
1778238990
0
1778238995
0
1778239000
0
1778239005
0
1778239010
0
1778239015
0
1778239020
0
1778239025
0
1778239031
0
1778239036
0
1778239041
0
1778239046
0
1778239051
0
1778239056
0
1778239061
0
1778239066
0
1778239071
0
1778239076
0
1778239081
0
1778239086
0
1778239091
0
1778239096
0
1778239101
0
1778239106
0
1778239111
0
1778239116
0
1778239121
0
1778239126
0
1778239131
0
1778239137
0
1778239142
0
1778239147
0
1778239152
0
1778239157
0
1778239162
0
1778239167
0
1778239172
0
1778239177
0
1778239182
0
1778239187
0
1778239192
0
1778239197
0
1778239202
0
1778239207
0
1778239212
0
1778239217
0
1778239222
0
1778239227
0
1778239232
0
1778239238
0
1778239243
0
1778239248
0
1778239253
0
1778239258
0
1778239263
0
1778239268
0
1778239273
0
1778239278
0
1778239283
0
1778239288
0
1778239293
0
1778239298
0
1778239303
0
1778239308
0
1778239313
0
1778239318
0
1778239323
0
1778239328
0
1778239333
0
1778239338
0
1778239344
0
1778239349
0
1778239354
0
1778239359
0
1778239364
0
1778239369
0
1778239374
0
1778239379
0
1778239384
0
1778239389
0
1778239394
0
1778239399
0
1778239404
0
1778239409
0
1778239414
0
1778239419
0
1778239424
0
1778239429
0
1778239434
0
1778239439
0
1778239444
0
1778239450
0
1778239455
0
1778239460
0
1778239465
0
1778239470
0
1778239475
0
1778239480
0
1778239485
0
1778239490
0
1778239495
0
1778239500
0
1778239505
0
1778239510
0
1778239515
0
1778239520
0
1778239525
0
1778239530
0
1778239535
0
1778239540
0
1778239545
0
1778239550
0
1778239555
0
1778239561
0
1778239566
0
1778239571
0
1778239576
0
1778239581
0
1778239586
0
1778239591
0
1778239596
0
1778239601
0
1778239606
0
1778239611
0
1778239616
0
1778239621
0
1778239626
0
1778239631
0
1778239636
0
1778239641
0
1778239646
0
1778239651
0
1778239656
0
1778239661
0
1778239666
0
1778239672
0
1778239677
0
1778239682
0
1778239687
0
1778239692
0
1778239697
0
1778239702
0
1778239707
0
1778239712
0
1778239717
0
1778239722
0
1778239727
0
1778239732
0
1778239737
0
1778239742
0
1778239747
0
1778239752
0
1778239757
0
1778239762
0
1778239767
0
1778239772
0
1778239778
0
1778239783
0
1778239788
0
1778239793
0
1778239798
0
1778239803
0
1778239808
0
1778239813
0
1778239818
0
1778239823
0
1778239828
0
1778239833
0
1778239838
0
1778239843
0
1778239848
0
1778239853
0
1778239858
0
1778239863
0
1778239868
0
1778239873
0
1778239879
0
1778239884
0
1778239889
0
1778239894
0
1778239899
0
1778239904
0
1778239909
0
1778239914
0
1778239919
0
1778239924
0
1778239929
0
1778239934
0
1778239939
0
1778239944
0
1778239949
0
1778239954
0
1778239959
0
1778239964
0
1778239969
0
1778239974
0
1778239979
0
1778239985
0
1778239990
0
1778239995
0
1778240000
0
1778240005
0
1778240010
0
1778240015
0
1778240020
0
1778240025
0
1778240030
0
1778240035
0
1778240040
0
1778240045
0
1778240050
0
1778240055
0
1778240060
0
1778240065
0
1778240070
0
1778240075
0
1778240080
0
1778240085
0
1778240091
0
1778240096
0
1778240101
0
1778240106
0
1778240111
0
1778240116
0
1778240121
0
1778240126
0
1778240131
0
1778240136
0
1778240141
0
1778240146
0
1778240151
0
1778240156
0
1778240161
0
1778240166
0
1778240171
0
1778240177
0
1778240182
0
1778240187
0
1778240192
0
1778240197
0
1778240202
0
1778240207
0
1778240212
0
1778240217
0
1778240222
0
1778240227
0
1778240232
0
1778240237
0
1778240242
0
1778240247
0
1778240252
0
1778240257
0
1778240263
0
1778240268
0
1778240273
0
1778240278
0
1778240283
0
1778240288
0
1778240293
0
1778240298
0
1778240303
0
1778240308
0
1778240313
0
1778240318
0
1778240323
0
1778240328
0
1778240333
0
1778240338
0
1778240343
0
1778240348
0
1778240353
0
1778240358
0
1778240364
0
1778240369
0
1778240374
0
1778240379
0
1778240384
0
1778240389
0
1778240394
0
1778240399
0
1778240404
0
1778240409
0
1778240414
0
1778240419
0
1778240424
0
1778240429
0
1778240434
0
1778240439
0
1778240444
0
1778240449
0
1778240454
0
1778240460
0
1778240465
0
1778240470
0
1778240475
0
1778240480
0
1778240485
0
1778240490
0
1778240495
0
1778240500
0
1778240505
0
1778240510
0
1778240515
0
1778240520
0
1778240525
0
1778240530
0
1778240535
0
1778240540
0
1778240545
0
1778240551
0
1778240556
0
1778240561
0
1778240566
0
1778240571
0
1778240576
0
1778240581
0
1778240586
0
1778240591
0
1778240596
0
1778240601
0
1778240606
0
1778240611
0
1778240616
0
1778240621
0
1778240626
0
1778240632
0
1778240637
0
1778240642
0
1778240647
0
1778240652
0
1778240657
0
1778240662
0
1778240667
0
1778240672
0
1778240677
0
1778240682
0
1778240687
0
1778240692
0
1778240697
0
1778240702
0
1778240707
0
1778240712
0
1778240717
0
1778240723
0
1778240728
0
1778240733
0
1778240738
0
1778240743
0
1778240748
0
1778240753
0
1778240758
0
1778240763
0
1778240768
0
1778240773
0
1778240778
0
1778240783
0
1778240788
0
1778240793
0
1778240798
0
1778240803
0
1778240808
0
1778240813
0
1778240819
0
1778240824
0
1778240829
0
1778240834
0
1778240839
0
1778240844
0
1778240849
0
1778240854
0
1778240859
0
1778240864
0
1778240869
0
1778240874
0
1778240879
0
1778240884
0
1778240889
0
1778240895
0
1778240900
0
1778240905
0
1778240910
0
1778240915
0
1778240920
0
1778240925
0
1778240930
0
1778240935
0
1778240940
0
1778240945
0
1778240950
0
1778240955
0
1778240960
0
1778240965
0
1778240970
0
1778240975
0
1778240980
0
1778240985
0
1778240990
0
1778240996
0
1778241001
0
1778241006
0
1778241011
0
1778241016
0
1778241021
0
1778241026
0
1778241031
0
1778241036
0
1778241041
0
1778241046
0
1778241051
0
1778241056
0
1778241061
0
1778241066
0
1778241071
0
1778241076
0
1778241081
0
1778241086
0
1778241091
0
1778241096
0
1778241102
0
1778241107
0
1778241112
0
1778241117
0
1778241122
0
1778241127
0
1778241132
0
1778241137
0
1778241142
0
1778241147
0
1778241152
0
1778241157
0
1778241162
0
1778241167
0
1778241172
0
1778241177
0
1778241182
0
1778241187
0
1778241192
0
1778241197
0
1778241203
0
1778241208
0
1778241213
0
1778241218
0
1778241223
0
1778241228
0
1778241233
0
1778241238
0
1778241243
0
1778241248
0
1778241253
0
1778241258
0
1778241263
0
1778241268
0
1778241273
0
1778241278
0
1778241283
0
1778241288
0
1778241293
0
1778241298
0
1778241304
0
1778241309
0
1778241314
0
1778241319
0
1778241324
0
1778241329
0
1778241334
0
1778241339
0
1778241344
0
1778241349
0
1778241354
0
1778241359
0
1778241364
0
1778241369
0
1778241374
0
1778241379
0
1778241384
0
1778241390
0
1778241395
0
1778241400
0
1778241405
0
1778241410
0
1778241415
0
1778241420
0
1778241425
0
1778241430
0
1778241435
0
1778241440
0
1778241445
0
1778241450
0
1778241455
0
1778241460
0
1778241465
0
1778241470
0
1778241476
0
1778241481
0
1778241486
0
1778241491
0
1778241496
0
1778241501
0
1778241506
0
1778241511
0
1778241516
0
1778241521
0
1778241526
0
1778241531
0
1778241536
0
1778241541
0
1778241546
0
1778241551
0
1778241557
0
1778241562
0
1778241567
0
1778241572
0
1778241577
0
1778241582
0
1778241587
0
1778241592
0
1778241597
0
1778241602
0
1778241607
0
1778241612
0
1778241617
0
1778241622
0
1778241627
0
1778241632
0
1778241637
0
1778241642
0
1778241647
0
1778241652
0
1778241657
0
1778241663
0
1778241668
0
1778241673
0
1778241678
0
1778241683
0
1778241688
0
1778241693
0
1778241698
0
1778241703
0
1778241708
0
1778241713
0
1778241718
0
1778241723
0
1778241728
0
1778241733
0
1778241738
0
1778241743
0
1778241748
0
1778241754
0
1778241759
0
1778241764
0
1778241769
0
1778241774
0
1778241779
0
1778241784
0
1778241789
0
1778241794
0
1778241799
0
1778241804
0
1778241809
0
1778241814
0
1778241819
0
1778241824
0
1778241830
0
1778241835
0
1778241840
0
1778241845
0
1778241850
0
1778241855
0
1778241860
0
1778241865
0
1778241870
0
1778241875
0
1778241880
0
1778241885
0
1778241890
0
1778241895
0
1778241901
0
1778241906
0
1778241911
0
1778241916
0
1778241921
0
1778241926
0
1778241931
0
1778241936
0
1778241941
0
1778241946
0
1778241951
0
1778241956
0
1778241961
0
1778241966
0
1778241971
0
1778241976
0
1778241981
0
1778241986
0
1778241992
0
1778241997
0
1778242002
0
1778242007
0
1778242012
0
1778242017
0
1778242022
0
1778242027
0
1778242032
0
1778242037
0
1778242042
0
1778242047
0
1778242052
0
1778242057
0
1778242062
0
1778242067
0
1778242072
0
1778242077
0
1778242082
0
1778242087
0
1778242092
0
1778242098
0
1778242103
0
1778242108
0
1778242113
0
1778242118
0
1778242123
0
1778242128
0
1778242133
0
1778242138
0
1778242143
0
1778242148
0
1778242153
0
1778242158
0
1778242163
0
1778242168
0
1778242173
0
1778242178
0
1778242183
0
1778242188
0
1778242193
0
1778242199
0
1778242204
0
1778242209
0
1778242214
0
1778242219
0
1778242224
0
1778242229
0
1778242234
0
1778242239
0
1778242244
0
1778242249
0
1778242254
0
1778242259
0
1778242264
0
1778242269
0
1778242274
0
1778242279
0
1778242284
0
1778242289
0
1778242294
0
1778242300
0
1778242305
0
1778242310
0
1778242315
0
1778242320
0
1778242325
0
1778242330
0
1778242335
0
1778242340
0
1778242345
0
1778242350
0
1778242355
0
1778242360
0
1778242365
0
1778242370
0
1778242375
0
1778242380
0
1778242385
0
1778242390
0
1778242395
0
1778242400
0
1778242406
0
1778242411
0
1778242416
0
1778242421
0
1778242426
0
1778242431
0
1778242436
0
1778242441
0
1778242446
0
1778242451
0
1778242456
0
1778242461
0
1778242466
0
1778242471
0
1778242476
0
1778242481
0
1778242486
0
1778242491
0
1778242496
0
1778242502
0
1778242507
0
1778242512
0
1778242517
0
1778242522
0
1778242528
0
1778242533
0
1778242538
0
1778242544
0
1778242549
0
1778242554
0
1778242559
0
1778242564
0
1778242569
0
1778242575
0
1778242580
0
1778242585
0
1778242590
0
1778242595
0
1778242600
0
1778242605
0
1778242610
0
1778242615
0
1778242620
0
1778242625
0
1778242630
0
1778242635
0
1778242640
0
1778242645
0
1778242650
0
1778242655
0
1778242661
0
1778242666
0
1778242671
0
1778242676
0
1778242681
0
1778242686
0
1778242691
0
1778242696
0
1778242701
0
1778242706
0
1778242711
0
1778242716
0
1778242721
0
1778242726
0
1778242731
0
1778242736
0
1778242741
0
1778242746
0
1778242752
0
1778242757
0
1778242762
0
1778242768
0
1778242773
0
1778242778
0
1778242783
0
1778242789
0
1778242794
0
1778242800
0
1778242805
0
1778242810
0
1778242816
0
1778242821
0
1778242826
0
1778242831
0
1778242836
0
1778242841
0
1778242846
0
1778242851
0
1778242856
0
1778242862
0
1778242867
0
1778242872
0
1778242877
0
1778242882
0
1778242887
0
1778242892
0
1778242897
0
1778242902
0
1778242907
0
1778242912
0
1778242917
0
1778242922
0
1778242927
0
1778242933
0
1778242938
0
1778242943
0
1778242948
0
1778242953
0
1778242958
0
1778242963
0
1778242968
0
1778242973
0
1778242978
0
1778242983
0
1778242988
0
1778242993
0
1778242998
0
1778243003
0
1778243008
0
1778243013
0
1778243018
0
1778243023
0
1778243028
0
1778243034
0
1778243039
0
1778243044
0
1778243049
0
1778243054
0
1778243059
0
1778243064
0
1778243069
0
1778243074
0
1778243079
0
1778243084
0
1778243089
0
1778243094
0
1778243099
0
1778243104
0
1778243109
0
1778243114
0
1778243119
0
1778243124
0
1778243129
0
1778243134
0
1778243140
0
1778243145
0
1778243150
0
1778243155
0
1778243160
0
1778243165
0
1778243170
0
1778243175
0
1778243180
0
1778243185
0
1778243190
0
1778243195
0
1778243200
0
1778243205
0
1778243210
0
1778243215
0
1778243220
0
1778243225
0
1778243230
0
1778243235
0
1778243241
0
1778243246
0
1778243251
0
1778243256
0
1778243261
0
1778243266
0
1778243271
0
1778243276
0
1778243281
0
1778243286
0
1778243291
0
1778243296
0
1778243301
0
1778243306
0
1778243311
0
1778243316
0
1778243321
0
1778243326
0
1778243332
0
1778243337
0
1778243342
0
1778243347
0
1778243352
0
1778243357
0
1778243362
0
1778243367
0
1778243372
0
1778243377
0
1778243382
0
1778243387
0
1778243392
0
1778243397
0
1778243402
0
1778243407
0
1778243412
0
1778243418
0
1778243423
0
1778243428
0
1778243433
0
1778243438
0
1778243443
0
1778243448
0
1778243453
0
1778243458
0
1778243463
0
1778243468
0
1778243473
0
1778243478
0
1778243483
0
1778243488
0
1778243493
0
1778243498
0
1778243503
0
1778243508
0
1778243513
0
1778243518
0
1778243524
0
1778243529
0
1778243534
0
1778243539
0
1778243544
0
1778243549
0
1778243554
0
1778243559
0
1778243564
0
1778243569
0
1778243574
0
1778243579
0
1778243584
0
1778243589
0
1778243594
0
1778243599
0
1778243604
0
1778243609
0
1778243614
0
1778243619
0
1778243624
0
1778243630
0
1778243635
0
1778243640
0
1778243645
0
1778243650
0
1778243655
0
1778243660
0
1778243665
0
1778243670
0
1778243675
0
1778243680
0
1778243685
0
1778243690
0
1778243695
0
1778243700
0
1778243705
0
1778243710
0
1778243715
0
1778243720
0
1778243725
0
1778243730
0
1778243736
0
1778243741
0
1778243746
0
1778243751
0
1778243756
0
1778243761
0
1778243766
0
1778243771
0
1778243776
0
1778243781
0
1778243786
0
1778243791
0
1778243796
0
1778243801
0
1778243806
0
1778243811
0
1778243816
0
1778243821
0
1778243826
0
1778243831
0
1778243836
0
1778243841
0
1778243847
0
1778243852
0
1778243857
0
1778243862
0
1778243867
0
1778243872
0
1778243877
0
1778243882
0
1778243887
0
1778243892
0
1778243897
0
1778243902
0
1778243907
0
1778243912
0
1778243917
0
1778243922
0
1778243927
0
1778243932
0
1778243938
0
1778243943
0
1778243948
0
1778243953
0
1778243958
0
1778243963
0
1778243968
0
1778243973
0
1778243978
0
1778243983
0
1778243988
0
1778243993
0
1778243998
0
1778244004
0
1778244009
0
1778244014
0
1778244019
0
1778244024
0
1778244030
0
1778244035
0
1778244040
0
1778244045
0
1778244050
0
1778244055
0
1778244061
0
1778244066
0
1778244071
0
1778244076
0
1778244081
0
1778244086
0
1778244091
0
1778244096
0
1778244101
0
1778244107
0
1778244112
0
1778244117
0
1778244122
108
1778244127
227
1778244132
227
1778244137
295
1778244142
339
1778244147
339
1778244152
339
1778244157
339
1778244162
339
1778244167
339
1778244172
339
1778244177
339
1778244182
339
1778244187
339
1778244192
339
1778244197
339
1778244202
339
1778244207
339
1778244212
339
1778244217
339
1778244222
339
1778244227
339
1778244232
339
1778244237
339
1778244242
339
1778244248
339
1778244253
339
1778244258
339
1778244263
339
1778244268
339
1778244273
339
1778244278
339
1778244283
339
1778244288
339
1778244293
339
1778244298
339
1778244303
339
1778244308
339
1778244313
339
1778244318
339
1778244323
339
1778244328
339
1778244333
339
1778244338
339
1778244343
339
1778244348
339
1778244353
339
1778244358
339
1778244363
339
1778244368
339
1778244373
339
1778244378
339
1778244383
339
1778244388
339
1778244393
339
1778244398
339
1778244403
339
1778244409
339
1778244414
339
1778244419
339
1778244424
339
1778244429
339
1778244434
339
1778244439
339
1778244444
339
1778244449
339
1778244454
339
1778244459
339
1778244464
339
1778244469
339
1778244474
339
1778244479
339
1778244484
339
1778244489
339
1778244494
339
1778244499
339
1778244504
339
1778244509
339
1778244514
339
1778244519
339
1778244524
339
1778244529
339
1778244534
339
1778244539
339
1778244544
339
1778244549
339
1778244555
339
1778244560
339
1778244565
339
1778244570
339
1778244575
339
1778244580
339
1778244585
339
1778244590
339
1778244595
339
1778244600
339
1778244605
339
1778244610
339
1778244615
339
1778244620
339
1778244625
339
1778244630
339
1778244635
339
1778244640
339
1778244645
339
1778244650
339
1778244655
339
1778244660
339
1778244665
339
1778244670
339
1778244675
339
1778244680
339
1778244685
339
1778244690
339
1778244695
339
1778244700
339
1778244705
339
1778244710
339
1778244715
339
1778244721
339
1778244726
339
1778244731
339
1778244736
339
1778244741
339
1778244746
339
1778244751
339
1778244756
339
1778244761
339
1778244766
339
1778244771
339
1778244776
339
1778244781
339
1778244786
339
1778244791
339
1778244796
339
1778244801
339
1778244806
339
1778244811
339
1778244816
339
1778244821
339
1778244826
339
1778244831
0
1778244836
0
1778244841
0
1778244846
8
1778244851
8
1778244856
8
1778244861
162
1778244867
162
1778244872
162
1778244877
300
1778244882
300
1778244887
300
1778244892
300
1778244897
300
1778244902
300
1778244907
300
1778244912
300
1778244917
300
1778244922
300
1778244927
300
1778244932
300
1778244937
300
1778244942
300
1778244947
300
1778244952
271
1778244957
271
1778244962
323
1778244967
300
1778244972
300
1778244977
300
1778244982
300
1778244987
300
1778244992
300
1778244997
300
1778245002
300
1778245007
300
1778245012
300
1778245017
300
1778245022
300
1778245027
300
1778245032
300
1778245038
300
1778245043
300
1778245048
300
1778245053
300
1778245058
300
1778245063
300
1778245068
300
1778245073
300
1778245078
300
1778245083
300
1778245088
300
1778245093
300
1778245098
300
1778245103
300
1778245108
300
1778245113
300
1778245118
300
1778245123
300
1778245128
300
1778245133
300
1778245138
300
1778245143
300
1778245148
300
1778245153
300
1778245158
300
1778245163
300
1778245168
300
1778245173
0
1778245178
0
1778245183
0
1778245189
0
1778245194
0
1778245199
0
1778245204
0
1778245209
0
1778245214
0
1778245219
0
1778245224
0
1778245229
0
1778245234
0
1778245239
0
1778245244
0
1778245249
0
1778245254
0
1778245259
0
1778245264
0
1778245269
0
1778245274
0
1778245279
0
1778245284
0
1778245289
0
1778245295
0
1778245300
0
1778245305
0
1778245310
0
1778245315
0
1778245320
0
1778245325
0
1778245330
0
1778245335
0
1778245340
0
1778245345
0
1778245350
0
1778245355
0
1778245360
0
1778245365
0
1778245370
0
1778245375
0
1778245380
0
1778245385
0
1778245390
0
1778245395
0
1778245401
0
1778245406
0
1778245411
0
1778245416
0
1778245421
0
1778245426
0
1778245431
0
1778245436
0
1778245441
0
1778245446
0
1778245451
0
1778245456
0
1778245461
0
1778245466
0
1778245471
0
1778245476
0
1778245481
0
1778245486
0
1778245491
0
1778245496
0
1778245502
0
1778245507
0
1778245512
0
1778245517
0
1778245522
0
1778245527
0
1778245532
0
1778245537
0
1778245542
0
1778245547
0
1778245552
0
1778245557
0
1778245562
0
1778245567
0
1778245572
0
1778245577
0
1778245582
0
1778245587
0
1778245592
0
1778245598
0
1778245603
0
1778245608
0
1778245613
0
1778245618
0
1778245623
0
1778245628
0
1778245633
0
1778245638
0
1778245643
0
1778245648
0
1778245653
0
1778245658
0
1778245663
0
1778245668
0
1778245673
0
1778245678
0
1778245684
0
1778245689
0
1778245694
0
1778245699
0
1778245704
0
1778245709
0
1778245714
0
1778245719
0
1778245724
0
1778245729
0
1778245734
0
1778245739
0
1778245744
0
1778245749
0
1778245754
0
1778245759
0
1778245764
0
1778245769
0
1778245774
0
1778245780
0
1778245785
0
1778245790
0
1778245795
0
1778245800
0
1778245805
0
1778245810
0
1778245815
0
1778245820
0
1778245825
0
1778245830
0
1778245835
0
1778245840
0
1778245845
0
1778245850
0
1778245855
0
1778245860
0
1778245865
0
1778245870
0
1778245875
0
1778245881
0
1778245886
0
1778245891
0
1778245896
0
1778245901
0
1778245906
0
1778245911
0
1778245916
0
1778245921
0
1778245926
0
1778245931
0
1778245936
0
1778245941
0
1778245946
0
1778245951
0
1778245956
0
1778245961
0
1778245966
0
1778245972
0
1778245977
0
1778245982
0
1778245987
0
1778245992
0
1778245997
0
1778246002
0
1778246007
0
1778246012
0
1778246017
0
1778246022
0
1778246027
0
1778246032
0
1778246037
0
1778246042
0
1778246047
0
1778246052
0
1778246057
0
1778246062
0
1778246068
0
1778246073
0
1778246078
0
1778246083
0
1778246088
0
1778246093
0
1778246098
0
1778246103
0
1778246108
0
1778246113
0
1778246118
0
1778246123
0
1778246128
0
1778246133
0
1778246138
0
1778246143
0
1778246148
0
1778246153
0
1778246158
0
1778246163
0
1778246169
0
1778246174
0
1778246179
0
1778246184
0
1778246189
0
1778246194
0
1778246199
0
1778246204
0
1778246209
0
1778246214
0
1778246219
0
1778246224
0
1778246229
0
1778246234
0
1778246239
0
1778246244
0
1778246250
0
1778246255
0
1778246260
0
1778246265
0
1778246270
0
1778246275
0
1778246280
0
1778246285
0
1778246290
0
1778246295
0
1778246300
0
1778246305
0
1778246310
0
1778246315
0
1778246320
32
1778246325
32
1778246331
155
1778246336
278
1778246341
278
1778246346
330
1778246351
339
1778246356
339
1778246361
339
1778246366
339
1778246371
339
1778246376
339
1778246381
339
1778246386
339
1778246391
339
1778246396
339
1778246401
339
1778246406
339
1778246411
339
1778246416
339
1778246421
339
1778246426
339
1778246431
339
1778246436
339
1778246441
339
1778246446
339
1778246451
339
1778246456
339
1778246461
339
1778246466
339
1778246471
339
1778246476
339
1778246481
339
1778246487
339
1778246492
339
1778246497
339
1778246502
339
1778246507
339
1778246512
339
1778246517
339
1778246522
339
1778246527
339
1778246532
339
1778246537
339
1778246542
339
1778246547
339
1778246552
339
1778246557
339
1778246562
339
1778246567
339
1778246572
339
1778246577
339
1778246582
339
1778246587
339
1778246592
339
1778246597
339
1778246602
339
1778246607
339
1778246612
339
1778246617
339
1778246622
339
1778246627
339
1778246632
339
1778246637
339
1778246642
339
1778246648
339
1778246653
339
1778246658
339
1778246663
339
1778246668
339
1778246673
339
1778246678
339
1778246683
339
1778246688
339
1778246693
339
1778246698
339
1778246703
339
1778246708
339
1778246713
339
1778246718
339
1778246723
339
1778246728
339
1778246733
339
1778246738
339
1778246743
339
1778246748
339
1778246753
339
1778246758
339
1778246763
339
1778246768
339
1778246773
339
1778246778
339
1778246783
339
1778246788
339
1778246793
339
1778246798
339
1778246804
339
1778246809
339
1778246814
339
1778246819
339
1778246824
339
1778246829
339
1778246834
339
1778246839
339
1778246844
339
1778246849
339
1778246854
339
1778246859
339
1778246864
339
1778246869
339
1778246874
339
1778246879
339
1778246884
339
1778246889
339
1778246894
339
1778246899
339
1778246904
339
1778246909
339
1778246914
339
1778246919
339
1778246924
339
1778246929
339
1778246934
339
1778246939
339
1778246944
339
1778246949
339
1778246954
339
1778246959
339
1778246964
339
1778246970
339
1778246975
339
1778246980
339
1778246985
339
1778246990
339
1778246995
339
1778247000
339
1778247005
339
1778247010
339
1778247015
339
1778247020
339
1778247025
339
1778247030
339
1778247035
339
1778247040
339
1778247045
339
1778247050
339
1778247055
339
1778247060
339
1778247065
164
1778247070
0
1778247075
0
1778247080
0
1778247085
28
1778247090
28
1778247095
72
1778247100
168
1778247105
168
1778247110
218
1778247115
294
1778247120
294
1778247125
300
1778247131
300
1778247136
300
1778247141
300
1778247146
300
1778247151
300
1778247156
300
1778247161
300
1778247166
300
1778247171
300
1778247176
300
1778247181
300
1778247186
302
1778247191
264
1778247196
264
1778247201
303
1778247206
300
1778247211
300
1778247216
300
1778247221
300
1778247226
300
1778247231
300
1778247236
300
1778247241
300
1778247246
300
1778247251
300
1778247256
300
1778247261
300
1778247266
300
1778247271
300
1778247276
300
1778247281
300
1778247286
300
1778247291
300
1778247297
300
1778247302
300
1778247307
300
1778247312
300
1778247317
300
1778247322
300
1778247327
300
1778247332
300
1778247337
300
1778247342
300
1778247347
300
1778247352
300
1778247357
300
1778247362
300
1778247367
300
1778247372
300
1778247377
300
1778247382
300
1778247387
300
1778247392
300
1778247397
300
1778247402
300
1778247407
300
1778247412
0
1778247417
0
1778247422
0
1778247427
0
1778247432
0
1778247438
0
1778247443
0
1778247448
0
1778247453
0
1778247458
0
1778247463
0
1778247468
0
1778247473
0
1778247478
0
1778247483
0
1778247488
0
1778247493
0
1778247498
0
1778247503
0
1778247508
0
1778247513
0
1778247518
0
1778247523
0
1778247528
0
1778247533
0
1778247538
0
1778247544
0
1778247549
0
1778247554
0
1778247559
0
1778247564
0
1778247569
0
1778247574
0
1778247579
0
1778247584
0
1778247589
0
1778247594
0
1778247599
0
1778247604
0
1778247609
0
1778247614
0
1778247619
0
1778247624
0
1778247629
0
1778247634
0
1778247639
0
1778247644
0
1778247649
0
1778247655
0
1778247660
0
1778247665
0
1778247670
0
1778247675
0
1778247680
0
1778247685
0
1778247690
0
1778247695
0
1778247700
0
1778247705
0
1778247710
0
1778247715
0
1778247720
0
1778247725
0
1778247730
0
1778247735
0
1778247740
0
1778247745
0
1778247750
0
1778247755
0
1778247761
0
1778247766
0
1778247771
0
1778247776
0
1778247781
0
1778247786
0
1778247791
0
1778247796
0
1778247801
0
1778247806
0
1778247811
0
1778247816
0
1778247821
0
1778247826
0
1778247831
0
1778247836
0
1778247841
0
1778247846
0
1778247851
0
1778247856
0
1778247861
0
1778247867
0
1778247872
0
1778247877
0
1778247882
0
1778247887
0
1778247892
0
1778247897
0
1778247902
0
1778247907
0
1778247912
0
1778247917
0
1778247922
0
1778247927
0
1778247932
0
1778247937
0
1778247942
0
1778247947
0
1778247952
0
1778247957
0
1778247962
0
1778247967
0
1778247973
0
1778247978
0
1778247983
0
1778247988
0
1778247993
0
1778247998
0
1778248003
0
1778248008
0
1778248013
0
1778248018
0
1778248023
0
1778248028
0
1778248033
0
1778248038
0
1778248043
0
1778248048
0
1778248053
0
1778248058
0
1778248064
0
1778248069
0
1778248074
0
1778248079
0
1778248084
0
1778248089
0
1778248094
0
1778248099
0
1778248104
0
1778248109
0
1778248114
0
1778248119
0
1778248124
0
1778248129
0
1778248134
0
1778248139
0
1778248144
0
1778248149
0
1778248154
0
1778248160
0
1778248165
0
1778248170
0
1778248175
0
1778248180
0
1778248185
0
1778248190
0
1778248195
0
1778248200
0
1778248205
0
1778248210
0
1778248215
0
1778248220
0
1778248226
0
1778248231
0
1778248236
0
1778248241
0
1778248246
0
1778248251
0
1778248256
0
1778248261
0
1778248266
0
1778248271
0
1778248276
0
1778248281
0
1778248286
0
1778248291
0
1778248296
0
1778248301
0
1778248307
0
1778248312
0
1778248317
0
1778248322
0
1778248327
0
1778248332
1
1778248337
1
1778248342
96
1778248347
229
1778248352
229
1778248357
301
1778248362
339
1778248367
339
1778248372
339
1778248377
339
1778248382
339
1778248387
339
1778248392
339
1778248397
339
1778248402
339
1778248407
339
1778248412
339
1778248417
339
1778248423
339
1778248428
339
1778248433
339
1778248438
339
1778248443
339
1778248448
339
1778248453
339
1778248458
339
1778248463
339
1778248468
339
1778248473
339
1778248478
339
1778248483
339
1778248488
339
1778248493
339
1778248498
339
1778248503
339
1778248508
339
1778248513
339
1778248518
339
1778248523
339
1778248528
339
1778248533
339
1778248538
339
1778248543
339
1778248548
339
1778248553
339
1778248558
339
1778248563
339
1778248568
339
1778248573
339
1778248579
339
1778248584
339
1778248589
339
1778248594
339
1778248599
339
1778248604
339
1778248609
339
1778248614
339
1778248619
339
1778248624
339
1778248629
339
1778248634
339
1778248639
339
1778248644
339
1778248649
339
1778248654
339
1778248659
339
1778248664
339
1778248669
339
1778248674
339
1778248679
339
1778248684
339
1778248689
339
1778248695
339
1778248700
339
1778248705
339
1778248710
339
1778248715
339
1778248720
339
1778248725
339
1778248730
339
1778248735
339
1778248740
339
1778248745
339
1778248750
339
1778248755
339
1778248760
339
1778248765
339
1778248770
339
1778248775
339
1778248780
339
1778248785
339
1778248790
339
1778248795
339
1778248800
339
1778248805
339
1778248811
339
1778248816
339
1778248821
339
1778248826
339
1778248831
339
1778248836
339
1778248841
339
1778248846
339
1778248851
339
1778248856
339
1778248861
339
1778248866
339
1778248871
339
1778248876
339
1778248881
339
1778248886
339
1778248891
339
1778248896
339
1778248901
339
1778248906
339
1778248911
339
1778248916
339
1778248921
339
1778248926
339
1778248931
339
1778248936
339
1778248941
339
1778248946
339
1778248952
339
1778248957
339
1778248962
339
1778248967
339
1778248972
339
1778248977
339
1778248982
339
1778248987
339
1778248992
339
1778248997
339
1778249002
339
1778249007
339
1778249012
339
1778249017
339
1778249022
339
1778249027
339
1778249032
339
1778249037
339
1778249042
339
1778249047
172
1778249052
0
1778249057
0
1778249062
1
1778249068
5
1778249073
5
1778249078
103
1778249083
159
1778249088
159
1778249093
259
1778249098
296
1778249103
296
1778249108
300
1778249113
300
1778249118
300
1778249123
300
1778249128
300
1778249134
300
1778249139
300
1778249144
300
1778249149
300
1778249154
300
1778249159
300
1778249164
300
1778249169
316
1778249174
240
1778249179
240
1778249184
321
1778249189
300
1778249194
300
1778249200
300
1778249205
300
1778249210
300
1778249215
300
1778249220
300
1778249225
300
1778249230
300
1778249235
300
1778249240
300
1778249245
300
1778249250
300
1778249255
300
1778249260
300
1778249265
300
1778249270
300
1778249275
300
1778249280
300
1778249285
300
1778249290
300
1778249295
300
1778249300
300
1778249305
300
1778249310
300
1778249315
300
1778249320
300
1778249325
300
1778249331
300
1778249336
300
1778249341
300
1778249346
300
1778249351
300
1778249356
300
1778249361
300
1778249366
300
1778249371
300
1778249376
300
1778249381
300
1778249386
300
1778249391
300
1778249396
0
1778249401
0
1778249406
0
1778249411
0
1778249416
0
1778249421
0
1778249426
0
1778249431
0
1778249436
0
1778249441
0
1778249447
0
1778249452
0
1778249457
0
1778249462
0
1778249467
0
1778249472
0
1778249477
0
1778249482
0
1778249487
0
1778249492
0
1778249497
0
1778249502
0
1778249507
0
1778249512
0
1778249517
0
1778249522
0
1778249527
0
1778249532
0
1778249537
0
1778249543
0
1778249548
0
1778249553
0
1778249558
0
1778249563
0
1778249568
0
1778249573
0
1778249578
0
1778249583
0
1778249588
0
1778249593
0
1778249598
0
1778249603
0
1778249608
0
1778249613
0
1778249618
0
1778249623
0
1778249628
0
1778249633
0
1778249639
0
1778249644
0
1778249649
0
1778249654
0
1778249659
0
1778249664
0
1778249669
0
1778249674
0
1778249679
0
1778249684
0
1778249689
0
1778249694
0
1778249699
0
1778249704
0
1778249709
0
1778249714
0
1778249719
0
1778249724
0
1778249729
0
1778249734
0
1778249739
0
1778249745
0
1778249750
0
1778249755
0
1778249760
0
1778249765
0
1778249770
0
1778249775
0
1778249780
0
1778249785
0
1778249790
0
1778249795
0
1778249800
0
1778249805
0
1778249810
0
1778249815
0
1778249820
0
1778249825
0
1778249830
0
1778249835
0
1778249840
0
1778249845
0
1778249851
0
1778249856
0
1778249861
0
1778249866
0
1778249871
0
1778249876
0
1778249881
0
1778249886
0
1778249891
0
1778249896
0
1778249901
0
1778249906
0
1778249911
0
1778249916
0
1778249921
0
1778249926
0
1778249931
0
1778249936
0
1778249941
0
1778249946
0
1778249951
0
1778249957
0
1778249962
0
1778249967
0
1778249972
0
1778249977
0
1778249982
0
1778249987
0
1778249992
0
1778249997
0
1778250002
0
1778250007
0
1778250012
0
1778250017
0
1778250022
0
1778250027
0
1778250032
0
1778250037
0
1778250042
0
1778250047
0
1778250053
0
1778250058
0
1778250063
0
1778250068
0
1778250073
0
1778250078
0
1778250083
0
1778250088
0
1778250093
0
1778250098
0
1778250103
0
1778250108
0
1778250113
0
1778250118
0
1778250123
0
1778250129
0
1778250134
0
1778250139
0
1778250144
0
1778250149
0
1778250154
0
1778250159
0
1778250164
0
1778250169
0
1778250174
0
1778250179
0
1778250184
0
1778250189
0
1778250194
0
1778250199
0
1778250204
0
1778250209
0
1778250214
0
1778250220
0
1778250225
0
1778250230
0
1778250235
0
1778250240
0
1778250245
0
1778250250
0
1778250255
0
1778250260
0
1778250265
0
1778250270
0
1778250275
0
1778250280
0
1778250285
0
1778250290
0
1778250295
0
1778250300
0
1778250305
0
1778250310
0
1778250315
0
1778250321
0
1778250326
0
1778250331
0
1778250336
0
1778250341
0
1778250346
0
1778250351
0
1778250356
0
1778250361
0
1778250366
0
1778250371
0
1778250376
0
1778250381
0
1778250386
0
1778250391
0
1778250396
0
1778250402
0
1778250407
0
1778250412
0
1778250417
0
1778250422
0
1778250427
0
1778250432
0
1778250437
0
1778250442
0
1778250447
0
1778250452
0
1778250457
0
1778250462
0
1778250467
0
1778250472
0
1778250478
0
1778250483
0
1778250488
0
1778250493
0
1778250498
0
1778250503
0
1778250508
0
1778250513
0
1778250518
0
1778250523
0
1778250528
0
1778250533
0
1778250538
0
1778250543
0
1778250548
0
1778250553
0
1778250558
0
1778250563
0
1778250569
0
1778250574
0
1778250579
0
1778250584
0
1778250589
0
1778250594
0
1778250599
0
1778250604
0
1778250609
0
1778250614
0
1778250619
0
1778250624
0
1778250629
0
1778250634
0
1778250639
0
1778250645
0
1778250650
0
1778250655
0
1778250660
0
1778250665
0
1778250670
0
1778250675
0
1778250680
0
1778250685
0
1778250690
0
1778250695
0
1778250700
0
1778250705
0
1778250710
0
1778250715
0
1778250720
0
1778250725
0
1778250731
0
1778250736
0
1778250741
0
1778250746
0
1778250751
0
1778250756
0
1778250761
0
1778250766
0
1778250771
0
1778250776
0
1778250781
0
1778250786
0
1778250791
0
1778250797
0
1778250802
50
1778250807
173
1778250812
173
1778250817
289
1778250822
339
1778250827
339
1778250832
339
1778250837
339
1778250842
339
1778250847
339
1778250852
339
1778250857
339
1778250862
339
1778250867
339
1778250872
339
1778250877
339
1778250882
339
1778250887
339
1778250892
339
1778250897
339
1778250902
339
1778250907
339
1778250912
339
1778250917
339
1778250923
339
1778250928
339
1778250933
339
1778250938
339
1778250943
339
1778250948
339
1778250953
339
1778250958
339
1778250963
339
1778250968
339
1778250973
339
1778250978
339
1778250983
339
1778250988
339
1778250993
339
1778250998
339
1778251003
339
1778251008
339
1778251013
339
1778251018
339
1778251023
339
1778251028
339
1778251033
339
1778251038
339
1778251043
339
1778251048
339
1778251053
339
1778251058
339
1778251063
339
1778251069
339
1778251074
339
1778251079
339
1778251084
339
1778251089
339
1778251094
339
1778251099
339
1778251104
339
1778251109
339
1778251114
339
1778251119
339
1778251124
339
1778251129
339
1778251134
339
1778251139
339
1778251144
339
1778251149
339
1778251154
339
1778251159
339
1778251164
339
1778251169
339
1778251174
339
1778251179
339
1778251184
339
1778251189
339
1778251194
339
1778251199
339
1778251204
339
1778251210
339
1778251215
339
1778251220
339
1778251225
339
1778251230
339
1778251235
339
1778251240
339
1778251245
339
1778251250
339
1778251255
339
1778251260
339
1778251265
339
1778251270
339
1778251275
339
1778251280
339
1778251285
339
1778251290
339
1778251295
339
1778251300
339
1778251305
339
1778251310
339
1778251315
339
1778251320
339
1778251325
339
1778251330
339
1778251335
339
1778251340
339
1778251345
339
1778251350
339
1778251356
339
1778251361
339
1778251366
339
1778251371
339
1778251376
339
1778251381
339
1778251386
339
1778251391
339
1778251396
339
1778251401
339
1778251406
339
1778251411
339
1778251416
339
1778251421
339
1778251426
339
1778251431
339
1778251436
339
1778251441
339
1778251446
339
1778251451
339
1778251456
339
1778251461
339
1778251466
339
1778251471
339
1778251476
339
1778251481
339
1778251486
339
1778251491
339
1778251496
339
1778251501
339
1778251506
339
1778251512
166
1778251517
166
1778251522
0
1778251527
19
1778251532
19
1778251537
60
1778251542
159
1778251547
159
1778251552
210
1778251557
284
1778251562
284
1778251567
300
1778251572
300
1778251577
300
1778251582
300
1778251587
300
1778251592
300
1778251597
300
1778251602
300
1778251607
300
1778251612
300
1778251617
300
1778251622
300
1778251627
300
1778251632
289
1778251637
289
1778251642
326
1778251647
290
1778251652
290
1778251658
300
1778251663
300
1778251668
300
1778251673
300
1778251678
300
1778251683
300
1778251688
300
1778251693
300
1778251698
300
1778251703
300
1778251708
300
1778251713
300
1778251718
300
1778251723
300
1778251728
300
1778251733
300
1778251738
300
1778251743
300
1778251748
300
1778251753
300
1778251758
300
1778251763
300
1778251768
300
1778251773
300
1778251778
300
1778251783
300
1778251788
300
1778251793
300
1778251798
300
1778251803
300
1778251808
300
1778251813
300
1778251819
300
1778251824
300
1778251829
300
1778251834
300
1778251839
300
1778251844
300
1778251849
300
1778251854
0
1778251859
0
1778251864
0
1778251869
0
1778251874
0
1778251879
0
1778251884
0
1778251889
0
1778251894
0
1778251899
0
1778251904
0
1778251909
0
1778251914
0
1778251919
0
1778251924
0
1778251930
0
1778251935
0
1778251940
0
1778251945
0
1778251950
0
1778251955
0
1778251960
0
1778251965
0
1778251970
0
1778251975
0
1778251980
0
1778251985
0
1778251990
0
1778251995
0
1778252000
0
1778252005
0
1778252010
0
1778252015
0
1778252020
0
1778252026
0
1778252031
0
1778252036
0
1778252041
0
1778252046
0
1778252051
0
1778252056
0
1778252061
0
1778252066
0
1778252071
0
1778252076
0
1778252081
0
1778252086
0
1778252091
0
1778252096
0
1778252101
0
1778252106
0
1778252111
0
1778252117
0
1778252122
0
1778252127
0
1778252132
0
1778252137
0
1778252142
0
1778252147
0
1778252152
0
1778252157
0
1778252162
0
1778252167
0
1778252172
0
1778252177
0
1778252182
0
1778252187
0
1778252192
0
1778252197
0
1778252202
0
1778252208
0
1778252213
0
1778252218
0
1778252223
0
1778252228
0
1778252233
0
1778252238
0
1778252243
0
1778252248
0
1778252253
0
1778252258
0
1778252263
0
1778252268
0
1778252273
0
1778252278
0
1778252283
0
1778252288
0
1778252293
0
1778252298
0
1778252303
0
1778252309
0
1778252314
0
1778252319
0
1778252324
0
1778252329
0
1778252334
0
1778252339
0
1778252344
0
1778252349
0
1778252354
0
1778252359
0
1778252364
0
1778252369
0
1778252374
0
1778252379
0
1778252384
0
1778252389
0
1778252394
0
1778252399
0
1778252405
0
1778252410
0
1778252415
0
1778252420
0
1778252425
0
1778252430
0
1778252435
0
1778252440
0
1778252445
0
1778252450
0
1778252455
0
1778252460
0
1778252465
0
1778252470
0
1778252475
0
1778252480
0
1778252485
0
1778252490
0
1778252495
0
1778252501
0
1778252506
0
1778252511
0
1778252516
0
1778252521
0
1778252526
0
1778252531
0
1778252536
0
1778252541
0
1778252546
0
1778252551
0
1778252556
0
1778252561
0
1778252566
0
1778252571
0
1778252576
0
1778252581
0
1778252586
0
1778252591
0
1778252597
0
1778252602
0
1778252607
0
1778252612
0
1778252617
0
1778252622
0
1778252627
0
1778252632
0
1778252637
0
1778252642
0
1778252647
0
1778252652
0
1778252657
0
1778252662
0
1778252667
0
1778252673
0
1778252678
0
1778252683
0
1778252688
0
1778252693
0
1778252698
0
1778252703
0
1778252708
0
1778252713
0
1778252718
0
1778252723
0
1778252729
0
1778252734
0
1778252739
0
1778252744
0
1778252749
0
1778252754
0
1778252759
0
1778252764
0
1778252769
0
1778252775
0
1778252780
0
1778252785
0
1778252790
0
1778252795
0
1778252800
0
1778252805
0
1778252810
0
1778252815
0
1778252820
0
1778252825
0
1778252831
0
1778252836
0
1778252841
0
1778252846
0
1778252851
0
1778252856
0
1778252861
0
1778252866
0
1778252871
0
1778252876
0
1778252881
0
1778252886
0
1778252891
0
1778252896
0
1778252902
0
1778252907
0
1778252912
0
1778252917
0
1778252922
0
1778252927
0
1778252932
0
1778252937
0
1778252942
0
1778252947
0
1778252952
0
1778252957
0
1778252962
0
1778252967
0
1778252972
0
1778252977
0
1778252982
0
1778252987
0
1778252992
0
1778252997
0
1778253003
0
1778253008
0
1778253013
0
1778253018
0
1778253023
0
1778253028
0
1778253033
0
1778253038
0
1778253043
0
1778253048
0
1778253053
0
1778253058
0
1778253063
0
1778253068
0
1778253073
0
1778253078
0
1778253083
0
1778253088
0
1778253093
0
1778253099
0
1778253104
0
1778253109
0
1778253114
0
1778253119
0
1778253124
0
1778253129
0
1778253134
0
1778253139
0
1778253144
0
1778253149
0
1778253154
0
1778253159
0
1778253164
0
1778253169
0
1778253174
0
1778253179
0
1778253184
0
1778253190
0
1778253195
0
1778253200
0
1778253205
0
1778253210
0
1778253215
0
1778253220
0
1778253225
0
1778253230
0
1778253235
0
1778253240
0
1778253245
0
1778253250
0
1778253255
0
1778253260
0
1778253265
0
1778253270
0
1778253276
0
1778253281
0
1778253286
0
1778253291
0
1778253296
0
1778253301
0
1778253306
0
1778253311
0
1778253316
0
1778253321
0
1778253326
0
1778253331
0
1778253337
0
1778253342
0
1778253347
0
1778253352
0
1778253357
0
1778253362
0
1778253367
0
1778253372
0
1778253377
0
1778253382
0
1778253388
0
1778253393
0
1778253398
0
1778253403
0
1778253408
0
1778253413
0
1778253418
0
1778253423
0
1778253428
0
1778253433
0
1778253438
0
1778253443
0
1778253449
0
1778253454
0
1778253459
0
1778253464
0
1778253469
0
1778253474
0
1778253479
0
1778253484
0
1778253490
0
1778253495
0
1778253500
0
1778253505
0
1778253510
0
1778253515
0
1778253520
0
1778253525
0
1778253530
0
1778253536
0
1778253541
0
1778253546
0
1778253551
0
1778253556
0
1778253561
0
1778253566
0
1778253571
0
1778253576
0
1778253582
0
1778253587
0
1778253592
0
1778253597
0
1778253602
0
1778253607
0
1778253612
0
1778253617
0
1778253622
0
1778253628
0
1778253633
0
1778253638
0
1778253643
0
1778253648
0
1778253653
0
1778253658
0
1778253663
0
1778253668
0
1778253673
0
1778253679
0
1778253684
0
1778253689
0
1778253694
0
1778253699
0
1778253704
0
1778253709
0
1778253714
0
1778253719
0
1778253724
0
1778253729
0
1778253735
0
1778253740
0
1778253745
0
1778253750
0
1778253755
0
1778253760
0
1778253765
0
1778253770
0
1778253775
0
1778253781
0
1778253786
0
1778253791
0
1778253796
0
1778253801
0
1778253806
0
1778253811
0
1778253816
0
1778253821
0
1778253826
0
1778253831
0
1778253837
0
1778253842
0
1778253847
0
1778253852
0
1778253857
0
1778253862
0
1778253867
0
1778253872
0
1778253877
0
1778253883
0
1778253888
0
1778253893
0
1778253898
0
1778253903
0
1778253908
0
1778253913
0
1778253918
0
1778253923
0
1778253929
0
1778253934
0
1778253939
0
1778253944
0
1778253949
0
1778253954
0
1778253959
0
1778253964
0
1778253969
0
1778253974
0
1778253980
0
1778253985
0
1778253990
0
1778253995
0
1778254000
0
1778254005
0
1778254010
0
1778254015
0
1778254020
0
1778254025
0
1778254031
0
1778254036
0
1778254041
0
1778254046
0
1778254051
0
1778254056
0
1778254061
0
1778254066
0
1778254071
0
1778254076
0
1778254082
0
1778254087
0
1778254092
0
1778254097
0
1778254102
0
1778254107
0
1778254112
0
1778254117
0
1778254122
0
1778254127
0
1778254132
0
1778254138
0
1778254143
0
1778254148
0
1778254153
0
1778254158
0
1778254163
0
1778254168
0
1778254173
0
1778254178
0
1778254184
0
1778254189
0
1778254194
0
1778254199
0
1778254204
0
1778254209
0
1778254214
0
1778254219
0
1778254224
0
1778254229
0
1778254234
0
1778254240
0
1778254245
0
1778254250
0
1778254255
0
1778254260
0
1778254265
0
1778254270
0
1778254275
0
1778254280
0
1778254286
0
1778254291
0
1778254296
0
1778254301
0
1778254306
0
1778254311
0
1778254316
0
1778254321
0
1778254326
0
1778254331
0
1778254336
0
1778254342
0
1778254347
0
1778254352
0
1778254357
0
1778254362
0
1778254367
0
1778254372
0
1778254377
0
1778254382
0
1778254387
0
1778254392
0
1778254397
0
1778254402
0
1778254408
0
1778254413
0
1778254418
0
1778254423
0
1778254428
0
1778254433
0
1778254438
0
1778254443
0
1778254448
0
1778254453
0
1778254458
0
1778254463
0
1778254468
0
1778254473
0
1778254478
0
1778254483
0
1778254488
0
1778254493
0
1778254499
0
1778254504
0
1778254509
0
1778254514
0
1778254519
0
1778254524
0
1778254529
0
1778254534
0
1778254539
0
1778254544
0
1778254549
0
1778254554
0
1778254559
0
1778254564
0
1778254569
0
1778254574
0
1778254579
0
1778254585
0
1778254590
0
1778254595
0
1778254600
0
1778254605
0
1778254610
0
1778254615
0
1778254620
0
1778254625
0
1778254630
0
1778254635
0
1778254640
0
1778254645
0
1778254650
0
1778254656
0
1778254661
0
1778254666
0
1778254671
0
1778254676
0
1778254681
0
1778254686
0
1778254691
0
1778254696
0
1778254701
0
1778254706
0
1778254711
0
1778254717
0
1778254722
0
1778254727
0
1778254732
0
1778254737
0
1778254742
0
1778254747
0
1778254752
0
1778254757
0
1778254762
0
1778254768
0
1778254773
0
1778254778
0
1778254783
0
1778254788
0
1778254793
0
1778254798
0
1778254803
0
1778254808
0
1778254813
0
1778254818
0
1778254823
0
1778254828
0
1778254834
0
1778254839
0
1778254844
0
1778254849
0
1778254854
0
1778254859
0
1778254864
0
1778254869
0
1778254874
0
1778254879
0
1778254884
0
1778254889
0
1778254894
0
1778254900
0
1778254905
0
1778254910
0
1778254915
0
1778254920
0
1778254925
0
1778254930
0
1778254935
0
1778254940
0
1778254945
0
1778254950
0
1778254955
0
1778254960
0
1778254965
0
1778254970
0
1778254976
0
1778254981
0
1778254986
0
1778254991
0
1778254996
0
1778255001
0
1778255006
0
1778255011
0
1778255016
0
1778255021
0
1778255026
0
1778255031
0
1778255036
0
1778255041
0
1778255046
0
1778255051
0
1778255056
0
1778255061
0
1778255067
0
1778255072
0
1778255077
0
1778255082
0
1778255087
0
1778255092
0
1778255097
0
1778255102
0
1778255107
0
1778255112
0
1778255117
0
1778255122
0
1778255127
0
1778255132
0
1778255137
0
1778255142
0
1778255147
0
1778255153
0
1778255158
0
1778255163
0
1778255168
0
1778255173
0
1778255178
0
1778255183
0
1778255188
0
1778255193
0
1778255198
0
1778255203
0
1778255208
0
1778255213
0
1778255218
0
1778255223
0
1778255228
0
1778255234
0
1778255239
0
1778255244
0
1778255249
0
1778255254
0
1778255259
0
1778255264
0
1778255269
0
1778255274
0
1778255279
0
1778255284
0
1778255289
0
1778255294
0
1778255299
0
1778255304
0
1778255309
0
1778255314
0
1778255319
0
1778255325
0
1778255330
0
1778255335
0
1778255340
0
1778255345
0
1778255350
0
1778255355
0
1778255360
0
1778255365
0
1778255370
0
1778255375
0
1778255380
0
1778255385
0
1778255390
0
1778255395
0
1778255400
0
1778255406
0
1778255411
0
1778255416
0
1778255421
0
1778255426
0
1778255431
0
1778255436
0
1778255441
0
1778255446
0
1778255451
0
1778255456
0
1778255461
0
1778255466
0
1778255471
0
1778255476
0
1778255482
0
1778255487
0
1778255492
0
1778255497
0
1778255502
0
1778255507
0
1778255512
0
1778255517
0
1778255522
0
1778255527
0
1778255532
0
1778255537
0
1778255542
0
1778255547
0
1778255552
0
1778255557
0
1778255562
0
1778255567
0
1778255573
0
1778255578
0
1778255583
0
1778255588
0
1778255593
0
1778255598
0
1778255603
0
1778255608
0
1778255613
0
1778255618
0
1778255623
0
1778255628
0
1778255633
0
1778255638
0
1778255643
0
1778255648
0
1778255653
0
1778255658
0
1778255663
0
1778255669
0
1778255674
0
1778255679
0
1778255684
0
1778255689
0
1778255694
0
1778255699
0
1778255704
0
1778255709
0
1778255714
0
1778255719
0
1778255724
0
1778255729
0
1778255734
0
1778255739
0
1778255744
0
1778255749
0
1778255755
0
1778255760
0
1778255765
0
1778255770
0
1778255775
0
1778255780
0
1778255785
0
1778255790
0
1778255795
0
1778255800
0
1778255805
0
1778255810
0
1778255815
0
1778255820
0
1778255825
0
1778255830
0
1778255835
0
1778255841
0
1778255846
0
1778255851
0
1778255856
0
1778255861
0
1778255866
0
1778255871
0
1778255876
0
1778255881
0
1778255886
0
1778255891
0
1778255896
0
1778255901
0
1778255906
0
1778255912
0
1778255917
0
1778255922
0
1778255927
0
1778255932
0
1778255937
0
1778255942
0
1778255947
0
1778255952
0
1778255957
0
1778255962
0
1778255967
0
1778255972
0
1778255977
0
1778255982
0
1778255987
0
1778255993
0
1778255998
0
1778256003
0
1778256008
0
1778256013
0
1778256018
0
1778256023
0
1778256028
0
1778256033
0
1778256038
0
1778256043
0
1778256048
0
1778256053
0
1778256058
0
1778256063
0
1778256069
0
1778256074
0
1778256079
0
1778256084
0
1778256089
0
1778256094
0
1778256099
0
1778256104
0
1778256109
0
1778256114
0
1778256119
0
1778256124
0
1778256129
0
1778256134
0
1778256139
0
1778256144
0
1778256149
0
1778256154
0
1778256159
0
1778256164
0
1778256170
0
1778256175
0
1778256180
0
1778256185
0
1778256190
0
1778256195
0
1778256200
0
1778256205
0
1778256210
0
1778256215
0
1778256220
0
1778256225
0
1778256230
0
1778256235
0
1778256240
0
1778256245
0
1778256250
0
1778256255
0
1778256260
0
1778256265
0
1778256271
0
1778256276
0
1778256281
0
1778256286
0
1778256291
0
1778256296
0
1778256301
0
1778256306
0
1778256311
0
1778256316
0
1778256321
0
1778256326
0
1778256331
0
1778256336
0
1778256341
0
1778256346
0
1778256352
0
1778256357
0
1778256362
0
1778256367
0
1778256372
0
1778256377
0
1778256382
0
1778256387
0
1778256392
0
1778256397
0
1778256402
0
1778256407
0
1778256412
0
1778256417
0
1778256423
0
1778256428
0
1778256433
0
1778256438
0
1778256443
0
1778256448
0
1778256453
0
1778256458
0
1778256463
0
1778256469
0
1778256474
0
1778256479
0
1778256484
0
1778256489
0
1778256494
0
1778256499
0
1778256504
0
1778256509
0
1778256514
0
1778256519
0
1778256524
0
1778256529
0
1778256535
0
1778256540
0
1778256545
0
1778256550
0
1778256555
0
1778256560
0
1778256565
0
1778256570
0
1778256575
0
1778256580
0
1778256585
0
1778256590
0
1778256596
0
1778256601
0
1778256606
0
1778256611
0
1778256616
0
1778256621
0
1778256626
0
1778256631
0
1778256637
0
1778256642
0
1778256647
0
1778256653
0
1778256658
0
1778256663
0
1778256668
0
1778256673
0
1778256678
0
1778256683
0
1778256688
0
1778256693
0
1778256698
0
1778256703
0
1778256709
0
1778256714
0
1778256719
0
1778256724
0
1778256729
0
1778256734
0
1778256739
0
1778256744
0
1778256749
0
1778256754
0
1778256759
0
1778256764
0
1778256769
0
1778256774
0
1778256779
0
1778256785
0
1778256790
0
1778256795
0
1778256800
0
1778256805
0
1778256810
0
1778256815
0
1778256820
0
1778256825
0
1778256830
0
1778256835
0
1778256840
0
1778256845
0
1778256850
0
1778256855
0
1778256860
0
1778256866
0
1778256871
0
1778256876
0
1778256881
0
1778256886
0
1778256891
0
1778256896
0
1778256901
0
1778256906
0
1778256911
0
1778256916
0
1778256921
0
1778256926
0
1778256931
0
1778256936
0
1778256941
0
1778256946
0
1778256952
0
1778256957
0
1778256962
0
1778256967
0
1778256972
0
1778256977
0
1778256982
0
1778256987
0
1778256992
0
1778256997
0
1778257002
0
1778257007
0
1778257012
0
1778257017
0
1778257022
0
1778257027
0
1778257032
0
1778257037
0
1778257042
0
1778257048
0
1778257053
0
1778257058
0
1778257063
0
1778257068
0
1778257073
0
1778257078
0
1778257083
0
1778257088
0
1778257093
0
1778257098
0
1778257103
0
1778257108
0
1778257113
0
1778257118
0
1778257124
0
1778257129
0
