1778215361
1778215366
mqtt-broker-58977c7947-b5fn4   29m   21Mi   
1778215372
mqtt-broker-58977c7947-b5fn4   29m   21Mi   
1778215377
mqtt-broker-58977c7947-b5fn4   29m   21Mi   
1778215382
mqtt-broker-58977c7947-b5fn4   5m    22Mi   
1778215387
mqtt-broker-58977c7947-b5fn4   5m    22Mi   
1778215393
mqtt-broker-58977c7947-b5fn4   5m    22Mi   
1778215398
mqtt-broker-58977c7947-b5fn4   47m   24Mi   
1778215403
mqtt-broker-58977c7947-b5fn4   47m   24Mi   
1778215408
mqtt-broker-58977c7947-b5fn4   47m   24Mi   
1778215414
mqtt-broker-58977c7947-b5fn4   55m   29Mi   
1778215419
mqtt-broker-58977c7947-b5fn4   55m   29Mi   
1778215424
mqtt-broker-58977c7947-b5fn4   101m   34Mi   
1778215430
mqtt-broker-58977c7947-b5fn4   101m   34Mi   
1778215435
mqtt-broker-58977c7947-b5fn4   101m   34Mi   
1778215440
mqtt-broker-58977c7947-b5fn4   89m   36Mi   
mqtt-broker-58977c7947-hjqtf   21m   22Mi   
1778215445
mqtt-broker-58977c7947-b5fn4   89m   36Mi   
mqtt-broker-58977c7947-hjqtf   21m   22Mi   
1778215450
mqtt-broker-58977c7947-b5fn4   89m   36Mi   
mqtt-broker-58977c7947-hjqtf   21m   22Mi   
1778215456
mqtt-broker-58977c7947-b5fn4   31m   37Mi   
mqtt-broker-58977c7947-hjqtf   14m   22Mi   
1778215461
mqtt-broker-58977c7947-b5fn4   31m   37Mi   
mqtt-broker-58977c7947-hjqtf   14m   22Mi   
1778215466
mqtt-broker-58977c7947-b5fn4   31m   37Mi   
mqtt-broker-58977c7947-hjqtf   14m   22Mi   
1778215471
mqtt-broker-58977c7947-b5fn4   31m   37Mi   
mqtt-broker-58977c7947-hjqtf   13m   24Mi   
1778215477
mqtt-broker-58977c7947-b5fn4   31m   37Mi   
mqtt-broker-58977c7947-hjqtf   13m   24Mi   
1778215482
mqtt-broker-58977c7947-b5fn4   31m   37Mi   
mqtt-broker-58977c7947-hjqtf   13m   24Mi   
1778215487
mqtt-broker-58977c7947-b5fn4   17m   37Mi   
mqtt-broker-58977c7947-hjqtf   15m   24Mi   
1778215493
mqtt-broker-58977c7947-b5fn4   17m   37Mi   
mqtt-broker-58977c7947-hjqtf   15m   24Mi   
1778215498
mqtt-broker-58977c7947-b5fn4   17m   37Mi   
mqtt-broker-58977c7947-hjqtf   15m   24Mi   
1778215503
mqtt-broker-58977c7947-b5fn4   8m    37Mi   
mqtt-broker-58977c7947-hjqtf   4m    24Mi   
1778215508
mqtt-broker-58977c7947-b5fn4   8m    37Mi   
mqtt-broker-58977c7947-hjqtf   4m    24Mi   
1778215514
mqtt-broker-58977c7947-b5fn4   8m    37Mi   
mqtt-broker-58977c7947-hjqtf   4m    24Mi   
1778215519
mqtt-broker-58977c7947-b5fn4   14m   36Mi   
mqtt-broker-58977c7947-hjqtf   1m    24Mi   
1778215524
mqtt-broker-58977c7947-b5fn4   14m   36Mi   
mqtt-broker-58977c7947-hjqtf   1m    24Mi   
1778215529
mqtt-broker-58977c7947-b5fn4   5m    36Mi   
mqtt-broker-58977c7947-hjqtf   1m    24Mi   
1778215534
mqtt-broker-58977c7947-b5fn4   5m    36Mi   
mqtt-broker-58977c7947-hjqtf   1m    24Mi   
1778215539
mqtt-broker-58977c7947-b5fn4   5m    36Mi   
mqtt-broker-58977c7947-hjqtf   1m    24Mi   
1778215545
mqtt-broker-58977c7947-b5fn4   10m   36Mi   
mqtt-broker-58977c7947-hjqtf   9m    25Mi   
1778215550
mqtt-broker-58977c7947-b5fn4   10m   36Mi   
mqtt-broker-58977c7947-hjqtf   9m    25Mi   
1778215555
mqtt-broker-58977c7947-b5fn4   10m   36Mi   
mqtt-broker-58977c7947-hjqtf   9m    25Mi   
1778215560
mqtt-broker-58977c7947-b5fn4   11m   37Mi   
mqtt-broker-58977c7947-hjqtf   4m    24Mi   
1778215566
mqtt-broker-58977c7947-b5fn4   11m   37Mi   
mqtt-broker-58977c7947-hjqtf   4m    24Mi   
1778215571
mqtt-broker-58977c7947-b5fn4   11m   37Mi   
mqtt-broker-58977c7947-hjqtf   4m    24Mi   
1778215576
mqtt-broker-58977c7947-b5fn4   11m   37Mi   
mqtt-broker-58977c7947-hjqtf   4m    24Mi   
1778215582
mqtt-broker-58977c7947-b5fn4   11m   37Mi   
mqtt-broker-58977c7947-hjqtf   4m    24Mi   
1778215587
mqtt-broker-58977c7947-b5fn4   11m   37Mi   
mqtt-broker-58977c7947-hjqtf   4m    24Mi   
1778215592
mqtt-broker-58977c7947-b5fn4   10m   36Mi   
mqtt-broker-58977c7947-hjqtf   1m    24Mi   
1778215597
mqtt-broker-58977c7947-b5fn4   10m   36Mi   
mqtt-broker-58977c7947-hjqtf   1m    24Mi   
1778215602
mqtt-broker-58977c7947-b5fn4   10m   36Mi   
mqtt-broker-58977c7947-hjqtf   1m    24Mi   
1778215607
mqtt-broker-58977c7947-b5fn4   2m    36Mi   
mqtt-broker-58977c7947-hjqtf   2m    24Mi   
1778215613
mqtt-broker-58977c7947-b5fn4   2m    36Mi   
mqtt-broker-58977c7947-hjqtf   2m    24Mi   
1778215618
mqtt-broker-58977c7947-b5fn4   2m    36Mi   
mqtt-broker-58977c7947-hjqtf   2m    24Mi   
1778215623
mqtt-broker-58977c7947-9rrj5   37m   21Mi   
mqtt-broker-58977c7947-b5fn4   7m    37Mi   
mqtt-broker-58977c7947-hjqtf   1m    24Mi   
1778215628
mqtt-broker-58977c7947-9rrj5   37m   21Mi   
mqtt-broker-58977c7947-b5fn4   7m    37Mi   
mqtt-broker-58977c7947-hjqtf   1m    24Mi   
1778215633
mqtt-broker-58977c7947-9rrj5   37m   21Mi   
mqtt-broker-58977c7947-b5fn4   7m    37Mi   
mqtt-broker-58977c7947-hjqtf   1m    24Mi   
1778215638
mqtt-broker-58977c7947-9rrj5   33m   22Mi   
mqtt-broker-58977c7947-b5fn4   20m   37Mi   
mqtt-broker-58977c7947-hjqtf   9m    24Mi   
1778215643
mqtt-broker-58977c7947-9rrj5   33m   22Mi   
mqtt-broker-58977c7947-b5fn4   20m   37Mi   
mqtt-broker-58977c7947-hjqtf   9m    24Mi   
1778215649
mqtt-broker-58977c7947-9rrj5   10m   22Mi   
mqtt-broker-58977c7947-b5fn4   12m   37Mi   
mqtt-broker-58977c7947-hjqtf   10m   25Mi   
1778215654
mqtt-broker-58977c7947-9rrj5   10m   22Mi   
mqtt-broker-58977c7947-b5fn4   12m   37Mi   
mqtt-broker-58977c7947-hjqtf   10m   25Mi   
1778215659
mqtt-broker-58977c7947-9rrj5   10m   22Mi   
mqtt-broker-58977c7947-b5fn4   12m   37Mi   
mqtt-broker-58977c7947-hjqtf   10m   25Mi   
1778215664
mqtt-broker-58977c7947-9rrj5   4m    23Mi   
mqtt-broker-58977c7947-b5fn4   6m    36Mi   
mqtt-broker-58977c7947-hjqtf   6m    25Mi   
1778215669
mqtt-broker-58977c7947-9rrj5   4m    23Mi   
mqtt-broker-58977c7947-b5fn4   6m    36Mi   
mqtt-broker-58977c7947-hjqtf   6m    25Mi   
1778215675
mqtt-broker-58977c7947-9rrj5   4m    23Mi   
mqtt-broker-58977c7947-b5fn4   6m    36Mi   
mqtt-broker-58977c7947-hjqtf   6m    25Mi   
1778215680
mqtt-broker-58977c7947-9rrj5   13m   23Mi   
mqtt-broker-58977c7947-b5fn4   13m   37Mi   
mqtt-broker-58977c7947-hjqtf   12m   25Mi   
1778215685
mqtt-broker-58977c7947-9rrj5   13m   23Mi   
mqtt-broker-58977c7947-b5fn4   13m   37Mi   
mqtt-broker-58977c7947-hjqtf   12m   25Mi   
1778215691
mqtt-broker-58977c7947-9rrj5   13m   23Mi   
mqtt-broker-58977c7947-b5fn4   13m   37Mi   
mqtt-broker-58977c7947-hjqtf   12m   25Mi   
1778215696
mqtt-broker-58977c7947-9rrj5   14m   23Mi   
mqtt-broker-58977c7947-b5fn4   29m   37Mi   
mqtt-broker-58977c7947-hjqtf   16m   25Mi   
1778215701
mqtt-broker-58977c7947-9rrj5   14m   23Mi   
mqtt-broker-58977c7947-b5fn4   29m   37Mi   
mqtt-broker-58977c7947-hjqtf   16m   25Mi   
1778215706
mqtt-broker-58977c7947-9rrj5   14m   23Mi   
mqtt-broker-58977c7947-b5fn4   29m   37Mi   
mqtt-broker-58977c7947-hjqtf   16m   25Mi   
1778215711
mqtt-broker-58977c7947-9rrj5   10m   24Mi   
mqtt-broker-58977c7947-b5fn4   16m   37Mi   
mqtt-broker-58977c7947-hjqtf   10m   25Mi   
1778215717
mqtt-broker-58977c7947-9rrj5   10m   24Mi   
mqtt-broker-58977c7947-b5fn4   16m   37Mi   
mqtt-broker-58977c7947-hjqtf   10m   25Mi   
1778215722
mqtt-broker-58977c7947-9rrj5   10m   24Mi   
mqtt-broker-58977c7947-b5fn4   16m   37Mi   
mqtt-broker-58977c7947-hjqtf   10m   25Mi   
1778215727
mqtt-broker-58977c7947-9rrj5   10m   24Mi   
mqtt-broker-58977c7947-b5fn4   9m    37Mi   
mqtt-broker-58977c7947-hjqtf   4m    25Mi   
1778215732
mqtt-broker-58977c7947-9rrj5   10m   24Mi   
mqtt-broker-58977c7947-b5fn4   9m    37Mi   
mqtt-broker-58977c7947-hjqtf   4m    25Mi   
1778215738
mqtt-broker-58977c7947-9rrj5   10m   24Mi   
mqtt-broker-58977c7947-b5fn4   9m    37Mi   
mqtt-broker-58977c7947-hjqtf   4m    25Mi   
1778215743
mqtt-broker-58977c7947-9rrj5   5m    23Mi   
mqtt-broker-58977c7947-b5fn4   7m    37Mi   
mqtt-broker-58977c7947-hjqtf   5m    25Mi   
1778215748
mqtt-broker-58977c7947-9rrj5   5m    23Mi   
mqtt-broker-58977c7947-b5fn4   7m    37Mi   
mqtt-broker-58977c7947-hjqtf   5m    25Mi   
1778215754
mqtt-broker-58977c7947-9rrj5   5m    23Mi   
mqtt-broker-58977c7947-b5fn4   7m    37Mi   
mqtt-broker-58977c7947-hjqtf   5m    25Mi   
1778215759
mqtt-broker-58977c7947-9rrj5   7m    23Mi   
mqtt-broker-58977c7947-b5fn4   14m   37Mi   
mqtt-broker-58977c7947-hjqtf   5m    25Mi   
1778215764
mqtt-broker-58977c7947-9rrj5   7m    23Mi   
mqtt-broker-58977c7947-b5fn4   14m   37Mi   
mqtt-broker-58977c7947-hjqtf   5m    25Mi   
1778215769
mqtt-broker-58977c7947-9rrj5   6m    23Mi   
mqtt-broker-58977c7947-b5fn4   13m   37Mi   
mqtt-broker-58977c7947-hjqtf   6m    25Mi   
1778215774
mqtt-broker-58977c7947-9rrj5   6m    23Mi   
mqtt-broker-58977c7947-b5fn4   13m   37Mi   
mqtt-broker-58977c7947-hjqtf   6m    25Mi   
1778215780
mqtt-broker-58977c7947-9rrj5   6m    23Mi   
mqtt-broker-58977c7947-b5fn4   13m   37Mi   
mqtt-broker-58977c7947-hjqtf   6m    25Mi   
1778215785
mqtt-broker-58977c7947-9rrj5   3m    23Mi   
mqtt-broker-58977c7947-b5fn4   3m    37Mi   
mqtt-broker-58977c7947-hjqtf   3m    26Mi   
1778215790
mqtt-broker-58977c7947-9rrj5   3m    23Mi   
mqtt-broker-58977c7947-b5fn4   3m    37Mi   
mqtt-broker-58977c7947-hjqtf   3m    26Mi   
1778215796
mqtt-broker-58977c7947-9rrj5   3m    23Mi   
mqtt-broker-58977c7947-b5fn4   3m    37Mi   
mqtt-broker-58977c7947-hjqtf   3m    26Mi   
1778215801
mqtt-broker-58977c7947-9rrj5   3m    23Mi   
mqtt-broker-58977c7947-b5fn4   14m   37Mi   
mqtt-broker-58977c7947-hjqtf   3m    26Mi   
1778215806
mqtt-broker-58977c7947-9rrj5   3m    23Mi   
mqtt-broker-58977c7947-b5fn4   14m   37Mi   
mqtt-broker-58977c7947-hjqtf   3m    26Mi   
1778215811
mqtt-broker-58977c7947-9rrj5   3m    23Mi   
mqtt-broker-58977c7947-b5fn4   14m   37Mi   
mqtt-broker-58977c7947-hjqtf   3m    26Mi   
1778215816
mqtt-broker-58977c7947-9rrj5   4m    23Mi   
mqtt-broker-58977c7947-b5fn4   15m   37Mi   
mqtt-broker-58977c7947-hjqtf   4m    25Mi   
1778215822
mqtt-broker-58977c7947-9rrj5   4m    23Mi   
mqtt-broker-58977c7947-b5fn4   15m   37Mi   
mqtt-broker-58977c7947-hjqtf   4m    25Mi   
1778215827
mqtt-broker-58977c7947-9rrj5   4m    23Mi   
mqtt-broker-58977c7947-b5fn4   15m   37Mi   
mqtt-broker-58977c7947-hjqtf   4m    25Mi   
1778215832
mqtt-broker-58977c7947-9rrj5   5m    23Mi   
mqtt-broker-58977c7947-b5fn4   12m   37Mi   
mqtt-broker-58977c7947-hjqtf   4m    26Mi   
1778215837
mqtt-broker-58977c7947-9rrj5   5m    23Mi   
mqtt-broker-58977c7947-b5fn4   12m   37Mi   
mqtt-broker-58977c7947-hjqtf   4m    26Mi   
1778215842
mqtt-broker-58977c7947-9rrj5   5m    23Mi   
mqtt-broker-58977c7947-b5fn4   12m   37Mi   
mqtt-broker-58977c7947-hjqtf   4m    26Mi   
1778215848
mqtt-broker-58977c7947-9rrj5   3m    23Mi   
mqtt-broker-58977c7947-b5fn4   3m    37Mi   
mqtt-broker-58977c7947-hjqtf   3m    25Mi   
1778215853
mqtt-broker-58977c7947-b5fn4   3m    37Mi   
1778215858
mqtt-broker-58977c7947-b5fn4   3m    37Mi   
1778215863
mqtt-broker-58977c7947-b5fn4   29m   38Mi   
1778215869
mqtt-broker-58977c7947-b5fn4   29m   38Mi   
1778215874
mqtt-broker-58977c7947-b5fn4   20m   38Mi   
1778215879
mqtt-broker-58977c7947-b5fn4   20m   38Mi   
1778215884
mqtt-broker-58977c7947-b5fn4   20m   38Mi   
1778215890
mqtt-broker-58977c7947-b5fn4   14m   38Mi   
1778215895
mqtt-broker-58977c7947-b5fn4   14m   38Mi   
1778215900
mqtt-broker-58977c7947-b5fn4   14m   38Mi   
1778215905
mqtt-broker-58977c7947-b5fn4   7m    38Mi   
1778215910
mqtt-broker-58977c7947-b5fn4   7m    38Mi   
1778215916
mqtt-broker-58977c7947-b5fn4   7m    38Mi   
1778215921
mqtt-broker-58977c7947-b5fn4   7m    38Mi   
1778215926
mqtt-broker-58977c7947-b5fn4   7m    38Mi   
1778215931
mqtt-broker-58977c7947-b5fn4   7m    38Mi   
1778215937
mqtt-broker-58977c7947-b5fn4   21m   38Mi   
1778215942
mqtt-broker-58977c7947-b5fn4   21m   38Mi   
1778215947
mqtt-broker-58977c7947-b5fn4   21m   38Mi   
1778215952
mqtt-broker-58977c7947-b5fn4   21m   38Mi   
1778215957
mqtt-broker-58977c7947-b5fn4   21m   38Mi   
1778215963
mqtt-broker-58977c7947-b5fn4   21m   38Mi   
1778215968
mqtt-broker-58977c7947-b5fn4   13m   39Mi   
1778215973
mqtt-broker-58977c7947-b5fn4   13m   39Mi   
1778215978
mqtt-broker-58977c7947-b5fn4   13m   39Mi   
1778215983
mqtt-broker-58977c7947-b5fn4   7m    39Mi   
1778215989
mqtt-broker-58977c7947-b5fn4   7m    39Mi   
1778215994
mqtt-broker-58977c7947-b5fn4   20m   38Mi   
1778215999
mqtt-broker-58977c7947-b5fn4   20m   38Mi   
1778216004
mqtt-broker-58977c7947-b5fn4   20m   38Mi   
1778216010
mqtt-broker-58977c7947-b5fn4   20m   38Mi   
1778216015
mqtt-broker-58977c7947-b5fn4   20m   38Mi   
1778216020
mqtt-broker-58977c7947-b5fn4   20m   38Mi   
1778216025
mqtt-broker-58977c7947-b5fn4   11m   37Mi   
1778216030
mqtt-broker-58977c7947-b5fn4   11m   37Mi   
1778216035
1778216041
1778216046
1778216051
1778216056
1778216061
1778216066
1778216071
1778216076
1778216081
1778216086
1778216091
1778216096
1778216102
1778216107
1778216112
1778216117
1778216122
1778216127
1778216132
1778216137
1778216142
1778216147
1778216152
1778216158
1778216163
1778216168
1778216173
1778216178
1778216183
1778216188
1778216193
1778216198
1778216203
1778216208
1778216213
1778216219
1778216224
1778216229
1778216234
1778216239
1778216244
1778216249
1778216254
1778216259
1778216264
1778216269
1778216275
1778216280
1778216285
1778216290
1778216295
1778216300
1778216305
1778216310
1778216315
1778216320
1778216325
1778216330
1778216336
1778216341
1778216346
1778216351
1778216356
1778216361
1778216366
1778216371
1778216376
1778216381
1778216386
1778216391
1778216396
1778216402
1778216407
1778216412
1778216417
1778216422
1778216427
1778216432
1778216437
1778216442
1778216448
1778216453
1778216458
1778216463
1778216468
1778216473
1778216479
1778216484
1778216489
1778216494
1778216499
1778216504
1778216509
1778216515
1778216520
1778216525
1778216530
1778216535
1778216540
1778216545
1778216551
1778216556
1778216561
1778216566
1778216571
1778216576
1778216581
1778216587
1778216592
1778216597
1778216602
1778216607
1778216612
1778216618
1778216623
1778216628
1778216633
1778216638
1778216643
1778216648
1778216653
1778216659
1778216664
1778216669
1778216674
1778216679
1778216684
1778216690
1778216695
1778216700
1778216705
1778216710
1778216715
1778216721
1778216726
1778216731
1778216736
1778216741
1778216746
1778216752
1778216757
1778216762
1778216767
1778216772
1778216777
1778216782
1778216787
1778216792
1778216797
1778216802
1778216807
1778216813
1778216818
1778216823
1778216828
1778216833
1778216838
1778216843
1778216848
1778216853
1778216858
1778216863
1778216869
1778216874
1778216879
1778216884
1778216889
1778216894
1778216899
1778216904
1778216909
1778216914
1778216919
1778216924
1778216929
1778216935
1778216940
1778216945
1778216950
1778216955
1778216960
1778216965
1778216970
1778216975
1778216980
1778216985
1778216990
1778216996
1778217001
1778217006
1778217011
1778217016
1778217021
1778217026
1778217031
1778217036
1778217041
1778217046
1778217051
1778217057
1778217062
1778217067
1778217072
1778217077
1778217082
1778217087
1778217092
1778217097
1778217102
1778217107
1778217113
1778217118
1778217123
1778217128
1778217133
1778217138
1778217143
1778217148
1778217153
1778217158
1778217163
1778217168
1778217173
1778217179
1778217184
1778217189
1778217194
1778217199
1778217204
1778217209
1778217214
1778217219
1778217224
1778217229
1778217234
1778217240
1778217245
1778217250
1778217255
1778217260
1778217265
1778217270
1778217275
1778217280
1778217285
1778217290
1778217295
1778217300
1778217306
1778217311
1778217316
1778217321
1778217326
1778217331
1778217336
1778217341
1778217346
1778217351
1778217356
1778217361
1778217366
1778217372
1778217377
1778217382
1778217387
1778217392
1778217397
1778217402
1778217407
1778217412
1778217418
1778217423
1778217428
1778217433
1778217438
1778217443
1778217448
1778217453
1778217458
1778217463
1778217469
1778217474
1778217479
1778217484
1778217489
1778217494
1778217499
1778217504
1778217509
1778217514
1778217519
1778217525
1778217530
1778217535
1778217540
1778217545
1778217550
1778217555
1778217560
1778217565
1778217570
1778217576
1778217581
1778217586
1778217591
1778217596
1778217601
1778217606
1778217611
1778217616
1778217621
1778217627
1778217632
1778217637
1778217642
1778217647
1778217652
1778217657
1778217663
1778217668
1778217673
1778217678
1778217683
1778217688
1778217694
1778217699
1778217704
1778217709
1778217714
1778217719
1778217725
1778217730
1778217735
1778217740
1778217745
1778217750
1778217755
1778217761
1778217766
1778217771
1778217776
1778217781
1778217787
1778217792
1778217797
1778217802
1778217807
1778217812
1778217817
1778217823
1778217828
1778217833
1778217838
1778217843
1778217848
1778217853
1778217859
1778217864
1778217869
1778217874
1778217879
1778217884
1778217889
1778217895
1778217900
1778217905
1778217910
1778217915
1778217920
1778217925
1778217931
1778217936
1778217941
1778217946
1778217951
1778217956
1778217962
1778217967
1778217972
1778217977
1778217982
1778217987
1778217993
1778217998
1778218003
1778218008
1778218013
1778218018
1778218024
1778218029
1778218034
1778218039
1778218044
1778218049
1778218055
1778218060
1778218065
1778218070
1778218075
1778218080
1778218085
1778218090
1778218096
1778218101
1778218106
1778218111
1778218116
1778218121
1778218126
1778218132
1778218137
1778218142
1778218147
1778218152
1778218157
1778218162
1778218167
1778218173
1778218178
1778218183
1778218188
1778218194
1778218199
1778218204
1778218209
1778218215
1778218220
1778218225
1778218230
1778218236
1778218241
1778218246
1778218251
1778218257
1778218262
1778218267
1778218272
1778218278
1778218283
1778218288
1778218294
1778218299
1778218304
1778218309
1778218315
1778218320
1778218325
1778218330
1778218336
1778218341
1778218346
1778218352
1778218357
1778218362
1778218368
1778218373
1778218379
1778218384
1778218390
1778218395
1778218401
1778218406
1778218412
1778218417
1778218423
1778218429
1778218435
1778218441
1778218446
1778218451
1778218457
1778218462
1778218468
1778218473
1778218478
1778218483
1778218488
1778218494
1778218499
1778218504
1778218509
1778218515
1778218520
1778218525
1778218530
mqtt-broker-58977c7947-fzchw   4m    39Mi   
1778218535
mqtt-broker-58977c7947-fzchw   4m    39Mi   
1778218541
mqtt-broker-58977c7947-fzchw   4m    39Mi   
1778218546
mqtt-broker-58977c7947-fzchw   4m    39Mi   
1778218551
mqtt-broker-58977c7947-fzchw   4m    39Mi   
1778218556
mqtt-broker-58977c7947-fzchw   21m   44Mi   
1778218561
mqtt-broker-58977c7947-fzchw   21m   44Mi   
1778218567
mqtt-broker-58977c7947-fzchw   21m   44Mi   
1778218572
mqtt-broker-58977c7947-fzchw   23m   46Mi   
mqtt-broker-58977c7947-hn9xb   55m   22Mi   
mqtt-broker-58977c7947-vrlz5   17m   23Mi   
1778218577
mqtt-broker-58977c7947-fzchw   23m   46Mi   
mqtt-broker-58977c7947-hn9xb   55m   22Mi   
mqtt-broker-58977c7947-vrlz5   17m   23Mi   
1778218582
mqtt-broker-58977c7947-fzchw   23m   46Mi   
mqtt-broker-58977c7947-hn9xb   55m   22Mi   
mqtt-broker-58977c7947-vrlz5   17m   23Mi   
1778218587
mqtt-broker-58977c7947-fzchw   19m   46Mi   
mqtt-broker-58977c7947-hn9xb   18m   24Mi   
mqtt-broker-58977c7947-vrlz5   15m   24Mi   
1778218593
mqtt-broker-58977c7947-fzchw   19m   46Mi   
mqtt-broker-58977c7947-hn9xb   18m   24Mi   
mqtt-broker-58977c7947-vrlz5   15m   24Mi   
1778218598
mqtt-broker-58977c7947-fzchw   19m   46Mi   
mqtt-broker-58977c7947-hn9xb   18m   24Mi   
mqtt-broker-58977c7947-vrlz5   15m   24Mi   
1778218603
mqtt-broker-58977c7947-fzchw   10m   45Mi   
mqtt-broker-58977c7947-hn9xb   7m    25Mi   
mqtt-broker-58977c7947-vrlz5   6m    24Mi   
1778218608
mqtt-broker-58977c7947-fzchw   10m   45Mi   
mqtt-broker-58977c7947-hn9xb   7m    25Mi   
mqtt-broker-58977c7947-vrlz5   6m    24Mi   
1778218613
mqtt-broker-58977c7947-fzchw   10m   45Mi   
mqtt-broker-58977c7947-hn9xb   7m    25Mi   
mqtt-broker-58977c7947-vrlz5   6m    24Mi   
1778218618
mqtt-broker-58977c7947-fzchw   6m    45Mi   
mqtt-broker-58977c7947-hn9xb   4m    25Mi   
mqtt-broker-58977c7947-vrlz5   4m    24Mi   
1778218624
mqtt-broker-58977c7947-fzchw   6m    45Mi   
mqtt-broker-58977c7947-hn9xb   4m    25Mi   
mqtt-broker-58977c7947-vrlz5   4m    24Mi   
1778218629
mqtt-broker-58977c7947-fzchw   6m    45Mi   
mqtt-broker-58977c7947-hn9xb   4m    25Mi   
mqtt-broker-58977c7947-vrlz5   4m    24Mi   
1778218634
mqtt-broker-58977c7947-fzchw   4m    46Mi   
mqtt-broker-58977c7947-hn9xb   4m    25Mi   
mqtt-broker-58977c7947-vrlz5   5m    25Mi   
1778218639
mqtt-broker-58977c7947-fzchw   4m    46Mi   
mqtt-broker-58977c7947-hn9xb   4m    25Mi   
mqtt-broker-58977c7947-vrlz5   5m    25Mi   
1778218644
mqtt-broker-58977c7947-fzchw   4m    46Mi   
mqtt-broker-58977c7947-hn9xb   4m    25Mi   
mqtt-broker-58977c7947-vrlz5   5m    25Mi   
1778218649
mqtt-broker-58977c7947-fzchw   4m    46Mi   
mqtt-broker-58977c7947-hn9xb   4m    25Mi   
mqtt-broker-58977c7947-vrlz5   5m    25Mi   
1778218655
mqtt-broker-58977c7947-fzchw   4m    46Mi   
mqtt-broker-58977c7947-hn9xb   4m    25Mi   
mqtt-broker-58977c7947-vrlz5   5m    25Mi   
1778218660
mqtt-broker-58977c7947-fzchw   4m    46Mi   
mqtt-broker-58977c7947-hn9xb   4m    25Mi   
mqtt-broker-58977c7947-vrlz5   5m    25Mi   
1778218665
mqtt-broker-58977c7947-fzchw   5m    46Mi   
mqtt-broker-58977c7947-hn9xb   2m    25Mi   
mqtt-broker-58977c7947-vrlz5   2m    24Mi   
1778218670
mqtt-broker-58977c7947-fzchw   5m    46Mi   
mqtt-broker-58977c7947-hn9xb   2m    25Mi   
mqtt-broker-58977c7947-vrlz5   2m    24Mi   
1778218675
mqtt-broker-58977c7947-fzchw   5m    46Mi   
mqtt-broker-58977c7947-hn9xb   2m    25Mi   
mqtt-broker-58977c7947-vrlz5   2m    24Mi   
1778218681
mqtt-broker-58977c7947-fzchw   5m    46Mi   
mqtt-broker-58977c7947-hn9xb   1m    25Mi   
mqtt-broker-58977c7947-vrlz5   1m    24Mi   
1778218686
mqtt-broker-58977c7947-fzchw   5m    46Mi   
mqtt-broker-58977c7947-hn9xb   1m    25Mi   
mqtt-broker-58977c7947-vrlz5   1m    24Mi   
1778218691
mqtt-broker-58977c7947-fzchw   2m    46Mi   
mqtt-broker-58977c7947-hn9xb   3m    25Mi   
mqtt-broker-58977c7947-vrlz5   2m    24Mi   
1778218696
mqtt-broker-58977c7947-fzchw   2m    46Mi   
mqtt-broker-58977c7947-hn9xb   3m    25Mi   
mqtt-broker-58977c7947-vrlz5   2m    24Mi   
1778218701
mqtt-broker-58977c7947-fzchw   2m    46Mi   
mqtt-broker-58977c7947-hn9xb   3m    25Mi   
mqtt-broker-58977c7947-vrlz5   2m    24Mi   
1778218707
mqtt-broker-58977c7947-fzchw   3m    46Mi   
mqtt-broker-58977c7947-hn9xb   4m    25Mi   
mqtt-broker-58977c7947-vrlz5   3m    25Mi   
1778218712
mqtt-broker-58977c7947-fzchw   3m    46Mi   
mqtt-broker-58977c7947-hn9xb   4m    25Mi   
mqtt-broker-58977c7947-vrlz5   3m    25Mi   
1778218717
mqtt-broker-58977c7947-fzchw   3m    46Mi   
mqtt-broker-58977c7947-hn9xb   4m    25Mi   
mqtt-broker-58977c7947-vrlz5   3m    25Mi   
1778218722
mqtt-broker-58977c7947-fzchw   4m    46Mi   
mqtt-broker-58977c7947-hn9xb   2m    25Mi   
mqtt-broker-58977c7947-vrlz5   1m    24Mi   
1778218727
mqtt-broker-58977c7947-fzchw   4m    46Mi   
mqtt-broker-58977c7947-hn9xb   2m    25Mi   
mqtt-broker-58977c7947-vrlz5   1m    24Mi   
1778218733
mqtt-broker-58977c7947-fzchw   4m    46Mi   
mqtt-broker-58977c7947-hn9xb   2m    25Mi   
mqtt-broker-58977c7947-vrlz5   1m    24Mi   
1778218738
mqtt-broker-58977c7947-fzchw   5m    45Mi   
mqtt-broker-58977c7947-hn9xb   1m    25Mi   
mqtt-broker-58977c7947-vrlz5   1m    24Mi   
1778218743
mqtt-broker-58977c7947-fzchw   5m    45Mi   
mqtt-broker-58977c7947-hn9xb   1m    25Mi   
mqtt-broker-58977c7947-vrlz5   1m    24Mi   
1778218748
mqtt-broker-58977c7947-fzchw   5m    45Mi   
mqtt-broker-58977c7947-hn9xb   1m    25Mi   
mqtt-broker-58977c7947-vrlz5   1m    24Mi   
1778218753
mqtt-broker-58977c7947-fzchw   1m    45Mi   
mqtt-broker-58977c7947-hn9xb   1m    25Mi   
mqtt-broker-58977c7947-vrlz5   1m    24Mi   
1778218758
mqtt-broker-58977c7947-fzchw   1m    45Mi   
mqtt-broker-58977c7947-hn9xb   1m    25Mi   
mqtt-broker-58977c7947-vrlz5   1m    24Mi   
1778218764
mqtt-broker-58977c7947-fzchw   1m    45Mi   
mqtt-broker-58977c7947-hn9xb   1m    25Mi   
mqtt-broker-58977c7947-vrlz5   1m    24Mi   
1778218769
mqtt-broker-58977c7947-fzchw   2m    45Mi   
mqtt-broker-58977c7947-hn9xb   1m    25Mi   
mqtt-broker-58977c7947-vrlz5   1m    24Mi   
1778218774
mqtt-broker-58977c7947-fzchw   2m    45Mi   
mqtt-broker-58977c7947-hn9xb   1m    25Mi   
mqtt-broker-58977c7947-vrlz5   1m    24Mi   
1778218779
mqtt-broker-58977c7947-fzchw   2m    45Mi   
mqtt-broker-58977c7947-hn9xb   1m    25Mi   
mqtt-broker-58977c7947-vrlz5   1m    24Mi   
1778218784
mqtt-broker-58977c7947-fzchw   4m    46Mi   
mqtt-broker-58977c7947-hn9xb   3m    25Mi   
mqtt-broker-58977c7947-vrlz5   2m    24Mi   
1778218790
mqtt-broker-58977c7947-fzchw   4m    46Mi   
mqtt-broker-58977c7947-hn9xb   3m    25Mi   
mqtt-broker-58977c7947-vrlz5   2m    24Mi   
1778218795
mqtt-broker-58977c7947-fzchw   4m    46Mi   
mqtt-broker-58977c7947-hn9xb   3m    25Mi   
mqtt-broker-58977c7947-vrlz5   2m    24Mi   
1778218800
mqtt-broker-58977c7947-fzchw   5m    46Mi   
mqtt-broker-58977c7947-hn9xb   3m    25Mi   
mqtt-broker-58977c7947-vrlz5   2m    25Mi   
1778218805
mqtt-broker-58977c7947-fzchw   5m    46Mi   
mqtt-broker-58977c7947-hn9xb   3m    25Mi   
mqtt-broker-58977c7947-vrlz5   2m    25Mi   
1778218810
mqtt-broker-58977c7947-fzchw   5m    46Mi   
mqtt-broker-58977c7947-hn9xb   3m    25Mi   
mqtt-broker-58977c7947-vrlz5   2m    25Mi   
1778218816
mqtt-broker-58977c7947-fzchw   2m    46Mi   
mqtt-broker-58977c7947-hn9xb   2m    25Mi   
mqtt-broker-58977c7947-vrlz5   2m    25Mi   
1778218821
mqtt-broker-58977c7947-fzchw   2m    46Mi   
mqtt-broker-58977c7947-hn9xb   2m    25Mi   
mqtt-broker-58977c7947-vrlz5   2m    25Mi   
1778218826
mqtt-broker-58977c7947-fzchw   6m    46Mi   
mqtt-broker-58977c7947-hn9xb   6m    25Mi   
mqtt-broker-58977c7947-vrlz5   5m    26Mi   
1778218831
mqtt-broker-58977c7947-fzchw   6m    46Mi   
mqtt-broker-58977c7947-hn9xb   6m    25Mi   
mqtt-broker-58977c7947-vrlz5   5m    26Mi   
1778218836
mqtt-broker-58977c7947-fzchw   6m    46Mi   
mqtt-broker-58977c7947-hn9xb   6m    25Mi   
mqtt-broker-58977c7947-vrlz5   5m    26Mi   
1778218842
mqtt-broker-58977c7947-fzchw   5m    46Mi   
mqtt-broker-58977c7947-hn9xb   2m    25Mi   
mqtt-broker-58977c7947-vrlz5   1m    25Mi   
1778218847
mqtt-broker-58977c7947-fzchw   5m    46Mi   
mqtt-broker-58977c7947-hn9xb   2m    25Mi   
mqtt-broker-58977c7947-vrlz5   1m    25Mi   
1778218852
mqtt-broker-58977c7947-fzchw   5m    46Mi   
mqtt-broker-58977c7947-hn9xb   2m    25Mi   
mqtt-broker-58977c7947-vrlz5   1m    25Mi   
1778218857
mqtt-broker-58977c7947-fzchw   7m    46Mi   
mqtt-broker-58977c7947-hn9xb   4m    25Mi   
mqtt-broker-58977c7947-vrlz5   1m    25Mi   
1778218862
mqtt-broker-58977c7947-fzchw   7m    46Mi   
mqtt-broker-58977c7947-hn9xb   4m    25Mi   
mqtt-broker-58977c7947-vrlz5   1m    25Mi   
1778218867
mqtt-broker-58977c7947-fzchw   7m    46Mi   
mqtt-broker-58977c7947-hn9xb   4m    25Mi   
mqtt-broker-58977c7947-vrlz5   1m    25Mi   
1778218873
mqtt-broker-58977c7947-fzchw   5m    46Mi   
mqtt-broker-58977c7947-hn9xb   3m    25Mi   
mqtt-broker-58977c7947-vrlz5   6m    25Mi   
1778218878
mqtt-broker-58977c7947-fzchw   5m    46Mi   
mqtt-broker-58977c7947-hn9xb   3m    25Mi   
mqtt-broker-58977c7947-vrlz5   6m    25Mi   
1778218883
mqtt-broker-58977c7947-fzchw   5m    46Mi   
mqtt-broker-58977c7947-hn9xb   3m    25Mi   
mqtt-broker-58977c7947-vrlz5   6m    25Mi   
1778218888
mqtt-broker-58977c7947-fzchw   5m    46Mi   
mqtt-broker-58977c7947-hn9xb   3m    25Mi   
mqtt-broker-58977c7947-vrlz5   3m    25Mi   
1778218893
mqtt-broker-58977c7947-fzchw   5m    46Mi   
mqtt-broker-58977c7947-hn9xb   3m    25Mi   
mqtt-broker-58977c7947-vrlz5   3m    25Mi   
1778218899
mqtt-broker-58977c7947-fzchw   5m    46Mi   
mqtt-broker-58977c7947-hn9xb   3m    25Mi   
mqtt-broker-58977c7947-vrlz5   3m    25Mi   
1778218904
mqtt-broker-58977c7947-fzchw   3m    46Mi   
mqtt-broker-58977c7947-hn9xb   2m    25Mi   
mqtt-broker-58977c7947-vrlz5   1m    25Mi   
1778218909
mqtt-broker-58977c7947-fzchw   3m    46Mi   
mqtt-broker-58977c7947-hn9xb   2m    25Mi   
mqtt-broker-58977c7947-vrlz5   1m    25Mi   
1778218914
mqtt-broker-58977c7947-fzchw   3m    46Mi   
mqtt-broker-58977c7947-hn9xb   2m    25Mi   
mqtt-broker-58977c7947-vrlz5   1m    25Mi   
1778218919
mqtt-broker-58977c7947-fzchw   4m    46Mi   
mqtt-broker-58977c7947-hn9xb   1m    25Mi   
mqtt-broker-58977c7947-vrlz5   2m    25Mi   
1778218925
mqtt-broker-58977c7947-fzchw   4m    46Mi   
mqtt-broker-58977c7947-hn9xb   1m    25Mi   
mqtt-broker-58977c7947-vrlz5   2m    25Mi   
1778218930
mqtt-broker-58977c7947-fzchw   4m    46Mi   
mqtt-broker-58977c7947-hn9xb   1m    25Mi   
mqtt-broker-58977c7947-vrlz5   2m    25Mi   
1778218935
mqtt-broker-58977c7947-fzchw   1m    46Mi   
mqtt-broker-58977c7947-hn9xb   2m    25Mi   
mqtt-broker-58977c7947-vrlz5   1m    24Mi   
1778218940
mqtt-broker-58977c7947-fzchw   1m    46Mi   
mqtt-broker-58977c7947-hn9xb   2m    25Mi   
mqtt-broker-58977c7947-vrlz5   1m    24Mi   
1778218945
mqtt-broker-58977c7947-fzchw   1m    46Mi   
mqtt-broker-58977c7947-hn9xb   2m    25Mi   
mqtt-broker-58977c7947-vrlz5   1m    24Mi   
1778218951
mqtt-broker-58977c7947-fzchw   1m    46Mi   
mqtt-broker-58977c7947-hn9xb   1m    25Mi   
mqtt-broker-58977c7947-vrlz5   1m    24Mi   
1778218956
mqtt-broker-58977c7947-fzchw   1m    46Mi   
mqtt-broker-58977c7947-hn9xb   1m    25Mi   
mqtt-broker-58977c7947-vrlz5   1m    24Mi   
1778218961
mqtt-broker-58977c7947-fzchw   4m    46Mi   
mqtt-broker-58977c7947-hn9xb   1m    25Mi   
mqtt-broker-58977c7947-vrlz5   1m    24Mi   
1778218966
mqtt-broker-58977c7947-fzchw   4m    46Mi   
mqtt-broker-58977c7947-hn9xb   1m    25Mi   
mqtt-broker-58977c7947-vrlz5   1m    24Mi   
1778218971
mqtt-broker-58977c7947-fzchw   4m    46Mi   
mqtt-broker-58977c7947-hn9xb   1m    25Mi   
mqtt-broker-58977c7947-vrlz5   1m    24Mi   
1778218976
mqtt-broker-58977c7947-fzchw   5m    46Mi   
mqtt-broker-58977c7947-hn9xb   1m    25Mi   
mqtt-broker-58977c7947-vrlz5   1m    24Mi   
1778218982
mqtt-broker-58977c7947-fzchw   5m    46Mi   
mqtt-broker-58977c7947-hn9xb   1m    25Mi   
mqtt-broker-58977c7947-vrlz5   1m    24Mi   
1778218987
mqtt-broker-58977c7947-fzchw   5m    46Mi   
mqtt-broker-58977c7947-hn9xb   1m    25Mi   
mqtt-broker-58977c7947-vrlz5   1m    24Mi   
1778218992
mqtt-broker-58977c7947-fzchw   1m    46Mi   
mqtt-broker-58977c7947-hn9xb   1m    25Mi   
mqtt-broker-58977c7947-vrlz5   1m    24Mi   
1778218997
mqtt-broker-58977c7947-fzchw   1m    46Mi   
mqtt-broker-58977c7947-hn9xb   1m    25Mi   
mqtt-broker-58977c7947-vrlz5   1m    24Mi   
1778219002
mqtt-broker-58977c7947-fzchw   1m    46Mi   
mqtt-broker-58977c7947-hn9xb   1m    25Mi   
mqtt-broker-58977c7947-vrlz5   1m    24Mi   
1778219008
mqtt-broker-58977c7947-fzchw   4m    47Mi   
mqtt-broker-58977c7947-hn9xb   1m    25Mi   
mqtt-broker-58977c7947-vrlz5   1m    24Mi   
1778219013
mqtt-broker-58977c7947-fzchw   4m    47Mi   
mqtt-broker-58977c7947-hn9xb   1m    25Mi   
mqtt-broker-58977c7947-vrlz5   1m    24Mi   
1778219018
mqtt-broker-58977c7947-fzchw   4m    47Mi   
mqtt-broker-58977c7947-hn9xb   1m    25Mi   
mqtt-broker-58977c7947-vrlz5   1m    24Mi   
1778219023
mqtt-broker-58977c7947-fzchw   4m    46Mi   
mqtt-broker-58977c7947-hn9xb   1m    25Mi   
mqtt-broker-58977c7947-vrlz5   1m    24Mi   
1778219028
mqtt-broker-58977c7947-fzchw   4m    46Mi   
mqtt-broker-58977c7947-hn9xb   1m    25Mi   
mqtt-broker-58977c7947-vrlz5   1m    24Mi   
1778219034
mqtt-broker-58977c7947-fzchw   4m    46Mi   
mqtt-broker-58977c7947-hn9xb   1m    25Mi   
mqtt-broker-58977c7947-vrlz5   1m    24Mi   
1778219039
mqtt-broker-58977c7947-fzchw   5m    46Mi   
mqtt-broker-58977c7947-hn9xb   1m    25Mi   
mqtt-broker-58977c7947-vrlz5   1m    24Mi   
1778219044
mqtt-broker-58977c7947-fzchw   5m    46Mi   
mqtt-broker-58977c7947-hn9xb   1m    25Mi   
mqtt-broker-58977c7947-vrlz5   1m    24Mi   
1778219049
mqtt-broker-58977c7947-fzchw   5m    46Mi   
mqtt-broker-58977c7947-hn9xb   1m    25Mi   
mqtt-broker-58977c7947-vrlz5   1m    24Mi   
1778219054
mqtt-broker-58977c7947-fzchw   7m    44Mi   
mqtt-broker-58977c7947-hn9xb   1m    25Mi   
mqtt-broker-58977c7947-vrlz5   1m    24Mi   
1778219060
mqtt-broker-58977c7947-fzchw   7m    44Mi   
mqtt-broker-58977c7947-hn9xb   1m    25Mi   
mqtt-broker-58977c7947-vrlz5   1m    24Mi   
1778219065
mqtt-broker-58977c7947-fzchw   7m    44Mi   
mqtt-broker-58977c7947-hn9xb   1m    25Mi   
mqtt-broker-58977c7947-vrlz5   1m    24Mi   
1778219070
mqtt-broker-58977c7947-fzchw   1m    44Mi   
mqtt-broker-58977c7947-hn9xb   1m    25Mi   
mqtt-broker-58977c7947-vrlz5   1m    24Mi   
1778219075
mqtt-broker-58977c7947-fzchw   1m    44Mi   
mqtt-broker-58977c7947-hn9xb   1m    25Mi   
mqtt-broker-58977c7947-vrlz5   1m    24Mi   
1778219080
mqtt-broker-58977c7947-fzchw   1m    44Mi   
mqtt-broker-58977c7947-hn9xb   1m    25Mi   
mqtt-broker-58977c7947-vrlz5   1m    24Mi   
1778219085
mqtt-broker-58977c7947-fzchw   1m    44Mi   
mqtt-broker-58977c7947-hn9xb   1m    25Mi   
mqtt-broker-58977c7947-vrlz5   1m    24Mi   
1778219091
mqtt-broker-58977c7947-fzchw   1m    44Mi   
mqtt-broker-58977c7947-hn9xb   1m    25Mi   
mqtt-broker-58977c7947-vrlz5   1m    24Mi   
1778219096
mqtt-broker-58977c7947-fzchw   1m    44Mi   
mqtt-broker-58977c7947-hn9xb   1m    25Mi   
mqtt-broker-58977c7947-vrlz5   1m    24Mi   
1778219101
mqtt-broker-58977c7947-fzchw   1m    44Mi   
mqtt-broker-58977c7947-hn9xb   1m    25Mi   
mqtt-broker-58977c7947-vrlz5   1m    24Mi   
1778219106
mqtt-broker-58977c7947-fzchw   1m    44Mi   
mqtt-broker-58977c7947-hn9xb   1m    25Mi   
mqtt-broker-58977c7947-vrlz5   1m    24Mi   
1778219111
mqtt-broker-58977c7947-fzchw   1m    44Mi   
mqtt-broker-58977c7947-hn9xb   1m    25Mi   
mqtt-broker-58977c7947-vrlz5   1m    24Mi   
1778219117
mqtt-broker-58977c7947-fzchw   1m    44Mi   
mqtt-broker-58977c7947-hn9xb   1m    25Mi   
mqtt-broker-58977c7947-vrlz5   1m    24Mi   
1778219122
mqtt-broker-58977c7947-fzchw   1m    44Mi   
mqtt-broker-58977c7947-hn9xb   1m    25Mi   
mqtt-broker-58977c7947-vrlz5   1m    24Mi   
1778219127
mqtt-broker-58977c7947-fzchw   1m    44Mi   
mqtt-broker-58977c7947-hn9xb   1m    25Mi   
mqtt-broker-58977c7947-vrlz5   1m    24Mi   
1778219132
mqtt-broker-58977c7947-fzchw   1m    44Mi   
mqtt-broker-58977c7947-hn9xb   1m    25Mi   
mqtt-broker-58977c7947-vrlz5   1m    24Mi   
1778219137
mqtt-broker-58977c7947-fzchw   1m    44Mi   
mqtt-broker-58977c7947-hn9xb   1m    25Mi   
mqtt-broker-58977c7947-vrlz5   1m    24Mi   
1778219143
mqtt-broker-58977c7947-fzchw   1m    44Mi   
mqtt-broker-58977c7947-hn9xb   1m    25Mi   
mqtt-broker-58977c7947-vrlz5   1m    24Mi   
1778219148
mqtt-broker-58977c7947-fzchw   1m    44Mi   
mqtt-broker-58977c7947-hn9xb   1m    25Mi   
mqtt-broker-58977c7947-vrlz5   1m    24Mi   
1778219153
mqtt-broker-58977c7947-fzchw   1m    44Mi   
mqtt-broker-58977c7947-hn9xb   1m    25Mi   
mqtt-broker-58977c7947-vrlz5   1m    24Mi   
1778219158
mqtt-broker-58977c7947-fzchw   1m    44Mi   
mqtt-broker-58977c7947-hn9xb   1m    25Mi   
mqtt-broker-58977c7947-vrlz5   1m    24Mi   
1778219163
mqtt-broker-58977c7947-fzchw   1m    44Mi   
mqtt-broker-58977c7947-hn9xb   1m    25Mi   
mqtt-broker-58977c7947-vrlz5   1m    24Mi   
1778219168
mqtt-broker-58977c7947-fzchw   1m    44Mi   
mqtt-broker-58977c7947-hn9xb   1m    25Mi   
mqtt-broker-58977c7947-vrlz5   1m    24Mi   
1778219174
mqtt-broker-58977c7947-fzchw   1m    44Mi   
mqtt-broker-58977c7947-hn9xb   1m    25Mi   
mqtt-broker-58977c7947-vrlz5   1m    24Mi   
1778219179
mqtt-broker-58977c7947-fzchw   1m    44Mi   
mqtt-broker-58977c7947-hn9xb   1m    25Mi   
mqtt-broker-58977c7947-vrlz5   1m    24Mi   
1778219184
mqtt-broker-58977c7947-fzchw   1m    44Mi   
mqtt-broker-58977c7947-hn9xb   1m    25Mi   
mqtt-broker-58977c7947-vrlz5   1m    24Mi   
1778219189
mqtt-broker-58977c7947-fzchw   1m    44Mi   
mqtt-broker-58977c7947-hn9xb   1m    25Mi   
mqtt-broker-58977c7947-vrlz5   1m    24Mi   
1778219194
mqtt-broker-58977c7947-fzchw   1m    44Mi   
mqtt-broker-58977c7947-hn9xb   1m    25Mi   
mqtt-broker-58977c7947-vrlz5   1m    24Mi   
1778219200
mqtt-broker-58977c7947-fzchw   1m    44Mi   
mqtt-broker-58977c7947-hn9xb   1m    25Mi   
mqtt-broker-58977c7947-vrlz5   1m    24Mi   
1778219205
mqtt-broker-58977c7947-fzchw   1m    44Mi   
mqtt-broker-58977c7947-hn9xb   1m    25Mi   
mqtt-broker-58977c7947-vrlz5   1m    24Mi   
1778219210
mqtt-broker-58977c7947-fzchw   1m    44Mi   
mqtt-broker-58977c7947-hn9xb   1m    25Mi   
mqtt-broker-58977c7947-vrlz5   1m    24Mi   
1778219215
mqtt-broker-58977c7947-hn9xb   1m    25Mi   
mqtt-broker-58977c7947-vrlz5   1m    24Mi   
1778219220
mqtt-broker-58977c7947-hn9xb   1m    25Mi   
1778219226
mqtt-broker-58977c7947-hn9xb   1m    25Mi   
1778219231
mqtt-broker-58977c7947-hn9xb   1m    25Mi   
1778219236
mqtt-broker-58977c7947-hn9xb   1m    25Mi   
1778219241
mqtt-broker-58977c7947-hn9xb   1m    25Mi   
1778219246
mqtt-broker-58977c7947-hn9xb   1m    25Mi   
1778219251
mqtt-broker-58977c7947-hn9xb   1m    25Mi   
1778219257
mqtt-broker-58977c7947-hn9xb   1m    25Mi   
1778219262
mqtt-broker-58977c7947-hn9xb   1m    25Mi   
1778219267
mqtt-broker-58977c7947-hn9xb   1m    25Mi   
1778219272
mqtt-broker-58977c7947-hn9xb   1m    25Mi   
1778219277
mqtt-broker-58977c7947-hn9xb   1m    25Mi   
1778219283
mqtt-broker-58977c7947-hn9xb   1m    25Mi   
1778219288
mqtt-broker-58977c7947-hn9xb   1m    25Mi   
1778219293
mqtt-broker-58977c7947-hn9xb   1m    25Mi   
1778219298
mqtt-broker-58977c7947-hn9xb   1m    25Mi   
1778219303
mqtt-broker-58977c7947-hn9xb   1m    25Mi   
1778219309
mqtt-broker-58977c7947-hn9xb   1m    25Mi   
1778219314
mqtt-broker-58977c7947-hn9xb   1m    25Mi   
1778219319
mqtt-broker-58977c7947-hn9xb   1m    25Mi   
1778219324
mqtt-broker-58977c7947-hn9xb   1m    25Mi   
1778219329
mqtt-broker-58977c7947-hn9xb   1m    25Mi   
1778219334
mqtt-broker-58977c7947-hn9xb   1m    25Mi   
1778219340
1778219345
1778219350
1778219355
1778219360
1778219365
1778219370
1778219375
1778219380
1778219385
1778219390
1778219395
1778219401
1778219406
1778219411
1778219416
1778219421
1778219426
1778219431
1778219436
1778219441
1778219446
1778219451
1778219456
1778219461
1778219466
1778219471
1778219476
1778219481
1778219487
1778219492
1778219497
1778219502
1778219507
1778219512
1778219517
1778219522
1778219527
1778219532
1778219537
1778219542
1778219547
1778219552
1778219557
1778219563
1778219568
1778219573
1778219578
1778219583
1778219588
1778219593
1778219598
1778219603
1778219608
1778219613
1778219619
1778219624
1778219629
1778219634
1778219639
1778219644
1778219649
1778219654
1778219659
1778219664
1778219669
1778219674
1778219679
1778219685
1778219690
1778219695
1778219700
1778219705
1778219710
1778219715
1778219720
1778219725
1778219730
1778219735
1778219740
1778219746
1778219751
1778219756
1778219761
1778219766
1778219771
1778219776
1778219781
1778219786
1778219791
1778219796
1778219802
1778219807
1778219812
1778219817
1778219822
1778219827
1778219832
1778219837
1778219842
1778219847
1778219852
1778219857
1778219862
1778219867
1778219872
1778219878
1778219883
1778219888
1778219893
1778219898
1778219903
1778219908
1778219913
1778219918
1778219923
1778219928
1778219933
1778219938
1778219943
1778219949
1778219954
1778219959
1778219964
1778219969
1778219974
1778219979
1778219984
1778219989
1778219994
1778219999
1778220005
1778220010
1778220015
1778220020
1778220025
1778220030
1778220035
1778220040
1778220045
1778220051
1778220056
1778220061
1778220066
1778220071
1778220076
1778220081
1778220086
1778220091
1778220096
1778220101
1778220106
1778220112
1778220117
1778220122
1778220127
1778220132
1778220137
1778220142
1778220147
1778220152
1778220157
1778220162
1778220167
1778220172
1778220178
1778220183
1778220188
1778220193
1778220198
1778220203
1778220208
1778220213
1778220218
1778220223
1778220228
1778220233
1778220239
1778220244
1778220249
1778220254
1778220259
1778220264
1778220269
1778220274
1778220279
1778220284
1778220289
1778220294
1778220300
1778220305
1778220310
1778220315
1778220320
1778220325
1778220330
1778220335
1778220340
1778220345
1778220350
1778220356
1778220361
1778220366
1778220371
1778220376
1778220381
1778220386
1778220391
1778220396
1778220401
1778220406
1778220411
1778220417
1778220422
1778220427
1778220432
1778220437
1778220442
1778220447
1778220452
1778220457
1778220462
1778220467
1778220472
1778220477
1778220482
1778220488
1778220493
1778220498
1778220503
1778220508
1778220513
1778220518
1778220523
1778220528
1778220533
1778220538
1778220543
1778220549
1778220554
1778220559
1778220564
1778220569
1778220574
1778220579
1778220584
1778220589
1778220594
1778220600
1778220605
1778220610
1778220615
1778220620
1778220625
1778220630
1778220635
1778220640
1778220645
1778220650
1778220655
1778220660
1778220666
1778220671
1778220676
1778220681
1778220686
1778220691
1778220696
1778220701
1778220706
1778220711
1778220716
1778220721
1778220726
1778220731
1778220737
1778220742
1778220747
1778220752
1778220757
1778220762
1778220767
1778220772
1778220777
1778220782
1778220787
1778220792
1778220798
1778220803
1778220808
1778220813
1778220818
1778220823
1778220828
1778220833
1778220838
1778220843
1778220848
1778220853
1778220859
1778220864
1778220869
1778220874
1778220879
1778220884
1778220889
1778220894
1778220899
1778220904
1778220909
1778220914
1778220919
1778220925
1778220930
1778220935
1778220940
1778220945
1778220950
1778220955
1778220960
1778220965
1778220971
1778220976
1778220981
1778220986
1778220991
1778220996
1778221001
1778221006
1778221011
1778221017
1778221022
1778221027
1778221032
1778221037
1778221042
1778221047
1778221052
1778221057
1778221062
1778221067
1778221072
1778221077
1778221083
1778221088
1778221093
1778221098
1778221103
1778221108
1778221113
1778221118
1778221123
1778221128
1778221133
1778221138
1778221144
1778221149
1778221154
1778221159
1778221164
1778221169
1778221174
1778221179
1778221184
1778221189
1778221194
1778221199
1778221205
1778221210
1778221215
1778221220
1778221225
1778221230
1778221235
1778221240
1778221245
1778221250
1778221255
1778221260
1778221266
1778221271
1778221276
1778221281
1778221286
1778221291
1778221296
1778221301
1778221306
1778221311
1778221317
1778221322
1778221327
1778221332
1778221337
1778221342
1778221347
1778221352
1778221357
1778221362
1778221367
1778221372
1778221377
1778221383
1778221388
1778221393
1778221398
1778221403
1778221408
1778221413
1778221418
1778221423
1778221428
1778221433
1778221438
1778221443
1778221449
1778221454
1778221459
1778221464
1778221469
1778221474
1778221479
1778221484
1778221489
1778221494
1778221499
1778221504
1778221510
1778221515
1778221520
1778221525
1778221530
1778221535
1778221540
1778221545
1778221550
1778221555
1778221560
1778221565
1778221571
1778221576
1778221581
1778221586
1778221591
1778221596
1778221601
1778221606
1778221611
1778221616
1778221621
1778221626
1778221631
1778221637
1778221642
1778221647
1778221652
1778221657
1778221662
1778221667
1778221672
1778221677
1778221682
1778221687
1778221692
1778221697
1778221702
1778221707
1778221712
1778221717
1778221722
1778221727
1778221733
1778221738
1778221743
1778221748
1778221753
1778221758
1778221763
1778221768
1778221773
1778221778
1778221783
1778221788
1778221793
1778221798
1778221803
1778221808
1778221813
1778221818
1778221823
1778221828
1778221834
1778221839
1778221844
1778221849
1778221854
1778221859
1778221864
1778221869
1778221874
1778221879
1778221884
1778221889
1778221894
1778221899
1778221904
1778221909
1778221914
1778221919
1778221925
1778221930
1778221935
1778221940
1778221945
1778221950
1778221955
1778221960
1778221965
1778221970
1778221975
1778221980
1778221985
1778221990
1778221995
1778222000
1778222006
1778222011
1778222016
1778222021
1778222026
1778222031
1778222036
1778222041
1778222046
1778222051
1778222056
1778222061
1778222066
1778222071
1778222076
1778222081
1778222086
1778222091
1778222096
1778222101
1778222107
1778222112
1778222117
1778222122
1778222127
1778222132
1778222137
1778222142
1778222147
1778222152
1778222157
1778222162
1778222167
1778222173
1778222178
1778222183
1778222188
1778222193
1778222198
1778222203
1778222208
1778222213
1778222218
1778222223
1778222228
1778222234
1778222239
1778222244
1778222249
1778222254
1778222259
1778222264
1778222269
1778222274
1778222279
1778222285
1778222290
1778222295
1778222300
1778222305
1778222310
1778222315
1778222320
1778222325
1778222330
1778222335
1778222340
1778222346
1778222351
1778222356
1778222361
1778222366
1778222371
1778222376
1778222381
1778222386
1778222391
1778222396
1778222401
1778222406
1778222412
1778222417
1778222422
1778222427
1778222432
1778222437
1778222442
1778222447
1778222452
1778222457
1778222462
1778222467
1778222472
1778222477
1778222483
1778222488
1778222493
1778222498
1778222503
1778222508
1778222513
1778222518
1778222523
1778222528
1778222533
1778222538
1778222543
1778222548
1778222553
1778222558
1778222564
1778222569
1778222574
1778222579
1778222584
1778222589
1778222594
1778222599
1778222604
1778222610
1778222615
1778222620
1778222625
1778222631
1778222636
1778222641
1778222646
1778222652
1778222657
1778222662
1778222667
1778222673
1778222678
1778222683
1778222689
1778222694
1778222699
1778222704
1778222710
1778222715
1778222720
1778222726
1778222731
1778222736
1778222741
1778222746
1778222752
mqtt-broker-657c5bf55b-fxjwd   31m   20Mi   
1778222757
mqtt-broker-657c5bf55b-fxjwd   31m   20Mi   
1778222762
mqtt-broker-657c5bf55b-fxjwd   31m   20Mi   
1778222767
mqtt-broker-657c5bf55b-fxjwd   27m   20Mi   
1778222773
mqtt-broker-657c5bf55b-fxjwd   27m   20Mi   
1778222778
mqtt-broker-657c5bf55b-fxjwd   27m   20Mi   
1778222783
mqtt-broker-657c5bf55b-fxjwd   8m    22Mi   
1778222788
mqtt-broker-657c5bf55b-fxjwd   8m    22Mi   
1778222793
mqtt-broker-657c5bf55b-fxjwd   8m    22Mi   
1778222799
mqtt-broker-657c5bf55b-6dnsk   39m   22Mi   
mqtt-broker-657c5bf55b-fxjwd   12m   23Mi   
1778222804
mqtt-broker-657c5bf55b-6dnsk   39m   22Mi   
mqtt-broker-657c5bf55b-fxjwd   12m   23Mi   
1778222809
mqtt-broker-657c5bf55b-6dnsk   39m   22Mi   
mqtt-broker-657c5bf55b-fxjwd   12m   23Mi   
1778222814
mqtt-broker-657c5bf55b-6dnsk   5m    21Mi   
mqtt-broker-657c5bf55b-fxjwd   8m    24Mi   
1778222819
mqtt-broker-657c5bf55b-6dnsk   5m    21Mi   
mqtt-broker-657c5bf55b-fxjwd   8m    24Mi   
1778222825
mqtt-broker-657c5bf55b-6dnsk   10m   24Mi   
mqtt-broker-657c5bf55b-fxjwd   13m   25Mi   
mqtt-broker-657c5bf55b-tjtx4   48m   21Mi   
1778222830
mqtt-broker-657c5bf55b-6dnsk   10m   24Mi   
mqtt-broker-657c5bf55b-fxjwd   13m   25Mi   
mqtt-broker-657c5bf55b-tjtx4   48m   21Mi   
1778222835
mqtt-broker-657c5bf55b-6dnsk   10m   24Mi   
mqtt-broker-657c5bf55b-fxjwd   13m   25Mi   
mqtt-broker-657c5bf55b-tjtx4   48m   21Mi   
1778222840
mqtt-broker-657c5bf55b-6dnsk   10m   23Mi   
mqtt-broker-657c5bf55b-fxjwd   13m   26Mi   
mqtt-broker-657c5bf55b-tjtx4   8m    22Mi   
1778222845
mqtt-broker-657c5bf55b-6dnsk   10m   23Mi   
mqtt-broker-657c5bf55b-fxjwd   13m   26Mi   
mqtt-broker-657c5bf55b-tjtx4   8m    22Mi   
1778222851
mqtt-broker-657c5bf55b-6dnsk   10m   23Mi   
mqtt-broker-657c5bf55b-fxjwd   13m   26Mi   
mqtt-broker-657c5bf55b-tjtx4   8m    22Mi   
1778222856
mqtt-broker-657c5bf55b-6dnsk   5m    24Mi   
mqtt-broker-657c5bf55b-fxjwd   13m   26Mi   
mqtt-broker-657c5bf55b-tjtx4   8m    22Mi   
1778222861
mqtt-broker-657c5bf55b-6dnsk   5m    24Mi   
mqtt-broker-657c5bf55b-fxjwd   13m   26Mi   
mqtt-broker-657c5bf55b-tjtx4   8m    22Mi   
1778222866
mqtt-broker-657c5bf55b-6dnsk   5m    24Mi   
mqtt-broker-657c5bf55b-fxjwd   13m   26Mi   
mqtt-broker-657c5bf55b-tjtx4   8m    22Mi   
1778222871
mqtt-broker-657c5bf55b-6dnsk   2m    24Mi   
mqtt-broker-657c5bf55b-fxjwd   6m    26Mi   
mqtt-broker-657c5bf55b-tjtx4   4m    22Mi   
1778222877
mqtt-broker-657c5bf55b-6dnsk   2m    24Mi   
mqtt-broker-657c5bf55b-fxjwd   6m    26Mi   
mqtt-broker-657c5bf55b-tjtx4   4m    22Mi   
1778222882
mqtt-broker-657c5bf55b-6dnsk   2m    24Mi   
mqtt-broker-657c5bf55b-fxjwd   6m    26Mi   
mqtt-broker-657c5bf55b-tjtx4   4m    22Mi   
1778222887
mqtt-broker-657c5bf55b-6dnsk   3m    24Mi   
mqtt-broker-657c5bf55b-fxjwd   3m    26Mi   
mqtt-broker-657c5bf55b-tjtx4   2m    22Mi   
1778222892
mqtt-broker-657c5bf55b-6dnsk   3m    24Mi   
mqtt-broker-657c5bf55b-fxjwd   3m    26Mi   
mqtt-broker-657c5bf55b-tjtx4   2m    22Mi   
1778222897
mqtt-broker-657c5bf55b-6dnsk   3m    24Mi   
mqtt-broker-657c5bf55b-fxjwd   3m    26Mi   
mqtt-broker-657c5bf55b-tjtx4   2m    22Mi   
1778222903
mqtt-broker-657c5bf55b-6dnsk   3m    24Mi   
mqtt-broker-657c5bf55b-fxjwd   4m    26Mi   
mqtt-broker-657c5bf55b-tjtx4   3m    23Mi   
1778222908
mqtt-broker-657c5bf55b-6dnsk   3m    24Mi   
mqtt-broker-657c5bf55b-fxjwd   4m    26Mi   
mqtt-broker-657c5bf55b-tjtx4   3m    23Mi   
1778222913
mqtt-broker-657c5bf55b-6dnsk   3m    24Mi   
mqtt-broker-657c5bf55b-fxjwd   4m    26Mi   
mqtt-broker-657c5bf55b-tjtx4   3m    23Mi   
1778222918
mqtt-broker-657c5bf55b-6dnsk   2m    24Mi   
mqtt-broker-657c5bf55b-fxjwd   5m    26Mi   
mqtt-broker-657c5bf55b-tjtx4   2m    22Mi   
1778222923
mqtt-broker-657c5bf55b-6dnsk   2m    24Mi   
mqtt-broker-657c5bf55b-fxjwd   5m    26Mi   
mqtt-broker-657c5bf55b-tjtx4   2m    22Mi   
1778222929
mqtt-broker-657c5bf55b-6dnsk   2m    24Mi   
mqtt-broker-657c5bf55b-fxjwd   5m    26Mi   
mqtt-broker-657c5bf55b-tjtx4   2m    22Mi   
1778222934
mqtt-broker-657c5bf55b-6dnsk   3m    24Mi   
mqtt-broker-657c5bf55b-fxjwd   6m    27Mi   
mqtt-broker-657c5bf55b-tjtx4   3m    22Mi   
1778222939
mqtt-broker-657c5bf55b-6dnsk   3m    24Mi   
mqtt-broker-657c5bf55b-fxjwd   6m    27Mi   
mqtt-broker-657c5bf55b-tjtx4   3m    22Mi   
1778222944
mqtt-broker-657c5bf55b-6dnsk   3m    24Mi   
mqtt-broker-657c5bf55b-fxjwd   6m    27Mi   
mqtt-broker-657c5bf55b-tjtx4   3m    22Mi   
1778222949
mqtt-broker-657c5bf55b-6dnsk   8m    24Mi   
mqtt-broker-657c5bf55b-fxjwd   6m    27Mi   
mqtt-broker-657c5bf55b-tjtx4   7m    24Mi   
1778222955
mqtt-broker-657c5bf55b-6dnsk   8m    24Mi   
mqtt-broker-657c5bf55b-fxjwd   6m    27Mi   
mqtt-broker-657c5bf55b-tjtx4   7m    24Mi   
1778222960
mqtt-broker-657c5bf55b-6dnsk   32m   25Mi   
mqtt-broker-657c5bf55b-fxjwd   18m   27Mi   
mqtt-broker-657c5bf55b-tjtx4   28m   25Mi   
1778222965
mqtt-broker-657c5bf55b-6dnsk   32m   25Mi   
mqtt-broker-657c5bf55b-fxjwd   18m   27Mi   
mqtt-broker-657c5bf55b-tjtx4   28m   25Mi   
1778222970
mqtt-broker-657c5bf55b-6dnsk   32m   25Mi   
mqtt-broker-657c5bf55b-fxjwd   18m   27Mi   
mqtt-broker-657c5bf55b-tjtx4   28m   25Mi   
1778222975
mqtt-broker-657c5bf55b-6dnsk   14m   25Mi   
mqtt-broker-657c5bf55b-fxjwd   26m   29Mi   
mqtt-broker-657c5bf55b-tjtx4   19m   25Mi   
1778222981
mqtt-broker-657c5bf55b-6dnsk   14m   25Mi   
mqtt-broker-657c5bf55b-fxjwd   26m   29Mi   
mqtt-broker-657c5bf55b-tjtx4   19m   25Mi   
1778222986
mqtt-broker-657c5bf55b-6dnsk   14m   25Mi   
mqtt-broker-657c5bf55b-fxjwd   26m   29Mi   
mqtt-broker-657c5bf55b-tjtx4   19m   25Mi   
1778222991
mqtt-broker-657c5bf55b-6dnsk   12m   27Mi   
mqtt-broker-657c5bf55b-fxjwd   11m   28Mi   
mqtt-broker-657c5bf55b-tjtx4   9m    25Mi   
1778222996
mqtt-broker-657c5bf55b-6dnsk   12m   27Mi   
mqtt-broker-657c5bf55b-fxjwd   11m   28Mi   
mqtt-broker-657c5bf55b-tjtx4   9m    25Mi   
1778223002
mqtt-broker-657c5bf55b-6dnsk   12m   27Mi   
mqtt-broker-657c5bf55b-fxjwd   11m   28Mi   
mqtt-broker-657c5bf55b-tjtx4   9m    25Mi   
1778223007
mqtt-broker-657c5bf55b-6dnsk   3m    25Mi   
mqtt-broker-657c5bf55b-fxjwd   6m    29Mi   
mqtt-broker-657c5bf55b-tjtx4   5m    25Mi   
1778223012
mqtt-broker-657c5bf55b-6dnsk   3m    25Mi   
mqtt-broker-657c5bf55b-fxjwd   6m    29Mi   
mqtt-broker-657c5bf55b-tjtx4   5m    25Mi   
1778223017
mqtt-broker-657c5bf55b-6dnsk   3m    25Mi   
mqtt-broker-657c5bf55b-fxjwd   6m    29Mi   
mqtt-broker-657c5bf55b-tjtx4   5m    25Mi   
1778223022
mqtt-broker-657c5bf55b-6dnsk   6m    26Mi   
mqtt-broker-657c5bf55b-fxjwd   8m    29Mi   
mqtt-broker-657c5bf55b-tjtx4   7m    25Mi   
1778223028
mqtt-broker-657c5bf55b-6dnsk   6m    26Mi   
mqtt-broker-657c5bf55b-fxjwd   8m    29Mi   
mqtt-broker-657c5bf55b-tjtx4   7m    25Mi   
1778223033
mqtt-broker-657c5bf55b-6dnsk   6m    26Mi   
mqtt-broker-657c5bf55b-fxjwd   8m    29Mi   
mqtt-broker-657c5bf55b-tjtx4   7m    25Mi   
1778223038
mqtt-broker-657c5bf55b-6dnsk   6m    27Mi   
mqtt-broker-657c5bf55b-fxjwd   6m    29Mi   
mqtt-broker-657c5bf55b-tjtx4   3m    25Mi   
1778223043
mqtt-broker-657c5bf55b-6dnsk   6m    27Mi   
mqtt-broker-657c5bf55b-fxjwd   6m    29Mi   
mqtt-broker-657c5bf55b-tjtx4   3m    25Mi   
1778223048
mqtt-broker-657c5bf55b-6dnsk   6m    27Mi   
mqtt-broker-657c5bf55b-fxjwd   6m    29Mi   
mqtt-broker-657c5bf55b-tjtx4   3m    25Mi   
1778223054
mqtt-broker-657c5bf55b-6dnsk   3m    26Mi   
mqtt-broker-657c5bf55b-fxjwd   3m    30Mi   
mqtt-broker-657c5bf55b-tjtx4   2m    25Mi   
1778223059
mqtt-broker-657c5bf55b-6dnsk   3m    26Mi   
mqtt-broker-657c5bf55b-fxjwd   3m    30Mi   
mqtt-broker-657c5bf55b-tjtx4   2m    25Mi   
1778223064
mqtt-broker-657c5bf55b-6dnsk   3m    26Mi   
mqtt-broker-657c5bf55b-fxjwd   3m    30Mi   
mqtt-broker-657c5bf55b-tjtx4   2m    25Mi   
1778223069
mqtt-broker-657c5bf55b-6dnsk   2m    26Mi   
mqtt-broker-657c5bf55b-fxjwd   2m    29Mi   
mqtt-broker-657c5bf55b-tjtx4   2m    25Mi   
1778223074
mqtt-broker-657c5bf55b-6dnsk   2m    26Mi   
mqtt-broker-657c5bf55b-fxjwd   2m    29Mi   
mqtt-broker-657c5bf55b-tjtx4   2m    25Mi   
1778223080
mqtt-broker-657c5bf55b-6dnsk   2m    26Mi   
mqtt-broker-657c5bf55b-fxjwd   3m    29Mi   
mqtt-broker-657c5bf55b-tjtx4   3m    25Mi   
1778223085
mqtt-broker-657c5bf55b-6dnsk   2m    26Mi   
mqtt-broker-657c5bf55b-fxjwd   3m    29Mi   
mqtt-broker-657c5bf55b-tjtx4   3m    25Mi   
1778223090
mqtt-broker-657c5bf55b-6dnsk   2m    26Mi   
mqtt-broker-657c5bf55b-fxjwd   3m    29Mi   
mqtt-broker-657c5bf55b-tjtx4   3m    25Mi   
1778223095
mqtt-broker-657c5bf55b-6dnsk   5m    26Mi   
mqtt-broker-657c5bf55b-fxjwd   9m    30Mi   
mqtt-broker-657c5bf55b-tjtx4   4m    25Mi   
1778223100
mqtt-broker-657c5bf55b-6dnsk   5m    26Mi   
mqtt-broker-657c5bf55b-fxjwd   9m    30Mi   
mqtt-broker-657c5bf55b-tjtx4   4m    25Mi   
1778223106
mqtt-broker-657c5bf55b-6dnsk   5m    26Mi   
mqtt-broker-657c5bf55b-fxjwd   9m    30Mi   
mqtt-broker-657c5bf55b-tjtx4   4m    25Mi   
1778223111
mqtt-broker-657c5bf55b-6dnsk   2m    26Mi   
mqtt-broker-657c5bf55b-fxjwd   2m    29Mi   
mqtt-broker-657c5bf55b-tjtx4   2m    25Mi   
1778223116
mqtt-broker-657c5bf55b-6dnsk   2m    26Mi   
mqtt-broker-657c5bf55b-fxjwd   2m    29Mi   
mqtt-broker-657c5bf55b-tjtx4   2m    25Mi   
1778223121
mqtt-broker-657c5bf55b-6dnsk   2m    26Mi   
mqtt-broker-657c5bf55b-fxjwd   2m    29Mi   
mqtt-broker-657c5bf55b-tjtx4   2m    25Mi   
1778223126
mqtt-broker-657c5bf55b-6dnsk   2m    26Mi   
mqtt-broker-657c5bf55b-fxjwd   3m    29Mi   
mqtt-broker-657c5bf55b-tjtx4   2m    25Mi   
1778223132
mqtt-broker-657c5bf55b-6dnsk   2m    26Mi   
mqtt-broker-657c5bf55b-fxjwd   3m    29Mi   
mqtt-broker-657c5bf55b-tjtx4   2m    25Mi   
1778223137
mqtt-broker-657c5bf55b-6dnsk   2m    26Mi   
mqtt-broker-657c5bf55b-fxjwd   3m    29Mi   
mqtt-broker-657c5bf55b-tjtx4   2m    25Mi   
1778223142
mqtt-broker-657c5bf55b-6dnsk   2m    26Mi   
mqtt-broker-657c5bf55b-fxjwd   4m    29Mi   
mqtt-broker-657c5bf55b-tjtx4   2m    25Mi   
1778223147
mqtt-broker-657c5bf55b-6dnsk   2m    26Mi   
mqtt-broker-657c5bf55b-fxjwd   4m    29Mi   
mqtt-broker-657c5bf55b-tjtx4   2m    25Mi   
1778223152
mqtt-broker-657c5bf55b-6dnsk   2m    26Mi   
mqtt-broker-657c5bf55b-fxjwd   4m    29Mi   
mqtt-broker-657c5bf55b-tjtx4   2m    25Mi   
1778223158
mqtt-broker-657c5bf55b-6dnsk   2m    26Mi   
mqtt-broker-657c5bf55b-fxjwd   3m    29Mi   
mqtt-broker-657c5bf55b-tjtx4   1m    25Mi   
1778223163
mqtt-broker-657c5bf55b-6dnsk   2m    26Mi   
mqtt-broker-657c5bf55b-fxjwd   3m    29Mi   
mqtt-broker-657c5bf55b-tjtx4   1m    25Mi   
1778223168
mqtt-broker-657c5bf55b-6dnsk   2m    26Mi   
mqtt-broker-657c5bf55b-fxjwd   3m    29Mi   
mqtt-broker-657c5bf55b-tjtx4   1m    25Mi   
1778223173
mqtt-broker-657c5bf55b-6dnsk   2m    26Mi   
mqtt-broker-657c5bf55b-fxjwd   2m    29Mi   
mqtt-broker-657c5bf55b-tjtx4   1m    25Mi   
1778223178
mqtt-broker-657c5bf55b-6dnsk   2m    26Mi   
mqtt-broker-657c5bf55b-fxjwd   2m    29Mi   
mqtt-broker-657c5bf55b-tjtx4   1m    25Mi   
1778223184
mqtt-broker-657c5bf55b-6dnsk   2m    26Mi   
mqtt-broker-657c5bf55b-fxjwd   2m    29Mi   
mqtt-broker-657c5bf55b-tjtx4   1m    25Mi   
1778223189
mqtt-broker-657c5bf55b-6dnsk   1m    26Mi   
mqtt-broker-657c5bf55b-fxjwd   1m    29Mi   
mqtt-broker-657c5bf55b-tjtx4   1m    25Mi   
1778223194
mqtt-broker-657c5bf55b-6dnsk   1m    26Mi   
mqtt-broker-657c5bf55b-fxjwd   1m    29Mi   
mqtt-broker-657c5bf55b-tjtx4   1m    25Mi   
1778223199
mqtt-broker-657c5bf55b-6dnsk   1m    26Mi   
mqtt-broker-657c5bf55b-fxjwd   1m    29Mi   
mqtt-broker-657c5bf55b-tjtx4   1m    25Mi   
1778223204
mqtt-broker-657c5bf55b-6dnsk   1m    26Mi   
mqtt-broker-657c5bf55b-fxjwd   4m    29Mi   
mqtt-broker-657c5bf55b-tjtx4   3m    25Mi   
1778223210
mqtt-broker-657c5bf55b-6dnsk   1m    26Mi   
mqtt-broker-657c5bf55b-fxjwd   4m    29Mi   
mqtt-broker-657c5bf55b-tjtx4   3m    25Mi   
1778223215
mqtt-broker-657c5bf55b-6dnsk   5m    26Mi   
mqtt-broker-657c5bf55b-fxjwd   7m    29Mi   
mqtt-broker-657c5bf55b-tjtx4   3m    25Mi   
1778223220
mqtt-broker-657c5bf55b-6dnsk   5m    26Mi   
mqtt-broker-657c5bf55b-fxjwd   7m    29Mi   
mqtt-broker-657c5bf55b-tjtx4   3m    25Mi   
1778223225
mqtt-broker-657c5bf55b-6dnsk   5m    26Mi   
mqtt-broker-657c5bf55b-fxjwd   7m    29Mi   
mqtt-broker-657c5bf55b-tjtx4   3m    25Mi   
1778223230
mqtt-broker-657c5bf55b-6dnsk   5m    26Mi   
mqtt-broker-657c5bf55b-fxjwd   6m    29Mi   
mqtt-broker-657c5bf55b-tjtx4   4m    25Mi   
1778223236
mqtt-broker-657c5bf55b-6dnsk   5m    26Mi   
mqtt-broker-657c5bf55b-fxjwd   6m    29Mi   
mqtt-broker-657c5bf55b-tjtx4   4m    25Mi   
1778223241
mqtt-broker-657c5bf55b-6dnsk   5m    26Mi   
mqtt-broker-657c5bf55b-fxjwd   6m    29Mi   
mqtt-broker-657c5bf55b-tjtx4   4m    25Mi   
1778223246
mqtt-broker-657c5bf55b-6dnsk   6m    26Mi   
mqtt-broker-657c5bf55b-fxjwd   7m    29Mi   
mqtt-broker-657c5bf55b-tjtx4   11m   25Mi   
1778223251
mqtt-broker-657c5bf55b-6dnsk   6m    26Mi   
mqtt-broker-657c5bf55b-fxjwd   7m    29Mi   
mqtt-broker-657c5bf55b-tjtx4   11m   25Mi   
1778223256
mqtt-broker-657c5bf55b-6dnsk   6m    26Mi   
mqtt-broker-657c5bf55b-fxjwd   7m    29Mi   
mqtt-broker-657c5bf55b-tjtx4   11m   25Mi   
1778223262
mqtt-broker-657c5bf55b-6dnsk   25m   28Mi   
mqtt-broker-657c5bf55b-fxjwd   24m   31Mi   
mqtt-broker-657c5bf55b-tjtx4   29m   26Mi   
1778223267
mqtt-broker-657c5bf55b-6dnsk   25m   28Mi   
mqtt-broker-657c5bf55b-fxjwd   24m   31Mi   
mqtt-broker-657c5bf55b-tjtx4   29m   26Mi   
1778223272
mqtt-broker-657c5bf55b-6dnsk   25m   28Mi   
mqtt-broker-657c5bf55b-fxjwd   24m   31Mi   
mqtt-broker-657c5bf55b-tjtx4   29m   26Mi   
1778223277
mqtt-broker-657c5bf55b-6dnsk   25m   28Mi   
mqtt-broker-657c5bf55b-fxjwd   22m   31Mi   
mqtt-broker-657c5bf55b-tjtx4   13m   27Mi   
1778223282
mqtt-broker-657c5bf55b-6dnsk   25m   28Mi   
mqtt-broker-657c5bf55b-fxjwd   22m   31Mi   
mqtt-broker-657c5bf55b-tjtx4   13m   27Mi   
1778223288
mqtt-broker-657c5bf55b-6dnsk   25m   28Mi   
mqtt-broker-657c5bf55b-fxjwd   22m   31Mi   
mqtt-broker-657c5bf55b-tjtx4   13m   27Mi   
1778223293
mqtt-broker-657c5bf55b-6dnsk   12m   29Mi   
mqtt-broker-657c5bf55b-fxjwd   9m    32Mi   
mqtt-broker-657c5bf55b-tjtx4   10m   28Mi   
1778223298
mqtt-broker-657c5bf55b-6dnsk   12m   29Mi   
mqtt-broker-657c5bf55b-fxjwd   9m    32Mi   
mqtt-broker-657c5bf55b-tjtx4   10m   28Mi   
1778223303
mqtt-broker-657c5bf55b-6dnsk   12m   29Mi   
mqtt-broker-657c5bf55b-fxjwd   9m    32Mi   
mqtt-broker-657c5bf55b-tjtx4   10m   28Mi   
1778223308
mqtt-broker-657c5bf55b-6dnsk   4m    28Mi   
mqtt-broker-657c5bf55b-fxjwd   4m    32Mi   
mqtt-broker-657c5bf55b-tjtx4   5m    28Mi   
1778223313
mqtt-broker-657c5bf55b-6dnsk   4m    28Mi   
mqtt-broker-657c5bf55b-fxjwd   4m    32Mi   
mqtt-broker-657c5bf55b-tjtx4   5m    28Mi   
1778223319
mqtt-broker-657c5bf55b-6dnsk   4m    28Mi   
mqtt-broker-657c5bf55b-fxjwd   4m    32Mi   
mqtt-broker-657c5bf55b-tjtx4   5m    28Mi   
1778223324
mqtt-broker-657c5bf55b-6dnsk   6m    30Mi   
mqtt-broker-657c5bf55b-fxjwd   10m   33Mi   
mqtt-broker-657c5bf55b-tjtx4   9m    28Mi   
1778223329
mqtt-broker-657c5bf55b-6dnsk   6m    30Mi   
mqtt-broker-657c5bf55b-fxjwd   10m   33Mi   
mqtt-broker-657c5bf55b-tjtx4   9m    28Mi   
1778223334
mqtt-broker-657c5bf55b-6dnsk   6m    30Mi   
mqtt-broker-657c5bf55b-fxjwd   10m   33Mi   
mqtt-broker-657c5bf55b-tjtx4   9m    28Mi   
1778223339
mqtt-broker-657c5bf55b-6dnsk   5m    29Mi   
mqtt-broker-657c5bf55b-fxjwd   10m   31Mi   
mqtt-broker-657c5bf55b-tjtx4   2m    29Mi   
1778223344
mqtt-broker-657c5bf55b-6dnsk   5m    29Mi   
mqtt-broker-657c5bf55b-fxjwd   10m   31Mi   
mqtt-broker-657c5bf55b-tjtx4   2m    29Mi   
1778223349
mqtt-broker-657c5bf55b-6dnsk   3m    28Mi   
mqtt-broker-657c5bf55b-fxjwd   1m    31Mi   
mqtt-broker-657c5bf55b-tjtx4   2m    28Mi   
1778223355
mqtt-broker-657c5bf55b-6dnsk   3m    28Mi   
mqtt-broker-657c5bf55b-fxjwd   1m    31Mi   
mqtt-broker-657c5bf55b-tjtx4   2m    28Mi   
1778223360
mqtt-broker-657c5bf55b-6dnsk   3m    28Mi   
mqtt-broker-657c5bf55b-fxjwd   1m    31Mi   
mqtt-broker-657c5bf55b-tjtx4   2m    28Mi   
1778223365
mqtt-broker-657c5bf55b-6dnsk   1m    28Mi   
mqtt-broker-657c5bf55b-fxjwd   1m    31Mi   
mqtt-broker-657c5bf55b-tjtx4   2m    28Mi   
1778223370
mqtt-broker-657c5bf55b-6dnsk   1m    28Mi   
mqtt-broker-657c5bf55b-fxjwd   1m    31Mi   
mqtt-broker-657c5bf55b-tjtx4   2m    28Mi   
1778223375
mqtt-broker-657c5bf55b-6dnsk   1m    28Mi   
mqtt-broker-657c5bf55b-fxjwd   1m    31Mi   
mqtt-broker-657c5bf55b-tjtx4   2m    28Mi   
1778223381
mqtt-broker-657c5bf55b-6dnsk   1m    28Mi   
mqtt-broker-657c5bf55b-fxjwd   1m    31Mi   
mqtt-broker-657c5bf55b-tjtx4   1m    28Mi   
1778223386
mqtt-broker-657c5bf55b-6dnsk   1m    28Mi   
mqtt-broker-657c5bf55b-fxjwd   1m    31Mi   
mqtt-broker-657c5bf55b-tjtx4   1m    28Mi   
1778223391
mqtt-broker-657c5bf55b-6dnsk   1m    28Mi   
mqtt-broker-657c5bf55b-fxjwd   1m    31Mi   
mqtt-broker-657c5bf55b-tjtx4   1m    28Mi   
1778223396
mqtt-broker-657c5bf55b-6dnsk   1m    28Mi   
mqtt-broker-657c5bf55b-fxjwd   1m    31Mi   
mqtt-broker-657c5bf55b-tjtx4   1m    28Mi   
1778223401
mqtt-broker-657c5bf55b-6dnsk   1m    28Mi   
mqtt-broker-657c5bf55b-fxjwd   1m    31Mi   
mqtt-broker-657c5bf55b-tjtx4   1m    28Mi   
1778223407
mqtt-broker-657c5bf55b-6dnsk   1m    28Mi   
mqtt-broker-657c5bf55b-fxjwd   1m    31Mi   
mqtt-broker-657c5bf55b-tjtx4   1m    28Mi   
1778223412
mqtt-broker-657c5bf55b-6dnsk   1m    28Mi   
mqtt-broker-657c5bf55b-fxjwd   1m    31Mi   
mqtt-broker-657c5bf55b-tjtx4   1m    28Mi   
1778223417
mqtt-broker-657c5bf55b-6dnsk   1m    28Mi   
mqtt-broker-657c5bf55b-fxjwd   1m    31Mi   
mqtt-broker-657c5bf55b-tjtx4   1m    28Mi   
1778223422
mqtt-broker-657c5bf55b-6dnsk   1m    28Mi   
mqtt-broker-657c5bf55b-fxjwd   1m    31Mi   
mqtt-broker-657c5bf55b-tjtx4   1m    28Mi   
1778223427
mqtt-broker-657c5bf55b-6dnsk   1m    28Mi   
mqtt-broker-657c5bf55b-fxjwd   1m    31Mi   
mqtt-broker-657c5bf55b-tjtx4   1m    28Mi   
1778223433
mqtt-broker-657c5bf55b-6dnsk   1m    28Mi   
mqtt-broker-657c5bf55b-fxjwd   1m    31Mi   
mqtt-broker-657c5bf55b-tjtx4   1m    28Mi   
1778223438
mqtt-broker-657c5bf55b-6dnsk   1m    28Mi   
mqtt-broker-657c5bf55b-fxjwd   1m    31Mi   
mqtt-broker-657c5bf55b-tjtx4   1m    28Mi   
1778223443
mqtt-broker-657c5bf55b-6dnsk   1m    28Mi   
mqtt-broker-657c5bf55b-fxjwd   1m    31Mi   
mqtt-broker-657c5bf55b-tjtx4   1m    28Mi   
1778223448
mqtt-broker-657c5bf55b-6dnsk   1m    28Mi   
mqtt-broker-657c5bf55b-fxjwd   1m    31Mi   
mqtt-broker-657c5bf55b-tjtx4   1m    28Mi   
1778223453
mqtt-broker-657c5bf55b-6dnsk   1m    28Mi   
mqtt-broker-657c5bf55b-fxjwd   1m    31Mi   
mqtt-broker-657c5bf55b-tjtx4   1m    28Mi   
1778223458
mqtt-broker-657c5bf55b-6dnsk   1m    28Mi   
mqtt-broker-657c5bf55b-fxjwd   1m    31Mi   
mqtt-broker-657c5bf55b-tjtx4   1m    28Mi   
1778223464
mqtt-broker-657c5bf55b-6dnsk   1m    28Mi   
mqtt-broker-657c5bf55b-fxjwd   1m    31Mi   
mqtt-broker-657c5bf55b-tjtx4   1m    28Mi   
1778223469
mqtt-broker-657c5bf55b-6dnsk   1m    28Mi   
mqtt-broker-657c5bf55b-fxjwd   1m    31Mi   
mqtt-broker-657c5bf55b-tjtx4   1m    28Mi   
1778223474
mqtt-broker-657c5bf55b-6dnsk   1m    28Mi   
mqtt-broker-657c5bf55b-fxjwd   1m    31Mi   
mqtt-broker-657c5bf55b-tjtx4   1m    28Mi   
1778223479
mqtt-broker-657c5bf55b-6dnsk   1m    28Mi   
mqtt-broker-657c5bf55b-fxjwd   1m    31Mi   
mqtt-broker-657c5bf55b-tjtx4   1m    28Mi   
1778223484
mqtt-broker-657c5bf55b-6dnsk   1m    28Mi   
mqtt-broker-657c5bf55b-fxjwd   1m    31Mi   
mqtt-broker-657c5bf55b-tjtx4   1m    28Mi   
1778223490
mqtt-broker-657c5bf55b-6dnsk   1m    28Mi   
mqtt-broker-657c5bf55b-fxjwd   1m    31Mi   
mqtt-broker-657c5bf55b-tjtx4   1m    28Mi   
1778223495
mqtt-broker-657c5bf55b-6dnsk   1m    28Mi   
mqtt-broker-657c5bf55b-fxjwd   1m    31Mi   
mqtt-broker-657c5bf55b-tjtx4   1m    28Mi   
1778223500
mqtt-broker-657c5bf55b-6dnsk   1m    28Mi   
mqtt-broker-657c5bf55b-fxjwd   1m    31Mi   
mqtt-broker-657c5bf55b-tjtx4   1m    28Mi   
1778223505
mqtt-broker-657c5bf55b-6dnsk   1m    28Mi   
mqtt-broker-657c5bf55b-fxjwd   1m    31Mi   
mqtt-broker-657c5bf55b-tjtx4   1m    28Mi   
1778223510
mqtt-broker-657c5bf55b-6dnsk   1m    28Mi   
mqtt-broker-657c5bf55b-fxjwd   1m    31Mi   
mqtt-broker-657c5bf55b-tjtx4   1m    28Mi   
1778223516
mqtt-broker-657c5bf55b-6dnsk   1m    28Mi   
mqtt-broker-657c5bf55b-fxjwd   1m    31Mi   
1778223521
mqtt-broker-657c5bf55b-fxjwd   1m    31Mi   
1778223526
mqtt-broker-657c5bf55b-fxjwd   1m    31Mi   
1778223531
mqtt-broker-657c5bf55b-fxjwd   1m    31Mi   
1778223536
mqtt-broker-657c5bf55b-fxjwd   1m    31Mi   
1778223541
mqtt-broker-657c5bf55b-fxjwd   1m    31Mi   
1778223547
mqtt-broker-657c5bf55b-fxjwd   1m    31Mi   
1778223552
mqtt-broker-657c5bf55b-fxjwd   1m    31Mi   
1778223557
mqtt-broker-657c5bf55b-fxjwd   1m    31Mi   
1778223562
mqtt-broker-657c5bf55b-fxjwd   1m    31Mi   
1778223567
mqtt-broker-657c5bf55b-fxjwd   1m    31Mi   
1778223573
mqtt-broker-657c5bf55b-fxjwd   1m    31Mi   
1778223578
mqtt-broker-657c5bf55b-fxjwd   1m    31Mi   
1778223583
mqtt-broker-657c5bf55b-fxjwd   1m    31Mi   
1778223588
mqtt-broker-657c5bf55b-fxjwd   1m    31Mi   
1778223593
mqtt-broker-657c5bf55b-fxjwd   1m    31Mi   
1778223599
mqtt-broker-657c5bf55b-fxjwd   1m    31Mi   
1778223604
mqtt-broker-657c5bf55b-fxjwd   1m    31Mi   
1778223609
mqtt-broker-657c5bf55b-fxjwd   1m    31Mi   
1778223614
mqtt-broker-657c5bf55b-fxjwd   1m    31Mi   
1778223619
mqtt-broker-657c5bf55b-fxjwd   1m    31Mi   
1778223625
mqtt-broker-657c5bf55b-fxjwd   1m    31Mi   
1778223630
mqtt-broker-657c5bf55b-fxjwd   1m    31Mi   
1778223635
mqtt-broker-657c5bf55b-fxjwd   1m    31Mi   
1778223640
mqtt-broker-657c5bf55b-fxjwd   1m    31Mi   
1778223645
mqtt-broker-657c5bf55b-fxjwd   1m    31Mi   
1778223651
mqtt-broker-657c5bf55b-fxjwd   1m    31Mi   
1778223656
mqtt-broker-657c5bf55b-fxjwd   1m    31Mi   
1778223661
mqtt-broker-657c5bf55b-fxjwd   1m    31Mi   
1778223666
mqtt-broker-657c5bf55b-fxjwd   1m    31Mi   
1778223671
mqtt-broker-657c5bf55b-fxjwd   1m    31Mi   
1778223677
mqtt-broker-657c5bf55b-fxjwd   1m    31Mi   
1778223682
mqtt-broker-657c5bf55b-fxjwd   1m    31Mi   
1778223687
mqtt-broker-657c5bf55b-fxjwd   1m    31Mi   
1778223692
1778223698
1778223703
1778223708
1778223713
1778223718
1778223723
1778223728
1778223733
1778223738
1778223743
1778223748
1778223753
1778223759
1778223764
1778223769
1778223774
1778223779
1778223784
1778223789
1778223794
1778223799
1778223804
1778223809
1778223814
1778223820
1778223825
1778223830
1778223835
1778223840
1778223845
1778223850
1778223855
1778223860
1778223865
1778223870
1778223875
1778223881
1778223886
1778223891
1778223896
1778223901
1778223906
1778223911
1778223917
1778223922
1778223927
1778223932
1778223937
1778223942
1778223948
1778223953
1778223958
1778223963
1778223968
1778223974
1778223979
1778223984
1778223989
1778223994
1778224000
1778224005
1778224010
1778224015
1778224021
1778224026
1778224031
1778224036
1778224042
1778224047
1778224052
1778224058
1778224063
1778224068
mqtt-broker-657c5bf55b-pt69q   51m   20Mi   
1778224073
mqtt-broker-657c5bf55b-pt69q   51m   20Mi   
1778224079
mqtt-broker-657c5bf55b-pt69q   51m   20Mi   
1778224084
mqtt-broker-657c5bf55b-pt69q   0m    20Mi   
1778224089
mqtt-broker-657c5bf55b-pt69q   0m    20Mi   
1778224094
mqtt-broker-657c5bf55b-pt69q   8m    22Mi   
1778224099
mqtt-broker-657c5bf55b-pt69q   8m    22Mi   
1778224105
mqtt-broker-657c5bf55b-pt69q   8m    22Mi   
1778224110
mqtt-broker-657c5bf55b-pt69q   11m   23Mi   
1778224115
mqtt-broker-657c5bf55b-pt69q   11m   23Mi   
1778224120
mqtt-broker-657c5bf55b-pt69q   11m   23Mi   
1778224126
mqtt-broker-657c5bf55b-pt69q   12m   25Mi   
mqtt-broker-657c5bf55b-ts7j5   50m   21Mi   
1778224131
mqtt-broker-657c5bf55b-pt69q   12m   25Mi   
mqtt-broker-657c5bf55b-ts7j5   50m   21Mi   
1778224136
mqtt-broker-657c5bf55b-pt69q   12m   25Mi   
mqtt-broker-657c5bf55b-ts7j5   50m   21Mi   
1778224141
mqtt-broker-657c5bf55b-mcpdw   43m   22Mi   
mqtt-broker-657c5bf55b-pt69q   11m   26Mi   
mqtt-broker-657c5bf55b-ts7j5   11m   22Mi   
1778224146
mqtt-broker-657c5bf55b-mcpdw   43m   22Mi   
mqtt-broker-657c5bf55b-pt69q   11m   26Mi   
mqtt-broker-657c5bf55b-ts7j5   11m   22Mi   
1778224152
mqtt-broker-657c5bf55b-mcpdw   43m   22Mi   
mqtt-broker-657c5bf55b-pt69q   11m   26Mi   
mqtt-broker-657c5bf55b-ts7j5   11m   22Mi   
1778224157
mqtt-broker-657c5bf55b-mcpdw   9m    23Mi   
mqtt-broker-657c5bf55b-pt69q   14m   26Mi   
mqtt-broker-657c5bf55b-ts7j5   11m   22Mi   
1778224162
mqtt-broker-657c5bf55b-mcpdw   9m    23Mi   
mqtt-broker-657c5bf55b-pt69q   14m   26Mi   
mqtt-broker-657c5bf55b-ts7j5   11m   22Mi   
1778224167
mqtt-broker-657c5bf55b-mcpdw   9m    23Mi   
mqtt-broker-657c5bf55b-pt69q   14m   26Mi   
mqtt-broker-657c5bf55b-ts7j5   11m   22Mi   
1778224172
mqtt-broker-657c5bf55b-mcpdw   6m    22Mi   
mqtt-broker-657c5bf55b-pt69q   12m   26Mi   
mqtt-broker-657c5bf55b-ts7j5   8m    23Mi   
1778224178
mqtt-broker-657c5bf55b-mcpdw   6m    22Mi   
mqtt-broker-657c5bf55b-pt69q   12m   26Mi   
mqtt-broker-657c5bf55b-ts7j5   8m    23Mi   
1778224183
mqtt-broker-657c5bf55b-mcpdw   6m    22Mi   
mqtt-broker-657c5bf55b-pt69q   12m   26Mi   
mqtt-broker-657c5bf55b-ts7j5   8m    23Mi   
1778224188
mqtt-broker-657c5bf55b-mcpdw   3m    22Mi   
mqtt-broker-657c5bf55b-pt69q   6m    27Mi   
mqtt-broker-657c5bf55b-ts7j5   3m    23Mi   
1778224193
mqtt-broker-657c5bf55b-mcpdw   3m    22Mi   
mqtt-broker-657c5bf55b-pt69q   6m    27Mi   
mqtt-broker-657c5bf55b-ts7j5   3m    23Mi   
1778224198
mqtt-broker-657c5bf55b-mcpdw   3m    22Mi   
mqtt-broker-657c5bf55b-pt69q   6m    27Mi   
mqtt-broker-657c5bf55b-ts7j5   3m    23Mi   
1778224204
mqtt-broker-657c5bf55b-mcpdw   2m    22Mi   
mqtt-broker-657c5bf55b-pt69q   3m    26Mi   
mqtt-broker-657c5bf55b-ts7j5   3m    23Mi   
1778224209
mqtt-broker-657c5bf55b-mcpdw   2m    22Mi   
mqtt-broker-657c5bf55b-pt69q   3m    26Mi   
mqtt-broker-657c5bf55b-ts7j5   3m    23Mi   
1778224214
mqtt-broker-657c5bf55b-mcpdw   3m    22Mi   
mqtt-broker-657c5bf55b-pt69q   5m    26Mi   
mqtt-broker-657c5bf55b-ts7j5   2m    23Mi   
1778224219
mqtt-broker-657c5bf55b-mcpdw   3m    22Mi   
mqtt-broker-657c5bf55b-pt69q   5m    26Mi   
mqtt-broker-657c5bf55b-ts7j5   2m    23Mi   
1778224224
mqtt-broker-657c5bf55b-mcpdw   3m    22Mi   
mqtt-broker-657c5bf55b-pt69q   5m    26Mi   
mqtt-broker-657c5bf55b-ts7j5   2m    23Mi   
1778224230
mqtt-broker-657c5bf55b-mcpdw   2m    23Mi   
mqtt-broker-657c5bf55b-pt69q   4m    27Mi   
mqtt-broker-657c5bf55b-ts7j5   2m    23Mi   
1778224235
mqtt-broker-657c5bf55b-mcpdw   2m    23Mi   
mqtt-broker-657c5bf55b-pt69q   4m    27Mi   
mqtt-broker-657c5bf55b-ts7j5   2m    23Mi   
1778224240
mqtt-broker-657c5bf55b-mcpdw   2m    23Mi   
mqtt-broker-657c5bf55b-pt69q   4m    27Mi   
mqtt-broker-657c5bf55b-ts7j5   2m    23Mi   
1778224245
mqtt-broker-657c5bf55b-mcpdw   3m    23Mi   
mqtt-broker-657c5bf55b-pt69q   5m    26Mi   
mqtt-broker-657c5bf55b-ts7j5   3m    23Mi   
1778224251
mqtt-broker-657c5bf55b-mcpdw   3m    23Mi   
mqtt-broker-657c5bf55b-pt69q   5m    26Mi   
mqtt-broker-657c5bf55b-ts7j5   3m    23Mi   
1778224256
mqtt-broker-657c5bf55b-mcpdw   3m    23Mi   
mqtt-broker-657c5bf55b-pt69q   5m    26Mi   
mqtt-broker-657c5bf55b-ts7j5   3m    23Mi   
1778224261
mqtt-broker-657c5bf55b-mcpdw   8m    23Mi   
mqtt-broker-657c5bf55b-pt69q   8m    27Mi   
mqtt-broker-657c5bf55b-ts7j5   9m    24Mi   
1778224266
mqtt-broker-657c5bf55b-mcpdw   8m    23Mi   
mqtt-broker-657c5bf55b-pt69q   8m    27Mi   
mqtt-broker-657c5bf55b-ts7j5   9m    24Mi   
1778224271
mqtt-broker-657c5bf55b-mcpdw   8m    23Mi   
mqtt-broker-657c5bf55b-pt69q   8m    27Mi   
mqtt-broker-657c5bf55b-ts7j5   9m    24Mi   
1778224277
mqtt-broker-657c5bf55b-mcpdw   28m   25Mi   
mqtt-broker-657c5bf55b-pt69q   20m   27Mi   
mqtt-broker-657c5bf55b-ts7j5   22m   25Mi   
1778224282
mqtt-broker-657c5bf55b-mcpdw   28m   25Mi   
mqtt-broker-657c5bf55b-pt69q   20m   27Mi   
mqtt-broker-657c5bf55b-ts7j5   22m   25Mi   
1778224287
mqtt-broker-657c5bf55b-mcpdw   28m   25Mi   
mqtt-broker-657c5bf55b-pt69q   20m   27Mi   
mqtt-broker-657c5bf55b-ts7j5   22m   25Mi   
1778224292
mqtt-broker-657c5bf55b-mcpdw   11m   25Mi   
mqtt-broker-657c5bf55b-pt69q   28m   29Mi   
mqtt-broker-657c5bf55b-ts7j5   28m   25Mi   
1778224297
mqtt-broker-657c5bf55b-mcpdw   11m   25Mi   
mqtt-broker-657c5bf55b-pt69q   28m   29Mi   
mqtt-broker-657c5bf55b-ts7j5   28m   25Mi   
1778224303
mqtt-broker-657c5bf55b-mcpdw   11m   25Mi   
mqtt-broker-657c5bf55b-pt69q   28m   29Mi   
mqtt-broker-657c5bf55b-ts7j5   28m   25Mi   
1778224308
mqtt-broker-657c5bf55b-mcpdw   7m    25Mi   
mqtt-broker-657c5bf55b-pt69q   14m   30Mi   
mqtt-broker-657c5bf55b-ts7j5   9m    25Mi   
1778224313
mqtt-broker-657c5bf55b-mcpdw   7m    25Mi   
mqtt-broker-657c5bf55b-pt69q   14m   30Mi   
mqtt-broker-657c5bf55b-ts7j5   9m    25Mi   
1778224318
mqtt-broker-657c5bf55b-mcpdw   7m    25Mi   
mqtt-broker-657c5bf55b-pt69q   14m   30Mi   
mqtt-broker-657c5bf55b-ts7j5   9m    25Mi   
1778224323
mqtt-broker-657c5bf55b-mcpdw   4m    25Mi   
mqtt-broker-657c5bf55b-pt69q   3m    29Mi   
mqtt-broker-657c5bf55b-ts7j5   3m    25Mi   
1778224329
mqtt-broker-657c5bf55b-mcpdw   4m    25Mi   
mqtt-broker-657c5bf55b-pt69q   3m    29Mi   
mqtt-broker-657c5bf55b-ts7j5   3m    25Mi   
1778224334
mqtt-broker-657c5bf55b-mcpdw   4m    25Mi   
mqtt-broker-657c5bf55b-pt69q   3m    29Mi   
mqtt-broker-657c5bf55b-ts7j5   3m    25Mi   
1778224339
mqtt-broker-657c5bf55b-mcpdw   9m    25Mi   
mqtt-broker-657c5bf55b-pt69q   8m    30Mi   
mqtt-broker-657c5bf55b-ts7j5   3m    25Mi   
1778224344
mqtt-broker-657c5bf55b-mcpdw   9m    25Mi   
mqtt-broker-657c5bf55b-pt69q   8m    30Mi   
mqtt-broker-657c5bf55b-ts7j5   3m    25Mi   
1778224349
mqtt-broker-657c5bf55b-mcpdw   3m    25Mi   
mqtt-broker-657c5bf55b-pt69q   5m    30Mi   
mqtt-broker-657c5bf55b-ts7j5   6m    26Mi   
1778224355
mqtt-broker-657c5bf55b-mcpdw   3m    25Mi   
mqtt-broker-657c5bf55b-pt69q   5m    30Mi   
mqtt-broker-657c5bf55b-ts7j5   6m    26Mi   
1778224360
mqtt-broker-657c5bf55b-mcpdw   3m    25Mi   
mqtt-broker-657c5bf55b-pt69q   5m    30Mi   
mqtt-broker-657c5bf55b-ts7j5   6m    26Mi   
1778224365
mqtt-broker-657c5bf55b-mcpdw   3m    25Mi   
mqtt-broker-657c5bf55b-pt69q   4m    30Mi   
mqtt-broker-657c5bf55b-ts7j5   2m    26Mi   
1778224370
mqtt-broker-657c5bf55b-mcpdw   3m    25Mi   
mqtt-broker-657c5bf55b-pt69q   4m    30Mi   
mqtt-broker-657c5bf55b-ts7j5   2m    26Mi   
1778224375
mqtt-broker-657c5bf55b-mcpdw   3m    25Mi   
mqtt-broker-657c5bf55b-pt69q   4m    30Mi   
mqtt-broker-657c5bf55b-ts7j5   2m    26Mi   
1778224380
mqtt-broker-657c5bf55b-mcpdw   1m    25Mi   
mqtt-broker-657c5bf55b-pt69q   2m    30Mi   
mqtt-broker-657c5bf55b-ts7j5   2m    26Mi   
1778224386
mqtt-broker-657c5bf55b-mcpdw   1m    25Mi   
mqtt-broker-657c5bf55b-pt69q   2m    30Mi   
mqtt-broker-657c5bf55b-ts7j5   2m    26Mi   
1778224391
mqtt-broker-657c5bf55b-mcpdw   1m    25Mi   
mqtt-broker-657c5bf55b-pt69q   2m    30Mi   
mqtt-broker-657c5bf55b-ts7j5   2m    26Mi   
1778224396
mqtt-broker-657c5bf55b-mcpdw   1m    25Mi   
mqtt-broker-657c5bf55b-pt69q   7m    30Mi   
mqtt-broker-657c5bf55b-ts7j5   1m    26Mi   
1778224401
mqtt-broker-657c5bf55b-mcpdw   1m    25Mi   
mqtt-broker-657c5bf55b-pt69q   7m    30Mi   
mqtt-broker-657c5bf55b-ts7j5   1m    26Mi   
1778224406
mqtt-broker-657c5bf55b-mcpdw   1m    25Mi   
mqtt-broker-657c5bf55b-pt69q   7m    30Mi   
mqtt-broker-657c5bf55b-ts7j5   1m    26Mi   
1778224411
mqtt-broker-657c5bf55b-mcpdw   3m    25Mi   
mqtt-broker-657c5bf55b-pt69q   5m    31Mi   
mqtt-broker-657c5bf55b-ts7j5   5m    26Mi   
1778224417
mqtt-broker-657c5bf55b-mcpdw   3m    25Mi   
mqtt-broker-657c5bf55b-pt69q   5m    31Mi   
mqtt-broker-657c5bf55b-ts7j5   5m    26Mi   
1778224422
mqtt-broker-657c5bf55b-mcpdw   3m    25Mi   
mqtt-broker-657c5bf55b-pt69q   5m    31Mi   
mqtt-broker-657c5bf55b-ts7j5   5m    26Mi   
1778224427
mqtt-broker-657c5bf55b-mcpdw   1m    25Mi   
mqtt-broker-657c5bf55b-pt69q   2m    30Mi   
mqtt-broker-657c5bf55b-ts7j5   2m    26Mi   
1778224432
mqtt-broker-657c5bf55b-mcpdw   1m    25Mi   
mqtt-broker-657c5bf55b-pt69q   2m    30Mi   
mqtt-broker-657c5bf55b-ts7j5   2m    26Mi   
1778224437
mqtt-broker-657c5bf55b-mcpdw   1m    25Mi   
mqtt-broker-657c5bf55b-pt69q   2m    30Mi   
mqtt-broker-657c5bf55b-ts7j5   2m    26Mi   
1778224443
mqtt-broker-657c5bf55b-mcpdw   1m    25Mi   
mqtt-broker-657c5bf55b-pt69q   1m    30Mi   
mqtt-broker-657c5bf55b-ts7j5   1m    26Mi   
1778224448
mqtt-broker-657c5bf55b-mcpdw   1m    25Mi   
mqtt-broker-657c5bf55b-pt69q   1m    30Mi   
mqtt-broker-657c5bf55b-ts7j5   1m    26Mi   
1778224453
mqtt-broker-657c5bf55b-mcpdw   1m    25Mi   
mqtt-broker-657c5bf55b-pt69q   1m    30Mi   
mqtt-broker-657c5bf55b-ts7j5   1m    26Mi   
1778224458
mqtt-broker-657c5bf55b-mcpdw   2m    25Mi   
mqtt-broker-657c5bf55b-pt69q   4m    30Mi   
mqtt-broker-657c5bf55b-ts7j5   4m    26Mi   
1778224463
mqtt-broker-657c5bf55b-mcpdw   2m    25Mi   
mqtt-broker-657c5bf55b-pt69q   4m    30Mi   
mqtt-broker-657c5bf55b-ts7j5   4m    26Mi   
1778224469
mqtt-broker-657c5bf55b-mcpdw   2m    25Mi   
mqtt-broker-657c5bf55b-pt69q   4m    30Mi   
mqtt-broker-657c5bf55b-ts7j5   4m    26Mi   
1778224474
mqtt-broker-657c5bf55b-mcpdw   2m    25Mi   
mqtt-broker-657c5bf55b-pt69q   4m    30Mi   
mqtt-broker-657c5bf55b-ts7j5   2m    26Mi   
1778224479
mqtt-broker-657c5bf55b-mcpdw   2m    25Mi   
mqtt-broker-657c5bf55b-pt69q   4m    30Mi   
mqtt-broker-657c5bf55b-ts7j5   2m    26Mi   
1778224484
mqtt-broker-657c5bf55b-mcpdw   3m    25Mi   
mqtt-broker-657c5bf55b-pt69q   7m    31Mi   
mqtt-broker-657c5bf55b-ts7j5   3m    26Mi   
1778224489
mqtt-broker-657c5bf55b-mcpdw   3m    25Mi   
mqtt-broker-657c5bf55b-pt69q   7m    31Mi   
mqtt-broker-657c5bf55b-ts7j5   3m    26Mi   
1778224495
mqtt-broker-657c5bf55b-mcpdw   3m    25Mi   
mqtt-broker-657c5bf55b-pt69q   7m    31Mi   
mqtt-broker-657c5bf55b-ts7j5   3m    26Mi   
1778224500
mqtt-broker-657c5bf55b-mcpdw   6m    25Mi   
mqtt-broker-657c5bf55b-pt69q   5m    30Mi   
mqtt-broker-657c5bf55b-ts7j5   4m    26Mi   
1778224505
mqtt-broker-657c5bf55b-mcpdw   6m    25Mi   
mqtt-broker-657c5bf55b-pt69q   5m    30Mi   
mqtt-broker-657c5bf55b-ts7j5   4m    26Mi   
1778224510
mqtt-broker-657c5bf55b-mcpdw   6m    25Mi   
mqtt-broker-657c5bf55b-pt69q   5m    30Mi   
mqtt-broker-657c5bf55b-ts7j5   4m    26Mi   
1778224515
mqtt-broker-657c5bf55b-mcpdw   18m   26Mi   
mqtt-broker-657c5bf55b-pt69q   19m   31Mi   
mqtt-broker-657c5bf55b-ts7j5   18m   27Mi   
1778224521
mqtt-broker-657c5bf55b-mcpdw   18m   26Mi   
mqtt-broker-657c5bf55b-pt69q   19m   31Mi   
mqtt-broker-657c5bf55b-ts7j5   18m   27Mi   
1778224526
mqtt-broker-657c5bf55b-mcpdw   18m   26Mi   
mqtt-broker-657c5bf55b-pt69q   19m   31Mi   
mqtt-broker-657c5bf55b-ts7j5   18m   27Mi   
1778224531
mqtt-broker-657c5bf55b-mcpdw   19m   26Mi   
mqtt-broker-657c5bf55b-pt69q   31m   32Mi   
mqtt-broker-657c5bf55b-ts7j5   18m   27Mi   
1778224536
mqtt-broker-657c5bf55b-mcpdw   19m   26Mi   
mqtt-broker-657c5bf55b-pt69q   31m   32Mi   
mqtt-broker-657c5bf55b-ts7j5   18m   27Mi   
1778224542
mqtt-broker-657c5bf55b-mcpdw   19m   26Mi   
mqtt-broker-657c5bf55b-pt69q   31m   32Mi   
mqtt-broker-657c5bf55b-ts7j5   18m   27Mi   
1778224547
mqtt-broker-657c5bf55b-mcpdw   12m   27Mi   
mqtt-broker-657c5bf55b-pt69q   13m   33Mi   
mqtt-broker-657c5bf55b-ts7j5   16m   28Mi   
1778224552
mqtt-broker-657c5bf55b-mcpdw   12m   27Mi   
mqtt-broker-657c5bf55b-pt69q   13m   33Mi   
mqtt-broker-657c5bf55b-ts7j5   16m   28Mi   
1778224557
mqtt-broker-657c5bf55b-mcpdw   12m   27Mi   
mqtt-broker-657c5bf55b-pt69q   13m   33Mi   
mqtt-broker-657c5bf55b-ts7j5   16m   28Mi   
1778224562
mqtt-broker-657c5bf55b-mcpdw   10m   27Mi   
mqtt-broker-657c5bf55b-pt69q   8m    32Mi   
mqtt-broker-657c5bf55b-ts7j5   10m   28Mi   
1778224568
mqtt-broker-657c5bf55b-mcpdw   10m   27Mi   
mqtt-broker-657c5bf55b-pt69q   8m    32Mi   
mqtt-broker-657c5bf55b-ts7j5   10m   28Mi   
1778224573
mqtt-broker-657c5bf55b-mcpdw   10m   27Mi   
mqtt-broker-657c5bf55b-pt69q   8m    32Mi   
mqtt-broker-657c5bf55b-ts7j5   10m   28Mi   
1778224578
mqtt-broker-657c5bf55b-mcpdw   4m    27Mi   
mqtt-broker-657c5bf55b-pt69q   6m    32Mi   
mqtt-broker-657c5bf55b-ts7j5   5m    29Mi   
1778224583
mqtt-broker-657c5bf55b-mcpdw   4m    27Mi   
mqtt-broker-657c5bf55b-pt69q   6m    32Mi   
mqtt-broker-657c5bf55b-ts7j5   5m    29Mi   
1778224588
mqtt-broker-657c5bf55b-mcpdw   4m    27Mi   
mqtt-broker-657c5bf55b-pt69q   6m    32Mi   
mqtt-broker-657c5bf55b-ts7j5   5m    29Mi   
1778224594
mqtt-broker-657c5bf55b-mcpdw   7m    28Mi   
mqtt-broker-657c5bf55b-pt69q   9m    34Mi   
mqtt-broker-657c5bf55b-ts7j5   6m    29Mi   
1778224599
mqtt-broker-657c5bf55b-mcpdw   7m    28Mi   
mqtt-broker-657c5bf55b-pt69q   9m    34Mi   
mqtt-broker-657c5bf55b-ts7j5   6m    29Mi   
1778224604
mqtt-broker-657c5bf55b-mcpdw   2m    28Mi   
mqtt-broker-657c5bf55b-pt69q   3m    33Mi   
mqtt-broker-657c5bf55b-ts7j5   3m    29Mi   
1778224609
mqtt-broker-657c5bf55b-mcpdw   2m    28Mi   
mqtt-broker-657c5bf55b-pt69q   3m    33Mi   
mqtt-broker-657c5bf55b-ts7j5   3m    29Mi   
1778224614
mqtt-broker-657c5bf55b-mcpdw   2m    28Mi   
mqtt-broker-657c5bf55b-pt69q   3m    33Mi   
mqtt-broker-657c5bf55b-ts7j5   3m    29Mi   
1778224620
mqtt-broker-657c5bf55b-mcpdw   2m    28Mi   
mqtt-broker-657c5bf55b-pt69q   3m    33Mi   
mqtt-broker-657c5bf55b-ts7j5   1m    29Mi   
1778224625
mqtt-broker-657c5bf55b-mcpdw   2m    28Mi   
mqtt-broker-657c5bf55b-pt69q   3m    33Mi   
mqtt-broker-657c5bf55b-ts7j5   1m    29Mi   
1778224630
mqtt-broker-657c5bf55b-mcpdw   2m    28Mi   
mqtt-broker-657c5bf55b-pt69q   3m    33Mi   
mqtt-broker-657c5bf55b-ts7j5   1m    29Mi   
1778224635
mqtt-broker-657c5bf55b-mcpdw   1m    27Mi   
mqtt-broker-657c5bf55b-pt69q   3m    33Mi   
mqtt-broker-657c5bf55b-ts7j5   1m    29Mi   
1778224641
mqtt-broker-657c5bf55b-mcpdw   1m    27Mi   
mqtt-broker-657c5bf55b-pt69q   3m    33Mi   
mqtt-broker-657c5bf55b-ts7j5   1m    29Mi   
1778224646
mqtt-broker-657c5bf55b-mcpdw   1m    27Mi   
mqtt-broker-657c5bf55b-pt69q   3m    33Mi   
mqtt-broker-657c5bf55b-ts7j5   1m    29Mi   
1778224651
mqtt-broker-657c5bf55b-mcpdw   5m    28Mi   
mqtt-broker-657c5bf55b-pt69q   9m    33Mi   
mqtt-broker-657c5bf55b-ts7j5   8m    29Mi   
1778224656
mqtt-broker-657c5bf55b-mcpdw   5m    28Mi   
mqtt-broker-657c5bf55b-pt69q   9m    33Mi   
mqtt-broker-657c5bf55b-ts7j5   8m    29Mi   
1778224661
mqtt-broker-657c5bf55b-mcpdw   5m    28Mi   
mqtt-broker-657c5bf55b-pt69q   9m    33Mi   
mqtt-broker-657c5bf55b-ts7j5   8m    29Mi   
1778224667
mqtt-broker-657c5bf55b-mcpdw   3m    27Mi   
mqtt-broker-657c5bf55b-pt69q   10m   31Mi   
mqtt-broker-657c5bf55b-ts7j5   5m    29Mi   
1778224672
mqtt-broker-657c5bf55b-mcpdw   3m    27Mi   
mqtt-broker-657c5bf55b-pt69q   10m   31Mi   
mqtt-broker-657c5bf55b-ts7j5   5m    29Mi   
1778224677
mqtt-broker-657c5bf55b-mcpdw   3m    27Mi   
mqtt-broker-657c5bf55b-pt69q   10m   31Mi   
mqtt-broker-657c5bf55b-ts7j5   5m    29Mi   
1778224682
mqtt-broker-657c5bf55b-mcpdw   3m    27Mi   
mqtt-broker-657c5bf55b-pt69q   1m    31Mi   
mqtt-broker-657c5bf55b-ts7j5   1m    29Mi   
1778224687
mqtt-broker-657c5bf55b-mcpdw   3m    27Mi   
mqtt-broker-657c5bf55b-pt69q   1m    31Mi   
mqtt-broker-657c5bf55b-ts7j5   1m    29Mi   
1778224693
mqtt-broker-657c5bf55b-mcpdw   3m    27Mi   
mqtt-broker-657c5bf55b-pt69q   1m    31Mi   
mqtt-broker-657c5bf55b-ts7j5   1m    29Mi   
1778224698
mqtt-broker-657c5bf55b-mcpdw   1m    27Mi   
mqtt-broker-657c5bf55b-pt69q   1m    31Mi   
mqtt-broker-657c5bf55b-ts7j5   1m    29Mi   
1778224703
mqtt-broker-657c5bf55b-mcpdw   1m    27Mi   
mqtt-broker-657c5bf55b-pt69q   1m    31Mi   
mqtt-broker-657c5bf55b-ts7j5   1m    29Mi   
1778224708
mqtt-broker-657c5bf55b-mcpdw   1m    27Mi   
mqtt-broker-657c5bf55b-pt69q   1m    31Mi   
mqtt-broker-657c5bf55b-ts7j5   1m    29Mi   
1778224713
mqtt-broker-657c5bf55b-mcpdw   1m    27Mi   
mqtt-broker-657c5bf55b-pt69q   1m    31Mi   
mqtt-broker-657c5bf55b-ts7j5   1m    29Mi   
1778224718
mqtt-broker-657c5bf55b-mcpdw   1m    27Mi   
mqtt-broker-657c5bf55b-pt69q   1m    31Mi   
mqtt-broker-657c5bf55b-ts7j5   1m    29Mi   
1778224724
mqtt-broker-657c5bf55b-mcpdw   1m    27Mi   
mqtt-broker-657c5bf55b-pt69q   1m    31Mi   
mqtt-broker-657c5bf55b-ts7j5   1m    29Mi   
1778224729
mqtt-broker-657c5bf55b-mcpdw   1m    27Mi   
mqtt-broker-657c5bf55b-pt69q   1m    31Mi   
mqtt-broker-657c5bf55b-ts7j5   1m    29Mi   
1778224734
mqtt-broker-657c5bf55b-mcpdw   1m    27Mi   
mqtt-broker-657c5bf55b-pt69q   1m    31Mi   
mqtt-broker-657c5bf55b-ts7j5   1m    29Mi   
1778224739
mqtt-broker-657c5bf55b-mcpdw   1m    27Mi   
mqtt-broker-657c5bf55b-pt69q   1m    31Mi   
mqtt-broker-657c5bf55b-ts7j5   1m    29Mi   
1778224745
mqtt-broker-657c5bf55b-mcpdw   1m    27Mi   
mqtt-broker-657c5bf55b-pt69q   1m    31Mi   
mqtt-broker-657c5bf55b-ts7j5   1m    29Mi   
1778224750
mqtt-broker-657c5bf55b-mcpdw   1m    27Mi   
mqtt-broker-657c5bf55b-pt69q   1m    31Mi   
mqtt-broker-657c5bf55b-ts7j5   1m    29Mi   
1778224755
mqtt-broker-657c5bf55b-mcpdw   1m    27Mi   
mqtt-broker-657c5bf55b-pt69q   1m    31Mi   
mqtt-broker-657c5bf55b-ts7j5   1m    29Mi   
1778224760
mqtt-broker-657c5bf55b-mcpdw   1m    27Mi   
mqtt-broker-657c5bf55b-pt69q   1m    31Mi   
mqtt-broker-657c5bf55b-ts7j5   1m    29Mi   
1778224765
mqtt-broker-657c5bf55b-mcpdw   1m    27Mi   
mqtt-broker-657c5bf55b-pt69q   1m    31Mi   
mqtt-broker-657c5bf55b-ts7j5   1m    29Mi   
1778224771
mqtt-broker-657c5bf55b-mcpdw   1m    27Mi   
mqtt-broker-657c5bf55b-pt69q   1m    31Mi   
mqtt-broker-657c5bf55b-ts7j5   1m    29Mi   
1778224776
mqtt-broker-657c5bf55b-mcpdw   1m    27Mi   
mqtt-broker-657c5bf55b-pt69q   1m    31Mi   
mqtt-broker-657c5bf55b-ts7j5   1m    29Mi   
1778224781
mqtt-broker-657c5bf55b-mcpdw   1m    27Mi   
mqtt-broker-657c5bf55b-pt69q   1m    31Mi   
mqtt-broker-657c5bf55b-ts7j5   1m    29Mi   
1778224786
mqtt-broker-657c5bf55b-mcpdw   1m    27Mi   
mqtt-broker-657c5bf55b-pt69q   1m    31Mi   
mqtt-broker-657c5bf55b-ts7j5   1m    29Mi   
1778224791
mqtt-broker-657c5bf55b-mcpdw   1m    27Mi   
mqtt-broker-657c5bf55b-pt69q   1m    31Mi   
mqtt-broker-657c5bf55b-ts7j5   1m    29Mi   
1778224797
mqtt-broker-657c5bf55b-mcpdw   1m    27Mi   
mqtt-broker-657c5bf55b-pt69q   1m    31Mi   
mqtt-broker-657c5bf55b-ts7j5   1m    29Mi   
1778224802
mqtt-broker-657c5bf55b-mcpdw   1m    27Mi   
mqtt-broker-657c5bf55b-pt69q   1m    31Mi   
mqtt-broker-657c5bf55b-ts7j5   1m    29Mi   
1778224807
mqtt-broker-657c5bf55b-mcpdw   1m    27Mi   
mqtt-broker-657c5bf55b-pt69q   1m    31Mi   
mqtt-broker-657c5bf55b-ts7j5   1m    29Mi   
1778224812
mqtt-broker-657c5bf55b-mcpdw   1m    27Mi   
mqtt-broker-657c5bf55b-pt69q   1m    31Mi   
mqtt-broker-657c5bf55b-ts7j5   1m    29Mi   
1778224818
mqtt-broker-657c5bf55b-mcpdw   1m    27Mi   
mqtt-broker-657c5bf55b-pt69q   1m    31Mi   
mqtt-broker-657c5bf55b-ts7j5   1m    29Mi   
1778224823
mqtt-broker-657c5bf55b-mcpdw   1m    27Mi   
mqtt-broker-657c5bf55b-pt69q   1m    31Mi   
mqtt-broker-657c5bf55b-ts7j5   1m    29Mi   
1778224828
mqtt-broker-657c5bf55b-mcpdw   1m    27Mi   
mqtt-broker-657c5bf55b-pt69q   1m    31Mi   
mqtt-broker-657c5bf55b-ts7j5   1m    29Mi   
1778224833
mqtt-broker-657c5bf55b-mcpdw   1m    27Mi   
mqtt-broker-657c5bf55b-pt69q   1m    31Mi   
mqtt-broker-657c5bf55b-ts7j5   1m    29Mi   
1778224838
mqtt-broker-657c5bf55b-mcpdw   1m    27Mi   
mqtt-broker-657c5bf55b-pt69q   1m    31Mi   
mqtt-broker-657c5bf55b-ts7j5   1m    29Mi   
1778224844
mqtt-broker-657c5bf55b-mcpdw   1m    27Mi   
mqtt-broker-657c5bf55b-pt69q   1m    31Mi   
1778224849
mqtt-broker-657c5bf55b-mcpdw   1m    27Mi   
1778224854
mqtt-broker-657c5bf55b-mcpdw   1m    27Mi   
1778224859
mqtt-broker-657c5bf55b-mcpdw   1m    27Mi   
1778224864
mqtt-broker-657c5bf55b-mcpdw   1m    27Mi   
1778224870
mqtt-broker-657c5bf55b-mcpdw   1m    27Mi   
1778224875
mqtt-broker-657c5bf55b-mcpdw   1m    27Mi   
1778224880
mqtt-broker-657c5bf55b-mcpdw   1m    27Mi   
1778224885
mqtt-broker-657c5bf55b-mcpdw   1m    27Mi   
1778224891
mqtt-broker-657c5bf55b-mcpdw   1m    27Mi   
1778224896
mqtt-broker-657c5bf55b-mcpdw   1m    27Mi   
1778224901
mqtt-broker-657c5bf55b-mcpdw   1m    27Mi   
1778224906
mqtt-broker-657c5bf55b-mcpdw   1m    27Mi   
1778224911
mqtt-broker-657c5bf55b-mcpdw   1m    27Mi   
1778224917
mqtt-broker-657c5bf55b-mcpdw   1m    27Mi   
1778224922
mqtt-broker-657c5bf55b-mcpdw   1m    27Mi   
1778224927
mqtt-broker-657c5bf55b-mcpdw   1m    27Mi   
1778224932
mqtt-broker-657c5bf55b-mcpdw   1m    27Mi   
1778224937
mqtt-broker-657c5bf55b-mcpdw   1m    27Mi   
1778224943
mqtt-broker-657c5bf55b-mcpdw   1m    27Mi   
1778224948
mqtt-broker-657c5bf55b-mcpdw   1m    27Mi   
1778224953
mqtt-broker-657c5bf55b-mcpdw   1m    27Mi   
1778224958
mqtt-broker-657c5bf55b-mcpdw   1m    27Mi   
1778224963
mqtt-broker-657c5bf55b-mcpdw   1m    27Mi   
1778224969
mqtt-broker-657c5bf55b-mcpdw   1m    27Mi   
1778224974
mqtt-broker-657c5bf55b-mcpdw   1m    27Mi   
1778224979
mqtt-broker-657c5bf55b-mcpdw   1m    27Mi   
1778224984
mqtt-broker-657c5bf55b-mcpdw   1m    27Mi   
1778224989
mqtt-broker-657c5bf55b-mcpdw   1m    27Mi   
1778224995
mqtt-broker-657c5bf55b-mcpdw   1m    27Mi   
1778225000
mqtt-broker-657c5bf55b-mcpdw   1m    27Mi   
1778225005
mqtt-broker-657c5bf55b-mcpdw   1m    27Mi   
1778225010
1778225015
1778225020
1778225025
1778225030
1778225036
1778225041
1778225046
1778225051
1778225056
1778225061
1778225066
1778225071
1778225076
1778225081
1778225086
1778225091
1778225096
1778225101
1778225106
1778225112
1778225117
1778225122
1778225127
1778225132
1778225137
1778225142
1778225147
1778225152
1778225157
1778225162
1778225167
1778225172
1778225177
1778225183
1778225188
1778225193
1778225198
1778225203
1778225208
1778225213
1778225218
1778225223
1778225229
1778225234
1778225239
1778225244
1778225249
1778225254
1778225259
1778225264
1778225269
1778225275
1778225280
1778225285
1778225290
1778225295
1778225300
1778225305
1778225310
1778225315
1778225320
1778225325
1778225330
1778225335
1778225340
1778225345
1778225350
1778225355
1778225361
1778225366
1778225371
1778225376
1778225381
1778225386
1778225391
1778225396
1778225401
1778225406
1778225411
1778225416
1778225421
1778225426
1778225431
1778225436
1778225441
1778225446
1778225451
1778225456
1778225461
1778225467
1778225472
1778225477
1778225482
1778225487
1778225492
1778225497
1778225502
1778225507
1778225512
1778225517
1778225522
1778225527
1778225532
1778225537
1778225542
1778225547
1778225552
1778225557
1778225562
1778225567
1778225573
1778225578
1778225583
1778225588
1778225593
1778225598
1778225603
1778225608
1778225613
1778225618
1778225623
1778225628
1778225633
1778225639
1778225644
1778225649
1778225654
1778225659
1778225664
1778225669
1778225674
1778225679
1778225684
1778225689
1778225694
1778225700
1778225705
1778225710
1778225715
1778225720
1778225725
1778225730
1778225735
1778225740
1778225745
1778225750
1778225755
1778225760
1778225765
1778225771
1778225776
1778225781
1778225786
1778225791
1778225796
1778225801
1778225806
1778225811
1778225816
1778225821
1778225826
1778225831
1778225836
1778225841
1778225847
1778225852
1778225857
1778225862
1778225867
1778225872
1778225877
1778225882
1778225887
1778225892
1778225897
1778225902
1778225907
1778225912
1778225917
1778225923
1778225928
1778225933
1778225938
1778225943
1778225948
1778225953
1778225958
1778225963
1778225968
1778225973
1778225978
1778225984
1778225989
1778225994
1778225999
1778226004
1778226009
1778226014
1778226019
1778226024
1778226029
1778226034
1778226039
1778226044
1778226049
1778226055
1778226060
1778226065
1778226070
1778226075
1778226080
1778226085
1778226090
1778226095
1778226100
1778226105
1778226110
1778226115
1778226120
1778226125
1778226131
1778226136
1778226141
1778226146
1778226151
1778226156
1778226161
1778226166
1778226171
1778226176
1778226181
1778226186
1778226191
1778226196
1778226201
1778226206
1778226211
1778226217
1778226222
1778226227
1778226232
1778226237
1778226242
1778226247
1778226252
1778226257
1778226262
1778226267
1778226273
1778226278
1778226283
1778226288
1778226293
1778226298
1778226303
1778226308
1778226313
1778226318
1778226323
1778226328
1778226333
1778226338
1778226343
1778226348
1778226354
1778226359
1778226364
1778226369
1778226374
1778226379
1778226384
1778226389
1778226394
1778226399
1778226404
1778226409
1778226414
1778226419
1778226424
1778226429
1778226434
1778226439
1778226444
1778226449
1778226455
1778226460
1778226465
1778226470
1778226475
1778226480
1778226485
1778226490
1778226495
1778226500
1778226505
1778226510
1778226515
1778226520
1778226525
1778226530
1778226535
1778226540
1778226545
1778226550
1778226555
1778226561
1778226566
1778226571
1778226576
1778226581
1778226586
1778226591
1778226596
1778226601
1778226606
1778226611
1778226616
1778226621
1778226626
1778226631
1778226636
1778226641
1778226647
1778226652
1778226657
1778226662
1778226667
1778226672
1778226677
1778226682
1778226687
1778226692
1778226697
1778226702
1778226707
1778226712
1778226717
1778226722
1778226727
1778226732
1778226737
1778226743
1778226748
1778226753
1778226758
1778226763
1778226768
1778226773
1778226778
1778226783
1778226788
1778226793
1778226798
1778226803
1778226808
1778226813
1778226818
1778226823
1778226829
1778226834
1778226839
1778226844
1778226849
1778226854
1778226859
1778226864
1778226869
1778226874
1778226879
1778226884
1778226889
1778226894
1778226900
1778226905
1778226910
1778226915
1778226920
1778226925
1778226930
1778226935
1778226940
1778226945
1778226950
1778226955
1778226961
1778226966
1778226971
1778226976
1778226981
1778226986
1778226991
1778226996
1778227001
1778227006
1778227011
1778227016
1778227021
1778227027
1778227032
1778227037
1778227042
1778227047
1778227052
1778227057
1778227062
1778227067
1778227072
1778227077
1778227082
1778227087
1778227092
1778227097
1778227102
1778227108
1778227113
1778227118
1778227123
1778227128
1778227133
1778227138
1778227143
1778227148
1778227153
1778227158
1778227163
1778227168
1778227174
1778227179
1778227184
1778227189
1778227194
1778227199
1778227204
1778227209
1778227214
1778227219
1778227224
1778227229
1778227234
1778227240
1778227245
1778227250
1778227255
1778227260
1778227265
1778227270
1778227275
1778227280
1778227285
1778227290
1778227296
1778227301
1778227306
1778227311
1778227316
1778227321
1778227326
1778227331
1778227336
1778227341
1778227346
1778227351
1778227357
1778227362
1778227367
1778227372
1778227377
1778227382
1778227387
1778227392
1778227397
1778227402
1778227407
1778227412
1778227417
1778227422
1778227428
1778227433
1778227438
1778227443
1778227448
1778227453
1778227458
1778227463
1778227468
1778227473
1778227478
1778227484
1778227489
1778227494
1778227499
1778227504
1778227509
1778227514
1778227519
1778227524
1778227529
1778227534
1778227539
1778227545
1778227550
1778227555
1778227560
1778227565
1778227570
1778227575
1778227580
1778227585
1778227590
1778227595
1778227600
1778227605
1778227610
1778227616
1778227621
1778227626
1778227631
1778227636
1778227641
1778227646
1778227651
1778227656
1778227661
1778227666
1778227671
1778227677
1778227682
1778227687
1778227692
1778227697
1778227702
1778227707
1778227712
1778227717
1778227722
1778227727
1778227732
1778227737
1778227742
1778227748
1778227753
1778227758
1778227763
1778227768
1778227773
1778227778
1778227783
1778227788
1778227793
1778227798
1778227803
1778227808
1778227814
1778227819
1778227824
1778227829
1778227834
1778227839
1778227844
1778227849
1778227854
1778227859
1778227864
1778227869
1778227874
1778227880
1778227885
1778227890
1778227895
1778227900
1778227905
1778227910
1778227915
1778227920
1778227925
1778227930
1778227935
1778227941
1778227946
1778227951
1778227956
1778227961
1778227966
1778227971
1778227976
1778227981
1778227986
1778227991
1778227996
1778228001
1778228007
1778228012
1778228017
1778228022
1778228027
1778228032
1778228037
1778228042
1778228047
1778228052
1778228057
1778228062
1778228067
1778228073
1778228078
1778228083
1778228088
1778228093
1778228098
1778228103
1778228108
1778228113
1778228119
1778228124
1778228129
1778228134
1778228139
1778228144
1778228149
1778228154
1778228159
1778228164
1778228169
1778228174
1778228179
1778228184
1778228189
1778228195
1778228200
1778228205
1778228210
1778228215
1778228220
1778228225
1778228230
1778228235
1778228241
1778228246
1778228251
1778228256
1778228261
1778228266
1778228271
1778228277
1778228282
1778228287
1778228292
1778228297
1778228302
1778228308
1778228313
1778228318
1778228323
1778228328
1778228334
1778228339
1778228344
mqtt-broker-58977c7947-v6qcl   35m   21Mi   
1778228349
mqtt-broker-58977c7947-v6qcl   35m   21Mi   
1778228354
mqtt-broker-58977c7947-v6qcl   35m   21Mi   
1778228359
mqtt-broker-58977c7947-v6qcl   1m    21Mi   
1778228364
mqtt-broker-58977c7947-v6qcl   1m    21Mi   
1778228369
mqtt-broker-58977c7947-v6qcl   1m    21Mi   
1778228375
mqtt-broker-58977c7947-v6qcl   4m    23Mi   
1778228380
mqtt-broker-58977c7947-v6qcl   4m    23Mi   
1778228385
mqtt-broker-58977c7947-v6qcl   4m    23Mi   
1778228390
mqtt-broker-58977c7947-v6qcl   15m   25Mi   
1778228395
mqtt-broker-58977c7947-v6qcl   15m   25Mi   
1778228400
mqtt-broker-58977c7947-v6qcl   15m   25Mi   
1778228405
mqtt-broker-58977c7947-8pq2j   36m   22Mi   
mqtt-broker-58977c7947-v6qcl   14m   27Mi   
1778228411
mqtt-broker-58977c7947-8pq2j   36m   22Mi   
mqtt-broker-58977c7947-v6qcl   14m   27Mi   
1778228416
mqtt-broker-58977c7947-8pq2j   36m   22Mi   
mqtt-broker-58977c7947-v6qcl   14m   27Mi   
1778228421
mqtt-broker-58977c7947-8pq2j   16m   25Mi   
mqtt-broker-58977c7947-ltksm   43m   24Mi   
mqtt-broker-58977c7947-v6qcl   17m   28Mi   
1778228426
mqtt-broker-58977c7947-8pq2j   16m   25Mi   
mqtt-broker-58977c7947-ltksm   43m   24Mi   
mqtt-broker-58977c7947-v6qcl   17m   28Mi   
1778228431
mqtt-broker-58977c7947-8pq2j   16m   25Mi   
mqtt-broker-58977c7947-ltksm   43m   24Mi   
mqtt-broker-58977c7947-v6qcl   17m   28Mi   
1778228437
mqtt-broker-58977c7947-8pq2j   13m   25Mi   
mqtt-broker-58977c7947-ltksm   11m   24Mi   
mqtt-broker-58977c7947-v6qcl   11m   28Mi   
1778228442
mqtt-broker-58977c7947-8pq2j   13m   25Mi   
mqtt-broker-58977c7947-ltksm   11m   24Mi   
mqtt-broker-58977c7947-v6qcl   11m   28Mi   
1778228447
mqtt-broker-58977c7947-8pq2j   13m   25Mi   
mqtt-broker-58977c7947-ltksm   11m   24Mi   
mqtt-broker-58977c7947-v6qcl   11m   28Mi   
1778228452
mqtt-broker-58977c7947-8pq2j   7m    25Mi   
mqtt-broker-58977c7947-ltksm   6m    24Mi   
mqtt-broker-58977c7947-v6qcl   8m    27Mi   
1778228457
mqtt-broker-58977c7947-8pq2j   7m    25Mi   
mqtt-broker-58977c7947-ltksm   6m    24Mi   
mqtt-broker-58977c7947-v6qcl   8m    27Mi   
1778228462
mqtt-broker-58977c7947-8pq2j   4m    25Mi   
mqtt-broker-58977c7947-ltksm   3m    24Mi   
mqtt-broker-58977c7947-v6qcl   8m    27Mi   
1778228468
mqtt-broker-58977c7947-8pq2j   4m    25Mi   
mqtt-broker-58977c7947-ltksm   3m    24Mi   
mqtt-broker-58977c7947-v6qcl   8m    27Mi   
1778228473
mqtt-broker-58977c7947-8pq2j   4m    25Mi   
mqtt-broker-58977c7947-ltksm   3m    24Mi   
mqtt-broker-58977c7947-v6qcl   8m    27Mi   
1778228478
mqtt-broker-58977c7947-8pq2j   6m    25Mi   
mqtt-broker-58977c7947-ltksm   4m    25Mi   
mqtt-broker-58977c7947-v6qcl   5m    28Mi   
1778228483
mqtt-broker-58977c7947-8pq2j   6m    25Mi   
mqtt-broker-58977c7947-ltksm   4m    25Mi   
mqtt-broker-58977c7947-v6qcl   5m    28Mi   
1778228488
mqtt-broker-58977c7947-8pq2j   6m    25Mi   
mqtt-broker-58977c7947-ltksm   4m    25Mi   
mqtt-broker-58977c7947-v6qcl   5m    28Mi   
1778228494
mqtt-broker-58977c7947-8pq2j   3m    25Mi   
mqtt-broker-58977c7947-ltksm   3m    24Mi   
mqtt-broker-58977c7947-v6qcl   5m    28Mi   
1778228499
mqtt-broker-58977c7947-8pq2j   3m    25Mi   
mqtt-broker-58977c7947-ltksm   3m    24Mi   
mqtt-broker-58977c7947-v6qcl   5m    28Mi   
1778228504
mqtt-broker-58977c7947-8pq2j   3m    25Mi   
mqtt-broker-58977c7947-ltksm   3m    24Mi   
mqtt-broker-58977c7947-v6qcl   5m    28Mi   
1778228509
mqtt-broker-58977c7947-8pq2j   1m    25Mi   
mqtt-broker-58977c7947-ltksm   1m    24Mi   
mqtt-broker-58977c7947-v6qcl   4m    28Mi   
1778228514
mqtt-broker-58977c7947-8pq2j   1m    25Mi   
mqtt-broker-58977c7947-ltksm   1m    24Mi   
mqtt-broker-58977c7947-v6qcl   4m    28Mi   
1778228520
mqtt-broker-58977c7947-8pq2j   1m    25Mi   
mqtt-broker-58977c7947-ltksm   1m    24Mi   
mqtt-broker-58977c7947-v6qcl   4m    28Mi   
1778228525
mqtt-broker-58977c7947-8pq2j   2m    26Mi   
mqtt-broker-58977c7947-ltksm   1m    24Mi   
mqtt-broker-58977c7947-v6qcl   4m    28Mi   
1778228530
mqtt-broker-58977c7947-8pq2j   2m    26Mi   
mqtt-broker-58977c7947-ltksm   1m    24Mi   
mqtt-broker-58977c7947-v6qcl   4m    28Mi   
1778228535
mqtt-broker-58977c7947-8pq2j   2m    26Mi   
mqtt-broker-58977c7947-ltksm   1m    24Mi   
mqtt-broker-58977c7947-v6qcl   4m    28Mi   
1778228540
mqtt-broker-58977c7947-8pq2j   4m    26Mi   
mqtt-broker-58977c7947-ltksm   3m    25Mi   
mqtt-broker-58977c7947-v6qcl   4m    28Mi   
1778228546
mqtt-broker-58977c7947-8pq2j   4m    26Mi   
mqtt-broker-58977c7947-ltksm   3m    25Mi   
mqtt-broker-58977c7947-v6qcl   4m    28Mi   
1778228551
mqtt-broker-58977c7947-8pq2j   4m    26Mi   
mqtt-broker-58977c7947-ltksm   3m    25Mi   
mqtt-broker-58977c7947-v6qcl   4m    28Mi   
1778228556
mqtt-broker-58977c7947-8pq2j   2m    25Mi   
mqtt-broker-58977c7947-ltksm   3m    25Mi   
mqtt-broker-58977c7947-v6qcl   4m    29Mi   
1778228562
mqtt-broker-58977c7947-8pq2j   2m    25Mi   
mqtt-broker-58977c7947-ltksm   3m    25Mi   
mqtt-broker-58977c7947-v6qcl   4m    29Mi   
1778228567
mqtt-broker-58977c7947-8pq2j   2m    25Mi   
mqtt-broker-58977c7947-ltksm   3m    25Mi   
mqtt-broker-58977c7947-v6qcl   4m    29Mi   
1778228572
mqtt-broker-58977c7947-8pq2j   2m    25Mi   
mqtt-broker-58977c7947-ltksm   1m    24Mi   
mqtt-broker-58977c7947-v6qcl   6m    28Mi   
1778228577
mqtt-broker-58977c7947-8pq2j   2m    25Mi   
mqtt-broker-58977c7947-ltksm   1m    24Mi   
mqtt-broker-58977c7947-v6qcl   6m    28Mi   
1778228582
mqtt-broker-58977c7947-8pq2j   1m    25Mi   
mqtt-broker-58977c7947-ltksm   1m    24Mi   
mqtt-broker-58977c7947-v6qcl   1m    28Mi   
1778228588
mqtt-broker-58977c7947-8pq2j   1m    25Mi   
mqtt-broker-58977c7947-ltksm   1m    24Mi   
mqtt-broker-58977c7947-v6qcl   1m    28Mi   
1778228593
mqtt-broker-58977c7947-8pq2j   1m    25Mi   
mqtt-broker-58977c7947-ltksm   1m    24Mi   
mqtt-broker-58977c7947-v6qcl   1m    28Mi   
1778228598
mqtt-broker-58977c7947-8pq2j   1m    25Mi   
mqtt-broker-58977c7947-ltksm   1m    24Mi   
mqtt-broker-58977c7947-v6qcl   1m    28Mi   
1778228603
mqtt-broker-58977c7947-8pq2j   1m    25Mi   
mqtt-broker-58977c7947-ltksm   1m    24Mi   
mqtt-broker-58977c7947-v6qcl   1m    28Mi   
1778228609
mqtt-broker-58977c7947-8pq2j   1m    25Mi   
mqtt-broker-58977c7947-ltksm   1m    24Mi   
mqtt-broker-58977c7947-v6qcl   1m    28Mi   
1778228614
mqtt-broker-58977c7947-8pq2j   2m    25Mi   
mqtt-broker-58977c7947-ltksm   2m    24Mi   
mqtt-broker-58977c7947-v6qcl   3m    28Mi   
1778228619
mqtt-broker-58977c7947-8pq2j   2m    25Mi   
mqtt-broker-58977c7947-ltksm   2m    24Mi   
mqtt-broker-58977c7947-v6qcl   3m    28Mi   
1778228624
mqtt-broker-58977c7947-8pq2j   2m    25Mi   
mqtt-broker-58977c7947-ltksm   2m    24Mi   
mqtt-broker-58977c7947-v6qcl   3m    28Mi   
1778228630
mqtt-broker-58977c7947-8pq2j   1m    25Mi   
mqtt-broker-58977c7947-ltksm   1m    24Mi   
mqtt-broker-58977c7947-v6qcl   6m    28Mi   
1778228635
mqtt-broker-58977c7947-8pq2j   1m    25Mi   
mqtt-broker-58977c7947-ltksm   1m    24Mi   
mqtt-broker-58977c7947-v6qcl   6m    28Mi   
1778228640
mqtt-broker-58977c7947-8pq2j   1m    25Mi   
mqtt-broker-58977c7947-ltksm   1m    24Mi   
mqtt-broker-58977c7947-v6qcl   6m    28Mi   
1778228645
mqtt-broker-58977c7947-8pq2j   1m    25Mi   
mqtt-broker-58977c7947-ltksm   1m    24Mi   
mqtt-broker-58977c7947-v6qcl   2m    28Mi   
1778228651
mqtt-broker-58977c7947-8pq2j   1m    25Mi   
mqtt-broker-58977c7947-ltksm   1m    24Mi   
mqtt-broker-58977c7947-v6qcl   2m    28Mi   
1778228656
mqtt-broker-58977c7947-8pq2j   1m    25Mi   
mqtt-broker-58977c7947-ltksm   1m    24Mi   
mqtt-broker-58977c7947-v6qcl   2m    28Mi   
1778228661
mqtt-broker-58977c7947-8pq2j   2m    25Mi   
mqtt-broker-58977c7947-ltksm   2m    24Mi   
mqtt-broker-58977c7947-v6qcl   2m    28Mi   
1778228666
mqtt-broker-58977c7947-8pq2j   2m    25Mi   
mqtt-broker-58977c7947-ltksm   2m    24Mi   
mqtt-broker-58977c7947-v6qcl   2m    28Mi   
1778228671
mqtt-broker-58977c7947-8pq2j   2m    25Mi   
mqtt-broker-58977c7947-ltksm   2m    24Mi   
mqtt-broker-58977c7947-v6qcl   2m    28Mi   
1778228677
mqtt-broker-58977c7947-8pq2j   5m    25Mi   
mqtt-broker-58977c7947-ltksm   4m    24Mi   
mqtt-broker-58977c7947-v6qcl   4m    28Mi   
1778228682
mqtt-broker-58977c7947-8pq2j   5m    25Mi   
mqtt-broker-58977c7947-ltksm   4m    24Mi   
mqtt-broker-58977c7947-v6qcl   4m    28Mi   
1778228687
mqtt-broker-58977c7947-8pq2j   5m    25Mi   
mqtt-broker-58977c7947-ltksm   4m    24Mi   
mqtt-broker-58977c7947-v6qcl   4m    28Mi   
1778228692
mqtt-broker-58977c7947-8pq2j   4m    25Mi   
mqtt-broker-58977c7947-ltksm   4m    24Mi   
mqtt-broker-58977c7947-v6qcl   10m   28Mi   
1778228697
mqtt-broker-58977c7947-8pq2j   4m    25Mi   
mqtt-broker-58977c7947-ltksm   4m    24Mi   
mqtt-broker-58977c7947-v6qcl   10m   28Mi   
1778228703
mqtt-broker-58977c7947-8pq2j   2m    25Mi   
mqtt-broker-58977c7947-ltksm   4m    24Mi   
mqtt-broker-58977c7947-v6qcl   6m    28Mi   
1778228708
mqtt-broker-58977c7947-8pq2j   2m    25Mi   
mqtt-broker-58977c7947-ltksm   4m    24Mi   
mqtt-broker-58977c7947-v6qcl   6m    28Mi   
1778228713
mqtt-broker-58977c7947-8pq2j   2m    25Mi   
mqtt-broker-58977c7947-ltksm   4m    24Mi   
mqtt-broker-58977c7947-v6qcl   6m    28Mi   
1778228718
mqtt-broker-58977c7947-8pq2j   25m   26Mi   
mqtt-broker-58977c7947-ltksm   19m   25Mi   
mqtt-broker-58977c7947-v6qcl   21m   29Mi   
1778228723
mqtt-broker-58977c7947-8pq2j   25m   26Mi   
mqtt-broker-58977c7947-ltksm   19m   25Mi   
mqtt-broker-58977c7947-v6qcl   21m   29Mi   
1778228729
mqtt-broker-58977c7947-8pq2j   25m   26Mi   
mqtt-broker-58977c7947-ltksm   19m   25Mi   
mqtt-broker-58977c7947-v6qcl   21m   29Mi   
1778228734
mqtt-broker-58977c7947-8pq2j   17m   25Mi   
mqtt-broker-58977c7947-ltksm   6m    25Mi   
mqtt-broker-58977c7947-v6qcl   23m   30Mi   
1778228739
mqtt-broker-58977c7947-8pq2j   17m   25Mi   
mqtt-broker-58977c7947-ltksm   6m    25Mi   
mqtt-broker-58977c7947-v6qcl   23m   30Mi   
1778228744
mqtt-broker-58977c7947-8pq2j   17m   25Mi   
mqtt-broker-58977c7947-ltksm   6m    25Mi   
mqtt-broker-58977c7947-v6qcl   23m   30Mi   
1778228749
mqtt-broker-58977c7947-8pq2j   9m    25Mi   
mqtt-broker-58977c7947-ltksm   11m   26Mi   
mqtt-broker-58977c7947-v6qcl   12m   31Mi   
1778228755
mqtt-broker-58977c7947-8pq2j   9m    25Mi   
mqtt-broker-58977c7947-ltksm   11m   26Mi   
mqtt-broker-58977c7947-v6qcl   12m   31Mi   
1778228760
mqtt-broker-58977c7947-8pq2j   9m    25Mi   
mqtt-broker-58977c7947-ltksm   11m   26Mi   
mqtt-broker-58977c7947-v6qcl   12m   31Mi   
1778228765
mqtt-broker-58977c7947-8pq2j   4m    26Mi   
mqtt-broker-58977c7947-ltksm   11m   26Mi   
mqtt-broker-58977c7947-v6qcl   5m    31Mi   
1778228770
mqtt-broker-58977c7947-8pq2j   4m    26Mi   
mqtt-broker-58977c7947-ltksm   11m   26Mi   
mqtt-broker-58977c7947-v6qcl   5m    31Mi   
1778228775
mqtt-broker-58977c7947-8pq2j   4m    26Mi   
mqtt-broker-58977c7947-ltksm   11m   26Mi   
mqtt-broker-58977c7947-v6qcl   5m    31Mi   
1778228781
mqtt-broker-58977c7947-8pq2j   4m    26Mi   
mqtt-broker-58977c7947-ltksm   2m    25Mi   
mqtt-broker-58977c7947-v6qcl   5m    31Mi   
1778228786
mqtt-broker-58977c7947-8pq2j   4m    26Mi   
mqtt-broker-58977c7947-ltksm   2m    25Mi   
mqtt-broker-58977c7947-v6qcl   5m    31Mi   
1778228791
mqtt-broker-58977c7947-8pq2j   4m    26Mi   
mqtt-broker-58977c7947-ltksm   2m    25Mi   
mqtt-broker-58977c7947-v6qcl   5m    31Mi   
1778228796
mqtt-broker-58977c7947-8pq2j   10m   26Mi   
mqtt-broker-58977c7947-ltksm   11m   26Mi   
mqtt-broker-58977c7947-v6qcl   12m   32Mi   
1778228801
mqtt-broker-58977c7947-8pq2j   10m   26Mi   
mqtt-broker-58977c7947-ltksm   11m   26Mi   
mqtt-broker-58977c7947-v6qcl   12m   32Mi   
1778228807
mqtt-broker-58977c7947-8pq2j   10m   26Mi   
mqtt-broker-58977c7947-ltksm   11m   26Mi   
mqtt-broker-58977c7947-v6qcl   12m   32Mi   
1778228812
mqtt-broker-58977c7947-8pq2j   3m    27Mi   
mqtt-broker-58977c7947-ltksm   2m    25Mi   
mqtt-broker-58977c7947-v6qcl   4m    33Mi   
1778228817
mqtt-broker-58977c7947-8pq2j   3m    27Mi   
mqtt-broker-58977c7947-ltksm   2m    25Mi   
mqtt-broker-58977c7947-v6qcl   4m    33Mi   
1778228822
mqtt-broker-58977c7947-8pq2j   3m    27Mi   
mqtt-broker-58977c7947-ltksm   2m    25Mi   
mqtt-broker-58977c7947-v6qcl   4m    33Mi   
1778228827
mqtt-broker-58977c7947-8pq2j   1m    26Mi   
mqtt-broker-58977c7947-ltksm   2m    25Mi   
mqtt-broker-58977c7947-v6qcl   5m    32Mi   
1778228833
mqtt-broker-58977c7947-8pq2j   1m    26Mi   
mqtt-broker-58977c7947-ltksm   2m    25Mi   
mqtt-broker-58977c7947-v6qcl   5m    32Mi   
1778228838
mqtt-broker-58977c7947-8pq2j   5m    26Mi   
mqtt-broker-58977c7947-ltksm   1m    25Mi   
mqtt-broker-58977c7947-v6qcl   1m    32Mi   
1778228843
mqtt-broker-58977c7947-8pq2j   5m    26Mi   
mqtt-broker-58977c7947-ltksm   1m    25Mi   
mqtt-broker-58977c7947-v6qcl   1m    32Mi   
1778228848
mqtt-broker-58977c7947-8pq2j   5m    26Mi   
mqtt-broker-58977c7947-ltksm   1m    25Mi   
mqtt-broker-58977c7947-v6qcl   1m    32Mi   
1778228853
mqtt-broker-58977c7947-8pq2j   3m    26Mi   
mqtt-broker-58977c7947-ltksm   6m    26Mi   
mqtt-broker-58977c7947-v6qcl   9m    33Mi   
1778228859
mqtt-broker-58977c7947-8pq2j   3m    26Mi   
mqtt-broker-58977c7947-ltksm   6m    26Mi   
mqtt-broker-58977c7947-v6qcl   9m    33Mi   
1778228864
mqtt-broker-58977c7947-8pq2j   3m    26Mi   
mqtt-broker-58977c7947-ltksm   6m    26Mi   
mqtt-broker-58977c7947-v6qcl   9m    33Mi   
1778228869
mqtt-broker-58977c7947-8pq2j   1m    26Mi   
mqtt-broker-58977c7947-ltksm   1m    26Mi   
mqtt-broker-58977c7947-v6qcl   4m    32Mi   
1778228874
mqtt-broker-58977c7947-8pq2j   1m    26Mi   
mqtt-broker-58977c7947-ltksm   1m    26Mi   
mqtt-broker-58977c7947-v6qcl   4m    32Mi   
1778228879
mqtt-broker-58977c7947-8pq2j   1m    26Mi   
mqtt-broker-58977c7947-ltksm   1m    26Mi   
mqtt-broker-58977c7947-v6qcl   4m    32Mi   
1778228885
mqtt-broker-58977c7947-8pq2j   2m    26Mi   
mqtt-broker-58977c7947-ltksm   1m    26Mi   
mqtt-broker-58977c7947-v6qcl   3m    32Mi   
1778228890
mqtt-broker-58977c7947-8pq2j   2m    26Mi   
mqtt-broker-58977c7947-ltksm   1m    26Mi   
mqtt-broker-58977c7947-v6qcl   3m    32Mi   
1778228895
mqtt-broker-58977c7947-8pq2j   2m    26Mi   
mqtt-broker-58977c7947-ltksm   1m    26Mi   
mqtt-broker-58977c7947-v6qcl   3m    32Mi   
1778228900
mqtt-broker-58977c7947-8pq2j   1m    26Mi   
mqtt-broker-58977c7947-ltksm   1m    25Mi   
mqtt-broker-58977c7947-v6qcl   6m    30Mi   
1778228905
mqtt-broker-58977c7947-8pq2j   1m    26Mi   
mqtt-broker-58977c7947-ltksm   1m    25Mi   
mqtt-broker-58977c7947-v6qcl   6m    30Mi   
1778228911
mqtt-broker-58977c7947-8pq2j   1m    26Mi   
mqtt-broker-58977c7947-ltksm   1m    25Mi   
mqtt-broker-58977c7947-v6qcl   6m    30Mi   
1778228916
mqtt-broker-58977c7947-8pq2j   1m    26Mi   
mqtt-broker-58977c7947-ltksm   1m    25Mi   
mqtt-broker-58977c7947-v6qcl   1m    30Mi   
1778228921
mqtt-broker-58977c7947-8pq2j   1m    26Mi   
mqtt-broker-58977c7947-ltksm   1m    25Mi   
mqtt-broker-58977c7947-v6qcl   1m    30Mi   
1778228926
mqtt-broker-58977c7947-8pq2j   1m    26Mi   
mqtt-broker-58977c7947-ltksm   1m    25Mi   
mqtt-broker-58977c7947-v6qcl   1m    30Mi   
1778228931
mqtt-broker-58977c7947-8pq2j   1m    26Mi   
mqtt-broker-58977c7947-ltksm   1m    25Mi   
mqtt-broker-58977c7947-v6qcl   1m    30Mi   
1778228937
mqtt-broker-58977c7947-8pq2j   1m    26Mi   
mqtt-broker-58977c7947-ltksm   1m    25Mi   
mqtt-broker-58977c7947-v6qcl   1m    30Mi   
1778228942
mqtt-broker-58977c7947-8pq2j   1m    26Mi   
mqtt-broker-58977c7947-ltksm   1m    25Mi   
mqtt-broker-58977c7947-v6qcl   1m    30Mi   
1778228947
mqtt-broker-58977c7947-8pq2j   1m    26Mi   
mqtt-broker-58977c7947-ltksm   1m    25Mi   
mqtt-broker-58977c7947-v6qcl   1m    30Mi   
1778228952
mqtt-broker-58977c7947-8pq2j   1m    26Mi   
mqtt-broker-58977c7947-ltksm   1m    25Mi   
mqtt-broker-58977c7947-v6qcl   1m    30Mi   
1778228957
mqtt-broker-58977c7947-8pq2j   1m    26Mi   
mqtt-broker-58977c7947-ltksm   1m    25Mi   
mqtt-broker-58977c7947-v6qcl   1m    30Mi   
1778228963
mqtt-broker-58977c7947-8pq2j   1m    26Mi   
mqtt-broker-58977c7947-ltksm   1m    25Mi   
mqtt-broker-58977c7947-v6qcl   1m    30Mi   
1778228968
mqtt-broker-58977c7947-8pq2j   1m    26Mi   
mqtt-broker-58977c7947-ltksm   1m    25Mi   
mqtt-broker-58977c7947-v6qcl   1m    30Mi   
1778228973
mqtt-broker-58977c7947-8pq2j   1m    26Mi   
mqtt-broker-58977c7947-ltksm   1m    25Mi   
mqtt-broker-58977c7947-v6qcl   1m    30Mi   
1778228978
mqtt-broker-58977c7947-8pq2j   1m    26Mi   
mqtt-broker-58977c7947-ltksm   1m    25Mi   
mqtt-broker-58977c7947-v6qcl   1m    30Mi   
1778228983
mqtt-broker-58977c7947-8pq2j   1m    26Mi   
mqtt-broker-58977c7947-ltksm   1m    25Mi   
mqtt-broker-58977c7947-v6qcl   1m    30Mi   
1778228989
mqtt-broker-58977c7947-8pq2j   1m    26Mi   
mqtt-broker-58977c7947-ltksm   1m    25Mi   
mqtt-broker-58977c7947-v6qcl   1m    30Mi   
1778228994
mqtt-broker-58977c7947-8pq2j   1m    26Mi   
mqtt-broker-58977c7947-ltksm   1m    25Mi   
mqtt-broker-58977c7947-v6qcl   1m    30Mi   
1778228999
mqtt-broker-58977c7947-8pq2j   1m    26Mi   
mqtt-broker-58977c7947-ltksm   1m    25Mi   
mqtt-broker-58977c7947-v6qcl   1m    30Mi   
1778229004
mqtt-broker-58977c7947-8pq2j   1m    26Mi   
mqtt-broker-58977c7947-ltksm   1m    25Mi   
mqtt-broker-58977c7947-v6qcl   1m    30Mi   
1778229009
mqtt-broker-58977c7947-8pq2j   1m    26Mi   
mqtt-broker-58977c7947-ltksm   1m    25Mi   
mqtt-broker-58977c7947-v6qcl   1m    30Mi   
1778229015
mqtt-broker-58977c7947-8pq2j   1m    26Mi   
mqtt-broker-58977c7947-ltksm   1m    25Mi   
mqtt-broker-58977c7947-v6qcl   1m    30Mi   
1778229020
mqtt-broker-58977c7947-8pq2j   1m    26Mi   
mqtt-broker-58977c7947-ltksm   1m    25Mi   
mqtt-broker-58977c7947-v6qcl   1m    30Mi   
1778229025
mqtt-broker-58977c7947-8pq2j   1m    26Mi   
mqtt-broker-58977c7947-ltksm   1m    25Mi   
mqtt-broker-58977c7947-v6qcl   1m    30Mi   
1778229030
mqtt-broker-58977c7947-8pq2j   1m    26Mi   
mqtt-broker-58977c7947-ltksm   1m    25Mi   
mqtt-broker-58977c7947-v6qcl   1m    30Mi   
1778229035
mqtt-broker-58977c7947-8pq2j   1m    26Mi   
mqtt-broker-58977c7947-ltksm   1m    25Mi   
mqtt-broker-58977c7947-v6qcl   1m    30Mi   
1778229041
mqtt-broker-58977c7947-8pq2j   1m    26Mi   
mqtt-broker-58977c7947-ltksm   1m    25Mi   
mqtt-broker-58977c7947-v6qcl   1m    30Mi   
1778229046
mqtt-broker-58977c7947-8pq2j   1m    26Mi   
mqtt-broker-58977c7947-ltksm   1m    25Mi   
mqtt-broker-58977c7947-v6qcl   1m    30Mi   
1778229051
mqtt-broker-58977c7947-8pq2j   1m    26Mi   
mqtt-broker-58977c7947-ltksm   1m    25Mi   
mqtt-broker-58977c7947-v6qcl   1m    30Mi   
1778229056
mqtt-broker-58977c7947-ltksm   1m    25Mi   
mqtt-broker-58977c7947-v6qcl   1m    30Mi   
1778229062
mqtt-broker-58977c7947-v6qcl   1m    30Mi   
1778229067
mqtt-broker-58977c7947-v6qcl   1m    30Mi   
1778229072
mqtt-broker-58977c7947-v6qcl   1m    30Mi   
1778229077
mqtt-broker-58977c7947-v6qcl   1m    30Mi   
1778229083
mqtt-broker-58977c7947-v6qcl   1m    30Mi   
1778229088
mqtt-broker-58977c7947-v6qcl   1m    30Mi   
1778229093
mqtt-broker-58977c7947-v6qcl   1m    30Mi   
1778229098
mqtt-broker-58977c7947-v6qcl   1m    30Mi   
1778229103
mqtt-broker-58977c7947-v6qcl   1m    30Mi   
1778229109
mqtt-broker-58977c7947-v6qcl   1m    30Mi   
1778229114
mqtt-broker-58977c7947-v6qcl   1m    30Mi   
1778229119
mqtt-broker-58977c7947-v6qcl   1m    30Mi   
1778229124
mqtt-broker-58977c7947-v6qcl   1m    30Mi   
1778229130
mqtt-broker-58977c7947-v6qcl   1m    30Mi   
1778229135
mqtt-broker-58977c7947-v6qcl   1m    30Mi   
1778229140
mqtt-broker-58977c7947-v6qcl   1m    30Mi   
1778229145
mqtt-broker-58977c7947-v6qcl   1m    30Mi   
1778229150
mqtt-broker-58977c7947-v6qcl   1m    30Mi   
1778229156
mqtt-broker-58977c7947-v6qcl   1m    30Mi   
1778229161
mqtt-broker-58977c7947-v6qcl   1m    30Mi   
1778229166
mqtt-broker-58977c7947-v6qcl   1m    30Mi   
1778229171
mqtt-broker-58977c7947-v6qcl   1m    30Mi   
1778229176
mqtt-broker-58977c7947-v6qcl   1m    30Mi   
1778229182
1778229187
1778229192
1778229197
1778229202
1778229207
1778229212
1778229217
1778229222
1778229227
1778229232
1778229237
1778229243
1778229248
1778229253
1778229258
1778229263
1778229268
1778229273
1778229278
1778229283
1778229288
1778229293
1778229298
1778229303
1778229309
1778229314
1778229319
1778229324
1778229329
1778229334
1778229339
1778229344
1778229349
1778229354
1778229359
1778229364
1778229369
1778229374
1778229380
1778229385
1778229390
1778229395
1778229400
1778229405
1778229410
1778229415
1778229420
1778229425
1778229430
1778229435
1778229440
1778229446
1778229451
1778229456
1778229461
1778229466
1778229471
1778229476
1778229481
1778229486
1778229491
1778229496
1778229501
1778229506
1778229512
1778229517
1778229522
1778229527
1778229532
1778229537
1778229542
1778229547
1778229552
1778229557
1778229562
1778229567
1778229572
1778229578
1778229583
1778229588
1778229593
1778229598
1778229603
1778229608
1778229613
1778229618
1778229623
1778229628
1778229633
1778229638
1778229644
1778229649
1778229654
1778229659
1778229664
1778229669
1778229674
1778229679
1778229684
1778229689
1778229694
1778229699
1778229704
1778229710
1778229715
1778229720
1778229725
1778229730
1778229735
1778229740
1778229745
1778229750
1778229755
1778229760
1778229765
1778229770
1778229775
1778229781
1778229786
1778229791
1778229796
1778229801
1778229806
1778229811
1778229816
1778229821
1778229826
1778229831
1778229836
1778229841
1778229847
1778229852
1778229857
1778229862
1778229867
1778229872
1778229877
1778229882
1778229887
1778229892
1778229897
1778229903
1778229908
1778229913
1778229918
1778229923
1778229928
1778229933
1778229938
1778229943
1778229948
1778229953
1778229958
1778229963
1778229969
1778229974
1778229979
1778229984
1778229989
1778229994
1778229999
1778230004
1778230009
1778230014
1778230019
1778230024
1778230030
1778230035
1778230040
1778230045
1778230050
1778230055
1778230060
1778230065
1778230070
1778230075
1778230080
1778230085
1778230091
1778230096
1778230101
1778230106
1778230111
1778230116
1778230121
1778230126
1778230131
1778230136
1778230141
1778230146
1778230151
1778230157
1778230162
1778230167
1778230172
1778230177
1778230182
1778230187
1778230192
1778230197
1778230202
1778230207
1778230213
1778230218
1778230223
1778230228
1778230233
1778230238
1778230243
1778230248
1778230253
1778230258
1778230263
1778230268
1778230273
1778230279
1778230284
1778230289
1778230294
1778230299
1778230304
1778230309
1778230314
1778230319
1778230324
1778230329
1778230335
1778230340
1778230345
1778230350
1778230355
1778230360
1778230365
1778230370
1778230375
1778230380
1778230385
1778230390
1778230396
1778230401
1778230406
1778230411
1778230416
1778230421
1778230426
1778230431
1778230436
1778230441
1778230446
1778230451
1778230457
1778230462
1778230467
1778230472
1778230477
1778230482
1778230487
1778230492
1778230497
1778230502
1778230507
1778230513
1778230518
1778230523
1778230528
1778230533
1778230538
1778230543
1778230548
1778230553
1778230558
1778230563
1778230569
1778230574
1778230579
1778230584
1778230589
1778230594
1778230599
1778230604
1778230609
1778230614
1778230619
1778230624
1778230630
1778230635
1778230640
1778230645
1778230650
1778230655
1778230660
1778230665
1778230670
1778230675
1778230680
1778230685
1778230690
1778230695
1778230700
1778230705
1778230711
1778230716
1778230721
1778230726
1778230731
1778230736
1778230741
1778230746
1778230751
1778230756
1778230761
1778230766
1778230771
1778230777
1778230782
1778230787
1778230792
1778230797
1778230802
1778230807
1778230812
1778230817
1778230822
1778230827
1778230832
1778230838
1778230843
1778230848
1778230853
1778230858
1778230863
1778230868
1778230873
1778230878
1778230883
1778230888
1778230893
1778230899
1778230904
1778230909
1778230914
1778230919
1778230924
1778230929
1778230934
1778230939
1778230944
1778230949
1778230954
1778230960
1778230965
1778230970
1778230975
1778230980
1778230985
1778230990
1778230995
1778231000
1778231005
1778231010
1778231016
1778231021
1778231026
1778231031
1778231036
1778231041
1778231046
1778231051
1778231056
1778231061
1778231066
1778231071
1778231076
1778231082
1778231087
1778231092
1778231097
1778231102
1778231107
1778231112
1778231117
1778231122
1778231127
1778231132
1778231138
1778231143
1778231148
1778231153
1778231158
1778231163
1778231168
1778231173
1778231178
1778231183
1778231188
1778231193
1778231199
1778231204
1778231209
1778231214
1778231219
1778231224
1778231229
1778231234
1778231239
1778231244
1778231250
1778231255
1778231260
1778231265
1778231270
1778231275
1778231280
1778231285
1778231290
1778231295
1778231300
1778231306
1778231311
1778231316
1778231321
1778231326
1778231331
1778231336
1778231341
1778231346
1778231351
1778231356
1778231361
1778231367
1778231372
1778231377
1778231382
1778231387
1778231392
1778231397
1778231402
1778231407
1778231412
1778231417
1778231422
1778231428
1778231433
1778231438
1778231443
1778231448
1778231453
1778231458
1778231463
1778231468
1778231473
1778231478
1778231484
1778231489
1778231494
1778231499
1778231504
1778231509
1778231514
1778231519
1778231524
1778231529
1778231534
1778231539
1778231545
1778231550
1778231555
1778231560
1778231565
1778231570
1778231575
1778231580
1778231585
1778231590
1778231595
1778231601
1778231606
1778231611
1778231616
1778231621
1778231626
1778231631
1778231636
1778231641
1778231646
1778231651
1778231656
1778231662
1778231667
1778231672
1778231677
1778231682
1778231687
1778231692
1778231697
1778231702
1778231707
1778231712
1778231717
1778231723
1778231728
1778231733
1778231738
1778231743
1778231748
1778231753
1778231758
1778231763
1778231768
1778231773
1778231779
1778231784
1778231789
1778231794
1778231799
1778231804
1778231809
1778231814
1778231819
1778231824
1778231829
1778231834
1778231840
1778231845
1778231850
1778231855
1778231860
1778231865
1778231870
1778231875
1778231880
1778231885
1778231890
1778231896
1778231901
1778231906
1778231911
1778231916
1778231921
1778231926
1778231931
1778231936
1778231941
1778231946
1778231951
1778231957
1778231962
1778231967
1778231972
1778231977
1778231982
1778231987
1778231992
1778231997
1778232002
1778232007
1778232013
1778232018
1778232023
1778232028
1778232033
1778232038
1778232043
1778232048
1778232053
1778232058
1778232063
1778232068
1778232073
1778232079
1778232084
1778232089
1778232094
1778232099
1778232104
1778232109
1778232114
1778232119
1778232124
1778232129
1778232135
1778232140
1778232145
1778232150
1778232155
1778232160
1778232165
1778232170
1778232175
1778232180
1778232185
1778232191
1778232196
1778232201
1778232206
1778232211
1778232216
1778232221
1778232226
1778232231
1778232236
1778232241
1778232246
1778232252
1778232257
1778232262
1778232267
1778232272
1778232277
1778232282
1778232287
1778232292
1778232297
1778232302
1778232308
1778232313
1778232318
1778232323
1778232328
1778232333
1778232338
1778232343
1778232348
1778232353
1778232358
1778232363
1778232368
1778232373
1778232378
1778232383
1778232388
1778232394
1778232399
1778232404
1778232409
1778232414
1778232419
1778232424
1778232429
1778232434
1778232439
1778232444
1778232450
1778232455
1778232460
1778232465
1778232470
1778232475
1778232480
1778232485
1778232490
1778232495
1778232500
1778232506
1778232511
1778232516
1778232521
1778232526
1778232531
1778232536
1778232541
1778232546
1778232551
1778232556
1778232561
1778232566
1778232572
1778232577
1778232582
1778232587
1778232592
1778232597
1778232602
1778232607
1778232612
1778232617
1778232622
1778232627
1778232632
1778232638
1778232643
1778232648
1778232653
1778232658
1778232663
1778232668
1778232673
1778232678
1778232683
1778232688
1778232694
1778232699
1778232704
1778232709
1778232714
1778232719
1778232724
1778232729
1778232734
1778232739
1778232744
1778232750
1778232755
1778232760
1778232765
1778232770
1778232775
1778232780
1778232785
1778232790
1778232795
1778232800
1778232805
1778232810
1778232816
1778232821
1778232826
1778232831
1778232836
1778232841
1778232846
1778232851
1778232856
1778232861
1778232866
1778232871
1778232877
1778232882
1778232887
1778232892
1778232897
1778232902
1778232907
1778232912
1778232917
1778232922
1778232927
1778232932
1778232938
1778232943
1778232948
1778232953
1778232958
1778232963
1778232968
1778232973
1778232978
1778232983
1778232988
1778232994
1778232999
1778233004
1778233009
1778233014
1778233019
1778233024
1778233029
1778233034
1778233039
1778233044
1778233050
1778233055
1778233060
1778233065
1778233070
1778233075
1778233080
1778233085
1778233090
1778233095
1778233100
1778233105
1778233111
1778233116
1778233121
1778233126
1778233131
1778233136
1778233141
1778233146
1778233151
1778233156
1778233161
1778233166
1778233171
1778233177
1778233182
1778233187
1778233192
1778233197
1778233202
1778233207
1778233212
1778233217
1778233222
1778233227
1778233232
1778233238
1778233243
1778233248
1778233253
1778233258
1778233263
1778233268
1778233273
1778233278
1778233283
1778233288
1778233293
1778233299
1778233304
1778233309
1778233314
1778233319
1778233324
1778233329
1778233334
1778233339
1778233345
1778233350
1778233355
1778233360
1778233365
1778233370
1778233375
1778233380
1778233385
1778233390
1778233395
1778233400
1778233405
1778233410
1778233416
1778233421
1778233426
1778233431
1778233436
1778233441
1778233446
1778233451
1778233456
1778233461
1778233466
1778233471
1778233476
1778233481
1778233486
1778233491
1778233496
1778233501
1778233506
1778233511
1778233517
1778233522
1778233527
1778233532
1778233537
1778233542
1778233547
1778233552
1778233557
1778233562
1778233567
1778233572
1778233577
1778233582
1778233587
1778233593
1778233598
1778233603
1778233608
1778233613
1778233618
1778233623
1778233628
1778233633
1778233638
1778233643
1778233648
1778233653
1778233659
1778233664
1778233669
1778233674
1778233679
1778233684
1778233689
1778233694
1778233699
1778233705
1778233710
1778233715
1778233720
1778233725
1778233730
1778233735
1778233740
1778233745
1778233750
1778233755
1778233760
1778233765
1778233770
1778233775
1778233780
1778233786
1778233791
1778233796
1778233801
1778233806
1778233811
1778233816
1778233821
1778233826
1778233831
1778233836
1778233841
1778233846
1778233851
1778233856
1778233861
1778233866
1778233871
1778233877
1778233882
1778233887
1778233892
1778233897
1778233902
1778233907
1778233912
1778233917
1778233923
1778233928
1778233933
1778233938
1778233943
1778233948
1778233953
1778233959
1778233964
1778233969
1778233974
1778233979
1778233984
1778233989
1778233995
1778234000
1778234005
1778234010
1778234016
1778234021
1778234026
1778234031
1778234036
1778234041
mqtt-broker-58977c7947-tszbt   33m   21Mi   
1778234047
mqtt-broker-58977c7947-tszbt   33m   21Mi   
1778234052
mqtt-broker-58977c7947-tszbt   33m   21Mi   
1778234057
mqtt-broker-58977c7947-tszbt   0m    20Mi   
1778234062
mqtt-broker-58977c7947-tszbt   0m    20Mi   
1778234067
mqtt-broker-58977c7947-tszbt   0m    20Mi   
1778234072
mqtt-broker-58977c7947-tszbt   9m    24Mi   
1778234077
mqtt-broker-58977c7947-tszbt   9m    24Mi   
1778234082
mqtt-broker-58977c7947-mpq8z   35m   23Mi   
mqtt-broker-58977c7947-tszbt   13m   26Mi   
1778234088
mqtt-broker-58977c7947-mpq8z   35m   23Mi   
mqtt-broker-58977c7947-tszbt   13m   26Mi   
1778234093
mqtt-broker-58977c7947-mpq8z   35m   23Mi   
mqtt-broker-58977c7947-tszbt   13m   26Mi   
1778234098
mqtt-broker-58977c7947-c24gj   36m   24Mi   
mqtt-broker-58977c7947-mpq8z   15m   24Mi   
mqtt-broker-58977c7947-tszbt   16m   27Mi   
1778234103
mqtt-broker-58977c7947-c24gj   36m   24Mi   
mqtt-broker-58977c7947-mpq8z   15m   24Mi   
mqtt-broker-58977c7947-tszbt   16m   27Mi   
1778234108
mqtt-broker-58977c7947-c24gj   36m   24Mi   
mqtt-broker-58977c7947-mpq8z   15m   24Mi   
mqtt-broker-58977c7947-tszbt   16m   27Mi   
1778234113
mqtt-broker-58977c7947-c24gj   11m   24Mi   
mqtt-broker-58977c7947-mpq8z   11m   25Mi   
mqtt-broker-58977c7947-tszbt   16m   28Mi   
1778234118
mqtt-broker-58977c7947-c24gj   11m   24Mi   
mqtt-broker-58977c7947-mpq8z   11m   25Mi   
mqtt-broker-58977c7947-tszbt   16m   28Mi   
1778234123
mqtt-broker-58977c7947-c24gj   11m   24Mi   
mqtt-broker-58977c7947-mpq8z   11m   25Mi   
mqtt-broker-58977c7947-tszbt   16m   28Mi   
1778234129
mqtt-broker-58977c7947-c24gj   11m   24Mi   
mqtt-broker-58977c7947-mpq8z   5m    25Mi   
mqtt-broker-58977c7947-tszbt   9m    28Mi   
1778234134
mqtt-broker-58977c7947-c24gj   11m   24Mi   
mqtt-broker-58977c7947-mpq8z   5m    25Mi   
mqtt-broker-58977c7947-tszbt   9m    28Mi   
1778234139
mqtt-broker-58977c7947-c24gj   11m   24Mi   
mqtt-broker-58977c7947-mpq8z   5m    25Mi   
mqtt-broker-58977c7947-tszbt   9m    28Mi   
1778234144
mqtt-broker-58977c7947-c24gj   5m    24Mi   
mqtt-broker-58977c7947-mpq8z   4m    25Mi   
mqtt-broker-58977c7947-tszbt   6m    28Mi   
1778234149
mqtt-broker-58977c7947-c24gj   5m    24Mi   
mqtt-broker-58977c7947-mpq8z   4m    25Mi   
mqtt-broker-58977c7947-tszbt   6m    28Mi   
1778234154
mqtt-broker-58977c7947-c24gj   5m    24Mi   
mqtt-broker-58977c7947-mpq8z   4m    25Mi   
mqtt-broker-58977c7947-tszbt   6m    28Mi   
1778234159
mqtt-broker-58977c7947-c24gj   3m    25Mi   
mqtt-broker-58977c7947-mpq8z   3m    25Mi   
mqtt-broker-58977c7947-tszbt   4m    28Mi   
1778234164
mqtt-broker-58977c7947-c24gj   3m    25Mi   
mqtt-broker-58977c7947-mpq8z   3m    25Mi   
mqtt-broker-58977c7947-tszbt   4m    28Mi   
1778234170
mqtt-broker-58977c7947-c24gj   3m    25Mi   
mqtt-broker-58977c7947-mpq8z   3m    25Mi   
mqtt-broker-58977c7947-tszbt   4m    28Mi   
1778234175
mqtt-broker-58977c7947-c24gj   3m    25Mi   
mqtt-broker-58977c7947-mpq8z   4m    25Mi   
mqtt-broker-58977c7947-tszbt   4m    28Mi   
1778234180
mqtt-broker-58977c7947-c24gj   3m    25Mi   
mqtt-broker-58977c7947-mpq8z   4m    25Mi   
mqtt-broker-58977c7947-tszbt   4m    28Mi   
1778234185
mqtt-broker-58977c7947-c24gj   3m    25Mi   
mqtt-broker-58977c7947-mpq8z   4m    25Mi   
mqtt-broker-58977c7947-tszbt   4m    28Mi   
1778234190
mqtt-broker-58977c7947-c24gj   1m    24Mi   
mqtt-broker-58977c7947-mpq8z   1m    25Mi   
mqtt-broker-58977c7947-tszbt   3m    28Mi   
1778234195
mqtt-broker-58977c7947-c24gj   1m    24Mi   
mqtt-broker-58977c7947-mpq8z   1m    25Mi   
mqtt-broker-58977c7947-tszbt   3m    28Mi   
1778234200
mqtt-broker-58977c7947-c24gj   1m    24Mi   
mqtt-broker-58977c7947-mpq8z   1m    25Mi   
mqtt-broker-58977c7947-tszbt   3m    28Mi   
1778234205
mqtt-broker-58977c7947-c24gj   1m    24Mi   
mqtt-broker-58977c7947-mpq8z   1m    25Mi   
mqtt-broker-58977c7947-tszbt   4m    28Mi   
1778234211
mqtt-broker-58977c7947-c24gj   1m    24Mi   
mqtt-broker-58977c7947-mpq8z   1m    25Mi   
mqtt-broker-58977c7947-tszbt   4m    28Mi   
1778234216
mqtt-broker-58977c7947-c24gj   1m    24Mi   
mqtt-broker-58977c7947-mpq8z   1m    25Mi   
mqtt-broker-58977c7947-tszbt   4m    28Mi   
1778234221
mqtt-broker-58977c7947-c24gj   2m    25Mi   
mqtt-broker-58977c7947-mpq8z   2m    25Mi   
mqtt-broker-58977c7947-tszbt   2m    28Mi   
1778234226
mqtt-broker-58977c7947-c24gj   2m    25Mi   
mqtt-broker-58977c7947-mpq8z   2m    25Mi   
mqtt-broker-58977c7947-tszbt   2m    28Mi   
1778234231
mqtt-broker-58977c7947-c24gj   2m    25Mi   
mqtt-broker-58977c7947-mpq8z   2m    25Mi   
mqtt-broker-58977c7947-tszbt   2m    28Mi   
1778234236
mqtt-broker-58977c7947-c24gj   3m    25Mi   
mqtt-broker-58977c7947-mpq8z   2m    25Mi   
mqtt-broker-58977c7947-tszbt   3m    28Mi   
1778234241
mqtt-broker-58977c7947-c24gj   3m    25Mi   
mqtt-broker-58977c7947-mpq8z   2m    25Mi   
mqtt-broker-58977c7947-tszbt   3m    28Mi   
1778234246
mqtt-broker-58977c7947-c24gj   3m    25Mi   
mqtt-broker-58977c7947-mpq8z   2m    25Mi   
mqtt-broker-58977c7947-tszbt   3m    28Mi   
1778234252
mqtt-broker-58977c7947-c24gj   2m    25Mi   
mqtt-broker-58977c7947-mpq8z   1m    25Mi   
mqtt-broker-58977c7947-tszbt   4m    29Mi   
1778234257
mqtt-broker-58977c7947-c24gj   2m    25Mi   
mqtt-broker-58977c7947-mpq8z   1m    25Mi   
mqtt-broker-58977c7947-tszbt   4m    29Mi   
1778234262
mqtt-broker-58977c7947-c24gj   2m    25Mi   
mqtt-broker-58977c7947-mpq8z   1m    25Mi   
mqtt-broker-58977c7947-tszbt   4m    29Mi   
1778234267
mqtt-broker-58977c7947-c24gj   1m    24Mi   
mqtt-broker-58977c7947-mpq8z   1m    25Mi   
mqtt-broker-58977c7947-tszbt   2m    28Mi   
1778234272
mqtt-broker-58977c7947-c24gj   1m    24Mi   
mqtt-broker-58977c7947-mpq8z   1m    25Mi   
mqtt-broker-58977c7947-tszbt   2m    28Mi   
1778234277
mqtt-broker-58977c7947-c24gj   1m    24Mi   
mqtt-broker-58977c7947-mpq8z   1m    25Mi   
mqtt-broker-58977c7947-tszbt   2m    28Mi   
1778234282
mqtt-broker-58977c7947-c24gj   1m    24Mi   
mqtt-broker-58977c7947-mpq8z   1m    25Mi   
mqtt-broker-58977c7947-tszbt   2m    28Mi   
1778234287
mqtt-broker-58977c7947-c24gj   1m    24Mi   
mqtt-broker-58977c7947-mpq8z   1m    25Mi   
mqtt-broker-58977c7947-tszbt   2m    28Mi   
1778234293
mqtt-broker-58977c7947-c24gj   1m    24Mi   
mqtt-broker-58977c7947-mpq8z   1m    25Mi   
mqtt-broker-58977c7947-tszbt   1m    28Mi   
1778234298
mqtt-broker-58977c7947-c24gj   1m    24Mi   
mqtt-broker-58977c7947-mpq8z   1m    25Mi   
mqtt-broker-58977c7947-tszbt   1m    28Mi   
1778234303
mqtt-broker-58977c7947-c24gj   1m    24Mi   
mqtt-broker-58977c7947-mpq8z   1m    25Mi   
mqtt-broker-58977c7947-tszbt   1m    28Mi   
1778234308
mqtt-broker-58977c7947-c24gj   1m    25Mi   
mqtt-broker-58977c7947-mpq8z   1m    25Mi   
mqtt-broker-58977c7947-tszbt   4m    28Mi   
1778234313
mqtt-broker-58977c7947-c24gj   1m    25Mi   
mqtt-broker-58977c7947-mpq8z   1m    25Mi   
mqtt-broker-58977c7947-tszbt   4m    28Mi   
1778234318
mqtt-broker-58977c7947-c24gj   1m    25Mi   
mqtt-broker-58977c7947-mpq8z   1m    25Mi   
mqtt-broker-58977c7947-tszbt   4m    28Mi   
1778234323
mqtt-broker-58977c7947-c24gj   1m    24Mi   
mqtt-broker-58977c7947-mpq8z   1m    25Mi   
mqtt-broker-58977c7947-tszbt   3m    28Mi   
1778234328
mqtt-broker-58977c7947-c24gj   1m    24Mi   
mqtt-broker-58977c7947-mpq8z   1m    25Mi   
mqtt-broker-58977c7947-tszbt   3m    28Mi   
1778234333
mqtt-broker-58977c7947-c24gj   1m    24Mi   
mqtt-broker-58977c7947-mpq8z   1m    25Mi   
mqtt-broker-58977c7947-tszbt   3m    28Mi   
1778234339
mqtt-broker-58977c7947-c24gj   1m    25Mi   
mqtt-broker-58977c7947-mpq8z   1m    25Mi   
mqtt-broker-58977c7947-tszbt   1m    28Mi   
1778234344
mqtt-broker-58977c7947-c24gj   1m    25Mi   
mqtt-broker-58977c7947-mpq8z   1m    25Mi   
mqtt-broker-58977c7947-tszbt   1m    28Mi   
1778234349
mqtt-broker-58977c7947-c24gj   1m    25Mi   
mqtt-broker-58977c7947-mpq8z   1m    25Mi   
mqtt-broker-58977c7947-tszbt   1m    28Mi   
1778234354
mqtt-broker-58977c7947-c24gj   2m    24Mi   
mqtt-broker-58977c7947-mpq8z   1m    25Mi   
mqtt-broker-58977c7947-tszbt   1m    28Mi   
1778234359
mqtt-broker-58977c7947-c24gj   2m    24Mi   
mqtt-broker-58977c7947-mpq8z   1m    25Mi   
mqtt-broker-58977c7947-tszbt   1m    28Mi   
1778234364
mqtt-broker-58977c7947-c24gj   2m    24Mi   
mqtt-broker-58977c7947-mpq8z   1m    25Mi   
mqtt-broker-58977c7947-tszbt   1m    28Mi   
1778234369
mqtt-broker-58977c7947-c24gj   2m    24Mi   
mqtt-broker-58977c7947-mpq8z   2m    25Mi   
mqtt-broker-58977c7947-tszbt   4m    28Mi   
1778234374
mqtt-broker-58977c7947-c24gj   2m    24Mi   
mqtt-broker-58977c7947-mpq8z   2m    25Mi   
mqtt-broker-58977c7947-tszbt   4m    28Mi   
1778234379
mqtt-broker-58977c7947-c24gj   2m    24Mi   
mqtt-broker-58977c7947-mpq8z   2m    25Mi   
mqtt-broker-58977c7947-tszbt   4m    28Mi   
1778234385
mqtt-broker-58977c7947-c24gj   4m    25Mi   
mqtt-broker-58977c7947-mpq8z   4m    25Mi   
mqtt-broker-58977c7947-tszbt   4m    28Mi   
1778234390
mqtt-broker-58977c7947-c24gj   4m    25Mi   
mqtt-broker-58977c7947-mpq8z   4m    25Mi   
mqtt-broker-58977c7947-tszbt   4m    28Mi   
1778234395
mqtt-broker-58977c7947-c24gj   4m    25Mi   
mqtt-broker-58977c7947-mpq8z   4m    25Mi   
mqtt-broker-58977c7947-tszbt   4m    28Mi   
1778234400
mqtt-broker-58977c7947-c24gj   2m    25Mi   
mqtt-broker-58977c7947-mpq8z   3m    25Mi   
mqtt-broker-58977c7947-tszbt   7m    28Mi   
1778234405
mqtt-broker-58977c7947-c24gj   2m    25Mi   
mqtt-broker-58977c7947-mpq8z   3m    25Mi   
mqtt-broker-58977c7947-tszbt   7m    28Mi   
1778234410
mqtt-broker-58977c7947-c24gj   2m    25Mi   
mqtt-broker-58977c7947-mpq8z   3m    25Mi   
mqtt-broker-58977c7947-tszbt   7m    28Mi   
1778234415
mqtt-broker-58977c7947-c24gj   2m    25Mi   
mqtt-broker-58977c7947-mpq8z   2m    25Mi   
mqtt-broker-58977c7947-tszbt   2m    28Mi   
1778234420
mqtt-broker-58977c7947-c24gj   2m    25Mi   
mqtt-broker-58977c7947-mpq8z   2m    25Mi   
mqtt-broker-58977c7947-tszbt   2m    28Mi   
1778234426
mqtt-broker-58977c7947-c24gj   2m    25Mi   
mqtt-broker-58977c7947-mpq8z   2m    25Mi   
mqtt-broker-58977c7947-tszbt   2m    28Mi   
1778234431
mqtt-broker-58977c7947-c24gj   2m    25Mi   
mqtt-broker-58977c7947-mpq8z   2m    25Mi   
mqtt-broker-58977c7947-tszbt   2m    28Mi   
1778234436
mqtt-broker-58977c7947-c24gj   2m    25Mi   
mqtt-broker-58977c7947-mpq8z   2m    25Mi   
mqtt-broker-58977c7947-tszbt   2m    28Mi   
1778234441
mqtt-broker-58977c7947-c24gj   2m    25Mi   
mqtt-broker-58977c7947-mpq8z   2m    25Mi   
mqtt-broker-58977c7947-tszbt   2m    28Mi   
1778234446
mqtt-broker-58977c7947-c24gj   1m    24Mi   
mqtt-broker-58977c7947-mpq8z   1m    25Mi   
mqtt-broker-58977c7947-tszbt   3m    28Mi   
1778234451
mqtt-broker-58977c7947-c24gj   1m    24Mi   
mqtt-broker-58977c7947-mpq8z   1m    25Mi   
mqtt-broker-58977c7947-tszbt   3m    28Mi   
1778234456
mqtt-broker-58977c7947-c24gj   1m    24Mi   
mqtt-broker-58977c7947-mpq8z   1m    25Mi   
mqtt-broker-58977c7947-tszbt   3m    28Mi   
1778234461
mqtt-broker-58977c7947-c24gj   2m    24Mi   
mqtt-broker-58977c7947-mpq8z   1m    25Mi   
mqtt-broker-58977c7947-tszbt   1m    28Mi   
1778234467
mqtt-broker-58977c7947-c24gj   2m    24Mi   
mqtt-broker-58977c7947-mpq8z   1m    25Mi   
mqtt-broker-58977c7947-tszbt   1m    28Mi   
1778234472
mqtt-broker-58977c7947-c24gj   2m    24Mi   
mqtt-broker-58977c7947-mpq8z   1m    25Mi   
mqtt-broker-58977c7947-tszbt   1m    28Mi   
1778234477
mqtt-broker-58977c7947-c24gj   1m    24Mi   
mqtt-broker-58977c7947-mpq8z   1m    25Mi   
mqtt-broker-58977c7947-tszbt   1m    28Mi   
1778234482
mqtt-broker-58977c7947-c24gj   1m    24Mi   
mqtt-broker-58977c7947-mpq8z   1m    25Mi   
mqtt-broker-58977c7947-tszbt   1m    28Mi   
1778234487
mqtt-broker-58977c7947-c24gj   1m    24Mi   
mqtt-broker-58977c7947-mpq8z   1m    25Mi   
mqtt-broker-58977c7947-tszbt   1m    28Mi   
1778234492
mqtt-broker-58977c7947-c24gj   1m    24Mi   
mqtt-broker-58977c7947-mpq8z   1m    25Mi   
mqtt-broker-58977c7947-tszbt   2m    28Mi   
1778234497
mqtt-broker-58977c7947-c24gj   1m    24Mi   
mqtt-broker-58977c7947-mpq8z   1m    25Mi   
mqtt-broker-58977c7947-tszbt   2m    28Mi   
1778234502
mqtt-broker-58977c7947-c24gj   1m    24Mi   
mqtt-broker-58977c7947-mpq8z   1m    25Mi   
mqtt-broker-58977c7947-tszbt   4m    28Mi   
1778234507
mqtt-broker-58977c7947-c24gj   1m    24Mi   
mqtt-broker-58977c7947-mpq8z   1m    25Mi   
mqtt-broker-58977c7947-tszbt   4m    28Mi   
1778234513
mqtt-broker-58977c7947-c24gj   1m    24Mi   
mqtt-broker-58977c7947-mpq8z   1m    25Mi   
mqtt-broker-58977c7947-tszbt   4m    28Mi   
1778234518
mqtt-broker-58977c7947-c24gj   1m    24Mi   
mqtt-broker-58977c7947-mpq8z   1m    25Mi   
mqtt-broker-58977c7947-tszbt   1m    28Mi   
1778234523
mqtt-broker-58977c7947-c24gj   1m    24Mi   
mqtt-broker-58977c7947-mpq8z   1m    25Mi   
mqtt-broker-58977c7947-tszbt   1m    28Mi   
1778234528
mqtt-broker-58977c7947-c24gj   1m    24Mi   
mqtt-broker-58977c7947-mpq8z   1m    25Mi   
mqtt-broker-58977c7947-tszbt   1m    28Mi   
1778234533
mqtt-broker-58977c7947-c24gj   1m    24Mi   
mqtt-broker-58977c7947-mpq8z   1m    25Mi   
mqtt-broker-58977c7947-tszbt   2m    28Mi   
1778234538
mqtt-broker-58977c7947-c24gj   1m    24Mi   
mqtt-broker-58977c7947-mpq8z   1m    25Mi   
mqtt-broker-58977c7947-tszbt   2m    28Mi   
1778234543
mqtt-broker-58977c7947-c24gj   1m    24Mi   
mqtt-broker-58977c7947-mpq8z   1m    25Mi   
mqtt-broker-58977c7947-tszbt   2m    28Mi   
1778234548
mqtt-broker-58977c7947-c24gj   1m    24Mi   
mqtt-broker-58977c7947-mpq8z   1m    25Mi   
mqtt-broker-58977c7947-tszbt   2m    29Mi   
1778234553
mqtt-broker-58977c7947-c24gj   1m    24Mi   
mqtt-broker-58977c7947-mpq8z   1m    25Mi   
mqtt-broker-58977c7947-tszbt   2m    29Mi   
1778234559
mqtt-broker-58977c7947-c24gj   1m    24Mi   
mqtt-broker-58977c7947-mpq8z   1m    25Mi   
mqtt-broker-58977c7947-tszbt   2m    29Mi   
1778234564
mqtt-broker-58977c7947-c24gj   1m    24Mi   
mqtt-broker-58977c7947-mpq8z   1m    25Mi   
mqtt-broker-58977c7947-tszbt   3m    28Mi   
1778234569
mqtt-broker-58977c7947-c24gj   1m    24Mi   
mqtt-broker-58977c7947-mpq8z   1m    25Mi   
mqtt-broker-58977c7947-tszbt   3m    28Mi   
1778234574
mqtt-broker-58977c7947-c24gj   1m    24Mi   
mqtt-broker-58977c7947-mpq8z   1m    25Mi   
mqtt-broker-58977c7947-tszbt   3m    28Mi   
1778234579
mqtt-broker-58977c7947-c24gj   1m    24Mi   
mqtt-broker-58977c7947-mpq8z   1m    25Mi   
mqtt-broker-58977c7947-tszbt   5m    26Mi   
1778234584
mqtt-broker-58977c7947-c24gj   1m    24Mi   
mqtt-broker-58977c7947-mpq8z   1m    25Mi   
mqtt-broker-58977c7947-tszbt   5m    26Mi   
1778234589
mqtt-broker-58977c7947-c24gj   1m    24Mi   
mqtt-broker-58977c7947-mpq8z   1m    25Mi   
mqtt-broker-58977c7947-tszbt   5m    26Mi   
1778234594
mqtt-broker-58977c7947-c24gj   1m    24Mi   
mqtt-broker-58977c7947-mpq8z   1m    25Mi   
mqtt-broker-58977c7947-tszbt   1m    26Mi   
1778234600
mqtt-broker-58977c7947-c24gj   1m    24Mi   
mqtt-broker-58977c7947-mpq8z   1m    25Mi   
mqtt-broker-58977c7947-tszbt   1m    26Mi   
1778234605
mqtt-broker-58977c7947-c24gj   1m    24Mi   
mqtt-broker-58977c7947-mpq8z   1m    25Mi   
mqtt-broker-58977c7947-tszbt   1m    26Mi   
1778234610
mqtt-broker-58977c7947-c24gj   1m    24Mi   
mqtt-broker-58977c7947-mpq8z   1m    25Mi   
mqtt-broker-58977c7947-tszbt   1m    26Mi   
1778234615
mqtt-broker-58977c7947-c24gj   1m    24Mi   
mqtt-broker-58977c7947-mpq8z   1m    25Mi   
mqtt-broker-58977c7947-tszbt   1m    26Mi   
1778234620
mqtt-broker-58977c7947-c24gj   1m    24Mi   
mqtt-broker-58977c7947-mpq8z   1m    25Mi   
mqtt-broker-58977c7947-tszbt   1m    26Mi   
1778234625
mqtt-broker-58977c7947-c24gj   1m    24Mi   
mqtt-broker-58977c7947-mpq8z   1m    25Mi   
mqtt-broker-58977c7947-tszbt   1m    26Mi   
1778234630
mqtt-broker-58977c7947-c24gj   1m    24Mi   
mqtt-broker-58977c7947-mpq8z   1m    25Mi   
mqtt-broker-58977c7947-tszbt   1m    26Mi   
1778234635
mqtt-broker-58977c7947-c24gj   1m    24Mi   
mqtt-broker-58977c7947-mpq8z   1m    25Mi   
mqtt-broker-58977c7947-tszbt   1m    26Mi   
1778234640
mqtt-broker-58977c7947-c24gj   1m    24Mi   
mqtt-broker-58977c7947-mpq8z   1m    25Mi   
mqtt-broker-58977c7947-tszbt   1m    26Mi   
1778234646
mqtt-broker-58977c7947-c24gj   1m    24Mi   
mqtt-broker-58977c7947-mpq8z   1m    25Mi   
mqtt-broker-58977c7947-tszbt   1m    26Mi   
1778234651
mqtt-broker-58977c7947-c24gj   1m    24Mi   
mqtt-broker-58977c7947-mpq8z   1m    25Mi   
mqtt-broker-58977c7947-tszbt   1m    26Mi   
1778234656
mqtt-broker-58977c7947-c24gj   1m    24Mi   
mqtt-broker-58977c7947-mpq8z   1m    25Mi   
mqtt-broker-58977c7947-tszbt   1m    26Mi   
1778234661
mqtt-broker-58977c7947-c24gj   1m    24Mi   
mqtt-broker-58977c7947-mpq8z   1m    25Mi   
mqtt-broker-58977c7947-tszbt   1m    26Mi   
1778234666
mqtt-broker-58977c7947-c24gj   1m    24Mi   
mqtt-broker-58977c7947-mpq8z   1m    25Mi   
mqtt-broker-58977c7947-tszbt   1m    26Mi   
1778234671
mqtt-broker-58977c7947-c24gj   1m    24Mi   
mqtt-broker-58977c7947-mpq8z   1m    25Mi   
mqtt-broker-58977c7947-tszbt   1m    26Mi   
1778234676
mqtt-broker-58977c7947-c24gj   1m    24Mi   
mqtt-broker-58977c7947-mpq8z   1m    25Mi   
mqtt-broker-58977c7947-tszbt   1m    26Mi   
1778234681
mqtt-broker-58977c7947-c24gj   1m    24Mi   
mqtt-broker-58977c7947-mpq8z   1m    25Mi   
mqtt-broker-58977c7947-tszbt   1m    26Mi   
1778234686
mqtt-broker-58977c7947-c24gj   1m    24Mi   
mqtt-broker-58977c7947-mpq8z   1m    25Mi   
mqtt-broker-58977c7947-tszbt   1m    26Mi   
1778234692
mqtt-broker-58977c7947-c24gj   1m    24Mi   
mqtt-broker-58977c7947-mpq8z   1m    25Mi   
mqtt-broker-58977c7947-tszbt   1m    26Mi   
1778234697
mqtt-broker-58977c7947-c24gj   1m    24Mi   
mqtt-broker-58977c7947-mpq8z   1m    25Mi   
mqtt-broker-58977c7947-tszbt   1m    26Mi   
1778234702
mqtt-broker-58977c7947-c24gj   1m    24Mi   
mqtt-broker-58977c7947-mpq8z   1m    25Mi   
mqtt-broker-58977c7947-tszbt   1m    26Mi   
1778234707
mqtt-broker-58977c7947-c24gj   1m    24Mi   
mqtt-broker-58977c7947-mpq8z   1m    25Mi   
mqtt-broker-58977c7947-tszbt   1m    26Mi   
1778234712
mqtt-broker-58977c7947-c24gj   1m    24Mi   
mqtt-broker-58977c7947-mpq8z   1m    25Mi   
mqtt-broker-58977c7947-tszbt   1m    26Mi   
1778234717
mqtt-broker-58977c7947-c24gj   1m    24Mi   
mqtt-broker-58977c7947-mpq8z   1m    25Mi   
mqtt-broker-58977c7947-tszbt   1m    26Mi   
1778234722
mqtt-broker-58977c7947-c24gj   1m    24Mi   
mqtt-broker-58977c7947-mpq8z   1m    25Mi   
mqtt-broker-58977c7947-tszbt   1m    26Mi   
1778234727
mqtt-broker-58977c7947-c24gj   1m    24Mi   
mqtt-broker-58977c7947-mpq8z   1m    25Mi   
mqtt-broker-58977c7947-tszbt   1m    26Mi   
1778234733
mqtt-broker-58977c7947-c24gj   1m    24Mi   
mqtt-broker-58977c7947-mpq8z   1m    25Mi   
mqtt-broker-58977c7947-tszbt   1m    26Mi   
1778234738
mqtt-broker-58977c7947-c24gj   1m    24Mi   
mqtt-broker-58977c7947-mpq8z   1m    25Mi   
mqtt-broker-58977c7947-tszbt   1m    26Mi   
1778234743
mqtt-broker-58977c7947-c24gj   1m    24Mi   
mqtt-broker-58977c7947-tszbt   1m    26Mi   
1778234748
mqtt-broker-58977c7947-c24gj   1m    24Mi   
1778234753
mqtt-broker-58977c7947-c24gj   1m    24Mi   
1778234758
mqtt-broker-58977c7947-c24gj   1m    24Mi   
1778234763
mqtt-broker-58977c7947-c24gj   1m    24Mi   
1778234768
mqtt-broker-58977c7947-c24gj   1m    24Mi   
1778234773
mqtt-broker-58977c7947-c24gj   1m    24Mi   
1778234779
mqtt-broker-58977c7947-c24gj   1m    24Mi   
1778234784
mqtt-broker-58977c7947-c24gj   1m    24Mi   
1778234789
mqtt-broker-58977c7947-c24gj   1m    24Mi   
1778234794
mqtt-broker-58977c7947-c24gj   1m    24Mi   
1778234799
mqtt-broker-58977c7947-c24gj   1m    24Mi   
1778234804
mqtt-broker-58977c7947-c24gj   1m    24Mi   
1778234809
mqtt-broker-58977c7947-c24gj   1m    24Mi   
1778234814
mqtt-broker-58977c7947-c24gj   1m    24Mi   
1778234819
mqtt-broker-58977c7947-c24gj   1m    24Mi   
1778234825
mqtt-broker-58977c7947-c24gj   1m    24Mi   
1778234830
mqtt-broker-58977c7947-c24gj   1m    24Mi   
1778234835
mqtt-broker-58977c7947-c24gj   1m    24Mi   
1778234840
mqtt-broker-58977c7947-c24gj   1m    24Mi   
1778234845
mqtt-broker-58977c7947-c24gj   1m    24Mi   
1778234850
mqtt-broker-58977c7947-c24gj   1m    24Mi   
1778234855
mqtt-broker-58977c7947-c24gj   1m    24Mi   
1778234860
mqtt-broker-58977c7947-c24gj   1m    24Mi   
1778234865
1778234871
1778234876
1778234881
1778234886
1778234891
1778234896
1778234901
1778234906
1778234911
1778234916
1778234921
1778234926
1778234931
1778234936
1778234941
1778234946
1778234951
1778234956
1778234961
1778234966
1778234971
1778234976
1778234982
1778234987
1778234992
1778234997
1778235002
1778235007
1778235012
1778235017
1778235022
1778235027
1778235032
1778235037
1778235042
1778235047
1778235052
1778235057
1778235062
1778235067
1778235072
1778235077
1778235082
1778235087
1778235093
1778235098
1778235103
1778235108
1778235113
1778235118
1778235123
1778235128
1778235133
1778235138
1778235143
1778235148
1778235153
1778235158
1778235163
1778235168
1778235173
1778235178
1778235183
1778235188
1778235193
1778235198
1778235203
1778235209
1778235214
1778235219
1778235224
1778235229
1778235234
1778235239
1778235244
1778235249
1778235254
1778235259
1778235264
1778235269
1778235274
1778235279
1778235284
1778235289
1778235294
1778235299
1778235304
1778235309
1778235314
1778235320
1778235325
1778235330
1778235335
1778235340
1778235345
1778235350
1778235355
1778235360
1778235365
1778235370
1778235375
1778235380
1778235385
1778235390
1778235395
1778235400
1778235405
1778235410
1778235415
1778235420
1778235425
1778235431
1778235436
1778235441
1778235446
1778235451
1778235456
1778235461
1778235466
1778235471
1778235476
1778235481
1778235486
1778235491
1778235496
1778235501
1778235506
1778235511
1778235516
1778235522
1778235527
1778235532
1778235537
1778235542
1778235547
1778235552
1778235557
1778235562
1778235567
1778235572
1778235577
1778235582
1778235587
1778235592
1778235597
1778235602
1778235607
1778235613
1778235618
1778235623
1778235628
1778235633
1778235638
1778235643
1778235648
1778235653
1778235658
1778235663
1778235668
1778235673
1778235678
1778235683
1778235688
1778235693
1778235698
1778235704
1778235709
1778235714
1778235719
1778235724
1778235729
1778235734
1778235739
1778235744
1778235749
1778235754
1778235759
1778235764
1778235769
1778235774
1778235779
1778235784
1778235789
1778235794
1778235799
1778235805
1778235810
1778235815
1778235820
1778235825
1778235830
1778235835
1778235840
1778235845
1778235850
1778235855
1778235860
1778235865
1778235870
1778235875
1778235880
1778235885
1778235890
1778235895
1778235901
1778235906
1778235911
1778235916
1778235921
1778235926
1778235931
1778235936
1778235941
1778235946
1778235951
1778235956
1778235961
1778235966
1778235971
1778235976
1778235981
1778235986
1778235991
1778235996
1778236001
1778236007
1778236012
1778236017
1778236022
1778236027
1778236032
1778236037
1778236042
1778236047
1778236052
1778236057
1778236062
1778236067
1778236072
1778236077
1778236082
1778236087
1778236092
1778236097
1778236102
1778236107
1778236112
1778236118
1778236123
1778236128
1778236133
1778236138
1778236143
1778236148
1778236153
1778236158
1778236163
1778236168
1778236173
1778236178
1778236183
1778236188
1778236193
1778236198
1778236203
1778236208
1778236214
1778236219
1778236224
1778236229
1778236234
1778236239
1778236244
1778236249
1778236254
1778236259
1778236264
1778236269
1778236274
1778236279
1778236284
1778236289
1778236294
1778236299
1778236304
1778236309
1778236314
1778236320
1778236325
1778236330
1778236335
1778236340
1778236345
1778236350
1778236355
1778236360
1778236365
1778236370
1778236375
1778236380
1778236385
1778236390
1778236395
1778236400
1778236405
1778236410
1778236415
1778236420
1778236425
1778236431
1778236436
1778236441
1778236446
1778236451
1778236456
1778236461
1778236466
1778236471
1778236476
1778236481
1778236486
1778236491
1778236496
1778236501
1778236506
1778236511
1778236516
1778236521
1778236526
1778236531
1778236536
1778236542
1778236547
1778236552
1778236557
1778236562
1778236567
1778236572
1778236577
1778236582
1778236587
1778236592
1778236597
1778236602
1778236607
1778236612
1778236617
1778236622
1778236627
1778236632
1778236637
1778236642
1778236647
1778236653
1778236658
1778236663
1778236668
1778236673
1778236678
1778236683
1778236688
1778236693
1778236698
1778236703
1778236708
1778236713
1778236718
1778236723
1778236728
1778236733
1778236738
1778236743
1778236748
1778236753
1778236758
1778236764
1778236769
1778236774
1778236779
1778236784
1778236789
1778236794
1778236799
1778236804
1778236809
1778236814
1778236819
1778236824
1778236829
1778236834
1778236839
1778236844
1778236849
1778236854
1778236859
1778236864
1778236869
1778236875
1778236880
1778236885
1778236890
1778236895
1778236900
1778236905
1778236910
1778236915
1778236920
1778236925
1778236930
1778236935
1778236940
1778236945
1778236950
1778236955
1778236960
1778236965
1778236970
1778236975
1778236980
1778236985
1778236991
1778236996
1778237001
1778237006
1778237011
1778237016
1778237021
1778237026
1778237031
1778237036
1778237041
1778237046
1778237051
1778237056
1778237061
1778237066
1778237071
1778237076
1778237081
1778237086
1778237091
1778237096
1778237102
1778237107
1778237112
1778237117
1778237122
1778237127
1778237132
1778237137
1778237142
1778237147
1778237152
1778237157
1778237162
1778237167
1778237172
1778237177
1778237182
1778237187
1778237192
1778237197
1778237202
1778237207
1778237213
1778237218
1778237223
1778237228
1778237233
1778237238
1778237243
1778237248
1778237253
1778237258
1778237263
1778237268
1778237273
1778237278
1778237283
1778237288
1778237293
1778237298
1778237303
1778237308
1778237313
1778237318
1778237324
1778237329
1778237334
1778237339
1778237344
1778237349
1778237354
1778237359
1778237364
1778237369
1778237374
1778237379
1778237384
1778237389
1778237394
1778237399
1778237404
1778237409
1778237414
1778237419
1778237424
1778237429
1778237435
1778237440
1778237445
1778237450
1778237455
1778237460
1778237465
1778237470
1778237475
1778237480
1778237485
1778237490
1778237495
1778237500
1778237505
1778237510
1778237515
1778237520
1778237525
1778237530
1778237536
1778237541
1778237546
1778237551
1778237556
1778237561
1778237566
1778237571
1778237576
1778237581
1778237586
1778237591
1778237596
1778237601
1778237606
1778237611
1778237616
1778237621
1778237626
1778237631
1778237636
1778237641
1778237646
1778237652
1778237657
1778237662
1778237667
1778237672
1778237677
1778237682
1778237687
1778237692
1778237697
1778237702
1778237707
1778237712
1778237717
1778237722
1778237727
1778237732
1778237737
1778237742
1778237747
1778237752
1778237757
1778237763
1778237768
1778237773
1778237778
1778237783
1778237788
1778237793
1778237798
1778237803
1778237808
1778237813
1778237818
1778237823
1778237828
1778237833
1778237838
1778237843
1778237848
1778237853
1778237858
1778237863
1778237868
1778237874
1778237879
1778237884
1778237889
1778237894
1778237899
1778237904
1778237909
1778237914
1778237919
1778237924
1778237929
1778237934
1778237939
1778237944
1778237949
1778237954
1778237959
1778237964
1778237969
1778237974
1778237979
1778237985
1778237990
1778237995
1778238000
1778238005
1778238010
1778238015
1778238020
1778238025
1778238030
1778238035
1778238040
1778238045
1778238050
1778238055
1778238060
1778238065
1778238070
1778238075
1778238080
1778238085
1778238090
1778238096
1778238101
1778238106
1778238111
1778238116
1778238121
1778238126
1778238131
1778238136
1778238141
1778238146
1778238151
1778238156
1778238161
1778238166
1778238171
1778238176
1778238181
1778238186
1778238191
1778238196
1778238201
1778238206
1778238212
1778238217
1778238222
1778238227
1778238232
1778238237
1778238242
1778238247
1778238252
1778238257
1778238262
1778238267
1778238272
1778238277
1778238282
1778238287
1778238292
1778238297
1778238302
1778238307
1778238312
1778238317
1778238323
1778238328
1778238333
1778238338
1778238343
1778238348
1778238353
1778238358
1778238363
1778238368
1778238373
1778238378
1778238383
1778238388
1778238393
1778238398
1778238403
1778238408
1778238413
1778238418
1778238423
1778238428
1778238434
1778238439
1778238444
1778238449
1778238454
1778238459
1778238464
1778238469
1778238474
1778238479
1778238484
1778238489
1778238494
1778238499
1778238504
1778238509
1778238514
1778238519
1778238524
1778238529
1778238534
1778238540
1778238545
1778238550
1778238555
1778238560
1778238565
1778238570
1778238575
1778238580
1778238585
1778238590
1778238595
1778238600
1778238605
1778238610
1778238615
1778238620
1778238625
1778238630
1778238635
1778238640
1778238646
1778238651
1778238656
1778238661
1778238666
1778238671
1778238676
1778238681
1778238686
1778238691
1778238696
1778238701
1778238706
1778238711
1778238716
1778238721
1778238726
1778238731
1778238736
1778238741
1778238746
1778238751
1778238757
1778238762
1778238767
1778238772
1778238777
1778238782
1778238787
1778238792
1778238797
1778238802
1778238807
1778238812
1778238817
1778238822
1778238827
1778238832
1778238837
1778238842
1778238847
1778238852
1778238857
1778238862
1778238868
1778238873
1778238878
1778238883
1778238888
1778238893
1778238898
1778238903
1778238908
1778238913
1778238918
1778238923
1778238928
1778238933
1778238938
1778238943
1778238948
1778238953
1778238958
1778238963
1778238968
1778238973
1778238979
1778238984
1778238989
1778238994
1778238999
1778239004
1778239009
1778239014
1778239019
1778239024
1778239029
1778239034
1778239039
1778239044
1778239049
1778239054
1778239059
1778239064
1778239069
1778239074
1778239079
1778239084
1778239090
1778239095
1778239100
1778239105
1778239110
1778239115
1778239120
1778239125
1778239130
1778239135
1778239140
1778239145
1778239150
1778239155
1778239160
1778239165
1778239170
1778239175
1778239180
1778239185
1778239190
1778239196
1778239201
1778239206
1778239211
1778239216
1778239221
1778239226
1778239231
1778239236
1778239241
1778239246
1778239251
1778239256
1778239261
1778239266
1778239271
1778239276
1778239281
1778239286
1778239291
1778239296
1778239301
1778239307
1778239312
1778239317
1778239322
1778239327
1778239332
1778239337
1778239342
1778239347
1778239352
1778239357
1778239362
1778239367
1778239372
1778239377
1778239382
1778239387
1778239392
1778239398
1778239403
1778239408
1778239413
1778239418
1778239423
1778239428
1778239433
1778239438
1778239443
1778239448
1778239453
1778239458
1778239463
1778239468
1778239473
1778239478
1778239483
1778239488
1778239493
1778239499
1778239504
1778239509
1778239514
1778239519
1778239524
1778239529
1778239534
1778239539
1778239544
1778239549
1778239554
1778239559
1778239564
1778239569
1778239574
1778239579
1778239584
1778239589
1778239594
1778239599
1778239604
1778239610
1778239615
1778239620
1778239625
1778239630
1778239635
1778239640
1778239645
1778239650
1778239655
1778239660
1778239665
1778239670
1778239675
1778239680
1778239685
1778239690
1778239695
1778239700
1778239705
1778239710
1778239715
1778239721
1778239726
1778239731
1778239736
1778239741
1778239746
1778239751
1778239756
1778239761
1778239766
1778239771
1778239776
1778239781
1778239786
1778239791
1778239796
1778239801
1778239806
1778239811
1778239816
1778239822
1778239827
1778239832
1778239837
1778239842
1778239847
1778239852
1778239857
1778239862
1778239867
1778239872
1778239877
1778239882
1778239887
1778239892
1778239897
1778239902
1778239907
1778239912
1778239917
1778239922
1778239928
1778239933
1778239938
1778239943
1778239948
1778239953
1778239958
1778239963
1778239968
1778239973
1778239978
1778239983
1778239988
1778239993
1778239998
1778240003
1778240008
1778240013
1778240018
1778240023
1778240028
1778240034
1778240039
1778240044
1778240049
1778240054
1778240059
1778240064
1778240069
1778240074
1778240079
1778240084
1778240089
1778240094
1778240099
1778240104
1778240109
1778240114
1778240119
1778240124
1778240129
1778240135
1778240140
1778240145
1778240150
1778240155
1778240160
1778240165
1778240170
1778240175
1778240180
1778240185
1778240190
1778240195
1778240201
1778240206
1778240211
1778240216
1778240221
1778240226
1778240231
1778240236
1778240241
1778240246
1778240251
1778240256
1778240261
1778240266
1778240271
1778240276
1778240281
1778240286
1778240291
1778240296
1778240301
1778240307
1778240312
1778240317
1778240322
1778240327
1778240332
1778240337
1778240342
1778240347
1778240352
1778240357
1778240362
1778240367
1778240372
1778240377
1778240382
1778240387
1778240392
1778240397
1778240402
1778240407
1778240413
1778240418
1778240423
1778240428
1778240433
1778240438
1778240443
1778240448
1778240453
1778240458
1778240463
1778240468
1778240473
1778240478
1778240483
1778240488
1778240493
1778240498
1778240503
1778240509
1778240514
1778240519
1778240524
1778240529
1778240534
1778240539
1778240544
1778240549
1778240554
1778240559
1778240564
1778240569
1778240574
1778240579
1778240584
1778240589
1778240594
1778240599
1778240604
1778240609
1778240615
1778240620
1778240625
1778240630
1778240635
1778240640
1778240645
1778240650
1778240655
1778240660
1778240665
1778240670
1778240675
1778240680
1778240685
1778240690
1778240696
1778240701
1778240706
1778240711
1778240716
1778240721
1778240726
1778240731
1778240736
1778240741
1778240746
1778240751
1778240756
1778240761
1778240766
1778240771
1778240776
1778240781
1778240786
1778240791
1778240796
1778240802
1778240807
1778240812
1778240817
1778240822
1778240827
1778240832
1778240837
1778240842
1778240847
1778240852
1778240857
1778240862
1778240867
1778240872
1778240878
1778240883
1778240888
1778240893
1778240898
1778240903
1778240908
1778240913
1778240918
1778240923
1778240928
1778240933
1778240938
1778240943
1778240948
1778240953
1778240958
1778240963
1778240968
1778240973
1778240978
1778240984
1778240989
1778240994
1778240999
1778241004
1778241009
1778241014
1778241019
1778241024
1778241029
1778241034
1778241039
1778241044
1778241049
1778241054
1778241059
1778241064
1778241069
1778241074
1778241079
1778241084
1778241090
1778241095
1778241100
1778241105
1778241110
1778241115
1778241120
1778241125
1778241130
1778241135
1778241140
1778241145
1778241150
1778241155
1778241160
1778241165
1778241170
1778241175
1778241180
1778241185
1778241190
1778241196
1778241201
1778241206
1778241211
1778241216
1778241221
1778241226
1778241231
1778241236
1778241241
1778241246
1778241251
1778241256
1778241261
1778241266
1778241271
1778241276
1778241281
1778241286
1778241291
1778241296
1778241301
1778241307
1778241312
1778241317
1778241322
1778241327
1778241332
1778241337
1778241342
1778241347
1778241352
1778241357
1778241362
1778241367
1778241372
1778241377
1778241382
1778241387
1778241392
1778241397
1778241402
1778241407
1778241413
1778241418
1778241423
1778241428
1778241433
1778241438
1778241443
1778241448
1778241453
1778241458
1778241463
1778241468
1778241473
1778241478
1778241483
1778241488
1778241493
1778241499
1778241504
1778241509
1778241514
1778241519
1778241524
1778241529
1778241534
1778241539
1778241544
1778241549
1778241554
1778241559
1778241564
1778241569
1778241574
1778241579
1778241585
1778241590
1778241595
1778241600
1778241605
1778241610
1778241615
1778241620
1778241625
1778241630
1778241635
1778241640
1778241645
1778241650
1778241655
1778241660
1778241665
1778241670
1778241675
1778241680
1778241685
1778241691
1778241696
1778241701
1778241706
1778241711
1778241716
1778241721
1778241726
1778241731
1778241736
1778241741
1778241746
1778241751
1778241756
1778241761
1778241766
1778241771
1778241777
1778241782
1778241787
1778241792
1778241797
1778241802
1778241807
1778241812
1778241817
1778241822
1778241827
1778241832
1778241837
1778241842
1778241848
1778241853
1778241858
1778241863
1778241868
1778241873
1778241878
1778241883
1778241888
1778241893
1778241898
1778241903
1778241908
1778241913
1778241918
1778241923
1778241929
1778241934
1778241939
1778241944
1778241949
1778241954
1778241959
1778241964
1778241969
1778241974
1778241979
1778241984
1778241989
1778241994
1778241999
1778242004
1778242009
1778242014
1778242019
1778242024
1778242030
1778242035
1778242040
1778242045
1778242050
1778242055
1778242060
1778242065
1778242070
1778242075
1778242080
1778242085
1778242090
1778242095
1778242100
1778242105
1778242110
1778242115
1778242120
1778242125
1778242130
1778242136
1778242141
1778242146
1778242151
1778242156
1778242161
1778242166
1778242171
1778242176
1778242181
1778242186
1778242191
1778242196
1778242201
1778242206
1778242211
1778242216
1778242221
1778242226
1778242231
1778242236
1778242242
1778242247
1778242252
1778242257
1778242262
1778242267
1778242272
1778242277
1778242282
1778242287
1778242292
1778242297
1778242302
1778242307
1778242312
1778242317
1778242322
1778242327
1778242332
1778242337
1778242342
1778242347
1778242353
1778242358
1778242363
1778242368
1778242373
1778242378
1778242383
1778242388
1778242393
1778242398
1778242403
1778242408
1778242413
1778242418
1778242423
1778242428
1778242433
1778242438
1778242443
1778242448
1778242454
1778242459
1778242464
1778242469
1778242474
1778242479
1778242484
1778242489
1778242494
1778242499
1778242504
1778242509
1778242514
1778242519
1778242525
1778242530
1778242536
1778242541
1778242546
1778242551
1778242556
1778242562
1778242567
1778242572
1778242577
1778242582
1778242587
1778242592
1778242597
1778242602
1778242607
1778242612
1778242617
1778242623
1778242628
1778242633
1778242638
1778242643
1778242648
1778242653
1778242658
1778242663
1778242668
1778242673
1778242678
1778242683
1778242688
1778242693
1778242698
1778242703
1778242708
1778242713
1778242718
1778242723
1778242729
1778242734
1778242739
1778242744
1778242749
1778242754
1778242759
1778242764
1778242770
1778242775
1778242780
1778242785
1778242791
1778242796
1778242801
1778242807
1778242812
1778242817
1778242823
1778242828
1778242833
1778242838
1778242843
1778242848
1778242853
1778242858
1778242863
1778242868
1778242873
1778242878
1778242883
1778242888
1778242894
1778242899
1778242904
1778242909
1778242914
1778242919
1778242924
1778242929
1778242934
1778242939
1778242944
1778242949
1778242954
1778242959
1778242964
1778242969
1778242974
1778242979
1778242984
1778242989
1778242995
1778243000
1778243005
1778243010
1778243015
1778243020
1778243025
1778243030
1778243035
1778243040
1778243045
1778243050
1778243055
1778243060
1778243065
1778243070
1778243075
1778243080
1778243085
1778243090
1778243095
1778243101
1778243106
1778243111
1778243116
1778243121
1778243126
1778243131
1778243136
1778243141
1778243146
1778243151
1778243156
1778243161
1778243166
1778243171
1778243176
1778243181
1778243186
1778243191
1778243196
1778243201
1778243207
1778243212
1778243217
1778243222
1778243227
1778243232
1778243237
1778243242
1778243247
1778243252
1778243257
1778243262
1778243267
1778243272
1778243277
1778243282
1778243287
1778243292
1778243298
1778243303
1778243308
1778243313
1778243318
1778243323
1778243328
1778243333
1778243338
1778243343
1778243348
1778243353
1778243358
1778243363
1778243368
1778243373
1778243379
1778243384
1778243389
1778243394
1778243399
1778243404
1778243409
1778243414
1778243419
1778243424
1778243429
1778243434
1778243439
1778243444
1778243449
1778243454
1778243459
1778243464
1778243469
1778243475
1778243480
1778243485
1778243490
1778243495
1778243500
1778243505
1778243510
1778243515
1778243520
1778243525
1778243530
1778243535
1778243540
1778243545
1778243550
1778243555
1778243560
1778243565
1778243570
1778243575
1778243580
1778243586
1778243591
1778243596
1778243601
1778243606
1778243611
1778243616
1778243621
1778243626
1778243631
1778243636
1778243641
1778243646
1778243651
1778243656
1778243661
1778243666
1778243671
1778243676
1778243681
1778243686
1778243691
1778243697
1778243702
1778243707
1778243712
1778243717
1778243722
1778243727
1778243732
1778243737
1778243742
1778243747
1778243752
1778243757
1778243762
1778243767
1778243772
1778243777
1778243782
1778243787
1778243792
1778243797
1778243803
1778243808
1778243813
1778243818
1778243823
1778243828
1778243833
1778243838
1778243843
1778243848
1778243853
1778243858
1778243863
1778243868
1778243873
1778243879
1778243884
1778243889
1778243894
1778243899
1778243904
1778243909
1778243914
1778243919
1778243925
1778243930
1778243935
1778243940
1778243945
1778243950
1778243955
1778243960
1778243965
1778243971
1778243976
1778243981
1778243986
1778243992
1778243997
1778244002
1778244008
1778244013
1778244019
1778244024
1778244030
1778244035
1778244041
1778244046
1778244051
1778244057
1778244062
1778244068
1778244073
1778244078
1778244083
1778244089
1778244094
1778244099
1778244104
1778244109
1778244114
1778244120
mqtt-broker-65c6fb9d94-cmxnl   32m   21Mi   
mqtt-broker-65c6fb9d94-k9fnp   36m   40Mi   
1778244125
mqtt-broker-65c6fb9d94-cmxnl   32m   21Mi   
mqtt-broker-65c6fb9d94-k9fnp   36m   40Mi   
1778244130
mqtt-broker-65c6fb9d94-cmxnl   32m   21Mi   
mqtt-broker-65c6fb9d94-k9fnp   36m   40Mi   
1778244135
mqtt-broker-65c6fb9d94-cmxnl   9m    23Mi   
mqtt-broker-65c6fb9d94-k9fnp   8m    40Mi   
1778244140
mqtt-broker-65c6fb9d94-cmxnl   9m    23Mi   
mqtt-broker-65c6fb9d94-k9fnp   8m    40Mi   
1778244145
mqtt-broker-65c6fb9d94-cmxnl   9m    23Mi   
mqtt-broker-65c6fb9d94-k9fnp   8m    40Mi   
1778244150
mqtt-broker-65c6fb9d94-cmxnl   10m   25Mi   
mqtt-broker-65c6fb9d94-k9fnp   10m   42Mi   
1778244156
mqtt-broker-65c6fb9d94-cmxnl   10m   25Mi   
mqtt-broker-65c6fb9d94-k9fnp   10m   42Mi   
1778244161
mqtt-broker-65c6fb9d94-cmxnl   10m   25Mi   
mqtt-broker-65c6fb9d94-k9fnp   10m   42Mi   
1778244166
mqtt-broker-65c6fb9d94-cmxnl   15m   27Mi   
mqtt-broker-65c6fb9d94-k9fnp   17m   44Mi   
mqtt-broker-65c6fb9d94-nrtbj   14m   24Mi   
1778244171
mqtt-broker-65c6fb9d94-cmxnl   15m   27Mi   
mqtt-broker-65c6fb9d94-k9fnp   17m   44Mi   
mqtt-broker-65c6fb9d94-nrtbj   14m   24Mi   
1778244176
mqtt-broker-65c6fb9d94-cmxnl   15m   27Mi   
mqtt-broker-65c6fb9d94-k9fnp   17m   44Mi   
mqtt-broker-65c6fb9d94-nrtbj   14m   24Mi   
1778244181
mqtt-broker-65c6fb9d94-cmxnl   13m   27Mi   
mqtt-broker-65c6fb9d94-k9fnp   14m   44Mi   
mqtt-broker-65c6fb9d94-nrtbj   14m   24Mi   
1778244186
mqtt-broker-65c6fb9d94-cmxnl   13m   27Mi   
mqtt-broker-65c6fb9d94-k9fnp   14m   44Mi   
mqtt-broker-65c6fb9d94-nrtbj   14m   24Mi   
1778244191
mqtt-broker-65c6fb9d94-cmxnl   13m   27Mi   
mqtt-broker-65c6fb9d94-k9fnp   14m   44Mi   
mqtt-broker-65c6fb9d94-nrtbj   14m   24Mi   
1778244197
mqtt-broker-65c6fb9d94-cmxnl   8m    27Mi   
mqtt-broker-65c6fb9d94-k9fnp   7m    45Mi   
mqtt-broker-65c6fb9d94-nrtbj   7m    24Mi   
1778244202
mqtt-broker-65c6fb9d94-cmxnl   8m    27Mi   
mqtt-broker-65c6fb9d94-k9fnp   7m    45Mi   
mqtt-broker-65c6fb9d94-nrtbj   7m    24Mi   
1778244207
mqtt-broker-65c6fb9d94-cmxnl   5m    27Mi   
mqtt-broker-65c6fb9d94-k9fnp   4m    44Mi   
mqtt-broker-65c6fb9d94-nrtbj   3m    24Mi   
1778244212
mqtt-broker-65c6fb9d94-cmxnl   5m    27Mi   
mqtt-broker-65c6fb9d94-k9fnp   4m    44Mi   
mqtt-broker-65c6fb9d94-nrtbj   3m    24Mi   
1778244217
mqtt-broker-65c6fb9d94-cmxnl   5m    27Mi   
mqtt-broker-65c6fb9d94-k9fnp   4m    44Mi   
mqtt-broker-65c6fb9d94-nrtbj   3m    24Mi   
1778244222
mqtt-broker-65c6fb9d94-cmxnl   4m    27Mi   
mqtt-broker-65c6fb9d94-k9fnp   4m    44Mi   
mqtt-broker-65c6fb9d94-nrtbj   4m    25Mi   
1778244227
mqtt-broker-65c6fb9d94-cmxnl   4m    27Mi   
mqtt-broker-65c6fb9d94-k9fnp   4m    44Mi   
mqtt-broker-65c6fb9d94-nrtbj   4m    25Mi   
1778244233
mqtt-broker-65c6fb9d94-cmxnl   4m    27Mi   
mqtt-broker-65c6fb9d94-k9fnp   4m    44Mi   
mqtt-broker-65c6fb9d94-nrtbj   4m    25Mi   
1778244238
mqtt-broker-65c6fb9d94-cmxnl   3m    27Mi   
mqtt-broker-65c6fb9d94-k9fnp   3m    44Mi   
mqtt-broker-65c6fb9d94-nrtbj   2m    25Mi   
1778244243
mqtt-broker-65c6fb9d94-cmxnl   3m    27Mi   
mqtt-broker-65c6fb9d94-k9fnp   3m    44Mi   
mqtt-broker-65c6fb9d94-nrtbj   2m    25Mi   
1778244248
mqtt-broker-65c6fb9d94-cmxnl   3m    27Mi   
mqtt-broker-65c6fb9d94-k9fnp   3m    44Mi   
mqtt-broker-65c6fb9d94-nrtbj   2m    25Mi   
1778244253
mqtt-broker-65c6fb9d94-cmxnl   3m    27Mi   
mqtt-broker-65c6fb9d94-k9fnp   2m    45Mi   
mqtt-broker-65c6fb9d94-nrtbj   1m    25Mi   
1778244258
mqtt-broker-65c6fb9d94-cmxnl   3m    27Mi   
mqtt-broker-65c6fb9d94-k9fnp   2m    45Mi   
mqtt-broker-65c6fb9d94-nrtbj   1m    25Mi   
1778244263
mqtt-broker-65c6fb9d94-cmxnl   3m    27Mi   
mqtt-broker-65c6fb9d94-k9fnp   2m    45Mi   
mqtt-broker-65c6fb9d94-nrtbj   1m    25Mi   
1778244268
mqtt-broker-65c6fb9d94-cmxnl   2m    26Mi   
mqtt-broker-65c6fb9d94-k9fnp   2m    44Mi   
mqtt-broker-65c6fb9d94-nrtbj   2m    25Mi   
1778244274
mqtt-broker-65c6fb9d94-cmxnl   2m    26Mi   
mqtt-broker-65c6fb9d94-k9fnp   2m    44Mi   
mqtt-broker-65c6fb9d94-nrtbj   2m    25Mi   
1778244279
mqtt-broker-65c6fb9d94-cmxnl   2m    26Mi   
mqtt-broker-65c6fb9d94-k9fnp   2m    44Mi   
mqtt-broker-65c6fb9d94-nrtbj   2m    25Mi   
1778244284
mqtt-broker-65c6fb9d94-cmxnl   3m    26Mi   
mqtt-broker-65c6fb9d94-k9fnp   3m    44Mi   
mqtt-broker-65c6fb9d94-nrtbj   3m    26Mi   
1778244289
mqtt-broker-65c6fb9d94-cmxnl   3m    26Mi   
mqtt-broker-65c6fb9d94-k9fnp   3m    44Mi   
mqtt-broker-65c6fb9d94-nrtbj   3m    26Mi   
1778244294
mqtt-broker-65c6fb9d94-cmxnl   3m    26Mi   
mqtt-broker-65c6fb9d94-k9fnp   3m    44Mi   
mqtt-broker-65c6fb9d94-nrtbj   3m    26Mi   
1778244299
mqtt-broker-65c6fb9d94-cmxnl   3m    27Mi   
mqtt-broker-65c6fb9d94-k9fnp   3m    44Mi   
mqtt-broker-65c6fb9d94-nrtbj   3m    25Mi   
1778244304
mqtt-broker-65c6fb9d94-cmxnl   3m    27Mi   
mqtt-broker-65c6fb9d94-k9fnp   3m    44Mi   
mqtt-broker-65c6fb9d94-nrtbj   3m    25Mi   
1778244310
mqtt-broker-65c6fb9d94-cmxnl   3m    27Mi   
mqtt-broker-65c6fb9d94-k9fnp   3m    44Mi   
mqtt-broker-65c6fb9d94-nrtbj   3m    25Mi   
1778244315
mqtt-broker-65c6fb9d94-cmxnl   3m    27Mi   
mqtt-broker-65c6fb9d94-k9fnp   3m    44Mi   
mqtt-broker-65c6fb9d94-nrtbj   1m    25Mi   
1778244320
mqtt-broker-65c6fb9d94-cmxnl   3m    27Mi   
mqtt-broker-65c6fb9d94-k9fnp   3m    44Mi   
mqtt-broker-65c6fb9d94-nrtbj   1m    25Mi   
1778244325
mqtt-broker-65c6fb9d94-cmxnl   3m    27Mi   
mqtt-broker-65c6fb9d94-k9fnp   3m    44Mi   
mqtt-broker-65c6fb9d94-nrtbj   1m    25Mi   
1778244330
mqtt-broker-65c6fb9d94-cmxnl   2m    26Mi   
mqtt-broker-65c6fb9d94-k9fnp   2m    44Mi   
mqtt-broker-65c6fb9d94-nrtbj   1m    25Mi   
1778244335
mqtt-broker-65c6fb9d94-cmxnl   2m    26Mi   
mqtt-broker-65c6fb9d94-k9fnp   2m    44Mi   
mqtt-broker-65c6fb9d94-nrtbj   1m    25Mi   
1778244340
mqtt-broker-65c6fb9d94-cmxnl   2m    26Mi   
mqtt-broker-65c6fb9d94-k9fnp   2m    44Mi   
mqtt-broker-65c6fb9d94-nrtbj   1m    25Mi   
1778244345
mqtt-broker-65c6fb9d94-cmxnl   1m    26Mi   
mqtt-broker-65c6fb9d94-k9fnp   1m    44Mi   
mqtt-broker-65c6fb9d94-nrtbj   1m    25Mi   
1778244350
mqtt-broker-65c6fb9d94-cmxnl   1m    26Mi   
mqtt-broker-65c6fb9d94-k9fnp   1m    44Mi   
mqtt-broker-65c6fb9d94-nrtbj   1m    25Mi   
1778244356
mqtt-broker-65c6fb9d94-cmxnl   1m    26Mi   
mqtt-broker-65c6fb9d94-k9fnp   1m    44Mi   
mqtt-broker-65c6fb9d94-nrtbj   1m    25Mi   
1778244361
mqtt-broker-65c6fb9d94-cmxnl   1m    26Mi   
mqtt-broker-65c6fb9d94-k9fnp   1m    44Mi   
mqtt-broker-65c6fb9d94-nrtbj   1m    25Mi   
1778244366
mqtt-broker-65c6fb9d94-cmxnl   1m    26Mi   
mqtt-broker-65c6fb9d94-k9fnp   1m    44Mi   
mqtt-broker-65c6fb9d94-nrtbj   1m    25Mi   
1778244371
mqtt-broker-65c6fb9d94-cmxnl   1m    26Mi   
mqtt-broker-65c6fb9d94-k9fnp   1m    44Mi   
mqtt-broker-65c6fb9d94-nrtbj   1m    25Mi   
1778244376
mqtt-broker-65c6fb9d94-cmxnl   3m    27Mi   
mqtt-broker-65c6fb9d94-k9fnp   3m    44Mi   
mqtt-broker-65c6fb9d94-nrtbj   1m    25Mi   
1778244381
mqtt-broker-65c6fb9d94-cmxnl   3m    27Mi   
mqtt-broker-65c6fb9d94-k9fnp   3m    44Mi   
mqtt-broker-65c6fb9d94-nrtbj   1m    25Mi   
1778244386
mqtt-broker-65c6fb9d94-cmxnl   3m    27Mi   
mqtt-broker-65c6fb9d94-k9fnp   3m    44Mi   
mqtt-broker-65c6fb9d94-nrtbj   1m    25Mi   
1778244391
mqtt-broker-65c6fb9d94-cmxnl   2m    26Mi   
mqtt-broker-65c6fb9d94-k9fnp   2m    44Mi   
mqtt-broker-65c6fb9d94-nrtbj   1m    25Mi   
1778244397
mqtt-broker-65c6fb9d94-cmxnl   2m    26Mi   
mqtt-broker-65c6fb9d94-k9fnp   2m    44Mi   
mqtt-broker-65c6fb9d94-nrtbj   1m    25Mi   
1778244402
mqtt-broker-65c6fb9d94-cmxnl   2m    26Mi   
mqtt-broker-65c6fb9d94-k9fnp   2m    44Mi   
mqtt-broker-65c6fb9d94-nrtbj   1m    25Mi   
1778244407
mqtt-broker-65c6fb9d94-cmxnl   3m    26Mi   
mqtt-broker-65c6fb9d94-k9fnp   2m    44Mi   
mqtt-broker-65c6fb9d94-nrtbj   2m    25Mi   
1778244412
mqtt-broker-65c6fb9d94-cmxnl   3m    26Mi   
mqtt-broker-65c6fb9d94-k9fnp   2m    44Mi   
mqtt-broker-65c6fb9d94-nrtbj   2m    25Mi   
1778244417
mqtt-broker-65c6fb9d94-cmxnl   3m    26Mi   
mqtt-broker-65c6fb9d94-k9fnp   4m    44Mi   
mqtt-broker-65c6fb9d94-nrtbj   3m    25Mi   
1778244422
mqtt-broker-65c6fb9d94-cmxnl   3m    26Mi   
mqtt-broker-65c6fb9d94-k9fnp   4m    44Mi   
mqtt-broker-65c6fb9d94-nrtbj   3m    25Mi   
1778244427
mqtt-broker-65c6fb9d94-cmxnl   3m    26Mi   
mqtt-broker-65c6fb9d94-k9fnp   4m    44Mi   
mqtt-broker-65c6fb9d94-nrtbj   3m    25Mi   
1778244432
mqtt-broker-65c6fb9d94-cmxnl   6m    26Mi   
mqtt-broker-65c6fb9d94-k9fnp   4m    44Mi   
mqtt-broker-65c6fb9d94-nrtbj   3m    25Mi   
1778244438
mqtt-broker-65c6fb9d94-cmxnl   6m    26Mi   
mqtt-broker-65c6fb9d94-k9fnp   4m    44Mi   
mqtt-broker-65c6fb9d94-nrtbj   3m    25Mi   
1778244443
mqtt-broker-65c6fb9d94-cmxnl   6m    26Mi   
mqtt-broker-65c6fb9d94-k9fnp   4m    44Mi   
mqtt-broker-65c6fb9d94-nrtbj   3m    25Mi   
1778244448
mqtt-broker-65c6fb9d94-cmxnl   20m   29Mi   
mqtt-broker-65c6fb9d94-k9fnp   16m   45Mi   
mqtt-broker-65c6fb9d94-nrtbj   10m   25Mi   
1778244453
mqtt-broker-65c6fb9d94-cmxnl   20m   29Mi   
mqtt-broker-65c6fb9d94-k9fnp   16m   45Mi   
mqtt-broker-65c6fb9d94-nrtbj   10m   25Mi   
1778244458
mqtt-broker-65c6fb9d94-cmxnl   20m   29Mi   
mqtt-broker-65c6fb9d94-k9fnp   16m   45Mi   
mqtt-broker-65c6fb9d94-nrtbj   10m   25Mi   
1778244463
mqtt-broker-65c6fb9d94-cmxnl   6m    30Mi   
mqtt-broker-65c6fb9d94-k9fnp   13m   47Mi   
mqtt-broker-65c6fb9d94-nrtbj   16m   25Mi   
1778244468
mqtt-broker-65c6fb9d94-cmxnl   6m    30Mi   
mqtt-broker-65c6fb9d94-k9fnp   13m   47Mi   
mqtt-broker-65c6fb9d94-nrtbj   16m   25Mi   
1778244474
mqtt-broker-65c6fb9d94-cmxnl   6m    30Mi   
mqtt-broker-65c6fb9d94-k9fnp   13m   47Mi   
mqtt-broker-65c6fb9d94-nrtbj   16m   25Mi   
1778244479
mqtt-broker-65c6fb9d94-cmxnl   3m    29Mi   
mqtt-broker-65c6fb9d94-k9fnp   5m    47Mi   
mqtt-broker-65c6fb9d94-nrtbj   4m    26Mi   
1778244484
mqtt-broker-65c6fb9d94-cmxnl   3m    29Mi   
mqtt-broker-65c6fb9d94-k9fnp   5m    47Mi   
mqtt-broker-65c6fb9d94-nrtbj   4m    26Mi   
1778244489
mqtt-broker-65c6fb9d94-cmxnl   3m    29Mi   
mqtt-broker-65c6fb9d94-k9fnp   5m    47Mi   
mqtt-broker-65c6fb9d94-nrtbj   4m    26Mi   
1778244494
mqtt-broker-65c6fb9d94-cmxnl   3m    29Mi   
mqtt-broker-65c6fb9d94-k9fnp   4m    47Mi   
mqtt-broker-65c6fb9d94-nrtbj   3m    25Mi   
1778244499
mqtt-broker-65c6fb9d94-cmxnl   3m    29Mi   
mqtt-broker-65c6fb9d94-k9fnp   4m    47Mi   
mqtt-broker-65c6fb9d94-nrtbj   3m    25Mi   
1778244504
mqtt-broker-65c6fb9d94-cmxnl   3m    29Mi   
mqtt-broker-65c6fb9d94-k9fnp   4m    47Mi   
mqtt-broker-65c6fb9d94-nrtbj   3m    25Mi   
1778244509
mqtt-broker-65c6fb9d94-cmxnl   3m    29Mi   
mqtt-broker-65c6fb9d94-k9fnp   8m    48Mi   
mqtt-broker-65c6fb9d94-nrtbj   6m    26Mi   
1778244515
mqtt-broker-65c6fb9d94-cmxnl   3m    29Mi   
mqtt-broker-65c6fb9d94-k9fnp   8m    48Mi   
mqtt-broker-65c6fb9d94-nrtbj   6m    26Mi   
1778244520
mqtt-broker-65c6fb9d94-cmxnl   3m    29Mi   
mqtt-broker-65c6fb9d94-k9fnp   8m    48Mi   
mqtt-broker-65c6fb9d94-nrtbj   6m    26Mi   
1778244525
mqtt-broker-65c6fb9d94-cmxnl   6m    30Mi   
mqtt-broker-65c6fb9d94-k9fnp   1m    48Mi   
mqtt-broker-65c6fb9d94-nrtbj   2m    26Mi   
1778244530
mqtt-broker-65c6fb9d94-cmxnl   6m    30Mi   
mqtt-broker-65c6fb9d94-k9fnp   1m    48Mi   
mqtt-broker-65c6fb9d94-nrtbj   2m    26Mi   
1778244535
mqtt-broker-65c6fb9d94-cmxnl   6m    30Mi   
mqtt-broker-65c6fb9d94-k9fnp   1m    48Mi   
mqtt-broker-65c6fb9d94-nrtbj   2m    26Mi   
1778244540
mqtt-broker-65c6fb9d94-cmxnl   2m    30Mi   
mqtt-broker-65c6fb9d94-k9fnp   3m    49Mi   
mqtt-broker-65c6fb9d94-nrtbj   1m    26Mi   
1778244545
mqtt-broker-65c6fb9d94-cmxnl   2m    30Mi   
mqtt-broker-65c6fb9d94-k9fnp   3m    49Mi   
mqtt-broker-65c6fb9d94-nrtbj   1m    26Mi   
1778244550
mqtt-broker-65c6fb9d94-cmxnl   2m    30Mi   
mqtt-broker-65c6fb9d94-k9fnp   3m    49Mi   
mqtt-broker-65c6fb9d94-nrtbj   1m    26Mi   
1778244556
mqtt-broker-65c6fb9d94-cmxnl   3m    30Mi   
mqtt-broker-65c6fb9d94-k9fnp   3m    48Mi   
mqtt-broker-65c6fb9d94-nrtbj   2m    26Mi   
1778244561
mqtt-broker-65c6fb9d94-cmxnl   3m    30Mi   
mqtt-broker-65c6fb9d94-k9fnp   3m    48Mi   
mqtt-broker-65c6fb9d94-nrtbj   2m    26Mi   
1778244566
mqtt-broker-65c6fb9d94-cmxnl   3m    30Mi   
mqtt-broker-65c6fb9d94-k9fnp   3m    48Mi   
mqtt-broker-65c6fb9d94-nrtbj   2m    26Mi   
1778244571
mqtt-broker-65c6fb9d94-cmxnl   4m    30Mi   
mqtt-broker-65c6fb9d94-k9fnp   4m    48Mi   
mqtt-broker-65c6fb9d94-nrtbj   1m    26Mi   
1778244576
mqtt-broker-65c6fb9d94-cmxnl   4m    30Mi   
mqtt-broker-65c6fb9d94-k9fnp   4m    48Mi   
mqtt-broker-65c6fb9d94-nrtbj   1m    26Mi   
1778244581
mqtt-broker-65c6fb9d94-cmxnl   4m    30Mi   
mqtt-broker-65c6fb9d94-k9fnp   4m    48Mi   
mqtt-broker-65c6fb9d94-nrtbj   1m    26Mi   
1778244586
mqtt-broker-65c6fb9d94-cmxnl   2m    30Mi   
mqtt-broker-65c6fb9d94-k9fnp   4m    48Mi   
mqtt-broker-65c6fb9d94-nrtbj   3m    26Mi   
1778244591
mqtt-broker-65c6fb9d94-cmxnl   2m    30Mi   
mqtt-broker-65c6fb9d94-k9fnp   4m    48Mi   
mqtt-broker-65c6fb9d94-nrtbj   3m    26Mi   
1778244597
mqtt-broker-65c6fb9d94-cmxnl   2m    30Mi   
mqtt-broker-65c6fb9d94-k9fnp   4m    48Mi   
mqtt-broker-65c6fb9d94-nrtbj   3m    26Mi   
1778244602
mqtt-broker-65c6fb9d94-cmxnl   1m    30Mi   
mqtt-broker-65c6fb9d94-k9fnp   1m    49Mi   
mqtt-broker-65c6fb9d94-nrtbj   1m    26Mi   
1778244607
mqtt-broker-65c6fb9d94-cmxnl   1m    30Mi   
mqtt-broker-65c6fb9d94-k9fnp   1m    49Mi   
mqtt-broker-65c6fb9d94-nrtbj   1m    26Mi   
1778244612
mqtt-broker-65c6fb9d94-cmxnl   2m    30Mi   
mqtt-broker-65c6fb9d94-k9fnp   1m    49Mi   
mqtt-broker-65c6fb9d94-nrtbj   1m    26Mi   
1778244617
mqtt-broker-65c6fb9d94-cmxnl   2m    30Mi   
mqtt-broker-65c6fb9d94-k9fnp   1m    49Mi   
mqtt-broker-65c6fb9d94-nrtbj   1m    26Mi   
1778244622
mqtt-broker-65c6fb9d94-cmxnl   2m    30Mi   
mqtt-broker-65c6fb9d94-k9fnp   1m    49Mi   
mqtt-broker-65c6fb9d94-nrtbj   1m    26Mi   
1778244627
mqtt-broker-65c6fb9d94-cmxnl   2m    30Mi   
mqtt-broker-65c6fb9d94-k9fnp   3m    48Mi   
mqtt-broker-65c6fb9d94-nrtbj   1m    26Mi   
1778244632
mqtt-broker-65c6fb9d94-cmxnl   2m    30Mi   
mqtt-broker-65c6fb9d94-k9fnp   3m    48Mi   
mqtt-broker-65c6fb9d94-nrtbj   1m    26Mi   
1778244638
mqtt-broker-65c6fb9d94-cmxnl   2m    30Mi   
mqtt-broker-65c6fb9d94-k9fnp   3m    48Mi   
mqtt-broker-65c6fb9d94-nrtbj   1m    26Mi   
1778244643
mqtt-broker-65c6fb9d94-cmxnl   1m    30Mi   
mqtt-broker-65c6fb9d94-k9fnp   1m    48Mi   
mqtt-broker-65c6fb9d94-nrtbj   1m    26Mi   
1778244648
mqtt-broker-65c6fb9d94-cmxnl   1m    30Mi   
mqtt-broker-65c6fb9d94-k9fnp   1m    48Mi   
mqtt-broker-65c6fb9d94-nrtbj   1m    26Mi   
1778244653
mqtt-broker-65c6fb9d94-cmxnl   1m    30Mi   
mqtt-broker-65c6fb9d94-k9fnp   1m    48Mi   
mqtt-broker-65c6fb9d94-nrtbj   1m    26Mi   
1778244658
mqtt-broker-65c6fb9d94-cmxnl   1m    30Mi   
mqtt-broker-65c6fb9d94-k9fnp   1m    48Mi   
mqtt-broker-65c6fb9d94-nrtbj   1m    26Mi   
1778244663
mqtt-broker-65c6fb9d94-cmxnl   1m    30Mi   
mqtt-broker-65c6fb9d94-k9fnp   1m    48Mi   
mqtt-broker-65c6fb9d94-nrtbj   1m    26Mi   
1778244668
mqtt-broker-65c6fb9d94-cmxnl   1m    30Mi   
mqtt-broker-65c6fb9d94-k9fnp   1m    48Mi   
mqtt-broker-65c6fb9d94-nrtbj   1m    26Mi   
1778244673
mqtt-broker-65c6fb9d94-cmxnl   1m    30Mi   
mqtt-broker-65c6fb9d94-k9fnp   2m    48Mi   
mqtt-broker-65c6fb9d94-nrtbj   1m    26Mi   
1778244678
mqtt-broker-65c6fb9d94-cmxnl   1m    30Mi   
mqtt-broker-65c6fb9d94-k9fnp   2m    48Mi   
mqtt-broker-65c6fb9d94-nrtbj   1m    26Mi   
1778244684
mqtt-broker-65c6fb9d94-cmxnl   1m    30Mi   
mqtt-broker-65c6fb9d94-k9fnp   2m    48Mi   
mqtt-broker-65c6fb9d94-nrtbj   1m    26Mi   
1778244689
mqtt-broker-65c6fb9d94-cmxnl   2m    30Mi   
mqtt-broker-65c6fb9d94-k9fnp   3m    48Mi   
mqtt-broker-65c6fb9d94-nrtbj   1m    26Mi   
1778244694
mqtt-broker-65c6fb9d94-cmxnl   2m    30Mi   
mqtt-broker-65c6fb9d94-k9fnp   3m    48Mi   
mqtt-broker-65c6fb9d94-nrtbj   1m    26Mi   
1778244699
mqtt-broker-65c6fb9d94-cmxnl   2m    30Mi   
mqtt-broker-65c6fb9d94-k9fnp   3m    48Mi   
mqtt-broker-65c6fb9d94-nrtbj   1m    26Mi   
1778244704
mqtt-broker-65c6fb9d94-cmxnl   3m    30Mi   
mqtt-broker-65c6fb9d94-k9fnp   2m    48Mi   
mqtt-broker-65c6fb9d94-nrtbj   3m    26Mi   
1778244709
mqtt-broker-65c6fb9d94-cmxnl   3m    30Mi   
mqtt-broker-65c6fb9d94-k9fnp   2m    48Mi   
mqtt-broker-65c6fb9d94-nrtbj   3m    26Mi   
1778244714
mqtt-broker-65c6fb9d94-cmxnl   3m    30Mi   
mqtt-broker-65c6fb9d94-k9fnp   2m    48Mi   
mqtt-broker-65c6fb9d94-nrtbj   3m    26Mi   
1778244719
mqtt-broker-65c6fb9d94-cmxnl   1m    30Mi   
mqtt-broker-65c6fb9d94-k9fnp   1m    48Mi   
mqtt-broker-65c6fb9d94-nrtbj   1m    26Mi   
1778244725
mqtt-broker-65c6fb9d94-cmxnl   1m    30Mi   
mqtt-broker-65c6fb9d94-k9fnp   1m    48Mi   
mqtt-broker-65c6fb9d94-nrtbj   1m    26Mi   
1778244730
mqtt-broker-65c6fb9d94-cmxnl   1m    30Mi   
mqtt-broker-65c6fb9d94-k9fnp   1m    48Mi   
mqtt-broker-65c6fb9d94-nrtbj   1m    26Mi   
1778244735
mqtt-broker-65c6fb9d94-cmxnl   1m    30Mi   
mqtt-broker-65c6fb9d94-k9fnp   1m    48Mi   
mqtt-broker-65c6fb9d94-nrtbj   1m    26Mi   
1778244740
mqtt-broker-65c6fb9d94-cmxnl   1m    30Mi   
mqtt-broker-65c6fb9d94-k9fnp   1m    48Mi   
mqtt-broker-65c6fb9d94-nrtbj   1m    26Mi   
1778244745
mqtt-broker-65c6fb9d94-cmxnl   1m    30Mi   
mqtt-broker-65c6fb9d94-k9fnp   1m    48Mi   
mqtt-broker-65c6fb9d94-nrtbj   1m    26Mi   
1778244750
mqtt-broker-65c6fb9d94-cmxnl   2m    30Mi   
mqtt-broker-65c6fb9d94-k9fnp   2m    48Mi   
mqtt-broker-65c6fb9d94-nrtbj   2m    26Mi   
1778244755
mqtt-broker-65c6fb9d94-cmxnl   2m    30Mi   
mqtt-broker-65c6fb9d94-k9fnp   2m    48Mi   
mqtt-broker-65c6fb9d94-nrtbj   2m    26Mi   
1778244760
mqtt-broker-65c6fb9d94-cmxnl   2m    30Mi   
mqtt-broker-65c6fb9d94-k9fnp   2m    48Mi   
mqtt-broker-65c6fb9d94-nrtbj   2m    26Mi   
1778244765
mqtt-broker-65c6fb9d94-cmxnl   4m    30Mi   
mqtt-broker-65c6fb9d94-k9fnp   5m    49Mi   
mqtt-broker-65c6fb9d94-nrtbj   4m    26Mi   
1778244771
mqtt-broker-65c6fb9d94-cmxnl   4m    30Mi   
mqtt-broker-65c6fb9d94-k9fnp   5m    49Mi   
mqtt-broker-65c6fb9d94-nrtbj   4m    26Mi   
1778244776
mqtt-broker-65c6fb9d94-cmxnl   4m    30Mi   
mqtt-broker-65c6fb9d94-k9fnp   5m    49Mi   
mqtt-broker-65c6fb9d94-nrtbj   4m    26Mi   
1778244781
mqtt-broker-65c6fb9d94-cmxnl   5m    30Mi   
mqtt-broker-65c6fb9d94-k9fnp   4m    49Mi   
mqtt-broker-65c6fb9d94-nrtbj   4m    26Mi   
1778244786
mqtt-broker-65c6fb9d94-cmxnl   5m    30Mi   
mqtt-broker-65c6fb9d94-k9fnp   4m    49Mi   
mqtt-broker-65c6fb9d94-nrtbj   4m    26Mi   
1778244791
mqtt-broker-65c6fb9d94-cmxnl   5m    30Mi   
mqtt-broker-65c6fb9d94-k9fnp   4m    49Mi   
mqtt-broker-65c6fb9d94-nrtbj   4m    26Mi   
1778244796
mqtt-broker-65c6fb9d94-cmxnl   12m   33Mi   
mqtt-broker-65c6fb9d94-k9fnp   16m   50Mi   
mqtt-broker-65c6fb9d94-nrtbj   13m   28Mi   
1778244801
mqtt-broker-65c6fb9d94-cmxnl   12m   33Mi   
mqtt-broker-65c6fb9d94-k9fnp   16m   50Mi   
mqtt-broker-65c6fb9d94-nrtbj   13m   28Mi   
1778244806
mqtt-broker-65c6fb9d94-cmxnl   12m   33Mi   
mqtt-broker-65c6fb9d94-k9fnp   16m   50Mi   
mqtt-broker-65c6fb9d94-nrtbj   13m   28Mi   
1778244812
mqtt-broker-65c6fb9d94-cmxnl   12m   32Mi   
mqtt-broker-65c6fb9d94-k9fnp   13m   50Mi   
mqtt-broker-65c6fb9d94-nrtbj   8m    28Mi   
1778244817
mqtt-broker-65c6fb9d94-cmxnl   12m   32Mi   
mqtt-broker-65c6fb9d94-k9fnp   13m   50Mi   
mqtt-broker-65c6fb9d94-nrtbj   8m    28Mi   
1778244822
mqtt-broker-65c6fb9d94-cmxnl   9m    32Mi   
mqtt-broker-65c6fb9d94-k9fnp   6m    50Mi   
mqtt-broker-65c6fb9d94-nrtbj   6m    28Mi   
1778244827
mqtt-broker-65c6fb9d94-cmxnl   9m    32Mi   
mqtt-broker-65c6fb9d94-k9fnp   6m    50Mi   
mqtt-broker-65c6fb9d94-nrtbj   6m    28Mi   
1778244832
mqtt-broker-65c6fb9d94-cmxnl   9m    32Mi   
mqtt-broker-65c6fb9d94-k9fnp   6m    50Mi   
mqtt-broker-65c6fb9d94-nrtbj   6m    28Mi   
1778244837
mqtt-broker-65c6fb9d94-cmxnl   6m    31Mi   
mqtt-broker-65c6fb9d94-k9fnp   4m    50Mi   
mqtt-broker-65c6fb9d94-nrtbj   3m    28Mi   
1778244842
mqtt-broker-65c6fb9d94-cmxnl   6m    31Mi   
mqtt-broker-65c6fb9d94-k9fnp   4m    50Mi   
mqtt-broker-65c6fb9d94-nrtbj   3m    28Mi   
1778244847
mqtt-broker-65c6fb9d94-cmxnl   6m    31Mi   
mqtt-broker-65c6fb9d94-k9fnp   4m    50Mi   
mqtt-broker-65c6fb9d94-nrtbj   3m    28Mi   
1778244853
mqtt-broker-65c6fb9d94-cmxnl   1m    31Mi   
mqtt-broker-65c6fb9d94-k9fnp   4m    50Mi   
mqtt-broker-65c6fb9d94-nrtbj   1m    28Mi   
1778244858
mqtt-broker-65c6fb9d94-cmxnl   1m    31Mi   
mqtt-broker-65c6fb9d94-k9fnp   4m    50Mi   
mqtt-broker-65c6fb9d94-nrtbj   1m    28Mi   
1778244863
mqtt-broker-65c6fb9d94-cmxnl   1m    31Mi   
mqtt-broker-65c6fb9d94-k9fnp   4m    50Mi   
mqtt-broker-65c6fb9d94-nrtbj   1m    28Mi   
1778244868
mqtt-broker-65c6fb9d94-cmxnl   4m    31Mi   
mqtt-broker-65c6fb9d94-k9fnp   3m    49Mi   
mqtt-broker-65c6fb9d94-nrtbj   3m    28Mi   
1778244873
mqtt-broker-65c6fb9d94-cmxnl   4m    31Mi   
mqtt-broker-65c6fb9d94-k9fnp   3m    49Mi   
mqtt-broker-65c6fb9d94-nrtbj   3m    28Mi   
1778244878
mqtt-broker-65c6fb9d94-cmxnl   4m    31Mi   
mqtt-broker-65c6fb9d94-k9fnp   3m    49Mi   
mqtt-broker-65c6fb9d94-nrtbj   3m    28Mi   
1778244883
mqtt-broker-65c6fb9d94-cmxnl   3m    31Mi   
mqtt-broker-65c6fb9d94-k9fnp   3m    50Mi   
mqtt-broker-65c6fb9d94-nrtbj   3m    29Mi   
1778244889
mqtt-broker-65c6fb9d94-cmxnl   3m    31Mi   
mqtt-broker-65c6fb9d94-k9fnp   3m    50Mi   
mqtt-broker-65c6fb9d94-nrtbj   3m    29Mi   
1778244894
mqtt-broker-65c6fb9d94-cmxnl   3m    31Mi   
mqtt-broker-65c6fb9d94-k9fnp   3m    50Mi   
mqtt-broker-65c6fb9d94-nrtbj   3m    29Mi   
1778244899
mqtt-broker-65c6fb9d94-cmxnl   1m    31Mi   
mqtt-broker-65c6fb9d94-k9fnp   1m    49Mi   
mqtt-broker-65c6fb9d94-nrtbj   2m    28Mi   
1778244904
mqtt-broker-65c6fb9d94-cmxnl   1m    31Mi   
mqtt-broker-65c6fb9d94-k9fnp   1m    49Mi   
mqtt-broker-65c6fb9d94-nrtbj   2m    28Mi   
1778244909
mqtt-broker-65c6fb9d94-cmxnl   1m    31Mi   
mqtt-broker-65c6fb9d94-k9fnp   1m    49Mi   
mqtt-broker-65c6fb9d94-nrtbj   2m    28Mi   
1778244914
mqtt-broker-65c6fb9d94-cmxnl   2m    32Mi   
mqtt-broker-65c6fb9d94-k9fnp   1m    50Mi   
mqtt-broker-65c6fb9d94-nrtbj   1m    28Mi   
1778244919
mqtt-broker-65c6fb9d94-cmxnl   2m    32Mi   
mqtt-broker-65c6fb9d94-k9fnp   1m    50Mi   
mqtt-broker-65c6fb9d94-nrtbj   1m    28Mi   
1778244924
mqtt-broker-65c6fb9d94-cmxnl   2m    32Mi   
mqtt-broker-65c6fb9d94-k9fnp   1m    50Mi   
mqtt-broker-65c6fb9d94-nrtbj   1m    28Mi   
1778244929
mqtt-broker-65c6fb9d94-cmxnl   2m    32Mi   
mqtt-broker-65c6fb9d94-k9fnp   2m    50Mi   
mqtt-broker-65c6fb9d94-nrtbj   2m    28Mi   
1778244935
mqtt-broker-65c6fb9d94-cmxnl   2m    32Mi   
mqtt-broker-65c6fb9d94-k9fnp   2m    50Mi   
mqtt-broker-65c6fb9d94-nrtbj   2m    28Mi   
1778244940
mqtt-broker-65c6fb9d94-cmxnl   2m    32Mi   
mqtt-broker-65c6fb9d94-k9fnp   2m    50Mi   
mqtt-broker-65c6fb9d94-nrtbj   2m    28Mi   
1778244945
mqtt-broker-65c6fb9d94-cmxnl   2m    32Mi   
mqtt-broker-65c6fb9d94-k9fnp   2m    49Mi   
mqtt-broker-65c6fb9d94-nrtbj   2m    28Mi   
1778244950
mqtt-broker-65c6fb9d94-cmxnl   2m    32Mi   
mqtt-broker-65c6fb9d94-k9fnp   2m    49Mi   
mqtt-broker-65c6fb9d94-nrtbj   2m    28Mi   
1778244955
mqtt-broker-65c6fb9d94-cmxnl   2m    32Mi   
mqtt-broker-65c6fb9d94-k9fnp   2m    49Mi   
mqtt-broker-65c6fb9d94-nrtbj   2m    28Mi   
1778244960
mqtt-broker-65c6fb9d94-cmxnl   2m    32Mi   
mqtt-broker-65c6fb9d94-k9fnp   3m    50Mi   
mqtt-broker-65c6fb9d94-nrtbj   2m    28Mi   
1778244965
mqtt-broker-65c6fb9d94-cmxnl   2m    32Mi   
mqtt-broker-65c6fb9d94-k9fnp   3m    50Mi   
mqtt-broker-65c6fb9d94-nrtbj   2m    28Mi   
1778244970
mqtt-broker-65c6fb9d94-cmxnl   2m    32Mi   
mqtt-broker-65c6fb9d94-k9fnp   3m    50Mi   
mqtt-broker-65c6fb9d94-nrtbj   2m    28Mi   
1778244976
mqtt-broker-65c6fb9d94-cmxnl   3m    32Mi   
mqtt-broker-65c6fb9d94-k9fnp   2m    49Mi   
mqtt-broker-65c6fb9d94-nrtbj   2m    28Mi   
1778244981
mqtt-broker-65c6fb9d94-cmxnl   3m    32Mi   
mqtt-broker-65c6fb9d94-k9fnp   2m    49Mi   
mqtt-broker-65c6fb9d94-nrtbj   2m    28Mi   
1778244986
mqtt-broker-65c6fb9d94-cmxnl   3m    32Mi   
mqtt-broker-65c6fb9d94-k9fnp   2m    49Mi   
mqtt-broker-65c6fb9d94-nrtbj   2m    28Mi   
1778244991
mqtt-broker-65c6fb9d94-cmxnl   2m    32Mi   
mqtt-broker-65c6fb9d94-k9fnp   2m    50Mi   
mqtt-broker-65c6fb9d94-nrtbj   1m    28Mi   
1778244996
mqtt-broker-65c6fb9d94-cmxnl   2m    32Mi   
mqtt-broker-65c6fb9d94-k9fnp   2m    50Mi   
mqtt-broker-65c6fb9d94-nrtbj   1m    28Mi   
1778245001
mqtt-broker-65c6fb9d94-cmxnl   2m    32Mi   
mqtt-broker-65c6fb9d94-k9fnp   2m    50Mi   
mqtt-broker-65c6fb9d94-nrtbj   1m    28Mi   
1778245006
mqtt-broker-65c6fb9d94-cmxnl   2m    32Mi   
mqtt-broker-65c6fb9d94-k9fnp   2m    50Mi   
mqtt-broker-65c6fb9d94-nrtbj   1m    28Mi   
1778245011
mqtt-broker-65c6fb9d94-cmxnl   2m    32Mi   
mqtt-broker-65c6fb9d94-k9fnp   2m    50Mi   
mqtt-broker-65c6fb9d94-nrtbj   1m    28Mi   
1778245016
mqtt-broker-65c6fb9d94-cmxnl   2m    32Mi   
mqtt-broker-65c6fb9d94-k9fnp   2m    50Mi   
mqtt-broker-65c6fb9d94-nrtbj   1m    28Mi   
1778245022
mqtt-broker-65c6fb9d94-cmxnl   2m    32Mi   
mqtt-broker-65c6fb9d94-k9fnp   2m    50Mi   
mqtt-broker-65c6fb9d94-nrtbj   1m    28Mi   
1778245027
mqtt-broker-65c6fb9d94-cmxnl   2m    32Mi   
mqtt-broker-65c6fb9d94-k9fnp   2m    50Mi   
mqtt-broker-65c6fb9d94-nrtbj   1m    28Mi   
1778245032
mqtt-broker-65c6fb9d94-cmxnl   2m    32Mi   
mqtt-broker-65c6fb9d94-k9fnp   2m    50Mi   
mqtt-broker-65c6fb9d94-nrtbj   1m    28Mi   
1778245037
mqtt-broker-65c6fb9d94-cmxnl   2m    32Mi   
mqtt-broker-65c6fb9d94-k9fnp   2m    50Mi   
mqtt-broker-65c6fb9d94-nrtbj   1m    28Mi   
1778245042
mqtt-broker-65c6fb9d94-cmxnl   2m    32Mi   
mqtt-broker-65c6fb9d94-k9fnp   2m    50Mi   
mqtt-broker-65c6fb9d94-nrtbj   1m    28Mi   
1778245047
mqtt-broker-65c6fb9d94-cmxnl   2m    32Mi   
mqtt-broker-65c6fb9d94-k9fnp   2m    50Mi   
mqtt-broker-65c6fb9d94-nrtbj   1m    28Mi   
1778245052
mqtt-broker-65c6fb9d94-cmxnl   2m    32Mi   
mqtt-broker-65c6fb9d94-k9fnp   2m    50Mi   
mqtt-broker-65c6fb9d94-nrtbj   1m    28Mi   
1778245057
mqtt-broker-65c6fb9d94-cmxnl   2m    32Mi   
mqtt-broker-65c6fb9d94-k9fnp   2m    50Mi   
mqtt-broker-65c6fb9d94-nrtbj   1m    28Mi   
1778245063
mqtt-broker-65c6fb9d94-cmxnl   2m    32Mi   
mqtt-broker-65c6fb9d94-k9fnp   2m    50Mi   
mqtt-broker-65c6fb9d94-nrtbj   1m    28Mi   
1778245068
mqtt-broker-65c6fb9d94-cmxnl   2m    32Mi   
mqtt-broker-65c6fb9d94-k9fnp   2m    50Mi   
mqtt-broker-65c6fb9d94-nrtbj   1m    28Mi   
1778245073
mqtt-broker-65c6fb9d94-cmxnl   2m    32Mi   
mqtt-broker-65c6fb9d94-k9fnp   2m    50Mi   
mqtt-broker-65c6fb9d94-nrtbj   1m    28Mi   
1778245078
mqtt-broker-65c6fb9d94-cmxnl   2m    32Mi   
mqtt-broker-65c6fb9d94-k9fnp   2m    49Mi   
mqtt-broker-65c6fb9d94-nrtbj   1m    28Mi   
1778245083
mqtt-broker-65c6fb9d94-cmxnl   2m    32Mi   
mqtt-broker-65c6fb9d94-k9fnp   2m    49Mi   
mqtt-broker-65c6fb9d94-nrtbj   1m    28Mi   
1778245088
mqtt-broker-65c6fb9d94-cmxnl   2m    32Mi   
mqtt-broker-65c6fb9d94-k9fnp   2m    49Mi   
mqtt-broker-65c6fb9d94-nrtbj   1m    28Mi   
1778245093
mqtt-broker-65c6fb9d94-cmxnl   2m    32Mi   
mqtt-broker-65c6fb9d94-k9fnp   2m    50Mi   
mqtt-broker-65c6fb9d94-nrtbj   1m    28Mi   
1778245098
mqtt-broker-65c6fb9d94-cmxnl   2m    32Mi   
mqtt-broker-65c6fb9d94-k9fnp   2m    50Mi   
mqtt-broker-65c6fb9d94-nrtbj   1m    28Mi   
1778245103
mqtt-broker-65c6fb9d94-cmxnl   2m    32Mi   
mqtt-broker-65c6fb9d94-k9fnp   2m    50Mi   
mqtt-broker-65c6fb9d94-nrtbj   1m    28Mi   
1778245109
mqtt-broker-65c6fb9d94-cmxnl   2m    32Mi   
mqtt-broker-65c6fb9d94-k9fnp   2m    50Mi   
mqtt-broker-65c6fb9d94-nrtbj   1m    28Mi   
1778245114
mqtt-broker-65c6fb9d94-cmxnl   2m    32Mi   
mqtt-broker-65c6fb9d94-k9fnp   2m    50Mi   
mqtt-broker-65c6fb9d94-nrtbj   1m    28Mi   
1778245119
mqtt-broker-65c6fb9d94-cmxnl   2m    32Mi   
mqtt-broker-65c6fb9d94-k9fnp   2m    50Mi   
mqtt-broker-65c6fb9d94-nrtbj   1m    28Mi   
1778245124
mqtt-broker-65c6fb9d94-cmxnl   2m    32Mi   
mqtt-broker-65c6fb9d94-k9fnp   2m    49Mi   
mqtt-broker-65c6fb9d94-nrtbj   1m    28Mi   
1778245129
mqtt-broker-65c6fb9d94-cmxnl   2m    32Mi   
mqtt-broker-65c6fb9d94-k9fnp   2m    49Mi   
mqtt-broker-65c6fb9d94-nrtbj   1m    28Mi   
1778245134
mqtt-broker-65c6fb9d94-cmxnl   2m    32Mi   
mqtt-broker-65c6fb9d94-k9fnp   2m    49Mi   
mqtt-broker-65c6fb9d94-nrtbj   1m    28Mi   
1778245139
mqtt-broker-65c6fb9d94-cmxnl   2m    32Mi   
mqtt-broker-65c6fb9d94-k9fnp   2m    49Mi   
mqtt-broker-65c6fb9d94-nrtbj   1m    28Mi   
1778245144
mqtt-broker-65c6fb9d94-cmxnl   2m    32Mi   
mqtt-broker-65c6fb9d94-k9fnp   2m    49Mi   
1778245150
mqtt-broker-65c6fb9d94-cmxnl   2m    32Mi   
mqtt-broker-65c6fb9d94-k9fnp   2m    49Mi   
1778245155
mqtt-broker-65c6fb9d94-cmxnl   2m    32Mi   
mqtt-broker-65c6fb9d94-k9fnp   2m    49Mi   
1778245160
mqtt-broker-65c6fb9d94-cmxnl   2m    32Mi   
mqtt-broker-65c6fb9d94-k9fnp   2m    49Mi   
1778245165
mqtt-broker-65c6fb9d94-cmxnl   2m    32Mi   
mqtt-broker-65c6fb9d94-k9fnp   2m    49Mi   
1778245170
mqtt-broker-65c6fb9d94-cmxnl   2m    32Mi   
mqtt-broker-65c6fb9d94-k9fnp   2m    50Mi   
1778245175
1778245180
1778245185
1778245190
1778245195
1778245200
1778245205
1778245211
1778245216
1778245221
1778245226
1778245231
1778245236
1778245241
1778245246
1778245251
1778245256
1778245261
1778245266
1778245271
1778245276
1778245281
1778245286
1778245291
1778245296
1778245301
1778245306
1778245311
1778245317
1778245322
1778245327
1778245332
1778245337
1778245342
1778245347
1778245352
1778245357
1778245362
1778245367
1778245372
1778245377
1778245382
1778245387
1778245392
1778245397
1778245402
1778245407
1778245412
1778245417
1778245422
1778245428
1778245433
1778245438
1778245443
1778245448
1778245453
1778245458
1778245463
1778245468
1778245473
1778245478
1778245483
1778245488
1778245493
1778245498
1778245503
1778245508
1778245513
1778245518
1778245523
1778245528
1778245534
1778245539
1778245544
1778245549
1778245554
1778245559
1778245564
1778245569
1778245574
1778245579
1778245584
1778245589
1778245594
1778245599
1778245604
1778245609
1778245614
1778245619
1778245625
1778245630
1778245635
1778245640
1778245645
1778245650
1778245655
1778245660
1778245665
1778245670
1778245675
1778245680
1778245685
1778245690
1778245695
1778245700
1778245705
1778245710
1778245715
1778245721
1778245726
1778245731
1778245736
1778245741
1778245746
1778245751
1778245756
1778245761
1778245766
1778245771
1778245776
1778245781
1778245786
1778245791
1778245796
1778245801
1778245806
1778245811
1778245816
1778245822
1778245827
1778245832
1778245837
1778245842
1778245847
1778245852
1778245857
1778245862
1778245867
1778245872
1778245877
1778245882
1778245887
1778245892
1778245897
1778245902
1778245907
1778245912
1778245918
1778245923
1778245928
1778245933
1778245938
1778245943
1778245948
1778245953
1778245958
1778245963
1778245968
1778245973
1778245978
1778245983
1778245988
1778245993
1778245998
1778246003
1778246008
1778246013
1778246019
1778246024
1778246029
1778246034
1778246039
1778246044
1778246049
1778246054
1778246059
1778246064
1778246069
1778246074
1778246079
1778246084
1778246089
1778246094
1778246099
1778246104
1778246109
1778246114
1778246120
1778246125
1778246130
1778246135
1778246140
1778246145
1778246150
1778246155
1778246160
1778246165
1778246170
1778246175
1778246180
1778246185
1778246190
1778246195
1778246201
1778246206
1778246211
1778246216
1778246221
1778246226
1778246231
1778246237
1778246242
1778246247
1778246252
1778246257
1778246262
1778246267
1778246273
1778246278
1778246283
1778246288
1778246294
1778246299
1778246304
1778246309
1778246314
1778246319
mqtt-broker-65c6fb9d94-ctkvr   32m   28Mi   
mqtt-broker-65c6fb9d94-l4cmq   29m   21Mi   
1778246324
mqtt-broker-65c6fb9d94-ctkvr   32m   28Mi   
mqtt-broker-65c6fb9d94-l4cmq   29m   21Mi   
1778246329
mqtt-broker-65c6fb9d94-ctkvr   32m   28Mi   
mqtt-broker-65c6fb9d94-l4cmq   29m   21Mi   
1778246335
mqtt-broker-65c6fb9d94-ctkvr   8m    30Mi   
mqtt-broker-65c6fb9d94-l4cmq   8m    23Mi   
1778246340
mqtt-broker-65c6fb9d94-ctkvr   8m    30Mi   
mqtt-broker-65c6fb9d94-l4cmq   8m    23Mi   
1778246345
mqtt-broker-65c6fb9d94-ctkvr   8m    30Mi   
mqtt-broker-65c6fb9d94-l4cmq   8m    23Mi   
1778246350
mqtt-broker-65c6fb9d94-ctkvr   9m    30Mi   
mqtt-broker-65c6fb9d94-l4cmq   11m   24Mi   
1778246355
mqtt-broker-65c6fb9d94-ctkvr   9m    30Mi   
mqtt-broker-65c6fb9d94-l4cmq   11m   24Mi   
1778246360
mqtt-broker-65c6fb9d94-ctkvr   9m    30Mi   
mqtt-broker-65c6fb9d94-l4cmq   11m   24Mi   
1778246365
mqtt-broker-65c6fb9d94-ctkvr   15m   32Mi   
mqtt-broker-65c6fb9d94-l4cmq   15m   25Mi   
mqtt-broker-65c6fb9d94-vcpxf   14m   24Mi   
1778246370
mqtt-broker-65c6fb9d94-ctkvr   15m   32Mi   
mqtt-broker-65c6fb9d94-l4cmq   15m   25Mi   
mqtt-broker-65c6fb9d94-vcpxf   14m   24Mi   
1778246376
mqtt-broker-65c6fb9d94-ctkvr   15m   32Mi   
mqtt-broker-65c6fb9d94-l4cmq   15m   25Mi   
mqtt-broker-65c6fb9d94-vcpxf   14m   24Mi   
1778246381
mqtt-broker-65c6fb9d94-ctkvr   14m   34Mi   
mqtt-broker-65c6fb9d94-l4cmq   12m   27Mi   
mqtt-broker-65c6fb9d94-vcpxf   14m   24Mi   
1778246386
mqtt-broker-65c6fb9d94-ctkvr   14m   34Mi   
mqtt-broker-65c6fb9d94-l4cmq   12m   27Mi   
mqtt-broker-65c6fb9d94-vcpxf   14m   24Mi   
1778246391
mqtt-broker-65c6fb9d94-ctkvr   14m   34Mi   
mqtt-broker-65c6fb9d94-l4cmq   12m   27Mi   
mqtt-broker-65c6fb9d94-vcpxf   14m   24Mi   
1778246396
mqtt-broker-65c6fb9d94-ctkvr   8m    34Mi   
mqtt-broker-65c6fb9d94-l4cmq   8m    26Mi   
mqtt-broker-65c6fb9d94-vcpxf   9m    25Mi   
1778246401
mqtt-broker-65c6fb9d94-ctkvr   8m    34Mi   
mqtt-broker-65c6fb9d94-l4cmq   8m    26Mi   
mqtt-broker-65c6fb9d94-vcpxf   9m    25Mi   
1778246406
mqtt-broker-65c6fb9d94-ctkvr   8m    34Mi   
mqtt-broker-65c6fb9d94-l4cmq   8m    26Mi   
mqtt-broker-65c6fb9d94-vcpxf   9m    25Mi   
1778246411
mqtt-broker-65c6fb9d94-ctkvr   3m    34Mi   
mqtt-broker-65c6fb9d94-l4cmq   4m    26Mi   
mqtt-broker-65c6fb9d94-vcpxf   3m    26Mi   
1778246417
mqtt-broker-65c6fb9d94-ctkvr   3m    34Mi   
mqtt-broker-65c6fb9d94-l4cmq   4m    26Mi   
mqtt-broker-65c6fb9d94-vcpxf   3m    26Mi   
1778246422
mqtt-broker-65c6fb9d94-ctkvr   3m    34Mi   
mqtt-broker-65c6fb9d94-l4cmq   4m    26Mi   
mqtt-broker-65c6fb9d94-vcpxf   3m    26Mi   
1778246427
mqtt-broker-65c6fb9d94-ctkvr   4m    34Mi   
mqtt-broker-65c6fb9d94-l4cmq   4m    26Mi   
mqtt-broker-65c6fb9d94-vcpxf   3m    25Mi   
1778246432
mqtt-broker-65c6fb9d94-ctkvr   4m    34Mi   
mqtt-broker-65c6fb9d94-l4cmq   4m    26Mi   
mqtt-broker-65c6fb9d94-vcpxf   3m    25Mi   
1778246437
mqtt-broker-65c6fb9d94-ctkvr   4m    34Mi   
mqtt-broker-65c6fb9d94-l4cmq   4m    26Mi   
mqtt-broker-65c6fb9d94-vcpxf   3m    25Mi   
1778246442
mqtt-broker-65c6fb9d94-ctkvr   2m    34Mi   
mqtt-broker-65c6fb9d94-l4cmq   3m    26Mi   
mqtt-broker-65c6fb9d94-vcpxf   3m    25Mi   
1778246447
mqtt-broker-65c6fb9d94-ctkvr   2m    34Mi   
mqtt-broker-65c6fb9d94-l4cmq   3m    26Mi   
mqtt-broker-65c6fb9d94-vcpxf   3m    25Mi   
1778246452
mqtt-broker-65c6fb9d94-ctkvr   2m    34Mi   
mqtt-broker-65c6fb9d94-l4cmq   3m    26Mi   
mqtt-broker-65c6fb9d94-vcpxf   3m    25Mi   
1778246458
mqtt-broker-65c6fb9d94-ctkvr   3m    34Mi   
mqtt-broker-65c6fb9d94-l4cmq   2m    27Mi   
mqtt-broker-65c6fb9d94-vcpxf   1m    25Mi   
1778246463
mqtt-broker-65c6fb9d94-ctkvr   3m    34Mi   
mqtt-broker-65c6fb9d94-l4cmq   2m    27Mi   
mqtt-broker-65c6fb9d94-vcpxf   1m    25Mi   
1778246468
mqtt-broker-65c6fb9d94-ctkvr   3m    34Mi   
mqtt-broker-65c6fb9d94-l4cmq   2m    27Mi   
mqtt-broker-65c6fb9d94-vcpxf   1m    25Mi   
1778246473
mqtt-broker-65c6fb9d94-ctkvr   2m    34Mi   
mqtt-broker-65c6fb9d94-l4cmq   2m    27Mi   
mqtt-broker-65c6fb9d94-vcpxf   1m    25Mi   
1778246478
mqtt-broker-65c6fb9d94-ctkvr   2m    34Mi   
mqtt-broker-65c6fb9d94-l4cmq   2m    27Mi   
mqtt-broker-65c6fb9d94-vcpxf   1m    25Mi   
1778246483
mqtt-broker-65c6fb9d94-ctkvr   3m    34Mi   
mqtt-broker-65c6fb9d94-l4cmq   3m    26Mi   
mqtt-broker-65c6fb9d94-vcpxf   3m    25Mi   
1778246488
mqtt-broker-65c6fb9d94-ctkvr   3m    34Mi   
mqtt-broker-65c6fb9d94-l4cmq   3m    26Mi   
mqtt-broker-65c6fb9d94-vcpxf   3m    25Mi   
1778246493
mqtt-broker-65c6fb9d94-ctkvr   3m    34Mi   
mqtt-broker-65c6fb9d94-l4cmq   3m    26Mi   
mqtt-broker-65c6fb9d94-vcpxf   3m    25Mi   
1778246499
mqtt-broker-65c6fb9d94-ctkvr   3m    33Mi   
mqtt-broker-65c6fb9d94-l4cmq   3m    26Mi   
mqtt-broker-65c6fb9d94-vcpxf   3m    25Mi   
1778246504
mqtt-broker-65c6fb9d94-ctkvr   3m    33Mi   
mqtt-broker-65c6fb9d94-l4cmq   3m    26Mi   
mqtt-broker-65c6fb9d94-vcpxf   3m    25Mi   
1778246509
mqtt-broker-65c6fb9d94-ctkvr   3m    33Mi   
mqtt-broker-65c6fb9d94-l4cmq   3m    26Mi   
mqtt-broker-65c6fb9d94-vcpxf   3m    25Mi   
1778246514
mqtt-broker-65c6fb9d94-ctkvr   3m    34Mi   
mqtt-broker-65c6fb9d94-l4cmq   2m    26Mi   
mqtt-broker-65c6fb9d94-vcpxf   1m    25Mi   
1778246519
mqtt-broker-65c6fb9d94-ctkvr   3m    34Mi   
mqtt-broker-65c6fb9d94-l4cmq   2m    26Mi   
mqtt-broker-65c6fb9d94-vcpxf   1m    25Mi   
1778246524
mqtt-broker-65c6fb9d94-ctkvr   3m    34Mi   
mqtt-broker-65c6fb9d94-l4cmq   2m    26Mi   
mqtt-broker-65c6fb9d94-vcpxf   1m    25Mi   
1778246529
mqtt-broker-65c6fb9d94-ctkvr   2m    33Mi   
mqtt-broker-65c6fb9d94-l4cmq   2m    26Mi   
mqtt-broker-65c6fb9d94-vcpxf   1m    25Mi   
1778246534
mqtt-broker-65c6fb9d94-ctkvr   2m    33Mi   
mqtt-broker-65c6fb9d94-l4cmq   2m    26Mi   
mqtt-broker-65c6fb9d94-vcpxf   1m    25Mi   
1778246540
mqtt-broker-65c6fb9d94-ctkvr   2m    33Mi   
mqtt-broker-65c6fb9d94-l4cmq   2m    26Mi   
mqtt-broker-65c6fb9d94-vcpxf   1m    25Mi   
1778246545
mqtt-broker-65c6fb9d94-ctkvr   1m    27Mi   
mqtt-broker-65c6fb9d94-l4cmq   1m    26Mi   
mqtt-broker-65c6fb9d94-vcpxf   1m    25Mi   
1778246550
mqtt-broker-65c6fb9d94-ctkvr   1m    27Mi   
mqtt-broker-65c6fb9d94-l4cmq   1m    26Mi   
mqtt-broker-65c6fb9d94-vcpxf   1m    25Mi   
1778246555
mqtt-broker-65c6fb9d94-ctkvr   1m    27Mi   
mqtt-broker-65c6fb9d94-l4cmq   1m    26Mi   
mqtt-broker-65c6fb9d94-vcpxf   1m    25Mi   
1778246560
mqtt-broker-65c6fb9d94-ctkvr   1m    27Mi   
mqtt-broker-65c6fb9d94-l4cmq   1m    26Mi   
mqtt-broker-65c6fb9d94-vcpxf   1m    25Mi   
1778246565
mqtt-broker-65c6fb9d94-ctkvr   1m    27Mi   
mqtt-broker-65c6fb9d94-l4cmq   1m    26Mi   
mqtt-broker-65c6fb9d94-vcpxf   1m    25Mi   
1778246570
mqtt-broker-65c6fb9d94-ctkvr   1m    27Mi   
mqtt-broker-65c6fb9d94-l4cmq   1m    26Mi   
mqtt-broker-65c6fb9d94-vcpxf   1m    25Mi   
1778246575
mqtt-broker-65c6fb9d94-ctkvr   3m    27Mi   
mqtt-broker-65c6fb9d94-l4cmq   1m    26Mi   
mqtt-broker-65c6fb9d94-vcpxf   1m    25Mi   
1778246580
mqtt-broker-65c6fb9d94-ctkvr   3m    27Mi   
mqtt-broker-65c6fb9d94-l4cmq   1m    26Mi   
mqtt-broker-65c6fb9d94-vcpxf   1m    25Mi   
1778246586
mqtt-broker-65c6fb9d94-ctkvr   3m    27Mi   
mqtt-broker-65c6fb9d94-l4cmq   1m    26Mi   
mqtt-broker-65c6fb9d94-vcpxf   1m    25Mi   
1778246591
mqtt-broker-65c6fb9d94-ctkvr   2m    27Mi   
mqtt-broker-65c6fb9d94-l4cmq   2m    27Mi   
mqtt-broker-65c6fb9d94-vcpxf   1m    25Mi   
1778246596
mqtt-broker-65c6fb9d94-ctkvr   2m    27Mi   
mqtt-broker-65c6fb9d94-l4cmq   2m    27Mi   
mqtt-broker-65c6fb9d94-vcpxf   1m    25Mi   
1778246601
mqtt-broker-65c6fb9d94-ctkvr   2m    27Mi   
mqtt-broker-65c6fb9d94-l4cmq   2m    27Mi   
mqtt-broker-65c6fb9d94-vcpxf   1m    25Mi   
1778246606
mqtt-broker-65c6fb9d94-ctkvr   3m    27Mi   
mqtt-broker-65c6fb9d94-l4cmq   2m    27Mi   
mqtt-broker-65c6fb9d94-vcpxf   2m    26Mi   
1778246611
mqtt-broker-65c6fb9d94-ctkvr   3m    27Mi   
mqtt-broker-65c6fb9d94-l4cmq   2m    27Mi   
mqtt-broker-65c6fb9d94-vcpxf   2m    26Mi   
1778246616
mqtt-broker-65c6fb9d94-ctkvr   3m    27Mi   
mqtt-broker-65c6fb9d94-l4cmq   2m    27Mi   
mqtt-broker-65c6fb9d94-vcpxf   2m    26Mi   
1778246621
mqtt-broker-65c6fb9d94-ctkvr   4m    27Mi   
mqtt-broker-65c6fb9d94-l4cmq   4m    27Mi   
mqtt-broker-65c6fb9d94-vcpxf   4m    25Mi   
1778246627
mqtt-broker-65c6fb9d94-ctkvr   4m    27Mi   
mqtt-broker-65c6fb9d94-l4cmq   4m    27Mi   
mqtt-broker-65c6fb9d94-vcpxf   4m    25Mi   
1778246632
mqtt-broker-65c6fb9d94-ctkvr   4m    27Mi   
mqtt-broker-65c6fb9d94-l4cmq   4m    27Mi   
mqtt-broker-65c6fb9d94-vcpxf   4m    25Mi   
1778246637
mqtt-broker-65c6fb9d94-ctkvr   5m    27Mi   
mqtt-broker-65c6fb9d94-l4cmq   5m    26Mi   
mqtt-broker-65c6fb9d94-vcpxf   3m    25Mi   
1778246642
mqtt-broker-65c6fb9d94-ctkvr   5m    27Mi   
mqtt-broker-65c6fb9d94-l4cmq   5m    26Mi   
mqtt-broker-65c6fb9d94-vcpxf   3m    25Mi   
1778246647
mqtt-broker-65c6fb9d94-ctkvr   5m    27Mi   
mqtt-broker-65c6fb9d94-l4cmq   5m    26Mi   
mqtt-broker-65c6fb9d94-vcpxf   3m    25Mi   
1778246652
mqtt-broker-65c6fb9d94-ctkvr   5m    27Mi   
mqtt-broker-65c6fb9d94-l4cmq   5m    26Mi   
mqtt-broker-65c6fb9d94-vcpxf   4m    25Mi   
1778246657
mqtt-broker-65c6fb9d94-ctkvr   5m    27Mi   
mqtt-broker-65c6fb9d94-l4cmq   5m    26Mi   
mqtt-broker-65c6fb9d94-vcpxf   4m    25Mi   
1778246662
mqtt-broker-65c6fb9d94-ctkvr   5m    27Mi   
mqtt-broker-65c6fb9d94-l4cmq   5m    26Mi   
mqtt-broker-65c6fb9d94-vcpxf   4m    25Mi   
1778246668
mqtt-broker-65c6fb9d94-ctkvr   5m    27Mi   
mqtt-broker-65c6fb9d94-l4cmq   11m   28Mi   
mqtt-broker-65c6fb9d94-vcpxf   17m   27Mi   
1778246673
mqtt-broker-65c6fb9d94-ctkvr   5m    27Mi   
mqtt-broker-65c6fb9d94-l4cmq   11m   28Mi   
mqtt-broker-65c6fb9d94-vcpxf   17m   27Mi   
1778246678
mqtt-broker-65c6fb9d94-ctkvr   5m    27Mi   
mqtt-broker-65c6fb9d94-l4cmq   11m   28Mi   
mqtt-broker-65c6fb9d94-vcpxf   17m   27Mi   
1778246683
mqtt-broker-65c6fb9d94-ctkvr   12m   30Mi   
mqtt-broker-65c6fb9d94-l4cmq   13m   28Mi   
mqtt-broker-65c6fb9d94-vcpxf   11m   26Mi   
1778246688
mqtt-broker-65c6fb9d94-ctkvr   12m   30Mi   
mqtt-broker-65c6fb9d94-l4cmq   13m   28Mi   
mqtt-broker-65c6fb9d94-vcpxf   11m   26Mi   
1778246693
mqtt-broker-65c6fb9d94-ctkvr   8m    30Mi   
mqtt-broker-65c6fb9d94-l4cmq   7m    28Mi   
mqtt-broker-65c6fb9d94-vcpxf   5m    26Mi   
1778246698
mqtt-broker-65c6fb9d94-ctkvr   8m    30Mi   
mqtt-broker-65c6fb9d94-l4cmq   7m    28Mi   
mqtt-broker-65c6fb9d94-vcpxf   5m    26Mi   
1778246703
mqtt-broker-65c6fb9d94-ctkvr   8m    30Mi   
mqtt-broker-65c6fb9d94-l4cmq   7m    28Mi   
mqtt-broker-65c6fb9d94-vcpxf   5m    26Mi   
1778246709
mqtt-broker-65c6fb9d94-ctkvr   8m    30Mi   
mqtt-broker-65c6fb9d94-l4cmq   4m    29Mi   
mqtt-broker-65c6fb9d94-vcpxf   5m    26Mi   
1778246714
mqtt-broker-65c6fb9d94-ctkvr   8m    30Mi   
mqtt-broker-65c6fb9d94-l4cmq   4m    29Mi   
mqtt-broker-65c6fb9d94-vcpxf   5m    26Mi   
1778246719
mqtt-broker-65c6fb9d94-ctkvr   8m    30Mi   
mqtt-broker-65c6fb9d94-l4cmq   4m    29Mi   
mqtt-broker-65c6fb9d94-vcpxf   5m    26Mi   
1778246724
mqtt-broker-65c6fb9d94-ctkvr   4m    31Mi   
mqtt-broker-65c6fb9d94-l4cmq   2m    28Mi   
mqtt-broker-65c6fb9d94-vcpxf   3m    26Mi   
1778246729
mqtt-broker-65c6fb9d94-ctkvr   4m    31Mi   
mqtt-broker-65c6fb9d94-l4cmq   2m    28Mi   
mqtt-broker-65c6fb9d94-vcpxf   3m    26Mi   
1778246734
mqtt-broker-65c6fb9d94-ctkvr   4m    31Mi   
mqtt-broker-65c6fb9d94-l4cmq   2m    28Mi   
mqtt-broker-65c6fb9d94-vcpxf   3m    26Mi   
1778246739
mqtt-broker-65c6fb9d94-ctkvr   2m    31Mi   
mqtt-broker-65c6fb9d94-l4cmq   5m    29Mi   
mqtt-broker-65c6fb9d94-vcpxf   4m    27Mi   
1778246744
mqtt-broker-65c6fb9d94-ctkvr   2m    31Mi   
mqtt-broker-65c6fb9d94-l4cmq   5m    29Mi   
mqtt-broker-65c6fb9d94-vcpxf   4m    27Mi   
1778246749
mqtt-broker-65c6fb9d94-ctkvr   2m    31Mi   
mqtt-broker-65c6fb9d94-l4cmq   5m    29Mi   
mqtt-broker-65c6fb9d94-vcpxf   4m    27Mi   
1778246755
mqtt-broker-65c6fb9d94-ctkvr   2m    31Mi   
mqtt-broker-65c6fb9d94-l4cmq   2m    29Mi   
mqtt-broker-65c6fb9d94-vcpxf   2m    27Mi   
1778246760
mqtt-broker-65c6fb9d94-ctkvr   2m    31Mi   
mqtt-broker-65c6fb9d94-l4cmq   2m    29Mi   
mqtt-broker-65c6fb9d94-vcpxf   2m    27Mi   
1778246765
mqtt-broker-65c6fb9d94-ctkvr   2m    31Mi   
mqtt-broker-65c6fb9d94-l4cmq   2m    29Mi   
mqtt-broker-65c6fb9d94-vcpxf   2m    27Mi   
1778246770
mqtt-broker-65c6fb9d94-ctkvr   3m    31Mi   
mqtt-broker-65c6fb9d94-l4cmq   3m    29Mi   
mqtt-broker-65c6fb9d94-vcpxf   2m    27Mi   
1778246775
mqtt-broker-65c6fb9d94-ctkvr   3m    31Mi   
mqtt-broker-65c6fb9d94-l4cmq   3m    29Mi   
mqtt-broker-65c6fb9d94-vcpxf   2m    27Mi   
1778246780
mqtt-broker-65c6fb9d94-ctkvr   3m    31Mi   
mqtt-broker-65c6fb9d94-l4cmq   3m    29Mi   
mqtt-broker-65c6fb9d94-vcpxf   2m    27Mi   
1778246785
mqtt-broker-65c6fb9d94-ctkvr   3m    31Mi   
mqtt-broker-65c6fb9d94-l4cmq   3m    30Mi   
mqtt-broker-65c6fb9d94-vcpxf   5m    27Mi   
1778246790
mqtt-broker-65c6fb9d94-ctkvr   3m    31Mi   
mqtt-broker-65c6fb9d94-l4cmq   3m    30Mi   
mqtt-broker-65c6fb9d94-vcpxf   5m    27Mi   
1778246796
mqtt-broker-65c6fb9d94-ctkvr   3m    31Mi   
mqtt-broker-65c6fb9d94-l4cmq   3m    30Mi   
mqtt-broker-65c6fb9d94-vcpxf   5m    27Mi   
1778246801
mqtt-broker-65c6fb9d94-ctkvr   4m    31Mi   
mqtt-broker-65c6fb9d94-l4cmq   3m    30Mi   
mqtt-broker-65c6fb9d94-vcpxf   1m    27Mi   
1778246806
mqtt-broker-65c6fb9d94-ctkvr   4m    31Mi   
mqtt-broker-65c6fb9d94-l4cmq   3m    30Mi   
mqtt-broker-65c6fb9d94-vcpxf   1m    27Mi   
1778246811
mqtt-broker-65c6fb9d94-ctkvr   4m    31Mi   
mqtt-broker-65c6fb9d94-l4cmq   3m    30Mi   
mqtt-broker-65c6fb9d94-vcpxf   1m    27Mi   
1778246816
mqtt-broker-65c6fb9d94-ctkvr   2m    31Mi   
mqtt-broker-65c6fb9d94-l4cmq   2m    30Mi   
mqtt-broker-65c6fb9d94-vcpxf   2m    27Mi   
1778246821
mqtt-broker-65c6fb9d94-ctkvr   2m    31Mi   
mqtt-broker-65c6fb9d94-l4cmq   2m    30Mi   
mqtt-broker-65c6fb9d94-vcpxf   2m    27Mi   
1778246826
mqtt-broker-65c6fb9d94-ctkvr   2m    31Mi   
mqtt-broker-65c6fb9d94-l4cmq   2m    30Mi   
mqtt-broker-65c6fb9d94-vcpxf   2m    27Mi   
1778246831
mqtt-broker-65c6fb9d94-ctkvr   3m    31Mi   
mqtt-broker-65c6fb9d94-l4cmq   2m    30Mi   
mqtt-broker-65c6fb9d94-vcpxf   1m    27Mi   
1778246837
mqtt-broker-65c6fb9d94-ctkvr   3m    31Mi   
mqtt-broker-65c6fb9d94-l4cmq   2m    30Mi   
mqtt-broker-65c6fb9d94-vcpxf   1m    27Mi   
1778246842
mqtt-broker-65c6fb9d94-ctkvr   3m    31Mi   
mqtt-broker-65c6fb9d94-l4cmq   2m    30Mi   
mqtt-broker-65c6fb9d94-vcpxf   1m    27Mi   
1778246847
mqtt-broker-65c6fb9d94-ctkvr   1m    31Mi   
mqtt-broker-65c6fb9d94-l4cmq   2m    29Mi   
mqtt-broker-65c6fb9d94-vcpxf   1m    27Mi   
1778246852
mqtt-broker-65c6fb9d94-ctkvr   1m    31Mi   
mqtt-broker-65c6fb9d94-l4cmq   2m    29Mi   
mqtt-broker-65c6fb9d94-vcpxf   1m    27Mi   
1778246857
mqtt-broker-65c6fb9d94-ctkvr   1m    31Mi   
mqtt-broker-65c6fb9d94-l4cmq   2m    29Mi   
mqtt-broker-65c6fb9d94-vcpxf   1m    27Mi   
1778246862
mqtt-broker-65c6fb9d94-ctkvr   1m    31Mi   
mqtt-broker-65c6fb9d94-l4cmq   1m    29Mi   
mqtt-broker-65c6fb9d94-vcpxf   1m    27Mi   
1778246867
mqtt-broker-65c6fb9d94-ctkvr   1m    31Mi   
mqtt-broker-65c6fb9d94-l4cmq   1m    29Mi   
mqtt-broker-65c6fb9d94-vcpxf   1m    27Mi   
1778246872
mqtt-broker-65c6fb9d94-ctkvr   1m    31Mi   
mqtt-broker-65c6fb9d94-l4cmq   1m    29Mi   
mqtt-broker-65c6fb9d94-vcpxf   1m    27Mi   
1778246877
mqtt-broker-65c6fb9d94-ctkvr   3m    31Mi   
mqtt-broker-65c6fb9d94-l4cmq   3m    30Mi   
mqtt-broker-65c6fb9d94-vcpxf   1m    27Mi   
1778246883
mqtt-broker-65c6fb9d94-ctkvr   3m    31Mi   
mqtt-broker-65c6fb9d94-l4cmq   3m    30Mi   
mqtt-broker-65c6fb9d94-vcpxf   1m    27Mi   
1778246888
mqtt-broker-65c6fb9d94-ctkvr   3m    31Mi   
mqtt-broker-65c6fb9d94-l4cmq   3m    30Mi   
mqtt-broker-65c6fb9d94-vcpxf   1m    27Mi   
1778246893
mqtt-broker-65c6fb9d94-ctkvr   3m    31Mi   
mqtt-broker-65c6fb9d94-l4cmq   3m    30Mi   
mqtt-broker-65c6fb9d94-vcpxf   1m    27Mi   
1778246898
mqtt-broker-65c6fb9d94-ctkvr   3m    31Mi   
mqtt-broker-65c6fb9d94-l4cmq   3m    30Mi   
mqtt-broker-65c6fb9d94-vcpxf   1m    27Mi   
1778246903
mqtt-broker-65c6fb9d94-ctkvr   3m    31Mi   
mqtt-broker-65c6fb9d94-l4cmq   1m    30Mi   
mqtt-broker-65c6fb9d94-vcpxf   1m    27Mi   
1778246908
mqtt-broker-65c6fb9d94-ctkvr   3m    31Mi   
mqtt-broker-65c6fb9d94-l4cmq   1m    30Mi   
mqtt-broker-65c6fb9d94-vcpxf   1m    27Mi   
1778246913
mqtt-broker-65c6fb9d94-ctkvr   3m    31Mi   
mqtt-broker-65c6fb9d94-l4cmq   1m    30Mi   
mqtt-broker-65c6fb9d94-vcpxf   1m    27Mi   
1778246918
mqtt-broker-65c6fb9d94-ctkvr   3m    31Mi   
mqtt-broker-65c6fb9d94-l4cmq   4m    29Mi   
mqtt-broker-65c6fb9d94-vcpxf   3m    26Mi   
1778246924
mqtt-broker-65c6fb9d94-ctkvr   3m    31Mi   
mqtt-broker-65c6fb9d94-l4cmq   4m    29Mi   
mqtt-broker-65c6fb9d94-vcpxf   3m    26Mi   
1778246929
mqtt-broker-65c6fb9d94-ctkvr   3m    31Mi   
mqtt-broker-65c6fb9d94-l4cmq   4m    29Mi   
mqtt-broker-65c6fb9d94-vcpxf   3m    26Mi   
1778246934
mqtt-broker-65c6fb9d94-ctkvr   3m    31Mi   
mqtt-broker-65c6fb9d94-l4cmq   4m    29Mi   
mqtt-broker-65c6fb9d94-vcpxf   3m    26Mi   
1778246939
mqtt-broker-65c6fb9d94-ctkvr   3m    31Mi   
mqtt-broker-65c6fb9d94-l4cmq   4m    29Mi   
mqtt-broker-65c6fb9d94-vcpxf   3m    26Mi   
1778246944
mqtt-broker-65c6fb9d94-ctkvr   3m    31Mi   
mqtt-broker-65c6fb9d94-l4cmq   4m    29Mi   
mqtt-broker-65c6fb9d94-vcpxf   3m    26Mi   
1778246949
mqtt-broker-65c6fb9d94-ctkvr   5m    31Mi   
mqtt-broker-65c6fb9d94-l4cmq   4m    30Mi   
mqtt-broker-65c6fb9d94-vcpxf   4m    27Mi   
1778246954
mqtt-broker-65c6fb9d94-ctkvr   5m    31Mi   
mqtt-broker-65c6fb9d94-l4cmq   4m    30Mi   
mqtt-broker-65c6fb9d94-vcpxf   4m    27Mi   
1778246959
mqtt-broker-65c6fb9d94-ctkvr   5m    31Mi   
mqtt-broker-65c6fb9d94-l4cmq   4m    30Mi   
mqtt-broker-65c6fb9d94-vcpxf   4m    27Mi   
1778246964
mqtt-broker-65c6fb9d94-ctkvr   15m   32Mi   
mqtt-broker-65c6fb9d94-l4cmq   14m   30Mi   
mqtt-broker-65c6fb9d94-vcpxf   6m    27Mi   
1778246970
mqtt-broker-65c6fb9d94-ctkvr   15m   32Mi   
mqtt-broker-65c6fb9d94-l4cmq   14m   30Mi   
mqtt-broker-65c6fb9d94-vcpxf   6m    27Mi   
1778246975
mqtt-broker-65c6fb9d94-ctkvr   15m   32Mi   
mqtt-broker-65c6fb9d94-l4cmq   14m   30Mi   
mqtt-broker-65c6fb9d94-vcpxf   6m    27Mi   
1778246980
mqtt-broker-65c6fb9d94-ctkvr   10m   32Mi   
mqtt-broker-65c6fb9d94-l4cmq   10m   31Mi   
mqtt-broker-65c6fb9d94-vcpxf   14m   29Mi   
1778246985
mqtt-broker-65c6fb9d94-ctkvr   10m   32Mi   
mqtt-broker-65c6fb9d94-l4cmq   10m   31Mi   
mqtt-broker-65c6fb9d94-vcpxf   14m   29Mi   
1778246990
mqtt-broker-65c6fb9d94-ctkvr   10m   32Mi   
mqtt-broker-65c6fb9d94-l4cmq   10m   31Mi   
mqtt-broker-65c6fb9d94-vcpxf   14m   29Mi   
1778246995
mqtt-broker-65c6fb9d94-ctkvr   6m    32Mi   
mqtt-broker-65c6fb9d94-l4cmq   7m    32Mi   
mqtt-broker-65c6fb9d94-vcpxf   5m    29Mi   
1778247000
mqtt-broker-65c6fb9d94-ctkvr   6m    32Mi   
mqtt-broker-65c6fb9d94-l4cmq   7m    32Mi   
mqtt-broker-65c6fb9d94-vcpxf   5m    29Mi   
1778247005
mqtt-broker-65c6fb9d94-ctkvr   6m    32Mi   
mqtt-broker-65c6fb9d94-l4cmq   7m    32Mi   
mqtt-broker-65c6fb9d94-vcpxf   5m    29Mi   
1778247011
mqtt-broker-65c6fb9d94-ctkvr   6m    32Mi   
mqtt-broker-65c6fb9d94-l4cmq   8m    32Mi   
mqtt-broker-65c6fb9d94-vcpxf   3m    29Mi   
1778247016
mqtt-broker-65c6fb9d94-ctkvr   6m    32Mi   
mqtt-broker-65c6fb9d94-l4cmq   8m    32Mi   
mqtt-broker-65c6fb9d94-vcpxf   3m    29Mi   
1778247021
mqtt-broker-65c6fb9d94-ctkvr   6m    32Mi   
mqtt-broker-65c6fb9d94-l4cmq   8m    32Mi   
mqtt-broker-65c6fb9d94-vcpxf   3m    29Mi   
1778247026
mqtt-broker-65c6fb9d94-ctkvr   5m    33Mi   
mqtt-broker-65c6fb9d94-l4cmq   2m    32Mi   
mqtt-broker-65c6fb9d94-vcpxf   5m    30Mi   
1778247031
mqtt-broker-65c6fb9d94-ctkvr   5m    33Mi   
mqtt-broker-65c6fb9d94-l4cmq   2m    32Mi   
mqtt-broker-65c6fb9d94-vcpxf   5m    30Mi   
1778247036
mqtt-broker-65c6fb9d94-ctkvr   5m    33Mi   
mqtt-broker-65c6fb9d94-l4cmq   2m    32Mi   
mqtt-broker-65c6fb9d94-vcpxf   5m    30Mi   
1778247041
mqtt-broker-65c6fb9d94-ctkvr   2m    33Mi   
mqtt-broker-65c6fb9d94-l4cmq   4m    32Mi   
mqtt-broker-65c6fb9d94-vcpxf   1m    30Mi   
1778247046
mqtt-broker-65c6fb9d94-ctkvr   2m    33Mi   
mqtt-broker-65c6fb9d94-l4cmq   4m    32Mi   
mqtt-broker-65c6fb9d94-vcpxf   1m    30Mi   
1778247052
mqtt-broker-65c6fb9d94-ctkvr   2m    33Mi   
mqtt-broker-65c6fb9d94-l4cmq   4m    32Mi   
mqtt-broker-65c6fb9d94-vcpxf   1m    30Mi   
1778247057
mqtt-broker-65c6fb9d94-ctkvr   5m    33Mi   
mqtt-broker-65c6fb9d94-l4cmq   4m    32Mi   
mqtt-broker-65c6fb9d94-vcpxf   3m    30Mi   
1778247062
mqtt-broker-65c6fb9d94-ctkvr   5m    33Mi   
mqtt-broker-65c6fb9d94-l4cmq   4m    32Mi   
mqtt-broker-65c6fb9d94-vcpxf   3m    30Mi   
1778247067
mqtt-broker-65c6fb9d94-ctkvr   5m    33Mi   
mqtt-broker-65c6fb9d94-l4cmq   4m    32Mi   
mqtt-broker-65c6fb9d94-vcpxf   3m    30Mi   
1778247072
mqtt-broker-65c6fb9d94-ctkvr   5m    33Mi   
mqtt-broker-65c6fb9d94-l4cmq   6m    30Mi   
mqtt-broker-65c6fb9d94-vcpxf   3m    29Mi   
1778247077
mqtt-broker-65c6fb9d94-ctkvr   5m    33Mi   
mqtt-broker-65c6fb9d94-l4cmq   6m    30Mi   
mqtt-broker-65c6fb9d94-vcpxf   3m    29Mi   
1778247082
mqtt-broker-65c6fb9d94-ctkvr   5m    33Mi   
mqtt-broker-65c6fb9d94-l4cmq   6m    30Mi   
mqtt-broker-65c6fb9d94-vcpxf   3m    29Mi   
1778247087
mqtt-broker-65c6fb9d94-ctkvr   4m    31Mi   
mqtt-broker-65c6fb9d94-l4cmq   1m    31Mi   
mqtt-broker-65c6fb9d94-vcpxf   1m    29Mi   
1778247093
mqtt-broker-65c6fb9d94-ctkvr   4m    31Mi   
mqtt-broker-65c6fb9d94-l4cmq   1m    31Mi   
mqtt-broker-65c6fb9d94-vcpxf   1m    29Mi   
1778247098
mqtt-broker-65c6fb9d94-ctkvr   4m    31Mi   
mqtt-broker-65c6fb9d94-l4cmq   1m    31Mi   
mqtt-broker-65c6fb9d94-vcpxf   1m    29Mi   
1778247103
mqtt-broker-65c6fb9d94-ctkvr   4m    32Mi   
mqtt-broker-65c6fb9d94-l4cmq   3m    31Mi   
mqtt-broker-65c6fb9d94-vcpxf   3m    30Mi   
1778247108
mqtt-broker-65c6fb9d94-ctkvr   4m    32Mi   
mqtt-broker-65c6fb9d94-l4cmq   3m    31Mi   
mqtt-broker-65c6fb9d94-vcpxf   3m    30Mi   
1778247113
mqtt-broker-65c6fb9d94-ctkvr   4m    32Mi   
mqtt-broker-65c6fb9d94-l4cmq   4m    31Mi   
mqtt-broker-65c6fb9d94-vcpxf   3m    31Mi   
1778247118
mqtt-broker-65c6fb9d94-ctkvr   4m    32Mi   
mqtt-broker-65c6fb9d94-l4cmq   4m    31Mi   
mqtt-broker-65c6fb9d94-vcpxf   3m    31Mi   
1778247123
mqtt-broker-65c6fb9d94-ctkvr   4m    32Mi   
mqtt-broker-65c6fb9d94-l4cmq   4m    31Mi   
mqtt-broker-65c6fb9d94-vcpxf   3m    31Mi   
1778247128
mqtt-broker-65c6fb9d94-ctkvr   2m    31Mi   
mqtt-broker-65c6fb9d94-l4cmq   1m    31Mi   
mqtt-broker-65c6fb9d94-vcpxf   2m    30Mi   
1778247133
mqtt-broker-65c6fb9d94-ctkvr   2m    31Mi   
mqtt-broker-65c6fb9d94-l4cmq   1m    31Mi   
mqtt-broker-65c6fb9d94-vcpxf   2m    30Mi   
1778247139
mqtt-broker-65c6fb9d94-ctkvr   2m    31Mi   
mqtt-broker-65c6fb9d94-l4cmq   1m    31Mi   
mqtt-broker-65c6fb9d94-vcpxf   2m    30Mi   
1778247144
mqtt-broker-65c6fb9d94-ctkvr   1m    32Mi   
mqtt-broker-65c6fb9d94-l4cmq   1m    31Mi   
mqtt-broker-65c6fb9d94-vcpxf   1m    30Mi   
1778247149
mqtt-broker-65c6fb9d94-ctkvr   1m    32Mi   
mqtt-broker-65c6fb9d94-l4cmq   1m    31Mi   
mqtt-broker-65c6fb9d94-vcpxf   1m    30Mi   
1778247154
mqtt-broker-65c6fb9d94-ctkvr   1m    32Mi   
mqtt-broker-65c6fb9d94-l4cmq   1m    31Mi   
mqtt-broker-65c6fb9d94-vcpxf   1m    30Mi   
1778247159
mqtt-broker-65c6fb9d94-ctkvr   2m    32Mi   
mqtt-broker-65c6fb9d94-l4cmq   2m    31Mi   
mqtt-broker-65c6fb9d94-vcpxf   1m    30Mi   
1778247164
mqtt-broker-65c6fb9d94-ctkvr   2m    32Mi   
mqtt-broker-65c6fb9d94-l4cmq   2m    31Mi   
mqtt-broker-65c6fb9d94-vcpxf   1m    30Mi   
1778247169
mqtt-broker-65c6fb9d94-ctkvr   2m    32Mi   
mqtt-broker-65c6fb9d94-l4cmq   2m    31Mi   
mqtt-broker-65c6fb9d94-vcpxf   1m    30Mi   
1778247174
mqtt-broker-65c6fb9d94-ctkvr   1m    31Mi   
mqtt-broker-65c6fb9d94-l4cmq   2m    31Mi   
mqtt-broker-65c6fb9d94-vcpxf   1m    30Mi   
1778247179
mqtt-broker-65c6fb9d94-ctkvr   1m    31Mi   
mqtt-broker-65c6fb9d94-l4cmq   2m    31Mi   
mqtt-broker-65c6fb9d94-vcpxf   1m    30Mi   
1778247185
mqtt-broker-65c6fb9d94-ctkvr   1m    31Mi   
mqtt-broker-65c6fb9d94-l4cmq   2m    31Mi   
mqtt-broker-65c6fb9d94-vcpxf   1m    30Mi   
1778247190
mqtt-broker-65c6fb9d94-ctkvr   1m    32Mi   
mqtt-broker-65c6fb9d94-l4cmq   2m    31Mi   
mqtt-broker-65c6fb9d94-vcpxf   3m    30Mi   
1778247195
mqtt-broker-65c6fb9d94-ctkvr   1m    32Mi   
mqtt-broker-65c6fb9d94-l4cmq   2m    31Mi   
mqtt-broker-65c6fb9d94-vcpxf   3m    30Mi   
1778247200
mqtt-broker-65c6fb9d94-ctkvr   1m    32Mi   
mqtt-broker-65c6fb9d94-l4cmq   2m    31Mi   
mqtt-broker-65c6fb9d94-vcpxf   3m    30Mi   
1778247205
mqtt-broker-65c6fb9d94-ctkvr   3m    32Mi   
mqtt-broker-65c6fb9d94-l4cmq   3m    31Mi   
mqtt-broker-65c6fb9d94-vcpxf   3m    30Mi   
1778247210
mqtt-broker-65c6fb9d94-ctkvr   3m    32Mi   
mqtt-broker-65c6fb9d94-l4cmq   3m    31Mi   
mqtt-broker-65c6fb9d94-vcpxf   3m    30Mi   
1778247215
mqtt-broker-65c6fb9d94-ctkvr   3m    32Mi   
mqtt-broker-65c6fb9d94-l4cmq   3m    31Mi   
mqtt-broker-65c6fb9d94-vcpxf   3m    30Mi   
1778247220
mqtt-broker-65c6fb9d94-ctkvr   2m    32Mi   
mqtt-broker-65c6fb9d94-l4cmq   2m    31Mi   
mqtt-broker-65c6fb9d94-vcpxf   1m    30Mi   
1778247225
mqtt-broker-65c6fb9d94-ctkvr   2m    32Mi   
mqtt-broker-65c6fb9d94-l4cmq   2m    31Mi   
mqtt-broker-65c6fb9d94-vcpxf   1m    30Mi   
1778247231
mqtt-broker-65c6fb9d94-ctkvr   2m    32Mi   
mqtt-broker-65c6fb9d94-l4cmq   2m    31Mi   
mqtt-broker-65c6fb9d94-vcpxf   1m    30Mi   
1778247236
mqtt-broker-65c6fb9d94-ctkvr   2m    32Mi   
mqtt-broker-65c6fb9d94-l4cmq   2m    31Mi   
mqtt-broker-65c6fb9d94-vcpxf   1m    30Mi   
1778247241
mqtt-broker-65c6fb9d94-ctkvr   2m    32Mi   
mqtt-broker-65c6fb9d94-l4cmq   2m    31Mi   
mqtt-broker-65c6fb9d94-vcpxf   1m    30Mi   
1778247246
mqtt-broker-65c6fb9d94-ctkvr   2m    32Mi   
mqtt-broker-65c6fb9d94-l4cmq   2m    31Mi   
mqtt-broker-65c6fb9d94-vcpxf   1m    30Mi   
1778247251
mqtt-broker-65c6fb9d94-ctkvr   2m    32Mi   
mqtt-broker-65c6fb9d94-l4cmq   2m    31Mi   
mqtt-broker-65c6fb9d94-vcpxf   1m    30Mi   
1778247256
mqtt-broker-65c6fb9d94-ctkvr   2m    32Mi   
mqtt-broker-65c6fb9d94-l4cmq   2m    31Mi   
mqtt-broker-65c6fb9d94-vcpxf   1m    30Mi   
1778247261
mqtt-broker-65c6fb9d94-ctkvr   2m    32Mi   
mqtt-broker-65c6fb9d94-l4cmq   2m    31Mi   
mqtt-broker-65c6fb9d94-vcpxf   1m    30Mi   
1778247266
mqtt-broker-65c6fb9d94-ctkvr   2m    32Mi   
mqtt-broker-65c6fb9d94-l4cmq   2m    31Mi   
mqtt-broker-65c6fb9d94-vcpxf   1m    30Mi   
1778247271
mqtt-broker-65c6fb9d94-ctkvr   2m    32Mi   
mqtt-broker-65c6fb9d94-l4cmq   2m    31Mi   
mqtt-broker-65c6fb9d94-vcpxf   1m    30Mi   
1778247277
mqtt-broker-65c6fb9d94-ctkvr   2m    32Mi   
mqtt-broker-65c6fb9d94-l4cmq   2m    31Mi   
mqtt-broker-65c6fb9d94-vcpxf   1m    30Mi   
1778247282
mqtt-broker-65c6fb9d94-ctkvr   2m    32Mi   
mqtt-broker-65c6fb9d94-l4cmq   2m    31Mi   
mqtt-broker-65c6fb9d94-vcpxf   1m    30Mi   
1778247287
mqtt-broker-65c6fb9d94-ctkvr   2m    32Mi   
mqtt-broker-65c6fb9d94-l4cmq   2m    31Mi   
mqtt-broker-65c6fb9d94-vcpxf   1m    30Mi   
1778247292
mqtt-broker-65c6fb9d94-ctkvr   2m    32Mi   
mqtt-broker-65c6fb9d94-l4cmq   2m    31Mi   
mqtt-broker-65c6fb9d94-vcpxf   1m    30Mi   
1778247297
mqtt-broker-65c6fb9d94-ctkvr   2m    32Mi   
mqtt-broker-65c6fb9d94-l4cmq   2m    31Mi   
mqtt-broker-65c6fb9d94-vcpxf   1m    30Mi   
1778247302
mqtt-broker-65c6fb9d94-ctkvr   2m    32Mi   
mqtt-broker-65c6fb9d94-l4cmq   2m    31Mi   
mqtt-broker-65c6fb9d94-vcpxf   1m    30Mi   
1778247307
mqtt-broker-65c6fb9d94-ctkvr   2m    32Mi   
mqtt-broker-65c6fb9d94-l4cmq   2m    31Mi   
mqtt-broker-65c6fb9d94-vcpxf   1m    30Mi   
1778247312
mqtt-broker-65c6fb9d94-ctkvr   2m    32Mi   
mqtt-broker-65c6fb9d94-l4cmq   2m    31Mi   
mqtt-broker-65c6fb9d94-vcpxf   1m    30Mi   
1778247317
mqtt-broker-65c6fb9d94-ctkvr   2m    32Mi   
mqtt-broker-65c6fb9d94-l4cmq   2m    31Mi   
mqtt-broker-65c6fb9d94-vcpxf   1m    30Mi   
1778247323
mqtt-broker-65c6fb9d94-ctkvr   2m    32Mi   
mqtt-broker-65c6fb9d94-l4cmq   2m    31Mi   
mqtt-broker-65c6fb9d94-vcpxf   1m    30Mi   
1778247328
mqtt-broker-65c6fb9d94-ctkvr   2m    32Mi   
mqtt-broker-65c6fb9d94-l4cmq   2m    31Mi   
mqtt-broker-65c6fb9d94-vcpxf   1m    30Mi   
1778247333
mqtt-broker-65c6fb9d94-ctkvr   2m    32Mi   
mqtt-broker-65c6fb9d94-l4cmq   2m    31Mi   
mqtt-broker-65c6fb9d94-vcpxf   1m    30Mi   
1778247338
mqtt-broker-65c6fb9d94-ctkvr   2m    32Mi   
mqtt-broker-65c6fb9d94-l4cmq   2m    32Mi   
mqtt-broker-65c6fb9d94-vcpxf   1m    30Mi   
1778247343
mqtt-broker-65c6fb9d94-ctkvr   2m    32Mi   
mqtt-broker-65c6fb9d94-l4cmq   2m    32Mi   
mqtt-broker-65c6fb9d94-vcpxf   1m    30Mi   
1778247348
mqtt-broker-65c6fb9d94-ctkvr   2m    32Mi   
mqtt-broker-65c6fb9d94-l4cmq   2m    32Mi   
mqtt-broker-65c6fb9d94-vcpxf   1m    30Mi   
1778247353
mqtt-broker-65c6fb9d94-ctkvr   2m    32Mi   
mqtt-broker-65c6fb9d94-l4cmq   2m    31Mi   
mqtt-broker-65c6fb9d94-vcpxf   1m    30Mi   
1778247358
mqtt-broker-65c6fb9d94-ctkvr   2m    32Mi   
mqtt-broker-65c6fb9d94-l4cmq   2m    31Mi   
mqtt-broker-65c6fb9d94-vcpxf   1m    30Mi   
1778247364
mqtt-broker-65c6fb9d94-ctkvr   2m    32Mi   
mqtt-broker-65c6fb9d94-l4cmq   2m    31Mi   
mqtt-broker-65c6fb9d94-vcpxf   1m    30Mi   
1778247369
mqtt-broker-65c6fb9d94-ctkvr   2m    32Mi   
mqtt-broker-65c6fb9d94-l4cmq   2m    31Mi   
mqtt-broker-65c6fb9d94-vcpxf   1m    30Mi   
1778247374
mqtt-broker-65c6fb9d94-ctkvr   2m    32Mi   
mqtt-broker-65c6fb9d94-l4cmq   2m    31Mi   
mqtt-broker-65c6fb9d94-vcpxf   1m    30Mi   
1778247379
mqtt-broker-65c6fb9d94-ctkvr   2m    32Mi   
mqtt-broker-65c6fb9d94-l4cmq   2m    31Mi   
1778247384
mqtt-broker-65c6fb9d94-ctkvr   2m    32Mi   
mqtt-broker-65c6fb9d94-l4cmq   2m    31Mi   
1778247389
mqtt-broker-65c6fb9d94-ctkvr   2m    32Mi   
mqtt-broker-65c6fb9d94-l4cmq   2m    31Mi   
1778247394
mqtt-broker-65c6fb9d94-ctkvr   2m    32Mi   
mqtt-broker-65c6fb9d94-l4cmq   2m    31Mi   
1778247399
mqtt-broker-65c6fb9d94-ctkvr   2m    32Mi   
mqtt-broker-65c6fb9d94-l4cmq   2m    32Mi   
1778247404
mqtt-broker-65c6fb9d94-ctkvr   2m    32Mi   
mqtt-broker-65c6fb9d94-l4cmq   2m    32Mi   
1778247410
1778247415
1778247420
1778247425
1778247430
1778247435
1778247440
1778247445
1778247450
1778247455
1778247460
1778247465
1778247470
1778247475
1778247480
1778247485
1778247490
1778247495
1778247500
1778247505
1778247510
1778247516
1778247521
1778247526
1778247531
1778247536
1778247541
1778247546
1778247551
1778247556
1778247561
1778247566
1778247571
1778247576
1778247581
1778247586
1778247591
1778247596
1778247601
1778247606
1778247611
1778247616
1778247621
1778247627
1778247632
1778247637
1778247642
1778247647
1778247652
1778247657
1778247662
1778247667
1778247672
1778247677
1778247682
1778247687
1778247692
1778247697
1778247702
1778247707
1778247712
1778247717
1778247722
1778247727
1778247733
1778247738
1778247743
1778247748
1778247753
1778247758
1778247763
1778247768
1778247773
1778247778
1778247783
1778247788
1778247793
1778247798
1778247803
1778247808
1778247813
1778247818
1778247823
1778247828
1778247833
1778247838
1778247844
1778247849
1778247854
1778247859
1778247864
1778247869
1778247874
1778247879
1778247884
1778247889
1778247894
1778247899
1778247904
1778247909
1778247914
1778247919
1778247924
1778247929
1778247934
1778247939
1778247944
1778247949
1778247955
1778247960
1778247965
1778247970
1778247975
1778247980
1778247985
1778247990
1778247995
1778248000
1778248005
1778248010
1778248015
1778248020
1778248025
1778248030
1778248035
1778248040
1778248045
1778248051
1778248056
1778248061
1778248066
1778248071
1778248076
1778248081
1778248086
1778248091
1778248096
1778248101
1778248106
1778248111
1778248116
1778248121
1778248126
1778248131
1778248136
1778248141
1778248147
1778248152
1778248157
1778248162
1778248167
1778248172
1778248177
1778248182
1778248187
1778248192
1778248197
1778248202
1778248207
1778248212
1778248218
1778248223
1778248228
1778248233
1778248238
1778248243
1778248248
1778248253
1778248259
1778248264
1778248269
1778248274
1778248279
1778248284
1778248289
1778248294
1778248300
1778248305
1778248310
1778248315
1778248320
1778248326
1778248331
1778248336
mqtt-broker-65c6fb9d94-6wf26   27m   22Mi   
mqtt-broker-65c6fb9d94-b4kfz   29m   39Mi   
1778248341
mqtt-broker-65c6fb9d94-6wf26   27m   22Mi   
mqtt-broker-65c6fb9d94-b4kfz   29m   39Mi   
1778248346
mqtt-broker-65c6fb9d94-6wf26   27m   22Mi   
mqtt-broker-65c6fb9d94-b4kfz   29m   39Mi   
1778248351
mqtt-broker-65c6fb9d94-6wf26   8m    23Mi   
mqtt-broker-65c6fb9d94-b4kfz   7m    40Mi   
1778248356
mqtt-broker-65c6fb9d94-6wf26   8m    23Mi   
mqtt-broker-65c6fb9d94-b4kfz   7m    40Mi   
1778248361
mqtt-broker-65c6fb9d94-6wf26   8m    23Mi   
mqtt-broker-65c6fb9d94-b4kfz   7m    40Mi   
1778248367
mqtt-broker-65c6fb9d94-6wf26   10m   24Mi   
mqtt-broker-65c6fb9d94-b4kfz   8m    41Mi   
1778248372
mqtt-broker-65c6fb9d94-6wf26   10m   24Mi   
mqtt-broker-65c6fb9d94-b4kfz   8m    41Mi   
1778248377
mqtt-broker-65c6fb9d94-6wf26   10m   24Mi   
mqtt-broker-65c6fb9d94-b4kfz   8m    41Mi   
1778248382
mqtt-broker-65c6fb9d94-595cb   34m   23Mi   
mqtt-broker-65c6fb9d94-6wf26   15m   26Mi   
mqtt-broker-65c6fb9d94-b4kfz   14m   43Mi   
1778248387
mqtt-broker-65c6fb9d94-595cb   34m   23Mi   
mqtt-broker-65c6fb9d94-6wf26   15m   26Mi   
mqtt-broker-65c6fb9d94-b4kfz   14m   43Mi   
1778248392
mqtt-broker-65c6fb9d94-595cb   34m   23Mi   
mqtt-broker-65c6fb9d94-6wf26   15m   26Mi   
mqtt-broker-65c6fb9d94-b4kfz   14m   43Mi   
1778248397
mqtt-broker-65c6fb9d94-595cb   11m   25Mi   
mqtt-broker-65c6fb9d94-6wf26   15m   27Mi   
mqtt-broker-65c6fb9d94-b4kfz   12m   45Mi   
1778248403
mqtt-broker-65c6fb9d94-595cb   11m   25Mi   
mqtt-broker-65c6fb9d94-6wf26   15m   27Mi   
mqtt-broker-65c6fb9d94-b4kfz   12m   45Mi   
1778248408
mqtt-broker-65c6fb9d94-595cb   11m   25Mi   
mqtt-broker-65c6fb9d94-6wf26   15m   27Mi   
mqtt-broker-65c6fb9d94-b4kfz   12m   45Mi   
1778248413
mqtt-broker-65c6fb9d94-595cb   11m   25Mi   
mqtt-broker-65c6fb9d94-6wf26   8m    27Mi   
mqtt-broker-65c6fb9d94-b4kfz   7m    44Mi   
1778248418
mqtt-broker-65c6fb9d94-595cb   11m   25Mi   
mqtt-broker-65c6fb9d94-6wf26   8m    27Mi   
mqtt-broker-65c6fb9d94-b4kfz   7m    44Mi   
1778248423
mqtt-broker-65c6fb9d94-595cb   11m   25Mi   
mqtt-broker-65c6fb9d94-6wf26   8m    27Mi   
mqtt-broker-65c6fb9d94-b4kfz   7m    44Mi   
1778248428
mqtt-broker-65c6fb9d94-595cb   4m    24Mi   
mqtt-broker-65c6fb9d94-6wf26   4m    27Mi   
mqtt-broker-65c6fb9d94-b4kfz   7m    44Mi   
1778248433
mqtt-broker-65c6fb9d94-595cb   4m    24Mi   
mqtt-broker-65c6fb9d94-6wf26   4m    27Mi   
mqtt-broker-65c6fb9d94-b4kfz   7m    44Mi   
1778248438
mqtt-broker-65c6fb9d94-595cb   4m    24Mi   
mqtt-broker-65c6fb9d94-6wf26   4m    27Mi   
mqtt-broker-65c6fb9d94-b4kfz   7m    44Mi   
1778248443
mqtt-broker-65c6fb9d94-595cb   4m    25Mi   
mqtt-broker-65c6fb9d94-6wf26   4m    27Mi   
mqtt-broker-65c6fb9d94-b4kfz   3m    45Mi   
1778248449
mqtt-broker-65c6fb9d94-595cb   4m    25Mi   
mqtt-broker-65c6fb9d94-6wf26   4m    27Mi   
mqtt-broker-65c6fb9d94-b4kfz   3m    45Mi   
1778248454
mqtt-broker-65c6fb9d94-595cb   4m    25Mi   
mqtt-broker-65c6fb9d94-6wf26   4m    27Mi   
mqtt-broker-65c6fb9d94-b4kfz   3m    45Mi   
1778248459
mqtt-broker-65c6fb9d94-595cb   4m    25Mi   
mqtt-broker-65c6fb9d94-6wf26   2m    27Mi   
mqtt-broker-65c6fb9d94-b4kfz   3m    44Mi   
1778248464
mqtt-broker-65c6fb9d94-595cb   4m    25Mi   
mqtt-broker-65c6fb9d94-6wf26   2m    27Mi   
mqtt-broker-65c6fb9d94-b4kfz   3m    44Mi   
1778248469
mqtt-broker-65c6fb9d94-595cb   4m    25Mi   
mqtt-broker-65c6fb9d94-6wf26   2m    27Mi   
mqtt-broker-65c6fb9d94-b4kfz   3m    44Mi   
1778248474
mqtt-broker-65c6fb9d94-595cb   1m    25Mi   
mqtt-broker-65c6fb9d94-6wf26   3m    26Mi   
mqtt-broker-65c6fb9d94-b4kfz   2m    45Mi   
1778248479
mqtt-broker-65c6fb9d94-595cb   1m    25Mi   
mqtt-broker-65c6fb9d94-6wf26   3m    26Mi   
mqtt-broker-65c6fb9d94-b4kfz   2m    45Mi   
1778248484
mqtt-broker-65c6fb9d94-595cb   1m    25Mi   
mqtt-broker-65c6fb9d94-6wf26   3m    26Mi   
mqtt-broker-65c6fb9d94-b4kfz   2m    45Mi   
1778248490
mqtt-broker-65c6fb9d94-595cb   1m    25Mi   
mqtt-broker-65c6fb9d94-6wf26   3m    26Mi   
mqtt-broker-65c6fb9d94-b4kfz   2m    45Mi   
1778248495
mqtt-broker-65c6fb9d94-595cb   1m    25Mi   
mqtt-broker-65c6fb9d94-6wf26   3m    26Mi   
mqtt-broker-65c6fb9d94-b4kfz   2m    45Mi   
1778248500
mqtt-broker-65c6fb9d94-595cb   1m    25Mi   
mqtt-broker-65c6fb9d94-6wf26   3m    26Mi   
mqtt-broker-65c6fb9d94-b4kfz   2m    45Mi   
1778248505
mqtt-broker-65c6fb9d94-595cb   2m    25Mi   
mqtt-broker-65c6fb9d94-6wf26   2m    26Mi   
mqtt-broker-65c6fb9d94-b4kfz   2m    44Mi   
1778248510
mqtt-broker-65c6fb9d94-595cb   2m    25Mi   
mqtt-broker-65c6fb9d94-6wf26   2m    26Mi   
mqtt-broker-65c6fb9d94-b4kfz   2m    44Mi   
1778248515
mqtt-broker-65c6fb9d94-595cb   2m    25Mi   
mqtt-broker-65c6fb9d94-6wf26   2m    26Mi   
mqtt-broker-65c6fb9d94-b4kfz   2m    44Mi   
1778248520
mqtt-broker-65c6fb9d94-595cb   2m    26Mi   
mqtt-broker-65c6fb9d94-6wf26   3m    27Mi   
mqtt-broker-65c6fb9d94-b4kfz   3m    45Mi   
1778248525
mqtt-broker-65c6fb9d94-595cb   2m    26Mi   
mqtt-broker-65c6fb9d94-6wf26   3m    27Mi   
mqtt-broker-65c6fb9d94-b4kfz   3m    45Mi   
1778248531
mqtt-broker-65c6fb9d94-595cb   2m    25Mi   
mqtt-broker-65c6fb9d94-6wf26   3m    27Mi   
mqtt-broker-65c6fb9d94-b4kfz   3m    44Mi   
1778248536
mqtt-broker-65c6fb9d94-595cb   2m    25Mi   
mqtt-broker-65c6fb9d94-6wf26   3m    27Mi   
mqtt-broker-65c6fb9d94-b4kfz   3m    44Mi   
1778248541
mqtt-broker-65c6fb9d94-595cb   2m    25Mi   
mqtt-broker-65c6fb9d94-6wf26   3m    27Mi   
mqtt-broker-65c6fb9d94-b4kfz   3m    44Mi   
1778248546
mqtt-broker-65c6fb9d94-595cb   1m    25Mi   
mqtt-broker-65c6fb9d94-6wf26   2m    26Mi   
mqtt-broker-65c6fb9d94-b4kfz   2m    44Mi   
1778248551
mqtt-broker-65c6fb9d94-595cb   1m    25Mi   
mqtt-broker-65c6fb9d94-6wf26   2m    26Mi   
mqtt-broker-65c6fb9d94-b4kfz   2m    44Mi   
1778248556
mqtt-broker-65c6fb9d94-595cb   1m    25Mi   
mqtt-broker-65c6fb9d94-6wf26   2m    26Mi   
mqtt-broker-65c6fb9d94-b4kfz   2m    44Mi   
1778248561
mqtt-broker-65c6fb9d94-595cb   1m    25Mi   
mqtt-broker-65c6fb9d94-6wf26   2m    26Mi   
mqtt-broker-65c6fb9d94-b4kfz   1m    44Mi   
1778248566
mqtt-broker-65c6fb9d94-595cb   1m    25Mi   
mqtt-broker-65c6fb9d94-6wf26   2m    26Mi   
mqtt-broker-65c6fb9d94-b4kfz   1m    44Mi   
1778248572
mqtt-broker-65c6fb9d94-595cb   1m    25Mi   
mqtt-broker-65c6fb9d94-6wf26   2m    26Mi   
mqtt-broker-65c6fb9d94-b4kfz   1m    44Mi   
1778248577
mqtt-broker-65c6fb9d94-595cb   2m    25Mi   
mqtt-broker-65c6fb9d94-6wf26   1m    26Mi   
mqtt-broker-65c6fb9d94-b4kfz   1m    44Mi   
1778248582
mqtt-broker-65c6fb9d94-595cb   2m    25Mi   
mqtt-broker-65c6fb9d94-6wf26   1m    26Mi   
mqtt-broker-65c6fb9d94-b4kfz   1m    44Mi   
1778248587
mqtt-broker-65c6fb9d94-595cb   2m    25Mi   
mqtt-broker-65c6fb9d94-6wf26   1m    26Mi   
mqtt-broker-65c6fb9d94-b4kfz   1m    44Mi   
1778248592
mqtt-broker-65c6fb9d94-595cb   1m    25Mi   
mqtt-broker-65c6fb9d94-6wf26   3m    26Mi   
mqtt-broker-65c6fb9d94-b4kfz   3m    27Mi   
1778248597
mqtt-broker-65c6fb9d94-595cb   1m    25Mi   
mqtt-broker-65c6fb9d94-6wf26   3m    26Mi   
mqtt-broker-65c6fb9d94-b4kfz   3m    27Mi   
1778248602
mqtt-broker-65c6fb9d94-595cb   1m    25Mi   
mqtt-broker-65c6fb9d94-6wf26   3m    26Mi   
mqtt-broker-65c6fb9d94-b4kfz   3m    27Mi   
1778248608
mqtt-broker-65c6fb9d94-595cb   1m    25Mi   
mqtt-broker-65c6fb9d94-6wf26   3m    26Mi   
mqtt-broker-65c6fb9d94-b4kfz   2m    27Mi   
1778248613
mqtt-broker-65c6fb9d94-595cb   1m    25Mi   
mqtt-broker-65c6fb9d94-6wf26   3m    26Mi   
mqtt-broker-65c6fb9d94-b4kfz   2m    27Mi   
1778248618
mqtt-broker-65c6fb9d94-595cb   1m    25Mi   
mqtt-broker-65c6fb9d94-6wf26   3m    26Mi   
mqtt-broker-65c6fb9d94-b4kfz   2m    27Mi   
1778248623
mqtt-broker-65c6fb9d94-595cb   2m    25Mi   
mqtt-broker-65c6fb9d94-6wf26   2m    26Mi   
mqtt-broker-65c6fb9d94-b4kfz   2m    27Mi   
1778248628
mqtt-broker-65c6fb9d94-595cb   2m    25Mi   
mqtt-broker-65c6fb9d94-6wf26   2m    26Mi   
mqtt-broker-65c6fb9d94-b4kfz   2m    27Mi   
1778248633
mqtt-broker-65c6fb9d94-595cb   2m    25Mi   
mqtt-broker-65c6fb9d94-6wf26   2m    26Mi   
mqtt-broker-65c6fb9d94-b4kfz   2m    27Mi   
1778248638
mqtt-broker-65c6fb9d94-595cb   2m    24Mi   
mqtt-broker-65c6fb9d94-6wf26   2m    26Mi   
mqtt-broker-65c6fb9d94-b4kfz   2m    27Mi   
1778248644
mqtt-broker-65c6fb9d94-595cb   2m    24Mi   
mqtt-broker-65c6fb9d94-6wf26   2m    26Mi   
mqtt-broker-65c6fb9d94-b4kfz   2m    27Mi   
1778248649
mqtt-broker-65c6fb9d94-595cb   2m    24Mi   
mqtt-broker-65c6fb9d94-6wf26   2m    26Mi   
mqtt-broker-65c6fb9d94-b4kfz   2m    27Mi   
1778248654
mqtt-broker-65c6fb9d94-595cb   2m    24Mi   
mqtt-broker-65c6fb9d94-6wf26   6m    27Mi   
mqtt-broker-65c6fb9d94-b4kfz   3m    28Mi   
1778248659
mqtt-broker-65c6fb9d94-595cb   2m    24Mi   
mqtt-broker-65c6fb9d94-6wf26   6m    27Mi   
mqtt-broker-65c6fb9d94-b4kfz   3m    28Mi   
1778248664
mqtt-broker-65c6fb9d94-595cb   2m    24Mi   
mqtt-broker-65c6fb9d94-6wf26   6m    27Mi   
mqtt-broker-65c6fb9d94-b4kfz   3m    28Mi   
1778248669
mqtt-broker-65c6fb9d94-595cb   9m    25Mi   
mqtt-broker-65c6fb9d94-6wf26   17m   28Mi   
mqtt-broker-65c6fb9d94-b4kfz   7m    27Mi   
1778248674
mqtt-broker-65c6fb9d94-595cb   9m    25Mi   
mqtt-broker-65c6fb9d94-6wf26   17m   28Mi   
mqtt-broker-65c6fb9d94-b4kfz   7m    27Mi   
1778248680
mqtt-broker-65c6fb9d94-595cb   9m    25Mi   
mqtt-broker-65c6fb9d94-6wf26   17m   28Mi   
mqtt-broker-65c6fb9d94-b4kfz   7m    27Mi   
1778248685
mqtt-broker-65c6fb9d94-595cb   9m    25Mi   
mqtt-broker-65c6fb9d94-6wf26   15m   28Mi   
mqtt-broker-65c6fb9d94-b4kfz   18m   29Mi   
1778248690
mqtt-broker-65c6fb9d94-595cb   9m    25Mi   
mqtt-broker-65c6fb9d94-6wf26   15m   28Mi   
mqtt-broker-65c6fb9d94-b4kfz   18m   29Mi   
1778248695
mqtt-broker-65c6fb9d94-595cb   9m    25Mi   
mqtt-broker-65c6fb9d94-6wf26   15m   28Mi   
mqtt-broker-65c6fb9d94-b4kfz   18m   29Mi   
1778248700
mqtt-broker-65c6fb9d94-595cb   14m   25Mi   
mqtt-broker-65c6fb9d94-6wf26   15m   28Mi   
mqtt-broker-65c6fb9d94-b4kfz   8m    30Mi   
1778248705
mqtt-broker-65c6fb9d94-595cb   14m   25Mi   
mqtt-broker-65c6fb9d94-6wf26   15m   28Mi   
mqtt-broker-65c6fb9d94-b4kfz   8m    30Mi   
1778248710
mqtt-broker-65c6fb9d94-595cb   7m    26Mi   
mqtt-broker-65c6fb9d94-6wf26   9m    30Mi   
mqtt-broker-65c6fb9d94-b4kfz   10m   30Mi   
1778248716
mqtt-broker-65c6fb9d94-595cb   7m    26Mi   
mqtt-broker-65c6fb9d94-6wf26   9m    30Mi   
mqtt-broker-65c6fb9d94-b4kfz   10m   30Mi   
1778248721
mqtt-broker-65c6fb9d94-595cb   7m    26Mi   
mqtt-broker-65c6fb9d94-6wf26   9m    30Mi   
mqtt-broker-65c6fb9d94-b4kfz   10m   30Mi   
1778248726
mqtt-broker-65c6fb9d94-595cb   2m    26Mi   
mqtt-broker-65c6fb9d94-6wf26   3m    29Mi   
mqtt-broker-65c6fb9d94-b4kfz   6m    32Mi   
1778248731
mqtt-broker-65c6fb9d94-595cb   2m    26Mi   
mqtt-broker-65c6fb9d94-6wf26   3m    29Mi   
mqtt-broker-65c6fb9d94-b4kfz   6m    32Mi   
1778248736
mqtt-broker-65c6fb9d94-595cb   2m    26Mi   
mqtt-broker-65c6fb9d94-6wf26   3m    29Mi   
mqtt-broker-65c6fb9d94-b4kfz   6m    32Mi   
1778248741
mqtt-broker-65c6fb9d94-595cb   6m    26Mi   
mqtt-broker-65c6fb9d94-6wf26   9m    30Mi   
mqtt-broker-65c6fb9d94-b4kfz   3m    32Mi   
1778248747
mqtt-broker-65c6fb9d94-595cb   6m    26Mi   
mqtt-broker-65c6fb9d94-6wf26   9m    30Mi   
mqtt-broker-65c6fb9d94-b4kfz   3m    32Mi   
1778248752
mqtt-broker-65c6fb9d94-595cb   6m    26Mi   
mqtt-broker-65c6fb9d94-6wf26   9m    30Mi   
mqtt-broker-65c6fb9d94-b4kfz   3m    32Mi   
1778248757
mqtt-broker-65c6fb9d94-595cb   2m    26Mi   
mqtt-broker-65c6fb9d94-6wf26   2m    30Mi   
mqtt-broker-65c6fb9d94-b4kfz   2m    39Mi   
1778248762
mqtt-broker-65c6fb9d94-595cb   2m    26Mi   
mqtt-broker-65c6fb9d94-6wf26   2m    30Mi   
mqtt-broker-65c6fb9d94-b4kfz   2m    39Mi   
1778248767
mqtt-broker-65c6fb9d94-595cb   2m    26Mi   
mqtt-broker-65c6fb9d94-6wf26   2m    30Mi   
mqtt-broker-65c6fb9d94-b4kfz   2m    39Mi   
1778248772
mqtt-broker-65c6fb9d94-595cb   1m    27Mi   
mqtt-broker-65c6fb9d94-6wf26   3m    30Mi   
mqtt-broker-65c6fb9d94-b4kfz   3m    39Mi   
1778248778
mqtt-broker-65c6fb9d94-595cb   1m    27Mi   
mqtt-broker-65c6fb9d94-6wf26   3m    30Mi   
mqtt-broker-65c6fb9d94-b4kfz   3m    39Mi   
1778248783
mqtt-broker-65c6fb9d94-595cb   1m    27Mi   
mqtt-broker-65c6fb9d94-6wf26   3m    30Mi   
mqtt-broker-65c6fb9d94-b4kfz   3m    39Mi   
1778248788
mqtt-broker-65c6fb9d94-595cb   1m    27Mi   
mqtt-broker-65c6fb9d94-6wf26   2m    31Mi   
mqtt-broker-65c6fb9d94-b4kfz   2m    39Mi   
1778248793
mqtt-broker-65c6fb9d94-595cb   1m    27Mi   
mqtt-broker-65c6fb9d94-6wf26   2m    31Mi   
mqtt-broker-65c6fb9d94-b4kfz   2m    39Mi   
1778248798
mqtt-broker-65c6fb9d94-595cb   1m    27Mi   
mqtt-broker-65c6fb9d94-6wf26   2m    31Mi   
mqtt-broker-65c6fb9d94-b4kfz   2m    39Mi   
1778248803
mqtt-broker-65c6fb9d94-595cb   5m    27Mi   
mqtt-broker-65c6fb9d94-6wf26   5m    30Mi   
mqtt-broker-65c6fb9d94-b4kfz   7m    39Mi   
1778248809
mqtt-broker-65c6fb9d94-595cb   5m    27Mi   
mqtt-broker-65c6fb9d94-6wf26   5m    30Mi   
mqtt-broker-65c6fb9d94-b4kfz   7m    39Mi   
1778248814
mqtt-broker-65c6fb9d94-595cb   5m    27Mi   
mqtt-broker-65c6fb9d94-6wf26   5m    30Mi   
mqtt-broker-65c6fb9d94-b4kfz   7m    39Mi   
1778248819
mqtt-broker-65c6fb9d94-595cb   4m    27Mi   
mqtt-broker-65c6fb9d94-6wf26   5m    30Mi   
mqtt-broker-65c6fb9d94-b4kfz   1m    39Mi   
1778248824
mqtt-broker-65c6fb9d94-595cb   4m    27Mi   
mqtt-broker-65c6fb9d94-6wf26   5m    30Mi   
mqtt-broker-65c6fb9d94-b4kfz   1m    39Mi   
1778248829
mqtt-broker-65c6fb9d94-595cb   4m    27Mi   
mqtt-broker-65c6fb9d94-6wf26   5m    30Mi   
mqtt-broker-65c6fb9d94-b4kfz   1m    39Mi   
1778248834
mqtt-broker-65c6fb9d94-595cb   1m    27Mi   
mqtt-broker-65c6fb9d94-6wf26   1m    30Mi   
mqtt-broker-65c6fb9d94-b4kfz   2m    39Mi   
1778248839
mqtt-broker-65c6fb9d94-595cb   1m    27Mi   
mqtt-broker-65c6fb9d94-6wf26   1m    30Mi   
mqtt-broker-65c6fb9d94-b4kfz   2m    39Mi   
1778248844
mqtt-broker-65c6fb9d94-595cb   1m    27Mi   
mqtt-broker-65c6fb9d94-6wf26   1m    30Mi   
mqtt-broker-65c6fb9d94-b4kfz   2m    39Mi   
1778248850
mqtt-broker-65c6fb9d94-595cb   1m    27Mi   
mqtt-broker-65c6fb9d94-6wf26   2m    30Mi   
mqtt-broker-65c6fb9d94-b4kfz   2m    39Mi   
1778248855
mqtt-broker-65c6fb9d94-595cb   1m    27Mi   
mqtt-broker-65c6fb9d94-6wf26   2m    30Mi   
mqtt-broker-65c6fb9d94-b4kfz   2m    39Mi   
1778248860
mqtt-broker-65c6fb9d94-595cb   1m    27Mi   
mqtt-broker-65c6fb9d94-6wf26   2m    30Mi   
mqtt-broker-65c6fb9d94-b4kfz   2m    39Mi   
1778248865
mqtt-broker-65c6fb9d94-595cb   1m    26Mi   
mqtt-broker-65c6fb9d94-6wf26   1m    30Mi   
mqtt-broker-65c6fb9d94-b4kfz   2m    39Mi   
1778248870
mqtt-broker-65c6fb9d94-595cb   1m    26Mi   
mqtt-broker-65c6fb9d94-6wf26   1m    30Mi   
mqtt-broker-65c6fb9d94-b4kfz   2m    39Mi   
1778248875
mqtt-broker-65c6fb9d94-595cb   1m    26Mi   
mqtt-broker-65c6fb9d94-6wf26   1m    30Mi   
mqtt-broker-65c6fb9d94-b4kfz   2m    39Mi   
1778248880
mqtt-broker-65c6fb9d94-595cb   1m    26Mi   
mqtt-broker-65c6fb9d94-6wf26   1m    30Mi   
mqtt-broker-65c6fb9d94-b4kfz   1m    39Mi   
1778248886
mqtt-broker-65c6fb9d94-595cb   1m    26Mi   
mqtt-broker-65c6fb9d94-6wf26   1m    30Mi   
mqtt-broker-65c6fb9d94-b4kfz   1m    39Mi   
1778248891
mqtt-broker-65c6fb9d94-595cb   1m    26Mi   
mqtt-broker-65c6fb9d94-6wf26   3m    31Mi   
mqtt-broker-65c6fb9d94-b4kfz   2m    39Mi   
1778248896
mqtt-broker-65c6fb9d94-595cb   1m    26Mi   
mqtt-broker-65c6fb9d94-6wf26   3m    31Mi   
mqtt-broker-65c6fb9d94-b4kfz   2m    39Mi   
1778248901
mqtt-broker-65c6fb9d94-595cb   1m    26Mi   
mqtt-broker-65c6fb9d94-6wf26   3m    31Mi   
mqtt-broker-65c6fb9d94-b4kfz   2m    39Mi   
1778248906
mqtt-broker-65c6fb9d94-595cb   1m    26Mi   
mqtt-broker-65c6fb9d94-6wf26   3m    31Mi   
mqtt-broker-65c6fb9d94-b4kfz   2m    39Mi   
1778248911
mqtt-broker-65c6fb9d94-595cb   1m    26Mi   
mqtt-broker-65c6fb9d94-6wf26   3m    31Mi   
mqtt-broker-65c6fb9d94-b4kfz   2m    39Mi   
1778248916
mqtt-broker-65c6fb9d94-595cb   1m    26Mi   
mqtt-broker-65c6fb9d94-6wf26   3m    31Mi   
mqtt-broker-65c6fb9d94-b4kfz   2m    39Mi   
1778248922
mqtt-broker-65c6fb9d94-595cb   3m    26Mi   
mqtt-broker-65c6fb9d94-6wf26   2m    30Mi   
mqtt-broker-65c6fb9d94-b4kfz   2m    39Mi   
1778248927
mqtt-broker-65c6fb9d94-595cb   3m    26Mi   
mqtt-broker-65c6fb9d94-6wf26   2m    30Mi   
mqtt-broker-65c6fb9d94-b4kfz   2m    39Mi   
1778248932
mqtt-broker-65c6fb9d94-595cb   3m    26Mi   
mqtt-broker-65c6fb9d94-6wf26   2m    30Mi   
mqtt-broker-65c6fb9d94-b4kfz   2m    39Mi   
1778248937
mqtt-broker-65c6fb9d94-595cb   3m    26Mi   
mqtt-broker-65c6fb9d94-6wf26   3m    30Mi   
mqtt-broker-65c6fb9d94-b4kfz   2m    39Mi   
1778248942
mqtt-broker-65c6fb9d94-595cb   3m    26Mi   
mqtt-broker-65c6fb9d94-6wf26   3m    30Mi   
mqtt-broker-65c6fb9d94-b4kfz   2m    39Mi   
1778248947
mqtt-broker-65c6fb9d94-595cb   3m    26Mi   
mqtt-broker-65c6fb9d94-6wf26   3m    30Mi   
mqtt-broker-65c6fb9d94-b4kfz   2m    39Mi   
1778248953
mqtt-broker-65c6fb9d94-595cb   5m    26Mi   
mqtt-broker-65c6fb9d94-6wf26   7m    30Mi   
mqtt-broker-65c6fb9d94-b4kfz   11m   40Mi   
1778248958
mqtt-broker-65c6fb9d94-595cb   5m    26Mi   
mqtt-broker-65c6fb9d94-6wf26   7m    30Mi   
mqtt-broker-65c6fb9d94-b4kfz   11m   40Mi   
1778248963
mqtt-broker-65c6fb9d94-595cb   5m    26Mi   
mqtt-broker-65c6fb9d94-6wf26   7m    30Mi   
mqtt-broker-65c6fb9d94-b4kfz   11m   40Mi   
1778248968
mqtt-broker-65c6fb9d94-595cb   19m   29Mi   
mqtt-broker-65c6fb9d94-6wf26   23m   32Mi   
mqtt-broker-65c6fb9d94-b4kfz   11m   40Mi   
1778248973
mqtt-broker-65c6fb9d94-595cb   19m   29Mi   
mqtt-broker-65c6fb9d94-6wf26   23m   32Mi   
mqtt-broker-65c6fb9d94-b4kfz   11m   40Mi   
1778248978
mqtt-broker-65c6fb9d94-595cb   19m   29Mi   
mqtt-broker-65c6fb9d94-6wf26   23m   32Mi   
mqtt-broker-65c6fb9d94-b4kfz   11m   40Mi   
1778248984
mqtt-broker-65c6fb9d94-595cb   8m    29Mi   
mqtt-broker-65c6fb9d94-6wf26   9m    33Mi   
mqtt-broker-65c6fb9d94-b4kfz   13m   41Mi   
1778248989
mqtt-broker-65c6fb9d94-595cb   8m    29Mi   
mqtt-broker-65c6fb9d94-6wf26   9m    33Mi   
mqtt-broker-65c6fb9d94-b4kfz   13m   41Mi   
1778248994
mqtt-broker-65c6fb9d94-595cb   8m    29Mi   
mqtt-broker-65c6fb9d94-6wf26   9m    33Mi   
mqtt-broker-65c6fb9d94-b4kfz   13m   41Mi   
1778248999
mqtt-broker-65c6fb9d94-595cb   8m    29Mi   
mqtt-broker-65c6fb9d94-6wf26   7m    33Mi   
mqtt-broker-65c6fb9d94-b4kfz   8m    41Mi   
1778249004
mqtt-broker-65c6fb9d94-595cb   8m    29Mi   
mqtt-broker-65c6fb9d94-6wf26   7m    33Mi   
mqtt-broker-65c6fb9d94-b4kfz   8m    41Mi   
1778249009
mqtt-broker-65c6fb9d94-595cb   8m    29Mi   
mqtt-broker-65c6fb9d94-6wf26   7m    33Mi   
mqtt-broker-65c6fb9d94-b4kfz   8m    41Mi   
1778249014
mqtt-broker-65c6fb9d94-595cb   3m    31Mi   
mqtt-broker-65c6fb9d94-6wf26   7m    33Mi   
mqtt-broker-65c6fb9d94-b4kfz   3m    41Mi   
1778249019
mqtt-broker-65c6fb9d94-595cb   3m    31Mi   
mqtt-broker-65c6fb9d94-6wf26   7m    33Mi   
mqtt-broker-65c6fb9d94-b4kfz   3m    41Mi   
1778249025
mqtt-broker-65c6fb9d94-595cb   3m    31Mi   
mqtt-broker-65c6fb9d94-6wf26   7m    33Mi   
mqtt-broker-65c6fb9d94-b4kfz   3m    41Mi   
1778249030
mqtt-broker-65c6fb9d94-595cb   3m    31Mi   
mqtt-broker-65c6fb9d94-6wf26   3m    32Mi   
mqtt-broker-65c6fb9d94-b4kfz   8m    41Mi   
1778249035
mqtt-broker-65c6fb9d94-595cb   3m    31Mi   
mqtt-broker-65c6fb9d94-6wf26   3m    32Mi   
mqtt-broker-65c6fb9d94-b4kfz   8m    41Mi   
1778249040
mqtt-broker-65c6fb9d94-595cb   3m    31Mi   
mqtt-broker-65c6fb9d94-6wf26   3m    32Mi   
mqtt-broker-65c6fb9d94-b4kfz   8m    41Mi   
1778249045
mqtt-broker-65c6fb9d94-595cb   3m    30Mi   
mqtt-broker-65c6fb9d94-6wf26   2m    32Mi   
mqtt-broker-65c6fb9d94-b4kfz   2m    41Mi   
1778249051
mqtt-broker-65c6fb9d94-595cb   3m    30Mi   
mqtt-broker-65c6fb9d94-6wf26   2m    32Mi   
mqtt-broker-65c6fb9d94-b4kfz   2m    41Mi   
1778249056
mqtt-broker-65c6fb9d94-595cb   5m    30Mi   
mqtt-broker-65c6fb9d94-6wf26   6m    31Mi   
mqtt-broker-65c6fb9d94-b4kfz   8m    40Mi   
1778249061
mqtt-broker-65c6fb9d94-595cb   5m    30Mi   
mqtt-broker-65c6fb9d94-6wf26   6m    31Mi   
mqtt-broker-65c6fb9d94-b4kfz   8m    40Mi   
1778249067
mqtt-broker-65c6fb9d94-595cb   5m    30Mi   
mqtt-broker-65c6fb9d94-6wf26   6m    31Mi   
mqtt-broker-65c6fb9d94-b4kfz   8m    40Mi   
1778249072
mqtt-broker-65c6fb9d94-595cb   3m    30Mi   
mqtt-broker-65c6fb9d94-6wf26   1m    31Mi   
mqtt-broker-65c6fb9d94-b4kfz   1m    40Mi   
1778249077
mqtt-broker-65c6fb9d94-595cb   3m    30Mi   
mqtt-broker-65c6fb9d94-6wf26   1m    31Mi   
mqtt-broker-65c6fb9d94-b4kfz   1m    40Mi   
1778249083
mqtt-broker-65c6fb9d94-595cb   3m    30Mi   
mqtt-broker-65c6fb9d94-6wf26   1m    31Mi   
mqtt-broker-65c6fb9d94-b4kfz   1m    40Mi   
1778249088
mqtt-broker-65c6fb9d94-595cb   3m    30Mi   
mqtt-broker-65c6fb9d94-6wf26   8m    31Mi   
mqtt-broker-65c6fb9d94-b4kfz   7m    40Mi   
1778249093
mqtt-broker-65c6fb9d94-595cb   3m    30Mi   
mqtt-broker-65c6fb9d94-6wf26   8m    31Mi   
mqtt-broker-65c6fb9d94-b4kfz   7m    40Mi   
1778249098
mqtt-broker-65c6fb9d94-595cb   3m    30Mi   
mqtt-broker-65c6fb9d94-6wf26   8m    31Mi   
mqtt-broker-65c6fb9d94-b4kfz   7m    40Mi   
1778249104
mqtt-broker-65c6fb9d94-595cb   7m    31Mi   
mqtt-broker-65c6fb9d94-6wf26   5m    31Mi   
mqtt-broker-65c6fb9d94-b4kfz   5m    40Mi   
1778249109
mqtt-broker-65c6fb9d94-595cb   7m    31Mi   
mqtt-broker-65c6fb9d94-6wf26   5m    31Mi   
mqtt-broker-65c6fb9d94-b4kfz   5m    40Mi   
1778249114
mqtt-broker-65c6fb9d94-595cb   7m    31Mi   
mqtt-broker-65c6fb9d94-6wf26   5m    31Mi   
mqtt-broker-65c6fb9d94-b4kfz   5m    40Mi   
1778249119
mqtt-broker-65c6fb9d94-595cb   2m    30Mi   
mqtt-broker-65c6fb9d94-6wf26   1m    31Mi   
mqtt-broker-65c6fb9d94-b4kfz   1m    40Mi   
1778249124
mqtt-broker-65c6fb9d94-595cb   2m    30Mi   
mqtt-broker-65c6fb9d94-6wf26   1m    31Mi   
mqtt-broker-65c6fb9d94-b4kfz   1m    40Mi   
1778249130
mqtt-broker-65c6fb9d94-595cb   2m    30Mi   
mqtt-broker-65c6fb9d94-6wf26   1m    31Mi   
mqtt-broker-65c6fb9d94-b4kfz   1m    40Mi   
1778249135
mqtt-broker-65c6fb9d94-595cb   1m    30Mi   
mqtt-broker-65c6fb9d94-6wf26   1m    31Mi   
mqtt-broker-65c6fb9d94-b4kfz   1m    40Mi   
1778249140
mqtt-broker-65c6fb9d94-595cb   1m    30Mi   
mqtt-broker-65c6fb9d94-6wf26   1m    31Mi   
mqtt-broker-65c6fb9d94-b4kfz   1m    40Mi   
1778249145
mqtt-broker-65c6fb9d94-595cb   2m    31Mi   
mqtt-broker-65c6fb9d94-6wf26   2m    31Mi   
mqtt-broker-65c6fb9d94-b4kfz   2m    42Mi   
1778249151
mqtt-broker-65c6fb9d94-595cb   2m    31Mi   
mqtt-broker-65c6fb9d94-6wf26   2m    31Mi   
mqtt-broker-65c6fb9d94-b4kfz   2m    42Mi   
1778249156
mqtt-broker-65c6fb9d94-595cb   2m    31Mi   
mqtt-broker-65c6fb9d94-6wf26   2m    31Mi   
mqtt-broker-65c6fb9d94-b4kfz   2m    42Mi   
1778249161
mqtt-broker-65c6fb9d94-595cb   3m    30Mi   
mqtt-broker-65c6fb9d94-6wf26   2m    31Mi   
mqtt-broker-65c6fb9d94-b4kfz   2m    41Mi   
1778249167
mqtt-broker-65c6fb9d94-595cb   3m    30Mi   
mqtt-broker-65c6fb9d94-6wf26   2m    31Mi   
mqtt-broker-65c6fb9d94-b4kfz   2m    41Mi   
1778249172
mqtt-broker-65c6fb9d94-595cb   3m    30Mi   
mqtt-broker-65c6fb9d94-6wf26   2m    31Mi   
mqtt-broker-65c6fb9d94-b4kfz   2m    41Mi   
1778249177
mqtt-broker-65c6fb9d94-595cb   15m   31Mi   
mqtt-broker-65c6fb9d94-6wf26   10m   31Mi   
mqtt-broker-65c6fb9d94-b4kfz   4m    42Mi   
1778249183
mqtt-broker-65c6fb9d94-595cb   15m   31Mi   
mqtt-broker-65c6fb9d94-6wf26   10m   31Mi   
mqtt-broker-65c6fb9d94-b4kfz   4m    42Mi   
1778249188
mqtt-broker-65c6fb9d94-595cb   15m   31Mi   
mqtt-broker-65c6fb9d94-6wf26   10m   31Mi   
mqtt-broker-65c6fb9d94-b4kfz   4m    42Mi   
1778249193
mqtt-broker-65c6fb9d94-595cb   3m    31Mi   
mqtt-broker-65c6fb9d94-6wf26   10m   31Mi   
mqtt-broker-65c6fb9d94-b4kfz   3m    42Mi   
1778249198
mqtt-broker-65c6fb9d94-595cb   3m    31Mi   
mqtt-broker-65c6fb9d94-6wf26   10m   31Mi   
mqtt-broker-65c6fb9d94-b4kfz   3m    42Mi   
1778249203
mqtt-broker-65c6fb9d94-595cb   3m    31Mi   
mqtt-broker-65c6fb9d94-6wf26   10m   31Mi   
mqtt-broker-65c6fb9d94-b4kfz   3m    42Mi   
1778249209
mqtt-broker-65c6fb9d94-595cb   2m    31Mi   
mqtt-broker-65c6fb9d94-6wf26   1m    31Mi   
mqtt-broker-65c6fb9d94-b4kfz   2m    41Mi   
1778249214
mqtt-broker-65c6fb9d94-595cb   2m    31Mi   
mqtt-broker-65c6fb9d94-6wf26   1m    31Mi   
mqtt-broker-65c6fb9d94-b4kfz   2m    41Mi   
1778249219
mqtt-broker-65c6fb9d94-595cb   2m    31Mi   
mqtt-broker-65c6fb9d94-6wf26   1m    31Mi   
mqtt-broker-65c6fb9d94-b4kfz   2m    41Mi   
1778249224
mqtt-broker-65c6fb9d94-595cb   2m    31Mi   
mqtt-broker-65c6fb9d94-6wf26   1m    31Mi   
mqtt-broker-65c6fb9d94-b4kfz   2m    42Mi   
1778249229
mqtt-broker-65c6fb9d94-595cb   2m    31Mi   
mqtt-broker-65c6fb9d94-6wf26   1m    31Mi   
mqtt-broker-65c6fb9d94-b4kfz   2m    42Mi   
1778249234
mqtt-broker-65c6fb9d94-595cb   2m    31Mi   
mqtt-broker-65c6fb9d94-6wf26   1m    31Mi   
mqtt-broker-65c6fb9d94-b4kfz   2m    42Mi   
1778249240
mqtt-broker-65c6fb9d94-595cb   2m    31Mi   
mqtt-broker-65c6fb9d94-6wf26   1m    31Mi   
mqtt-broker-65c6fb9d94-b4kfz   2m    43Mi   
1778249245
mqtt-broker-65c6fb9d94-595cb   2m    31Mi   
mqtt-broker-65c6fb9d94-6wf26   1m    31Mi   
mqtt-broker-65c6fb9d94-b4kfz   2m    43Mi   
1778249250
mqtt-broker-65c6fb9d94-595cb   2m    31Mi   
mqtt-broker-65c6fb9d94-6wf26   1m    31Mi   
mqtt-broker-65c6fb9d94-b4kfz   2m    43Mi   
1778249255
mqtt-broker-65c6fb9d94-595cb   3m    31Mi   
mqtt-broker-65c6fb9d94-6wf26   1m    31Mi   
mqtt-broker-65c6fb9d94-b4kfz   2m    42Mi   
1778249260
mqtt-broker-65c6fb9d94-595cb   3m    31Mi   
mqtt-broker-65c6fb9d94-6wf26   1m    31Mi   
mqtt-broker-65c6fb9d94-b4kfz   2m    42Mi   
1778249265
mqtt-broker-65c6fb9d94-595cb   2m    31Mi   
mqtt-broker-65c6fb9d94-6wf26   1m    31Mi   
mqtt-broker-65c6fb9d94-b4kfz   2m    42Mi   
1778249271
mqtt-broker-65c6fb9d94-595cb   2m    31Mi   
mqtt-broker-65c6fb9d94-6wf26   1m    31Mi   
mqtt-broker-65c6fb9d94-b4kfz   2m    42Mi   
1778249276
mqtt-broker-65c6fb9d94-595cb   2m    31Mi   
mqtt-broker-65c6fb9d94-6wf26   1m    31Mi   
mqtt-broker-65c6fb9d94-b4kfz   2m    42Mi   
1778249281
mqtt-broker-65c6fb9d94-595cb   2m    31Mi   
mqtt-broker-65c6fb9d94-6wf26   1m    31Mi   
mqtt-broker-65c6fb9d94-b4kfz   2m    42Mi   
1778249286
mqtt-broker-65c6fb9d94-595cb   2m    31Mi   
mqtt-broker-65c6fb9d94-6wf26   1m    31Mi   
mqtt-broker-65c6fb9d94-b4kfz   2m    42Mi   
1778249291
mqtt-broker-65c6fb9d94-595cb   2m    31Mi   
mqtt-broker-65c6fb9d94-6wf26   1m    31Mi   
mqtt-broker-65c6fb9d94-b4kfz   2m    42Mi   
1778249296
mqtt-broker-65c6fb9d94-595cb   2m    31Mi   
mqtt-broker-65c6fb9d94-6wf26   1m    31Mi   
mqtt-broker-65c6fb9d94-b4kfz   2m    43Mi   
1778249301
mqtt-broker-65c6fb9d94-595cb   2m    31Mi   
mqtt-broker-65c6fb9d94-6wf26   1m    31Mi   
mqtt-broker-65c6fb9d94-b4kfz   2m    43Mi   
1778249306
mqtt-broker-65c6fb9d94-595cb   2m    31Mi   
mqtt-broker-65c6fb9d94-6wf26   1m    31Mi   
mqtt-broker-65c6fb9d94-b4kfz   2m    43Mi   
1778249312
mqtt-broker-65c6fb9d94-595cb   2m    31Mi   
mqtt-broker-65c6fb9d94-6wf26   1m    31Mi   
mqtt-broker-65c6fb9d94-b4kfz   2m    42Mi   
1778249317
mqtt-broker-65c6fb9d94-595cb   2m    31Mi   
mqtt-broker-65c6fb9d94-6wf26   1m    31Mi   
mqtt-broker-65c6fb9d94-b4kfz   2m    42Mi   
1778249322
mqtt-broker-65c6fb9d94-595cb   2m    31Mi   
mqtt-broker-65c6fb9d94-6wf26   1m    31Mi   
mqtt-broker-65c6fb9d94-b4kfz   2m    42Mi   
1778249327
mqtt-broker-65c6fb9d94-595cb   2m    31Mi   
mqtt-broker-65c6fb9d94-6wf26   1m    31Mi   
mqtt-broker-65c6fb9d94-b4kfz   2m    43Mi   
1778249332
mqtt-broker-65c6fb9d94-595cb   2m    31Mi   
mqtt-broker-65c6fb9d94-6wf26   1m    31Mi   
mqtt-broker-65c6fb9d94-b4kfz   2m    43Mi   
1778249337
mqtt-broker-65c6fb9d94-595cb   2m    31Mi   
mqtt-broker-65c6fb9d94-6wf26   1m    31Mi   
mqtt-broker-65c6fb9d94-b4kfz   2m    43Mi   
1778249342
mqtt-broker-65c6fb9d94-595cb   2m    31Mi   
mqtt-broker-65c6fb9d94-6wf26   1m    31Mi   
mqtt-broker-65c6fb9d94-b4kfz   2m    42Mi   
1778249347
mqtt-broker-65c6fb9d94-595cb   2m    31Mi   
mqtt-broker-65c6fb9d94-b4kfz   2m    42Mi   
1778249353
mqtt-broker-65c6fb9d94-595cb   2m    31Mi   
mqtt-broker-65c6fb9d94-b4kfz   2m    42Mi   
1778249358
mqtt-broker-65c6fb9d94-595cb   2m    31Mi   
mqtt-broker-65c6fb9d94-b4kfz   2m    42Mi   
1778249363
mqtt-broker-65c6fb9d94-595cb   2m    31Mi   
mqtt-broker-65c6fb9d94-b4kfz   2m    42Mi   
1778249368
mqtt-broker-65c6fb9d94-595cb   2m    31Mi   
mqtt-broker-65c6fb9d94-b4kfz   2m    42Mi   
1778249373
mqtt-broker-65c6fb9d94-595cb   2m    31Mi   
mqtt-broker-65c6fb9d94-b4kfz   2m    42Mi   
1778249378
mqtt-broker-65c6fb9d94-595cb   2m    31Mi   
mqtt-broker-65c6fb9d94-b4kfz   2m    42Mi   
1778249383
mqtt-broker-65c6fb9d94-595cb   2m    31Mi   
mqtt-broker-65c6fb9d94-b4kfz   2m    42Mi   
1778249389
mqtt-broker-65c6fb9d94-595cb   2m    31Mi   
mqtt-broker-65c6fb9d94-b4kfz   2m    42Mi   
1778249394
1778249399
1778249404
1778249409
1778249414
1778249419
1778249424
1778249429
1778249434
1778249439
1778249444
1778249449
1778249454
1778249459
1778249464
1778249469
1778249475
1778249480
1778249485
1778249490
1778249495
1778249500
1778249505
1778249510
1778249515
1778249520
1778249525
1778249530
1778249535
1778249540
1778249545
1778249550
1778249555
1778249560
1778249566
1778249571
1778249576
1778249581
1778249586
1778249591
1778249596
1778249601
1778249606
1778249611
1778249616
1778249621
1778249626
1778249631
1778249636
1778249641
1778249646
1778249651
1778249656
1778249661
1778249666
1778249672
1778249677
1778249682
1778249687
1778249692
1778249697
1778249702
1778249707
1778249712
1778249717
1778249722
1778249727
1778249732
1778249737
1778249742
1778249747
1778249752
1778249757
1778249762
1778249767
1778249772
1778249777
1778249783
1778249788
1778249793
1778249798
1778249803
1778249808
1778249813
1778249818
1778249823
1778249828
1778249833
1778249838
1778249843
1778249848
1778249853
1778249858
1778249863
1778249868
1778249873
1778249878
1778249883
1778249889
1778249894
1778249899
1778249904
1778249909
1778249914
1778249919
1778249924
1778249929
1778249934
1778249939
1778249944
1778249949
1778249954
1778249959
1778249964
1778249969
1778249974
1778249979
1778249984
1778249990
1778249995
1778250000
1778250005
1778250010
1778250015
1778250020
1778250025
1778250030
1778250035
1778250040
1778250045
1778250050
1778250055
1778250060
1778250065
1778250070
1778250075
1778250081
1778250086
1778250091
1778250096
1778250101
1778250106
1778250111
1778250116
1778250121
1778250126
1778250131
1778250136
1778250141
1778250146
1778250151
1778250156
1778250162
1778250167
1778250172
1778250177
1778250182
1778250187
1778250192
1778250197
1778250202
1778250207
1778250212
1778250217
1778250222
1778250227
1778250232
1778250237
1778250242
1778250247
1778250252
1778250257
1778250262
1778250268
1778250273
1778250278
1778250283
1778250288
1778250293
1778250298
1778250303
1778250308
1778250313
1778250318
1778250323
1778250328
1778250333
1778250338
1778250343
1778250349
1778250354
1778250359
1778250364
1778250369
1778250374
1778250379
1778250384
1778250389
1778250394
1778250399
1778250404
1778250409
1778250414
1778250419
1778250424
1778250429
1778250435
1778250440
1778250445
1778250450
1778250455
1778250460
1778250465
1778250470
1778250475
1778250480
1778250485
1778250490
1778250495
1778250500
1778250505
1778250510
1778250515
1778250520
1778250526
1778250531
1778250536
1778250541
1778250546
1778250551
1778250556
1778250561
1778250566
1778250571
1778250576
1778250581
1778250586
1778250591
1778250596
1778250601
1778250606
1778250612
1778250617
1778250622
1778250627
1778250632
1778250637
1778250642
1778250647
1778250652
1778250657
1778250662
1778250667
1778250673
1778250678
1778250683
1778250688
1778250693
1778250698
1778250703
1778250709
1778250714
1778250719
1778250724
1778250729
1778250734
1778250739
1778250744
1778250750
1778250755
1778250760
1778250765
1778250771
1778250776
1778250781
1778250786
1778250791
1778250796
1778250801
mqtt-broker-65c6fb9d94-ck7tr   3m    22Mi   
mqtt-broker-65c6fb9d94-gh6hd   32m   39Mi   
1778250806
mqtt-broker-65c6fb9d94-ck7tr   3m    22Mi   
mqtt-broker-65c6fb9d94-gh6hd   32m   39Mi   
1778250812
mqtt-broker-65c6fb9d94-ck7tr   3m    22Mi   
mqtt-broker-65c6fb9d94-gh6hd   32m   39Mi   
1778250817
mqtt-broker-65c6fb9d94-ck7tr   9m    23Mi   
mqtt-broker-65c6fb9d94-gh6hd   7m    40Mi   
1778250822
mqtt-broker-65c6fb9d94-ck7tr   9m    23Mi   
mqtt-broker-65c6fb9d94-gh6hd   7m    40Mi   
1778250827
mqtt-broker-65c6fb9d94-ck7tr   9m    23Mi   
mqtt-broker-65c6fb9d94-gh6hd   7m    40Mi   
1778250832
mqtt-broker-65c6fb9d94-ck7tr   11m   25Mi   
mqtt-broker-65c6fb9d94-gh6hd   10m   42Mi   
1778250837
mqtt-broker-65c6fb9d94-ck7tr   11m   25Mi   
mqtt-broker-65c6fb9d94-gh6hd   10m   42Mi   
1778250842
mqtt-broker-65c6fb9d94-ck7tr   11m   25Mi   
mqtt-broker-65c6fb9d94-gh6hd   10m   42Mi   
1778250848
mqtt-broker-65c6fb9d94-ck7tr   16m   26Mi   
mqtt-broker-65c6fb9d94-gh6hd   15m   28Mi   
mqtt-broker-65c6fb9d94-mdc77   33m   24Mi   
1778250853
mqtt-broker-65c6fb9d94-ck7tr   16m   26Mi   
mqtt-broker-65c6fb9d94-gh6hd   15m   28Mi   
mqtt-broker-65c6fb9d94-mdc77   33m   24Mi   
1778250858
mqtt-broker-65c6fb9d94-ck7tr   16m   26Mi   
mqtt-broker-65c6fb9d94-gh6hd   15m   28Mi   
mqtt-broker-65c6fb9d94-mdc77   33m   24Mi   
1778250863
mqtt-broker-65c6fb9d94-ck7tr   14m   27Mi   
mqtt-broker-65c6fb9d94-gh6hd   12m   28Mi   
mqtt-broker-65c6fb9d94-mdc77   11m   24Mi   
1778250868
mqtt-broker-65c6fb9d94-ck7tr   14m   27Mi   
mqtt-broker-65c6fb9d94-gh6hd   12m   28Mi   
mqtt-broker-65c6fb9d94-mdc77   11m   24Mi   
1778250873
mqtt-broker-65c6fb9d94-ck7tr   14m   27Mi   
mqtt-broker-65c6fb9d94-gh6hd   12m   28Mi   
mqtt-broker-65c6fb9d94-mdc77   11m   24Mi   
1778250878
mqtt-broker-65c6fb9d94-ck7tr   7m    27Mi   
mqtt-broker-65c6fb9d94-gh6hd   8m    29Mi   
mqtt-broker-65c6fb9d94-mdc77   6m    24Mi   
1778250883
mqtt-broker-65c6fb9d94-ck7tr   7m    27Mi   
mqtt-broker-65c6fb9d94-gh6hd   8m    29Mi   
mqtt-broker-65c6fb9d94-mdc77   6m    24Mi   
1778250889
mqtt-broker-65c6fb9d94-ck7tr   7m    27Mi   
mqtt-broker-65c6fb9d94-gh6hd   8m    29Mi   
mqtt-broker-65c6fb9d94-mdc77   6m    24Mi   
1778250894
mqtt-broker-65c6fb9d94-ck7tr   4m    26Mi   
mqtt-broker-65c6fb9d94-gh6hd   4m    28Mi   
mqtt-broker-65c6fb9d94-mdc77   3m    25Mi   
1778250899
mqtt-broker-65c6fb9d94-ck7tr   4m    26Mi   
mqtt-broker-65c6fb9d94-gh6hd   4m    28Mi   
mqtt-broker-65c6fb9d94-mdc77   3m    25Mi   
1778250904
mqtt-broker-65c6fb9d94-ck7tr   4m    26Mi   
mqtt-broker-65c6fb9d94-gh6hd   4m    28Mi   
mqtt-broker-65c6fb9d94-mdc77   3m    25Mi   
1778250909
mqtt-broker-65c6fb9d94-ck7tr   4m    27Mi   
mqtt-broker-65c6fb9d94-gh6hd   3m    28Mi   
mqtt-broker-65c6fb9d94-mdc77   4m    25Mi   
1778250914
mqtt-broker-65c6fb9d94-ck7tr   4m    27Mi   
mqtt-broker-65c6fb9d94-gh6hd   3m    28Mi   
mqtt-broker-65c6fb9d94-mdc77   4m    25Mi   
1778250919
mqtt-broker-65c6fb9d94-ck7tr   4m    27Mi   
mqtt-broker-65c6fb9d94-gh6hd   3m    28Mi   
mqtt-broker-65c6fb9d94-mdc77   4m    25Mi   
1778250924
mqtt-broker-65c6fb9d94-ck7tr   3m    26Mi   
mqtt-broker-65c6fb9d94-gh6hd   2m    29Mi   
mqtt-broker-65c6fb9d94-mdc77   2m    26Mi   
1778250930
mqtt-broker-65c6fb9d94-ck7tr   3m    26Mi   
mqtt-broker-65c6fb9d94-gh6hd   2m    29Mi   
mqtt-broker-65c6fb9d94-mdc77   2m    26Mi   
1778250935
mqtt-broker-65c6fb9d94-ck7tr   3m    26Mi   
mqtt-broker-65c6fb9d94-gh6hd   2m    29Mi   
mqtt-broker-65c6fb9d94-mdc77   2m    26Mi   
1778250940
mqtt-broker-65c6fb9d94-ck7tr   2m    26Mi   
mqtt-broker-65c6fb9d94-gh6hd   3m    28Mi   
mqtt-broker-65c6fb9d94-mdc77   1m    25Mi   
1778250945
mqtt-broker-65c6fb9d94-ck7tr   2m    26Mi   
mqtt-broker-65c6fb9d94-gh6hd   3m    28Mi   
mqtt-broker-65c6fb9d94-mdc77   1m    25Mi   
1778250950
mqtt-broker-65c6fb9d94-ck7tr   2m    26Mi   
mqtt-broker-65c6fb9d94-gh6hd   3m    28Mi   
mqtt-broker-65c6fb9d94-mdc77   1m    25Mi   
1778250955
mqtt-broker-65c6fb9d94-ck7tr   2m    27Mi   
mqtt-broker-65c6fb9d94-gh6hd   2m    28Mi   
mqtt-broker-65c6fb9d94-mdc77   2m    25Mi   
1778250960
mqtt-broker-65c6fb9d94-ck7tr   2m    27Mi   
mqtt-broker-65c6fb9d94-gh6hd   2m    28Mi   
mqtt-broker-65c6fb9d94-mdc77   2m    25Mi   
1778250965
mqtt-broker-65c6fb9d94-ck7tr   2m    27Mi   
mqtt-broker-65c6fb9d94-gh6hd   2m    28Mi   
mqtt-broker-65c6fb9d94-mdc77   2m    25Mi   
1778250970
mqtt-broker-65c6fb9d94-ck7tr   3m    26Mi   
mqtt-broker-65c6fb9d94-gh6hd   3m    28Mi   
mqtt-broker-65c6fb9d94-mdc77   3m    25Mi   
1778250976
mqtt-broker-65c6fb9d94-ck7tr   3m    26Mi   
mqtt-broker-65c6fb9d94-gh6hd   3m    28Mi   
mqtt-broker-65c6fb9d94-mdc77   3m    25Mi   
1778250981
mqtt-broker-65c6fb9d94-ck7tr   3m    26Mi   
mqtt-broker-65c6fb9d94-gh6hd   3m    28Mi   
mqtt-broker-65c6fb9d94-mdc77   3m    25Mi   
1778250986
mqtt-broker-65c6fb9d94-ck7tr   2m    27Mi   
mqtt-broker-65c6fb9d94-gh6hd   3m    29Mi   
mqtt-broker-65c6fb9d94-mdc77   2m    25Mi   
1778250991
mqtt-broker-65c6fb9d94-ck7tr   2m    27Mi   
mqtt-broker-65c6fb9d94-gh6hd   3m    29Mi   
mqtt-broker-65c6fb9d94-mdc77   2m    25Mi   
1778250996
mqtt-broker-65c6fb9d94-ck7tr   2m    27Mi   
mqtt-broker-65c6fb9d94-gh6hd   3m    29Mi   
mqtt-broker-65c6fb9d94-mdc77   2m    25Mi   
1778251001
mqtt-broker-65c6fb9d94-ck7tr   3m    27Mi   
mqtt-broker-65c6fb9d94-gh6hd   3m    28Mi   
mqtt-broker-65c6fb9d94-mdc77   1m    25Mi   
1778251006
mqtt-broker-65c6fb9d94-ck7tr   3m    27Mi   
mqtt-broker-65c6fb9d94-gh6hd   3m    28Mi   
mqtt-broker-65c6fb9d94-mdc77   1m    25Mi   
1778251011
mqtt-broker-65c6fb9d94-ck7tr   2m    26Mi   
mqtt-broker-65c6fb9d94-gh6hd   1m    28Mi   
mqtt-broker-65c6fb9d94-mdc77   1m    25Mi   
1778251016
mqtt-broker-65c6fb9d94-ck7tr   2m    26Mi   
mqtt-broker-65c6fb9d94-gh6hd   1m    28Mi   
mqtt-broker-65c6fb9d94-mdc77   1m    25Mi   
1778251022
mqtt-broker-65c6fb9d94-ck7tr   2m    26Mi   
mqtt-broker-65c6fb9d94-gh6hd   1m    28Mi   
mqtt-broker-65c6fb9d94-mdc77   1m    25Mi   
1778251027
mqtt-broker-65c6fb9d94-ck7tr   1m    26Mi   
mqtt-broker-65c6fb9d94-gh6hd   1m    28Mi   
mqtt-broker-65c6fb9d94-mdc77   1m    25Mi   
1778251032
mqtt-broker-65c6fb9d94-ck7tr   1m    26Mi   
mqtt-broker-65c6fb9d94-gh6hd   1m    28Mi   
mqtt-broker-65c6fb9d94-mdc77   1m    25Mi   
1778251037
mqtt-broker-65c6fb9d94-ck7tr   1m    26Mi   
mqtt-broker-65c6fb9d94-gh6hd   1m    28Mi   
mqtt-broker-65c6fb9d94-mdc77   1m    25Mi   
1778251042
mqtt-broker-65c6fb9d94-ck7tr   2m    27Mi   
mqtt-broker-65c6fb9d94-gh6hd   1m    28Mi   
mqtt-broker-65c6fb9d94-mdc77   1m    25Mi   
1778251047
mqtt-broker-65c6fb9d94-ck7tr   2m    27Mi   
mqtt-broker-65c6fb9d94-gh6hd   1m    28Mi   
mqtt-broker-65c6fb9d94-mdc77   1m    25Mi   
1778251052
mqtt-broker-65c6fb9d94-ck7tr   2m    27Mi   
mqtt-broker-65c6fb9d94-gh6hd   1m    28Mi   
mqtt-broker-65c6fb9d94-mdc77   1m    25Mi   
1778251057
mqtt-broker-65c6fb9d94-ck7tr   3m    26Mi   
mqtt-broker-65c6fb9d94-gh6hd   3m    28Mi   
mqtt-broker-65c6fb9d94-mdc77   1m    25Mi   
1778251063
mqtt-broker-65c6fb9d94-ck7tr   3m    26Mi   
mqtt-broker-65c6fb9d94-gh6hd   3m    28Mi   
mqtt-broker-65c6fb9d94-mdc77   1m    25Mi   
1778251068
mqtt-broker-65c6fb9d94-ck7tr   3m    26Mi   
mqtt-broker-65c6fb9d94-gh6hd   3m    28Mi   
mqtt-broker-65c6fb9d94-mdc77   1m    25Mi   
1778251073
mqtt-broker-65c6fb9d94-ck7tr   2m    26Mi   
mqtt-broker-65c6fb9d94-gh6hd   2m    28Mi   
mqtt-broker-65c6fb9d94-mdc77   2m    25Mi   
1778251078
mqtt-broker-65c6fb9d94-ck7tr   2m    26Mi   
mqtt-broker-65c6fb9d94-gh6hd   2m    28Mi   
mqtt-broker-65c6fb9d94-mdc77   2m    25Mi   
1778251083
mqtt-broker-65c6fb9d94-ck7tr   2m    26Mi   
mqtt-broker-65c6fb9d94-gh6hd   2m    28Mi   
mqtt-broker-65c6fb9d94-mdc77   2m    25Mi   
1778251088
mqtt-broker-65c6fb9d94-ck7tr   4m    26Mi   
mqtt-broker-65c6fb9d94-gh6hd   3m    28Mi   
mqtt-broker-65c6fb9d94-mdc77   2m    25Mi   
1778251093
mqtt-broker-65c6fb9d94-ck7tr   4m    26Mi   
mqtt-broker-65c6fb9d94-gh6hd   3m    28Mi   
mqtt-broker-65c6fb9d94-mdc77   2m    25Mi   
1778251098
mqtt-broker-65c6fb9d94-ck7tr   4m    26Mi   
mqtt-broker-65c6fb9d94-gh6hd   3m    28Mi   
mqtt-broker-65c6fb9d94-mdc77   2m    25Mi   
1778251103
mqtt-broker-65c6fb9d94-ck7tr   4m    26Mi   
mqtt-broker-65c6fb9d94-gh6hd   6m    28Mi   
mqtt-broker-65c6fb9d94-mdc77   5m    25Mi   
1778251109
mqtt-broker-65c6fb9d94-ck7tr   4m    26Mi   
mqtt-broker-65c6fb9d94-gh6hd   6m    28Mi   
mqtt-broker-65c6fb9d94-mdc77   5m    25Mi   
1778251114
mqtt-broker-65c6fb9d94-ck7tr   4m    26Mi   
mqtt-broker-65c6fb9d94-gh6hd   6m    28Mi   
mqtt-broker-65c6fb9d94-mdc77   5m    25Mi   
1778251119
mqtt-broker-65c6fb9d94-ck7tr   6m    26Mi   
mqtt-broker-65c6fb9d94-gh6hd   5m    28Mi   
mqtt-broker-65c6fb9d94-mdc77   4m    25Mi   
1778251124
mqtt-broker-65c6fb9d94-ck7tr   6m    26Mi   
mqtt-broker-65c6fb9d94-gh6hd   5m    28Mi   
mqtt-broker-65c6fb9d94-mdc77   4m    25Mi   
1778251129
mqtt-broker-65c6fb9d94-ck7tr   6m    26Mi   
mqtt-broker-65c6fb9d94-gh6hd   5m    28Mi   
mqtt-broker-65c6fb9d94-mdc77   4m    25Mi   
1778251134
mqtt-broker-65c6fb9d94-ck7tr   12m   28Mi   
mqtt-broker-65c6fb9d94-gh6hd   14m   28Mi   
mqtt-broker-65c6fb9d94-mdc77   7m    26Mi   
1778251139
mqtt-broker-65c6fb9d94-ck7tr   12m   28Mi   
mqtt-broker-65c6fb9d94-gh6hd   14m   28Mi   
mqtt-broker-65c6fb9d94-mdc77   7m    26Mi   
1778251145
mqtt-broker-65c6fb9d94-ck7tr   12m   28Mi   
mqtt-broker-65c6fb9d94-gh6hd   14m   28Mi   
mqtt-broker-65c6fb9d94-mdc77   7m    26Mi   
1778251150
mqtt-broker-65c6fb9d94-ck7tr   7m    30Mi   
mqtt-broker-65c6fb9d94-gh6hd   11m   30Mi   
mqtt-broker-65c6fb9d94-mdc77   15m   25Mi   
1778251155
mqtt-broker-65c6fb9d94-ck7tr   7m    30Mi   
mqtt-broker-65c6fb9d94-gh6hd   11m   30Mi   
mqtt-broker-65c6fb9d94-mdc77   15m   25Mi   
1778251160
mqtt-broker-65c6fb9d94-ck7tr   7m    30Mi   
mqtt-broker-65c6fb9d94-gh6hd   11m   30Mi   
mqtt-broker-65c6fb9d94-mdc77   15m   25Mi   
1778251165
mqtt-broker-65c6fb9d94-ck7tr   7m    29Mi   
mqtt-broker-65c6fb9d94-gh6hd   11m   30Mi   
mqtt-broker-65c6fb9d94-mdc77   7m    26Mi   
1778251170
mqtt-broker-65c6fb9d94-ck7tr   7m    29Mi   
mqtt-broker-65c6fb9d94-gh6hd   11m   30Mi   
mqtt-broker-65c6fb9d94-mdc77   7m    26Mi   
1778251175
mqtt-broker-65c6fb9d94-ck7tr   7m    29Mi   
mqtt-broker-65c6fb9d94-gh6hd   11m   30Mi   
mqtt-broker-65c6fb9d94-mdc77   7m    26Mi   
1778251180
mqtt-broker-65c6fb9d94-ck7tr   3m    29Mi   
mqtt-broker-65c6fb9d94-gh6hd   5m    31Mi   
mqtt-broker-65c6fb9d94-mdc77   2m    26Mi   
1778251186
mqtt-broker-65c6fb9d94-ck7tr   3m    29Mi   
mqtt-broker-65c6fb9d94-gh6hd   5m    31Mi   
mqtt-broker-65c6fb9d94-mdc77   2m    26Mi   
1778251191
mqtt-broker-65c6fb9d94-ck7tr   3m    29Mi   
mqtt-broker-65c6fb9d94-gh6hd   5m    31Mi   
mqtt-broker-65c6fb9d94-mdc77   2m    26Mi   
1778251196
mqtt-broker-65c6fb9d94-ck7tr   5m    29Mi   
mqtt-broker-65c6fb9d94-gh6hd   6m    31Mi   
mqtt-broker-65c6fb9d94-mdc77   5m    26Mi   
1778251201
mqtt-broker-65c6fb9d94-ck7tr   5m    29Mi   
mqtt-broker-65c6fb9d94-gh6hd   6m    31Mi   
mqtt-broker-65c6fb9d94-mdc77   5m    26Mi   
1778251206
mqtt-broker-65c6fb9d94-ck7tr   5m    29Mi   
mqtt-broker-65c6fb9d94-gh6hd   6m    31Mi   
mqtt-broker-65c6fb9d94-mdc77   5m    26Mi   
1778251211
mqtt-broker-65c6fb9d94-ck7tr   3m    29Mi   
mqtt-broker-65c6fb9d94-gh6hd   3m    31Mi   
mqtt-broker-65c6fb9d94-mdc77   2m    26Mi   
1778251216
mqtt-broker-65c6fb9d94-ck7tr   3m    29Mi   
mqtt-broker-65c6fb9d94-gh6hd   3m    31Mi   
mqtt-broker-65c6fb9d94-mdc77   2m    26Mi   
1778251222
mqtt-broker-65c6fb9d94-ck7tr   3m    29Mi   
mqtt-broker-65c6fb9d94-gh6hd   3m    31Mi   
mqtt-broker-65c6fb9d94-mdc77   2m    26Mi   
1778251227
mqtt-broker-65c6fb9d94-ck7tr   3m    29Mi   
mqtt-broker-65c6fb9d94-gh6hd   3m    31Mi   
mqtt-broker-65c6fb9d94-mdc77   2m    26Mi   
1778251232
mqtt-broker-65c6fb9d94-ck7tr   3m    29Mi   
mqtt-broker-65c6fb9d94-gh6hd   3m    31Mi   
mqtt-broker-65c6fb9d94-mdc77   2m    26Mi   
1778251237
mqtt-broker-65c6fb9d94-ck7tr   3m    30Mi   
mqtt-broker-65c6fb9d94-gh6hd   3m    32Mi   
mqtt-broker-65c6fb9d94-mdc77   2m    26Mi   
1778251242
mqtt-broker-65c6fb9d94-ck7tr   3m    30Mi   
mqtt-broker-65c6fb9d94-gh6hd   3m    32Mi   
mqtt-broker-65c6fb9d94-mdc77   2m    26Mi   
1778251247
mqtt-broker-65c6fb9d94-ck7tr   3m    30Mi   
mqtt-broker-65c6fb9d94-gh6hd   3m    32Mi   
mqtt-broker-65c6fb9d94-mdc77   2m    26Mi   
1778251252
mqtt-broker-65c6fb9d94-ck7tr   2m    30Mi   
mqtt-broker-65c6fb9d94-gh6hd   5m    32Mi   
mqtt-broker-65c6fb9d94-mdc77   1m    26Mi   
1778251257
mqtt-broker-65c6fb9d94-ck7tr   2m    30Mi   
mqtt-broker-65c6fb9d94-gh6hd   5m    32Mi   
mqtt-broker-65c6fb9d94-mdc77   1m    26Mi   
1778251262
mqtt-broker-65c6fb9d94-ck7tr   2m    30Mi   
mqtt-broker-65c6fb9d94-gh6hd   5m    32Mi   
mqtt-broker-65c6fb9d94-mdc77   1m    26Mi   
1778251268
mqtt-broker-65c6fb9d94-ck7tr   5m    30Mi   
mqtt-broker-65c6fb9d94-gh6hd   2m    32Mi   
mqtt-broker-65c6fb9d94-mdc77   4m    26Mi   
1778251273
mqtt-broker-65c6fb9d94-ck7tr   5m    30Mi   
mqtt-broker-65c6fb9d94-gh6hd   2m    32Mi   
mqtt-broker-65c6fb9d94-mdc77   4m    26Mi   
1778251278
mqtt-broker-65c6fb9d94-ck7tr   5m    30Mi   
mqtt-broker-65c6fb9d94-gh6hd   2m    32Mi   
mqtt-broker-65c6fb9d94-mdc77   4m    26Mi   
1778251283
mqtt-broker-65c6fb9d94-ck7tr   2m    30Mi   
mqtt-broker-65c6fb9d94-gh6hd   1m    33Mi   
mqtt-broker-65c6fb9d94-mdc77   2m    27Mi   
1778251288
mqtt-broker-65c6fb9d94-ck7tr   2m    30Mi   
mqtt-broker-65c6fb9d94-gh6hd   1m    33Mi   
mqtt-broker-65c6fb9d94-mdc77   2m    27Mi   
1778251293
mqtt-broker-65c6fb9d94-ck7tr   2m    30Mi   
mqtt-broker-65c6fb9d94-gh6hd   1m    33Mi   
mqtt-broker-65c6fb9d94-mdc77   2m    27Mi   
1778251298
mqtt-broker-65c6fb9d94-ck7tr   2m    30Mi   
mqtt-broker-65c6fb9d94-gh6hd   2m    32Mi   
mqtt-broker-65c6fb9d94-mdc77   1m    26Mi   
1778251303
mqtt-broker-65c6fb9d94-ck7tr   2m    30Mi   
mqtt-broker-65c6fb9d94-gh6hd   2m    32Mi   
mqtt-broker-65c6fb9d94-mdc77   1m    26Mi   
1778251309
mqtt-broker-65c6fb9d94-ck7tr   2m    30Mi   
mqtt-broker-65c6fb9d94-gh6hd   2m    32Mi   
mqtt-broker-65c6fb9d94-mdc77   1m    26Mi   
1778251314
mqtt-broker-65c6fb9d94-ck7tr   2m    29Mi   
mqtt-broker-65c6fb9d94-gh6hd   2m    32Mi   
mqtt-broker-65c6fb9d94-mdc77   1m    26Mi   
1778251319
mqtt-broker-65c6fb9d94-ck7tr   2m    29Mi   
mqtt-broker-65c6fb9d94-gh6hd   2m    32Mi   
mqtt-broker-65c6fb9d94-mdc77   1m    26Mi   
1778251324
mqtt-broker-65c6fb9d94-ck7tr   2m    29Mi   
mqtt-broker-65c6fb9d94-gh6hd   2m    32Mi   
mqtt-broker-65c6fb9d94-mdc77   1m    26Mi   
1778251329
mqtt-broker-65c6fb9d94-ck7tr   1m    29Mi   
mqtt-broker-65c6fb9d94-gh6hd   1m    32Mi   
mqtt-broker-65c6fb9d94-mdc77   1m    26Mi   
1778251334
mqtt-broker-65c6fb9d94-ck7tr   1m    29Mi   
mqtt-broker-65c6fb9d94-gh6hd   1m    32Mi   
mqtt-broker-65c6fb9d94-mdc77   1m    26Mi   
1778251339
mqtt-broker-65c6fb9d94-ck7tr   1m    29Mi   
mqtt-broker-65c6fb9d94-gh6hd   1m    32Mi   
mqtt-broker-65c6fb9d94-mdc77   1m    26Mi   
1778251344
mqtt-broker-65c6fb9d94-ck7tr   2m    29Mi   
mqtt-broker-65c6fb9d94-gh6hd   1m    32Mi   
mqtt-broker-65c6fb9d94-mdc77   1m    26Mi   
1778251350
mqtt-broker-65c6fb9d94-ck7tr   2m    29Mi   
mqtt-broker-65c6fb9d94-gh6hd   1m    32Mi   
mqtt-broker-65c6fb9d94-mdc77   1m    26Mi   
1778251355
mqtt-broker-65c6fb9d94-ck7tr   2m    29Mi   
mqtt-broker-65c6fb9d94-gh6hd   1m    32Mi   
mqtt-broker-65c6fb9d94-mdc77   1m    26Mi   
1778251360
mqtt-broker-65c6fb9d94-ck7tr   2m    29Mi   
mqtt-broker-65c6fb9d94-gh6hd   2m    32Mi   
mqtt-broker-65c6fb9d94-mdc77   1m    26Mi   
1778251365
mqtt-broker-65c6fb9d94-ck7tr   2m    29Mi   
mqtt-broker-65c6fb9d94-gh6hd   2m    32Mi   
mqtt-broker-65c6fb9d94-mdc77   1m    26Mi   
1778251370
mqtt-broker-65c6fb9d94-ck7tr   2m    29Mi   
mqtt-broker-65c6fb9d94-gh6hd   2m    32Mi   
mqtt-broker-65c6fb9d94-mdc77   1m    26Mi   
1778251375
mqtt-broker-65c6fb9d94-ck7tr   2m    29Mi   
mqtt-broker-65c6fb9d94-gh6hd   2m    32Mi   
mqtt-broker-65c6fb9d94-mdc77   2m    26Mi   
1778251380
mqtt-broker-65c6fb9d94-ck7tr   2m    29Mi   
mqtt-broker-65c6fb9d94-gh6hd   2m    32Mi   
mqtt-broker-65c6fb9d94-mdc77   2m    26Mi   
1778251385
mqtt-broker-65c6fb9d94-ck7tr   2m    29Mi   
mqtt-broker-65c6fb9d94-gh6hd   2m    32Mi   
mqtt-broker-65c6fb9d94-mdc77   2m    26Mi   
1778251391
mqtt-broker-65c6fb9d94-ck7tr   3m    30Mi   
mqtt-broker-65c6fb9d94-gh6hd   2m    32Mi   
mqtt-broker-65c6fb9d94-mdc77   2m    26Mi   
1778251396
mqtt-broker-65c6fb9d94-ck7tr   3m    30Mi   
mqtt-broker-65c6fb9d94-gh6hd   2m    32Mi   
mqtt-broker-65c6fb9d94-mdc77   2m    26Mi   
1778251401
mqtt-broker-65c6fb9d94-ck7tr   3m    30Mi   
mqtt-broker-65c6fb9d94-gh6hd   2m    32Mi   
mqtt-broker-65c6fb9d94-mdc77   2m    26Mi   
1778251406
mqtt-broker-65c6fb9d94-ck7tr   6m    31Mi   
mqtt-broker-65c6fb9d94-gh6hd   5m    31Mi   
mqtt-broker-65c6fb9d94-mdc77   4m    26Mi   
1778251411
mqtt-broker-65c6fb9d94-ck7tr   6m    31Mi   
mqtt-broker-65c6fb9d94-gh6hd   5m    31Mi   
mqtt-broker-65c6fb9d94-mdc77   4m    26Mi   
1778251416
mqtt-broker-65c6fb9d94-ck7tr   5m    30Mi   
mqtt-broker-65c6fb9d94-gh6hd   4m    31Mi   
mqtt-broker-65c6fb9d94-mdc77   3m    26Mi   
1778251421
mqtt-broker-65c6fb9d94-ck7tr   5m    30Mi   
mqtt-broker-65c6fb9d94-gh6hd   4m    31Mi   
mqtt-broker-65c6fb9d94-mdc77   3m    26Mi   
1778251426
mqtt-broker-65c6fb9d94-ck7tr   5m    30Mi   
mqtt-broker-65c6fb9d94-gh6hd   4m    31Mi   
mqtt-broker-65c6fb9d94-mdc77   3m    26Mi   
1778251432
mqtt-broker-65c6fb9d94-ck7tr   10m   31Mi   
mqtt-broker-65c6fb9d94-gh6hd   11m   33Mi   
mqtt-broker-65c6fb9d94-mdc77   15m   27Mi   
1778251437
mqtt-broker-65c6fb9d94-ck7tr   10m   31Mi   
mqtt-broker-65c6fb9d94-gh6hd   11m   33Mi   
mqtt-broker-65c6fb9d94-mdc77   15m   27Mi   
1778251442
mqtt-broker-65c6fb9d94-ck7tr   10m   31Mi   
mqtt-broker-65c6fb9d94-gh6hd   11m   33Mi   
mqtt-broker-65c6fb9d94-mdc77   15m   27Mi   
1778251447
mqtt-broker-65c6fb9d94-ck7tr   14m   33Mi   
mqtt-broker-65c6fb9d94-gh6hd   13m   33Mi   
mqtt-broker-65c6fb9d94-mdc77   11m   27Mi   
1778251452
mqtt-broker-65c6fb9d94-ck7tr   14m   33Mi   
mqtt-broker-65c6fb9d94-gh6hd   13m   33Mi   
mqtt-broker-65c6fb9d94-mdc77   11m   27Mi   
1778251457
mqtt-broker-65c6fb9d94-ck7tr   14m   33Mi   
mqtt-broker-65c6fb9d94-gh6hd   13m   33Mi   
mqtt-broker-65c6fb9d94-mdc77   11m   27Mi   
1778251462
mqtt-broker-65c6fb9d94-ck7tr   8m    32Mi   
mqtt-broker-65c6fb9d94-gh6hd   7m    34Mi   
mqtt-broker-65c6fb9d94-mdc77   7m    29Mi   
1778251467
mqtt-broker-65c6fb9d94-ck7tr   8m    32Mi   
mqtt-broker-65c6fb9d94-gh6hd   7m    34Mi   
mqtt-broker-65c6fb9d94-mdc77   7m    29Mi   
1778251473
mqtt-broker-65c6fb9d94-ck7tr   8m    32Mi   
mqtt-broker-65c6fb9d94-gh6hd   7m    34Mi   
mqtt-broker-65c6fb9d94-mdc77   7m    29Mi   
1778251478
mqtt-broker-65c6fb9d94-ck7tr   3m    32Mi   
mqtt-broker-65c6fb9d94-gh6hd   3m    34Mi   
mqtt-broker-65c6fb9d94-mdc77   2m    28Mi   
1778251483
mqtt-broker-65c6fb9d94-ck7tr   3m    32Mi   
mqtt-broker-65c6fb9d94-gh6hd   3m    34Mi   
mqtt-broker-65c6fb9d94-mdc77   2m    28Mi   
1778251488
mqtt-broker-65c6fb9d94-ck7tr   3m    32Mi   
mqtt-broker-65c6fb9d94-gh6hd   3m    34Mi   
mqtt-broker-65c6fb9d94-mdc77   2m    28Mi   
1778251493
mqtt-broker-65c6fb9d94-ck7tr   6m    32Mi   
mqtt-broker-65c6fb9d94-gh6hd   8m    34Mi   
mqtt-broker-65c6fb9d94-mdc77   2m    28Mi   
1778251498
mqtt-broker-65c6fb9d94-ck7tr   6m    32Mi   
mqtt-broker-65c6fb9d94-gh6hd   8m    34Mi   
mqtt-broker-65c6fb9d94-mdc77   2m    28Mi   
1778251503
mqtt-broker-65c6fb9d94-ck7tr   6m    32Mi   
mqtt-broker-65c6fb9d94-gh6hd   8m    34Mi   
mqtt-broker-65c6fb9d94-mdc77   2m    28Mi   
1778251508
mqtt-broker-65c6fb9d94-ck7tr   2m    32Mi   
mqtt-broker-65c6fb9d94-gh6hd   2m    34Mi   
mqtt-broker-65c6fb9d94-mdc77   4m    29Mi   
1778251514
mqtt-broker-65c6fb9d94-ck7tr   2m    32Mi   
mqtt-broker-65c6fb9d94-gh6hd   2m    34Mi   
mqtt-broker-65c6fb9d94-mdc77   4m    29Mi   
1778251519
mqtt-broker-65c6fb9d94-ck7tr   2m    32Mi   
mqtt-broker-65c6fb9d94-gh6hd   2m    34Mi   
mqtt-broker-65c6fb9d94-mdc77   4m    29Mi   
1778251524
mqtt-broker-65c6fb9d94-ck7tr   11m   30Mi   
mqtt-broker-65c6fb9d94-gh6hd   10m   32Mi   
mqtt-broker-65c6fb9d94-mdc77   3m    28Mi   
1778251529
mqtt-broker-65c6fb9d94-ck7tr   11m   30Mi   
mqtt-broker-65c6fb9d94-gh6hd   10m   32Mi   
mqtt-broker-65c6fb9d94-mdc77   3m    28Mi   
1778251534
mqtt-broker-65c6fb9d94-ck7tr   11m   30Mi   
mqtt-broker-65c6fb9d94-gh6hd   10m   32Mi   
mqtt-broker-65c6fb9d94-mdc77   3m    28Mi   
1778251539
mqtt-broker-65c6fb9d94-ck7tr   1m    31Mi   
mqtt-broker-65c6fb9d94-gh6hd   2m    33Mi   
mqtt-broker-65c6fb9d94-mdc77   3m    29Mi   
1778251544
mqtt-broker-65c6fb9d94-ck7tr   1m    31Mi   
mqtt-broker-65c6fb9d94-gh6hd   2m    33Mi   
mqtt-broker-65c6fb9d94-mdc77   3m    29Mi   
1778251549
mqtt-broker-65c6fb9d94-ck7tr   1m    31Mi   
mqtt-broker-65c6fb9d94-gh6hd   2m    33Mi   
mqtt-broker-65c6fb9d94-mdc77   3m    29Mi   
1778251555
mqtt-broker-65c6fb9d94-ck7tr   4m    31Mi   
mqtt-broker-65c6fb9d94-gh6hd   2m    33Mi   
mqtt-broker-65c6fb9d94-mdc77   3m    29Mi   
1778251560
mqtt-broker-65c6fb9d94-ck7tr   4m    31Mi   
mqtt-broker-65c6fb9d94-gh6hd   2m    33Mi   
mqtt-broker-65c6fb9d94-mdc77   3m    29Mi   
1778251565
mqtt-broker-65c6fb9d94-ck7tr   4m    31Mi   
mqtt-broker-65c6fb9d94-gh6hd   2m    33Mi   
mqtt-broker-65c6fb9d94-mdc77   3m    29Mi   
1778251570
mqtt-broker-65c6fb9d94-ck7tr   3m    31Mi   
mqtt-broker-65c6fb9d94-gh6hd   3m    33Mi   
mqtt-broker-65c6fb9d94-mdc77   4m    29Mi   
1778251575
mqtt-broker-65c6fb9d94-ck7tr   3m    31Mi   
mqtt-broker-65c6fb9d94-gh6hd   3m    33Mi   
mqtt-broker-65c6fb9d94-mdc77   4m    29Mi   
1778251580
mqtt-broker-65c6fb9d94-ck7tr   3m    31Mi   
mqtt-broker-65c6fb9d94-gh6hd   3m    33Mi   
mqtt-broker-65c6fb9d94-mdc77   4m    29Mi   
1778251585
mqtt-broker-65c6fb9d94-ck7tr   1m    31Mi   
mqtt-broker-65c6fb9d94-gh6hd   1m    33Mi   
mqtt-broker-65c6fb9d94-mdc77   1m    29Mi   
1778251590
mqtt-broker-65c6fb9d94-ck7tr   1m    31Mi   
mqtt-broker-65c6fb9d94-gh6hd   1m    33Mi   
mqtt-broker-65c6fb9d94-mdc77   1m    29Mi   
1778251596
mqtt-broker-65c6fb9d94-ck7tr   1m    31Mi   
mqtt-broker-65c6fb9d94-gh6hd   1m    33Mi   
mqtt-broker-65c6fb9d94-mdc77   1m    29Mi   
1778251601
mqtt-broker-65c6fb9d94-ck7tr   1m    31Mi   
mqtt-broker-65c6fb9d94-gh6hd   2m    33Mi   
mqtt-broker-65c6fb9d94-mdc77   1m    29Mi   
1778251606
mqtt-broker-65c6fb9d94-ck7tr   1m    31Mi   
mqtt-broker-65c6fb9d94-gh6hd   2m    33Mi   
mqtt-broker-65c6fb9d94-mdc77   1m    29Mi   
1778251611
mqtt-broker-65c6fb9d94-ck7tr   1m    31Mi   
mqtt-broker-65c6fb9d94-gh6hd   2m    33Mi   
mqtt-broker-65c6fb9d94-mdc77   1m    29Mi   
1778251616
mqtt-broker-65c6fb9d94-ck7tr   2m    31Mi   
mqtt-broker-65c6fb9d94-gh6hd   2m    33Mi   
mqtt-broker-65c6fb9d94-mdc77   2m    29Mi   
1778251621
mqtt-broker-65c6fb9d94-ck7tr   2m    31Mi   
mqtt-broker-65c6fb9d94-gh6hd   2m    33Mi   
mqtt-broker-65c6fb9d94-mdc77   2m    29Mi   
1778251626
mqtt-broker-65c6fb9d94-ck7tr   1m    31Mi   
mqtt-broker-65c6fb9d94-gh6hd   2m    33Mi   
mqtt-broker-65c6fb9d94-mdc77   1m    29Mi   
1778251631
mqtt-broker-65c6fb9d94-ck7tr   1m    31Mi   
mqtt-broker-65c6fb9d94-gh6hd   2m    33Mi   
mqtt-broker-65c6fb9d94-mdc77   1m    29Mi   
1778251636
mqtt-broker-65c6fb9d94-ck7tr   1m    31Mi   
mqtt-broker-65c6fb9d94-gh6hd   2m    33Mi   
mqtt-broker-65c6fb9d94-mdc77   1m    29Mi   
1778251642
mqtt-broker-65c6fb9d94-ck7tr   4m    30Mi   
mqtt-broker-65c6fb9d94-gh6hd   3m    33Mi   
mqtt-broker-65c6fb9d94-mdc77   2m    29Mi   
1778251647
mqtt-broker-65c6fb9d94-ck7tr   4m    30Mi   
mqtt-broker-65c6fb9d94-gh6hd   3m    33Mi   
mqtt-broker-65c6fb9d94-mdc77   2m    29Mi   
1778251652
mqtt-broker-65c6fb9d94-ck7tr   4m    30Mi   
mqtt-broker-65c6fb9d94-gh6hd   3m    33Mi   
mqtt-broker-65c6fb9d94-mdc77   2m    29Mi   
1778251657
mqtt-broker-65c6fb9d94-ck7tr   4m    30Mi   
mqtt-broker-65c6fb9d94-gh6hd   3m    33Mi   
mqtt-broker-65c6fb9d94-mdc77   2m    29Mi   
1778251662
mqtt-broker-65c6fb9d94-ck7tr   4m    30Mi   
mqtt-broker-65c6fb9d94-gh6hd   3m    33Mi   
mqtt-broker-65c6fb9d94-mdc77   2m    29Mi   
1778251667
mqtt-broker-65c6fb9d94-ck7tr   4m    30Mi   
mqtt-broker-65c6fb9d94-gh6hd   3m    33Mi   
mqtt-broker-65c6fb9d94-mdc77   2m    29Mi   
1778251672
mqtt-broker-65c6fb9d94-ck7tr   1m    30Mi   
mqtt-broker-65c6fb9d94-gh6hd   2m    33Mi   
mqtt-broker-65c6fb9d94-mdc77   2m    29Mi   
1778251677
mqtt-broker-65c6fb9d94-ck7tr   1m    30Mi   
mqtt-broker-65c6fb9d94-gh6hd   2m    33Mi   
mqtt-broker-65c6fb9d94-mdc77   2m    29Mi   
1778251683
mqtt-broker-65c6fb9d94-ck7tr   1m    30Mi   
mqtt-broker-65c6fb9d94-gh6hd   2m    33Mi   
mqtt-broker-65c6fb9d94-mdc77   2m    29Mi   
1778251688
mqtt-broker-65c6fb9d94-ck7tr   1m    30Mi   
mqtt-broker-65c6fb9d94-gh6hd   2m    33Mi   
mqtt-broker-65c6fb9d94-mdc77   2m    29Mi   
1778251693
mqtt-broker-65c6fb9d94-ck7tr   1m    30Mi   
mqtt-broker-65c6fb9d94-gh6hd   2m    33Mi   
mqtt-broker-65c6fb9d94-mdc77   2m    29Mi   
1778251698
mqtt-broker-65c6fb9d94-ck7tr   1m    30Mi   
mqtt-broker-65c6fb9d94-gh6hd   2m    33Mi   
mqtt-broker-65c6fb9d94-mdc77   2m    29Mi   
1778251703
mqtt-broker-65c6fb9d94-ck7tr   1m    30Mi   
mqtt-broker-65c6fb9d94-gh6hd   2m    33Mi   
mqtt-broker-65c6fb9d94-mdc77   2m    29Mi   
1778251708
mqtt-broker-65c6fb9d94-ck7tr   1m    30Mi   
mqtt-broker-65c6fb9d94-gh6hd   2m    33Mi   
mqtt-broker-65c6fb9d94-mdc77   2m    29Mi   
1778251713
mqtt-broker-65c6fb9d94-ck7tr   1m    30Mi   
mqtt-broker-65c6fb9d94-gh6hd   2m    33Mi   
mqtt-broker-65c6fb9d94-mdc77   2m    29Mi   
1778251718
mqtt-broker-65c6fb9d94-ck7tr   1m    30Mi   
mqtt-broker-65c6fb9d94-gh6hd   2m    33Mi   
mqtt-broker-65c6fb9d94-mdc77   2m    29Mi   
1778251724
mqtt-broker-65c6fb9d94-ck7tr   1m    30Mi   
mqtt-broker-65c6fb9d94-gh6hd   2m    33Mi   
mqtt-broker-65c6fb9d94-mdc77   2m    29Mi   
1778251729
mqtt-broker-65c6fb9d94-ck7tr   1m    30Mi   
mqtt-broker-65c6fb9d94-gh6hd   2m    33Mi   
mqtt-broker-65c6fb9d94-mdc77   2m    29Mi   
1778251734
mqtt-broker-65c6fb9d94-ck7tr   1m    31Mi   
mqtt-broker-65c6fb9d94-gh6hd   2m    33Mi   
mqtt-broker-65c6fb9d94-mdc77   2m    29Mi   
1778251739
mqtt-broker-65c6fb9d94-ck7tr   1m    31Mi   
mqtt-broker-65c6fb9d94-gh6hd   2m    33Mi   
mqtt-broker-65c6fb9d94-mdc77   2m    29Mi   
1778251744
mqtt-broker-65c6fb9d94-ck7tr   1m    31Mi   
mqtt-broker-65c6fb9d94-gh6hd   2m    33Mi   
mqtt-broker-65c6fb9d94-mdc77   2m    29Mi   
1778251749
mqtt-broker-65c6fb9d94-ck7tr   1m    30Mi   
mqtt-broker-65c6fb9d94-gh6hd   2m    33Mi   
mqtt-broker-65c6fb9d94-mdc77   2m    29Mi   
1778251754
mqtt-broker-65c6fb9d94-ck7tr   1m    30Mi   
mqtt-broker-65c6fb9d94-gh6hd   2m    33Mi   
mqtt-broker-65c6fb9d94-mdc77   2m    29Mi   
1778251759
mqtt-broker-65c6fb9d94-ck7tr   1m    30Mi   
mqtt-broker-65c6fb9d94-gh6hd   2m    33Mi   
mqtt-broker-65c6fb9d94-mdc77   2m    29Mi   
1778251765
mqtt-broker-65c6fb9d94-ck7tr   1m    30Mi   
mqtt-broker-65c6fb9d94-gh6hd   2m    33Mi   
mqtt-broker-65c6fb9d94-mdc77   2m    29Mi   
1778251770
mqtt-broker-65c6fb9d94-ck7tr   1m    30Mi   
mqtt-broker-65c6fb9d94-gh6hd   2m    33Mi   
mqtt-broker-65c6fb9d94-mdc77   2m    29Mi   
1778251775
mqtt-broker-65c6fb9d94-ck7tr   1m    30Mi   
mqtt-broker-65c6fb9d94-gh6hd   2m    33Mi   
mqtt-broker-65c6fb9d94-mdc77   2m    29Mi   
1778251780
mqtt-broker-65c6fb9d94-ck7tr   1m    30Mi   
mqtt-broker-65c6fb9d94-gh6hd   2m    33Mi   
mqtt-broker-65c6fb9d94-mdc77   2m    29Mi   
1778251785
mqtt-broker-65c6fb9d94-ck7tr   1m    30Mi   
mqtt-broker-65c6fb9d94-gh6hd   2m    33Mi   
mqtt-broker-65c6fb9d94-mdc77   2m    29Mi   
1778251790
mqtt-broker-65c6fb9d94-ck7tr   1m    30Mi   
mqtt-broker-65c6fb9d94-gh6hd   2m    33Mi   
mqtt-broker-65c6fb9d94-mdc77   2m    29Mi   
1778251795
mqtt-broker-65c6fb9d94-ck7tr   1m    30Mi   
mqtt-broker-65c6fb9d94-gh6hd   2m    33Mi   
mqtt-broker-65c6fb9d94-mdc77   2m    29Mi   
1778251800
mqtt-broker-65c6fb9d94-ck7tr   1m    30Mi   
mqtt-broker-65c6fb9d94-gh6hd   2m    33Mi   
mqtt-broker-65c6fb9d94-mdc77   2m    29Mi   
1778251805
mqtt-broker-65c6fb9d94-ck7tr   1m    30Mi   
mqtt-broker-65c6fb9d94-gh6hd   2m    33Mi   
mqtt-broker-65c6fb9d94-mdc77   2m    29Mi   
1778251811
mqtt-broker-65c6fb9d94-ck7tr   1m    30Mi   
mqtt-broker-65c6fb9d94-gh6hd   2m    33Mi   
mqtt-broker-65c6fb9d94-mdc77   2m    29Mi   
1778251816
mqtt-broker-65c6fb9d94-ck7tr   1m    30Mi   
mqtt-broker-65c6fb9d94-gh6hd   2m    33Mi   
mqtt-broker-65c6fb9d94-mdc77   2m    29Mi   
1778251821
mqtt-broker-65c6fb9d94-ck7tr   1m    30Mi   
mqtt-broker-65c6fb9d94-gh6hd   2m    33Mi   
mqtt-broker-65c6fb9d94-mdc77   2m    29Mi   
1778251826
mqtt-broker-65c6fb9d94-gh6hd   2m    33Mi   
mqtt-broker-65c6fb9d94-mdc77   1m    29Mi   
1778251831
mqtt-broker-65c6fb9d94-gh6hd   2m    33Mi   
mqtt-broker-65c6fb9d94-mdc77   1m    29Mi   
1778251836
mqtt-broker-65c6fb9d94-gh6hd   2m    33Mi   
mqtt-broker-65c6fb9d94-mdc77   2m    30Mi   
1778251841
mqtt-broker-65c6fb9d94-gh6hd   2m    33Mi   
mqtt-broker-65c6fb9d94-mdc77   2m    30Mi   
1778251846
mqtt-broker-65c6fb9d94-gh6hd   2m    33Mi   
mqtt-broker-65c6fb9d94-mdc77   2m    30Mi   
1778251852
mqtt-broker-65c6fb9d94-gh6hd   2m    33Mi   
mqtt-broker-65c6fb9d94-mdc77   2m    30Mi   
1778251857
1778251862
1778251867
1778251872
1778251877
1778251882
1778251887
1778251892
1778251897
1778251902
1778251907
1778251912
1778251917
1778251922
1778251927
1778251932
1778251937
1778251943
1778251948
1778251953
1778251958
1778251963
1778251968
1778251973
1778251978
1778251983
1778251988
1778251993
1778251998
1778252003
1778252008
1778252013
1778252018
1778252023
1778252028
1778252033
1778252038
1778252044
1778252049
1778252054
1778252059
1778252064
1778252069
1778252074
1778252079
1778252084
1778252089
1778252094
1778252099
1778252104
1778252109
1778252114
1778252119
1778252124
1778252129
1778252134
1778252140
1778252145
1778252150
1778252155
1778252160
1778252165
1778252170
1778252175
1778252180
1778252185
1778252190
1778252195
1778252200
1778252205
1778252210
1778252215
1778252220
1778252225
1778252230
1778252235
1778252240
1778252246
1778252251
1778252256
1778252261
1778252266
1778252271
1778252276
1778252281
1778252286
1778252291
1778252296
1778252301
1778252306
1778252311
1778252316
1778252321
1778252326
1778252331
1778252336
1778252342
1778252347
1778252352
1778252357
1778252362
1778252367
1778252372
1778252377
1778252382
1778252387
1778252392
1778252397
1778252402
1778252407
1778252412
1778252417
1778252422
1778252427
1778252432
1778252437
1778252443
1778252448
1778252453
1778252458
1778252463
1778252468
1778252473
1778252478
1778252483
1778252488
1778252493
1778252498
1778252503
1778252508
1778252513
1778252518
1778252523
1778252528
1778252533
1778252539
1778252544
1778252549
1778252554
1778252559
1778252564
1778252569
1778252574
1778252579
1778252584
1778252589
1778252594
1778252599
1778252604
1778252609
1778252614
1778252619
1778252624
1778252629
1778252635
1778252640
1778252645
1778252650
1778252655
1778252660
1778252665
1778252670
1778252675
1778252680
1778252685
1778252690
1778252695
1778252700
1778252705
1778252710
1778252715
1778252721
1778252726
1778252731
1778252736
1778252741
1778252746
1778252751
1778252756
1778252761
1778252767
1778252772
1778252777
1778252782
1778252787
1778252792
1778252797
1778252802
1778252807
1778252812
1778252818
1778252823
1778252828
1778252833
1778252838
1778252843
1778252848
1778252853
1778252858
1778252863
1778252868
1778252873
1778252878
1778252883
1778252888
1778252893
1778252898
1778252904
1778252909
1778252914
1778252919
1778252924
1778252929
1778252934
1778252939
1778252944
1778252949
1778252954
1778252959
1778252964
1778252969
1778252974
1778252979
1778252985
1778252990
1778252995
1778253000
1778253005
1778253010
1778253015
1778253020
1778253025
1778253030
1778253035
1778253040
1778253045
1778253050
1778253055
1778253060
1778253065
1778253070
1778253075
1778253080
1778253086
1778253091
1778253096
1778253101
1778253106
1778253111
1778253116
1778253121
1778253126
1778253131
1778253136
1778253141
1778253146
1778253151
1778253156
1778253161
1778253166
1778253171
1778253177
1778253182
1778253187
1778253192
1778253197
1778253202
1778253207
1778253212
1778253217
1778253222
1778253227
1778253232
1778253237
1778253242
1778253247
1778253252
1778253257
1778253262
1778253268
1778253273
1778253278
1778253283
1778253288
1778253293
1778253298
1778253303
1778253308
1778253313
1778253318
1778253323
1778253328
1778253333
1778253339
1778253344
1778253349
1778253354
1778253359
1778253364
1778253369
1778253374
1778253379
1778253384
1778253389
1778253394
1778253400
1778253405
1778253410
1778253415
1778253420
1778253425
1778253430
1778253435
1778253440
1778253445
1778253450
1778253455
1778253460
1778253466
1778253471
1778253476
1778253481
1778253486
1778253491
1778253496
1778253501
1778253506
1778253512
1778253517
1778253522
1778253527
1778253532
1778253537
1778253542
1778253547
1778253552
1778253558
1778253563
1778253568
1778253573
1778253578
1778253583
1778253588
1778253593
1778253599
1778253604
1778253609
1778253614
1778253619
1778253624
1778253629
1778253634
1778253639
1778253644
1778253650
1778253655
1778253660
1778253665
1778253670
1778253675
1778253680
1778253685
1778253690
1778253695
1778253700
1778253705
1778253711
1778253716
1778253721
1778253726
1778253731
1778253736
1778253741
1778253746
1778253751
1778253756
1778253761
1778253766
1778253772
1778253777
1778253782
1778253787
1778253792
1778253797
1778253802
1778253807
1778253812
1778253817
1778253822
1778253827
1778253833
1778253838
1778253843
1778253848
1778253853
1778253858
1778253863
1778253868
1778253874
1778253879
1778253884
1778253889
1778253894
1778253899
1778253904
1778253909
1778253914
1778253919
1778253924
1778253930
1778253935
1778253940
1778253945
1778253950
1778253955
1778253960
1778253965
1778253970
1778253975
1778253980
1778253985
1778253990
1778253995
1778254001
1778254006
1778254011
1778254016
1778254021
1778254026
1778254031
1778254036
1778254041
1778254046
1778254052
1778254057
1778254062
1778254067
1778254072
1778254077
1778254082
1778254087
1778254092
1778254097
1778254103
1778254108
1778254113
1778254118
1778254123
1778254128
1778254133
1778254138
1778254143
1778254148
1778254154
1778254159
1778254164
1778254169
1778254174
1778254179
1778254184
1778254189
1778254194
1778254199
1778254204
1778254210
1778254215
1778254220
1778254225
1778254230
1778254235
1778254240
1778254245
1778254250
1778254255
1778254261
1778254266
1778254271
1778254276
1778254281
1778254286
1778254291
1778254296
1778254302
1778254307
1778254312
1778254317
1778254322
1778254327
1778254332
1778254337
1778254342
1778254347
1778254353
1778254358
1778254363
1778254368
1778254373
1778254378
1778254383
1778254388
1778254393
1778254398
1778254403
1778254408
1778254413
1778254418
1778254424
1778254429
1778254434
1778254439
1778254444
1778254449
1778254454
1778254459
1778254464
1778254469
1778254474
1778254479
1778254484
1778254489
1778254494
1778254500
1778254505
1778254510
1778254515
1778254520
1778254525
1778254530
1778254535
1778254540
1778254545
1778254550
1778254555
1778254560
1778254565
1778254570
1778254575
1778254580
1778254585
1778254590
1778254595
1778254601
1778254606
1778254611
1778254616
1778254621
1778254626
1778254631
1778254636
1778254641
1778254646
1778254651
1778254656
1778254661
1778254666
1778254671
1778254677
1778254682
1778254687
1778254692
1778254697
1778254702
1778254707
1778254712
1778254717
1778254722
1778254727
1778254732
1778254737
1778254743
1778254748
1778254753
1778254758
1778254763
1778254768
1778254773
1778254778
1778254783
1778254788
1778254793
1778254798
1778254803
1778254809
1778254814
1778254819
1778254824
1778254829
1778254834
1778254839
1778254844
1778254849
1778254854
1778254859
1778254865
1778254870
1778254875
1778254880
1778254885
1778254890
1778254895
1778254900
1778254905
1778254910
1778254915
1778254920
1778254925
1778254930
1778254936
1778254941
1778254946
1778254951
1778254956
1778254961
1778254966
1778254971
1778254976
1778254981
1778254986
1778254991
1778254996
1778255001
1778255006
1778255012
1778255017
1778255022
1778255027
1778255032
1778255037
1778255042
1778255047
1778255052
1778255057
1778255062
1778255067
1778255072
1778255077
1778255082
1778255087
1778255092
1778255098
1778255103
1778255108
1778255113
1778255118
1778255123
1778255128
1778255133
1778255138
1778255143
1778255148
1778255153
1778255158
1778255163
1778255168
1778255173
1778255179
1778255184
1778255189
1778255194
1778255199
1778255204
1778255209
1778255214
1778255219
1778255224
1778255229
1778255234
1778255239
1778255244
1778255249
1778255254
1778255259
1778255264
1778255270
1778255275
1778255280
1778255285
1778255290
1778255295
1778255300
1778255305
1778255310
1778255315
1778255320
1778255325
1778255330
1778255335
1778255340
1778255345
1778255350
1778255355
1778255360
1778255366
1778255371
1778255376
1778255381
1778255386
1778255391
1778255396
1778255401
1778255406
1778255411
1778255416
1778255421
1778255426
1778255431
1778255436
1778255441
1778255447
1778255452
1778255457
1778255462
1778255467
1778255472
1778255477
1778255482
1778255487
1778255492
1778255497
1778255502
1778255507
1778255512
1778255517
1778255522
1778255527
1778255533
1778255538
1778255543
1778255548
1778255553
1778255558
1778255563
1778255568
1778255573
1778255578
1778255583
1778255588
1778255593
1778255598
1778255603
1778255608
1778255613
1778255618
1778255623
1778255628
1778255634
1778255639
1778255644
1778255649
1778255654
1778255659
1778255664
1778255669
1778255674
1778255679
1778255684
1778255689
1778255694
1778255699
1778255704
1778255709
1778255714
1778255719
1778255724
1778255730
1778255735
1778255740
1778255745
1778255750
1778255755
1778255760
1778255765
1778255770
1778255775
1778255780
1778255785
1778255790
1778255795
1778255800
1778255805
1778255810
1778255815
1778255820
1778255826
1778255831
1778255836
1778255841
1778255846
1778255851
1778255856
1778255861
1778255866
1778255871
1778255876
1778255881
1778255886
1778255891
1778255896
1778255902
1778255907
1778255912
1778255917
1778255922
1778255927
1778255932
1778255937
1778255942
1778255947
1778255952
1778255957
1778255962
1778255968
1778255973
1778255978
1778255983
1778255988
1778255993
1778255998
1778256003
1778256008
1778256013
1778256018
1778256023
1778256028
1778256033
1778256039
1778256044
1778256049
1778256054
1778256059
1778256064
1778256069
1778256074
1778256079
1778256084
1778256089
1778256094
1778256099
1778256104
1778256109
1778256114
1778256119
1778256124
1778256129
1778256135
1778256140
1778256145
1778256150
1778256155
1778256160
1778256165
1778256170
1778256175
1778256180
1778256185
1778256190
1778256195
1778256200
1778256205
1778256210
1778256215
1778256220
1778256225
1778256230
1778256235
1778256241
1778256246
1778256251
1778256256
1778256261
1778256266
1778256271
1778256276
1778256281
1778256286
1778256291
1778256296
1778256301
1778256306
1778256311
1778256316
1778256321
1778256327
1778256332
1778256337
1778256342
1778256347
1778256352
1778256357
1778256362
1778256368
1778256373
1778256378
1778256383
1778256388
1778256393
1778256398
1778256403
1778256408
1778256413
1778256418
1778256424
1778256430
1778256435
1778256440
1778256445
1778256450
1778256455
1778256460
1778256465
1778256470
1778256475
1778256480
1778256485
1778256490
1778256496
1778256501
1778256506
1778256511
1778256516
1778256521
1778256526
1778256531
1778256536
1778256541
1778256546
1778256551
1778256557
1778256562
1778256567
1778256572
1778256577
1778256582
1778256587
1778256592
1778256597
1778256602
1778256607
1778256612
1778256617
1778256623
1778256628
1778256633
1778256639
1778256646
1778256651
1778256656
1778256662
1778256667
1778256672
1778256677
1778256682
1778256687
1778256692
1778256697
1778256702
1778256707
1778256712
1778256717
1778256722
1778256727
1778256732
1778256738
1778256743
1778256748
1778256753
1778256758
1778256763
1778256768
1778256773
1778256778
1778256783
1778256788
1778256793
1778256798
1778256804
1778256809
1778256814
1778256819
1778256824
1778256829
1778256834
1778256839
1778256844
1778256849
1778256854
1778256859
1778256864
1778256869
1778256874
1778256879
1778256885
1778256890
1778256895
1778256900
1778256905
1778256910
1778256915
1778256920
1778256925
1778256930
1778256935
1778256940
1778256945
1778256950
1778256955
1778256960
1778256965
1778256970
1778256975
1778256981
1778256986
1778256991
1778256996
1778257001
1778257006
1778257011
1778257016
1778257021
1778257026
1778257031
1778257036
1778257041
1778257046
1778257051
1778257057
1778257062
1778257067
1778257072
1778257077
1778257082
1778257087
1778257092
1778257097
1778257102
1778257107
1778257112
1778257117
1778257122
1778257127
