1778215363
0
1778215368
21
1778215373
21
1778215378
21
1778215384
22
1778215389
22
1778215394
24
1778215399
24
1778215405
24
1778215410
29
1778215415
29
1778215420
29
1778215426
34
1778215431
34
1778215436
34
1778215441
58
1778215447
58
1778215452
58
1778215457
59
1778215462
59
1778215468
59
1778215473
61
1778215478
61
1778215483
61
1778215489
61
1778215494
61
1778215499
61
1778215505
61
1778215510
61
1778215515
60
1778215520
60
1778215525
60
1778215531
60
1778215536
60
1778215541
60
1778215546
61
1778215552
61
1778215557
61
1778215562
61
1778215567
61
1778215573
61
1778215578
61
1778215583
61
1778215588
61
1778215593
60
1778215598
60
1778215604
60
1778215609
60
1778215614
60
1778215619
82
1778215624
82
1778215629
82
1778215634
83
1778215640
83
1778215645
83
1778215650
84
1778215655
84
1778215660
84
1778215665
84
1778215671
84
1778215676
84
1778215681
85
1778215686
85
1778215691
85
1778215697
85
1778215702
85
1778215707
85
1778215712
86
1778215718
86
1778215723
86
1778215728
86
1778215733
86
1778215738
86
1778215744
85
1778215749
85
1778215754
85
1778215759
85
1778215764
85
1778215770
85
1778215775
85
1778215780
85
1778215785
86
1778215790
86
1778215796
86
1778215801
86
1778215806
86
1778215811
86
1778215816
85
1778215822
85
1778215827
85
1778215832
86
1778215837
86
1778215842
86
1778215848
85
1778215853
37
1778215858
37
1778215863
38
1778215869
38
1778215874
38
1778215879
38
1778215884
38
1778215890
38
1778215895
38
1778215900
38
1778215905
38
1778215910
38
1778215916
38
1778215921
38
1778215926
38
1778215931
38
1778215937
38
1778215942
38
1778215947
38
1778215952
38
1778215957
38
1778215963
38
1778215968
39
1778215973
39
1778215978
39
1778215983
39
1778215989
39
1778215994
38
1778215999
38
1778216004
38
1778216010
38
1778216015
38
1778216020
38
1778216025
37
1778216030
37
1778216035
0
1778216040
0
1778216046
0
1778216051
0
1778216056
0
1778216061
0
1778216066
0
1778216071
0
1778216076
0
1778216081
0
1778216086
0
1778216091
0
1778216096
0
1778216102
0
1778216107
0
1778216112
0
1778216117
0
1778216122
0
1778216127
0
1778216132
0
1778216137
0
1778216142
0
1778216147
0
1778216152
0
1778216158
0
1778216163
0
1778216168
0
1778216173
0
1778216178
0
1778216183
0
1778216188
0
1778216193
0
1778216198
0
1778216203
0
1778216208
0
1778216213
0
1778216219
0
1778216224
0
1778216229
0
1778216234
0
1778216239
0
1778216244
0
1778216249
0
1778216254
0
1778216259
0
1778216264
0
1778216269
0
1778216275
0
1778216280
0
1778216285
0
1778216290
0
1778216295
0
1778216300
0
1778216305
0
1778216310
0
1778216315
0
1778216320
0
1778216325
0
1778216330
0
1778216336
0
1778216341
0
1778216346
0
1778216351
0
1778216356
0
1778216361
0
1778216366
0
1778216371
0
1778216376
0
1778216381
0
1778216386
0
1778216391
0
1778216396
0
1778216402
0
1778216407
0
1778216412
0
1778216417
0
1778216422
0
1778216427
0
1778216432
0
1778216437
0
1778216442
0
1778216448
0
1778216453
0
1778216458
0
1778216463
0
1778216468
0
1778216473
0
1778216479
0
1778216484
0
1778216489
0
1778216494
0
1778216499
0
1778216504
0
1778216509
0
1778216515
0
1778216520
0
1778216525
0
1778216530
0
1778216535
0
1778216540
0
1778216545
0
1778216551
0
1778216556
0
1778216561
0
1778216566
0
1778216571
0
1778216576
0
1778216581
0
1778216587
0
1778216592
0
1778216597
0
1778216602
0
1778216607
0
1778216612
0
1778216618
0
1778216623
0
1778216628
0
1778216633
0
1778216638
0
1778216643
0
1778216648
0
1778216653
0
1778216659
0
1778216664
0
1778216669
0
1778216674
0
1778216679
0
1778216684
0
1778216690
0
1778216695
0
1778216700
0
1778216705
0
1778216710
0
1778216715
0
1778216721
0
1778216726
0
1778216731
0
1778216736
0
1778216741
0
1778216746
0
1778216752
0
1778216757
0
1778216762
0
1778216767
0
1778216772
0
1778216777
0
1778216782
0
1778216787
0
1778216792
0
1778216797
0
1778216802
0
1778216807
0
1778216813
0
1778216818
0
1778216823
0
1778216828
0
1778216833
0
1778216838
0
1778216843
0
1778216848
0
1778216853
0
1778216858
0
1778216863
0
1778216869
0
1778216874
0
1778216879
0
1778216884
0
1778216889
0
1778216894
0
1778216899
0
1778216904
0
1778216909
0
1778216914
0
1778216919
0
1778216924
0
1778216929
0
1778216935
0
1778216940
0
1778216945
0
1778216950
0
1778216955
0
1778216960
0
1778216965
0
1778216970
0
1778216975
0
1778216980
0
1778216985
0
1778216990
0
1778216996
0
1778217001
0
1778217006
0
1778217011
0
1778217016
0
1778217021
0
1778217026
0
1778217031
0
1778217036
0
1778217041
0
1778217046
0
1778217051
0
1778217057
0
1778217062
0
1778217067
0
1778217072
0
1778217077
0
1778217082
0
1778217087
0
1778217092
0
1778217097
0
1778217102
0
1778217107
0
1778217113
0
1778217118
0
1778217123
0
1778217128
0
1778217133
0
1778217138
0
1778217143
0
1778217148
0
1778217153
0
1778217158
0
1778217163
0
1778217168
0
1778217173
0
1778217179
0
1778217184
0
1778217189
0
1778217194
0
1778217199
0
1778217204
0
1778217209
0
1778217214
0
1778217219
0
1778217224
0
1778217229
0
1778217234
0
1778217240
0
1778217245
0
1778217250
0
1778217255
0
1778217260
0
1778217265
0
1778217270
0
1778217275
0
1778217280
0
1778217285
0
1778217290
0
1778217295
0
1778217300
0
1778217306
0
1778217311
0
1778217316
0
1778217321
0
1778217326
0
1778217331
0
1778217336
0
1778217341
0
1778217346
0
1778217351
0
1778217356
0
1778217361
0
1778217366
0
1778217372
0
1778217377
0
1778217382
0
1778217387
0
1778217392
0
1778217397
0
1778217402
0
1778217407
0
1778217412
0
1778217418
0
1778217423
0
1778217428
0
1778217433
0
1778217438
0
1778217443
0
1778217448
0
1778217453
0
1778217458
0
1778217463
0
1778217469
0
1778217474
0
1778217479
0
1778217484
0
1778217489
0
1778217494
0
1778217499
0
1778217504
0
1778217509
0
1778217514
0
1778217519
0
1778217525
0
1778217530
0
1778217535
0
1778217540
0
1778217545
0
1778217550
0
1778217555
0
1778217560
0
1778217565
0
1778217570
0
1778217575
0
1778217581
0
1778217586
0
1778217591
0
1778217596
0
1778217601
0
1778217606
0
1778217611
0
1778217616
0
1778217621
0
1778217627
0
1778217632
0
1778217637
0
1778217642
0
1778217647
0
1778217652
0
1778217657
0
1778217663
0
1778217668
0
1778217673
0
1778217678
0
1778217683
0
1778217688
0
1778217694
0
1778217699
0
1778217704
0
1778217709
0
1778217714
0
1778217719
0
1778217725
0
1778217730
0
1778217735
0
1778217740
0
1778217745
0
1778217750
0
1778217755
0
1778217761
0
1778217766
0
1778217771
0
1778217776
0
1778217781
0
1778217787
0
1778217792
0
1778217797
0
1778217802
0
1778217807
0
1778217812
0
1778217817
0
1778217823
0
1778217828
0
1778217833
0
1778217838
0
1778217843
0
1778217848
0
1778217853
0
1778217859
0
1778217864
0
1778217869
0
1778217874
0
1778217879
0
1778217884
0
1778217889
0
1778217895
0
1778217900
0
1778217905
0
1778217910
0
1778217915
0
1778217920
0
1778217925
0
1778217931
0
1778217936
0
1778217941
0
1778217946
0
1778217951
0
1778217956
0
1778217962
0
1778217967
0
1778217972
0
1778217977
0
1778217982
0
1778217987
0
1778217993
0
1778217998
0
1778218003
0
1778218008
0
1778218013
0
1778218018
0
1778218024
0
1778218029
0
1778218034
0
1778218039
0
1778218044
0
1778218049
0
1778218055
0
1778218060
0
1778218065
0
1778218070
0
1778218075
0
1778218080
0
1778218085
0
1778218090
0
1778218096
0
1778218101
0
1778218106
0
1778218111
0
1778218116
0
1778218121
0
1778218126
0
1778218132
0
1778218137
0
1778218142
0
1778218147
0
1778218152
0
1778218157
0
1778218162
0
1778218167
0
1778218173
0
1778218178
0
1778218183
0
1778218188
0
1778218194
0
1778218199
0
1778218204
0
1778218209
0
1778218215
0
1778218220
0
1778218225
0
1778218230
0
1778218236
0
1778218241
0
1778218246
0
1778218251
0
1778218257
0
1778218262
0
1778218267
0
1778218272
0
1778218278
0
1778218283
0
1778218288
0
1778218294
0
1778218299
0
1778218304
0
1778218309
0
1778218315
0
1778218320
0
1778218325
0
1778218330
0
1778218336
0
1778218341
0
1778218346
0
1778218352
0
1778218357
0
1778218362
0
1778218368
0
1778218373
0
1778218379
0
1778218385
0
1778218390
0
1778218396
0
1778218401
0
1778218407
0
1778218413
0
1778218419
0
1778218424
0
1778218430
0
1778218436
0
1778218441
0
1778218446
0
1778218452
0
1778218458
0
1778218463
0
1778218469
0
1778218474
0
1778218479
0
1778218484
0
1778218490
0
1778218495
0
1778218500
0
1778218506
0
1778218511
0
1778218516
0
1778218521
0
1778218527
39
1778218532
39
1778218537
39
1778218542
39
1778218547
39
1778218553
39
1778218558
44
1778218563
44
1778218568
44
1778218574
91
1778218579
91
1778218584
91
1778218589
94
1778218594
94
1778218599
94
1778218605
94
1778218610
94
1778218615
94
1778218620
94
1778218625
94
1778218630
94
1778218636
96
1778218641
96
1778218646
96
1778218651
96
1778218656
96
1778218662
95
1778218667
95
1778218672
95
1778218677
95
1778218682
95
1778218688
95
1778218693
95
1778218698
95
1778218703
95
1778218708
96
1778218713
96
1778218719
96
1778218724
95
1778218729
95
1778218734
95
1778218739
94
1778218744
94
1778218750
94
1778218755
94
1778218760
94
1778218765
94
1778218770
94
1778218776
94
1778218781
95
1778218786
95
1778218791
95
1778218796
96
1778218802
96
1778218807
96
1778218812
96
1778218817
96
1778218822
96
1778218827
97
1778218833
97
1778218838
97
1778218843
96
1778218848
96
1778218853
96
1778218859
96
1778218864
96
1778218869
96
1778218874
96
1778218879
96
1778218884
96
1778218890
96
1778218895
96
1778218900
96
1778218905
96
1778218910
96
1778218916
96
1778218921
96
1778218926
96
1778218931
95
1778218936
95
1778218942
95
1778218947
95
1778218952
95
1778218957
95
1778218962
95
1778218968
95
1778218973
95
1778218978
95
1778218983
95
1778218988
95
1778218993
95
1778218999
95
1778219004
95
1778219009
96
1778219014
96
1778219019
96
1778219025
95
1778219030
95
1778219035
95
1778219040
95
1778219045
95
1778219051
95
1778219056
93
1778219061
93
1778219066
93
1778219071
93
1778219076
93
1778219082
93
1778219087
93
1778219092
93
1778219097
93
1778219102
93
1778219108
93
1778219113
93
1778219118
93
1778219123
93
1778219128
93
1778219133
93
1778219139
93
1778219144
93
1778219149
93
1778219154
93
1778219160
93
1778219165
93
1778219170
93
1778219175
93
1778219180
93
1778219186
93
1778219191
93
1778219196
93
1778219201
93
1778219206
93
1778219211
93
1778219217
49
1778219222
25
1778219227
25
1778219232
25
1778219237
25
1778219243
25
1778219248
25
1778219253
25
1778219258
25
1778219263
25
1778219269
25
1778219274
25
1778219279
25
1778219284
25
1778219289
25
1778219294
25
1778219300
25
1778219305
25
1778219310
25
1778219315
25
1778219320
25
1778219326
25
1778219331
25
1778219336
25
1778219341
0
1778219346
0
1778219351
0
1778219356
0
1778219361
0
1778219367
0
1778219372
0
1778219377
0
1778219382
0
1778219387
0
1778219392
0
1778219397
0
1778219402
0
1778219407
0
1778219412
0
1778219417
0
1778219422
0
1778219427
0
1778219432
0
1778219437
0
1778219442
0
1778219448
0
1778219453
0
1778219458
0
1778219463
0
1778219468
0
1778219473
0
1778219478
0
1778219483
0
1778219488
0
1778219493
0
1778219498
0
1778219503
0
1778219508
0
1778219513
0
1778219518
0
1778219523
0
1778219529
0
1778219534
0
1778219539
0
1778219544
0
1778219549
0
1778219554
0
1778219559
0
1778219564
0
1778219569
0
1778219574
0
1778219579
0
1778219584
0
1778219589
0
1778219595
0
1778219600
0
1778219605
0
1778219610
0
1778219615
0
1778219620
0
1778219625
0
1778219630
0
1778219635
0
1778219640
0
1778219645
0
1778219650
0
1778219656
0
1778219661
0
1778219666
0
1778219671
0
1778219676
0
1778219681
0
1778219686
0
1778219691
0
1778219696
0
1778219701
0
1778219706
0
1778219711
0
1778219717
0
1778219722
0
1778219727
0
1778219732
0
1778219737
0
1778219742
0
1778219747
0
1778219752
0
1778219757
0
1778219762
0
1778219767
0
1778219772
0
1778219778
0
1778219783
0
1778219788
0
1778219793
0
1778219798
0
1778219803
0
1778219808
0
1778219813
0
1778219818
0
1778219823
0
1778219828
0
1778219833
0
1778219838
0
1778219843
0
1778219849
0
1778219854
0
1778219859
0
1778219864
0
1778219869
0
1778219874
0
1778219879
0
1778219884
0
1778219889
0
1778219894
0
1778219899
0
1778219904
0
1778219909
0
1778219914
0
1778219919
0
1778219924
0
1778219929
0
1778219935
0
1778219940
0
1778219945
0
1778219950
0
1778219955
0
1778219960
0
1778219965
0
1778219970
0
1778219975
0
1778219981
0
1778219986
0
1778219991
0
1778219996
0
1778220001
0
1778220006
0
1778220011
0
1778220016
0
1778220021
0
1778220026
0
1778220031
0
1778220037
0
1778220042
0
1778220047
0
1778220052
0
1778220057
0
1778220062
0
1778220067
0
1778220072
0
1778220077
0
1778220082
0
1778220087
0
1778220092
0
1778220098
0
1778220103
0
1778220108
0
1778220113
0
1778220118
0
1778220123
0
1778220128
0
1778220133
0
1778220138
0
1778220143
0
1778220148
0
1778220153
0
1778220159
0
1778220164
0
1778220169
0
1778220174
0
1778220179
0
1778220184
0
1778220189
0
1778220194
0
1778220199
0
1778220204
0
1778220209
0
1778220214
0
1778220220
0
1778220225
0
1778220230
0
1778220235
0
1778220240
0
1778220245
0
1778220250
0
1778220255
0
1778220260
0
1778220265
0
1778220270
0
1778220275
0
1778220280
0
1778220286
0
1778220291
0
1778220296
0
1778220301
0
1778220306
0
1778220311
0
1778220316
0
1778220321
0
1778220326
0
1778220331
0
1778220336
0
1778220341
0
1778220347
0
1778220352
0
1778220357
0
1778220362
0
1778220367
0
1778220372
0
1778220377
0
1778220382
0
1778220387
0
1778220392
0
1778220397
0
1778220402
0
1778220407
0
1778220413
0
1778220418
0
1778220423
0
1778220428
0
1778220433
0
1778220438
0
1778220443
0
1778220448
0
1778220453
0
1778220458
0
1778220463
0
1778220468
0
1778220474
0
1778220479
0
1778220484
0
1778220489
0
1778220494
0
1778220499
0
1778220504
0
1778220509
0
1778220514
0
1778220519
0
1778220524
0
1778220529
0
1778220535
0
1778220540
0
1778220545
0
1778220550
0
1778220555
0
1778220560
0
1778220565
0
1778220570
0
1778220575
0
1778220580
0
1778220585
0
1778220591
0
1778220596
0
1778220601
0
1778220606
0
1778220611
0
1778220616
0
1778220621
0
1778220626
0
1778220631
0
1778220636
0
1778220641
0
1778220646
0
1778220652
0
1778220657
0
1778220662
0
1778220667
0
1778220672
0
1778220677
0
1778220682
0
1778220687
0
1778220692
0
1778220697
0
1778220702
0
1778220707
0
1778220713
0
1778220718
0
1778220723
0
1778220728
0
1778220733
0
1778220738
0
1778220743
0
1778220748
0
1778220753
0
1778220758
0
1778220763
0
1778220768
0
1778220773
0
1778220779
0
1778220784
0
1778220789
0
1778220794
0
1778220799
0
1778220804
0
1778220809
0
1778220814
0
1778220819
0
1778220824
0
1778220830
0
1778220835
0
1778220840
0
1778220845
0
1778220850
0
1778220855
0
1778220860
0
1778220865
0
1778220870
0
1778220875
0
1778220880
0
1778220886
0
1778220891
0
1778220896
0
1778220901
0
1778220906
0
1778220911
0
1778220916
0
1778220921
0
1778220926
0
1778220931
0
1778220936
0
1778220942
0
1778220947
0
1778220952
0
1778220957
0
1778220962
0
1778220967
0
1778220972
0
1778220977
0
1778220982
0
1778220987
0
1778220992
0
1778220998
0
1778221003
0
1778221008
0
1778221013
0
1778221018
0
1778221023
0
1778221028
0
1778221033
0
1778221038
0
1778221043
0
1778221048
0
1778221053
0
1778221058
0
1778221064
0
1778221069
0
1778221074
0
1778221079
0
1778221084
0
1778221089
0
1778221094
0
1778221099
0
1778221104
0
1778221109
0
1778221114
0
1778221120
0
1778221125
0
1778221130
0
1778221135
0
1778221140
0
1778221145
0
1778221150
0
1778221155
0
1778221160
0
1778221166
0
1778221171
0
1778221176
0
1778221181
0
1778221186
0
1778221191
0
1778221196
0
1778221201
0
1778221206
0
1778221211
0
1778221216
0
1778221222
0
1778221227
0
1778221232
0
1778221237
0
1778221242
0
1778221247
0
1778221252
0
1778221257
0
1778221262
0
1778221267
0
1778221272
0
1778221277
0
1778221282
0
1778221288
0
1778221293
0
1778221298
0
1778221303
0
1778221308
0
1778221313
0
1778221318
0
1778221323
0
1778221328
0
1778221333
0
1778221338
0
1778221344
0
1778221349
0
1778221354
0
1778221359
0
1778221364
0
1778221369
0
1778221374
0
1778221379
0
1778221384
0
1778221389
0
1778221394
0
1778221400
0
1778221405
0
1778221410
0
1778221415
0
1778221420
0
1778221425
0
1778221430
0
1778221435
0
1778221440
0
1778221445
0
1778221450
0
1778221455
0
1778221461
0
1778221466
0
1778221471
0
1778221476
0
1778221481
0
1778221486
0
1778221491
0
1778221496
0
1778221501
0
1778221506
0
1778221511
0
1778221516
0
1778221522
0
1778221527
0
1778221532
0
1778221537
0
1778221542
0
1778221547
0
1778221552
0
1778221557
0
1778221562
0
1778221567
0
1778221572
0
1778221577
0
1778221583
0
1778221588
0
1778221593
0
1778221598
0
1778221603
0
1778221608
0
1778221613
0
1778221618
0
1778221623
0
1778221628
0
1778221633
0
1778221638
0
1778221643
0
1778221648
0
1778221653
0
1778221658
0
1778221663
0
1778221668
0
1778221673
0
1778221679
0
1778221684
0
1778221689
0
1778221694
0
1778221699
0
1778221704
0
1778221709
0
1778221714
0
1778221719
0
1778221724
0
1778221729
0
1778221734
0
1778221739
0
1778221744
0
1778221749
0
1778221754
0
1778221759
0
1778221764
0
1778221769
0
1778221774
0
1778221779
0
1778221785
0
1778221790
0
1778221795
0
1778221800
0
1778221805
0
1778221810
0
1778221815
0
1778221820
0
1778221825
0
1778221830
0
1778221835
0
1778221840
0
1778221845
0
1778221850
0
1778221855
0
1778221860
0
1778221865
0
1778221870
0
1778221875
0
1778221880
0
1778221886
0
1778221891
0
1778221896
0
1778221901
0
1778221906
0
1778221911
0
1778221916
0
1778221921
0
1778221926
0
1778221931
0
1778221936
0
1778221941
0
1778221946
0
1778221951
0
1778221956
0
1778221961
0
1778221966
0
1778221971
0
1778221976
0
1778221981
0
1778221986
0
1778221992
0
1778221997
0
1778222002
0
1778222007
0
1778222012
0
1778222017
0
1778222022
0
1778222027
0
1778222032
0
1778222037
0
1778222042
0
1778222047
0
1778222052
0
1778222057
0
1778222062
0
1778222067
0
1778222072
0
1778222077
0
1778222082
0
1778222088
0
1778222093
0
1778222098
0
1778222103
0
1778222108
0
1778222113
0
1778222118
0
1778222123
0
1778222128
0
1778222133
0
1778222138
0
1778222143
0
1778222148
0
1778222153
0
1778222158
0
1778222163
0
1778222169
0
1778222174
0
1778222179
0
1778222184
0
1778222189
0
1778222194
0
1778222199
0
1778222204
0
1778222209
0
1778222214
0
1778222219
0
1778222224
0
1778222229
0
1778222234
0
1778222239
0
1778222245
0
1778222250
0
1778222255
0
1778222260
0
1778222265
0
1778222270
0
1778222275
0
1778222280
0
1778222285
0
1778222290
0
1778222295
0
1778222300
0
1778222305
0
1778222311
0
1778222316
0
1778222321
0
1778222326
0
1778222331
0
1778222336
0
1778222341
0
1778222346
0
1778222351
0
1778222356
0
1778222361
0
1778222366
0
1778222372
0
1778222377
0
1778222382
0
1778222387
0
1778222392
0
1778222397
0
1778222402
0
1778222407
0
1778222412
0
1778222417
0
1778222422
0
1778222427
0
1778222432
0
1778222437
0
1778222443
0
1778222448
0
1778222453
0
1778222458
0
1778222463
0
1778222468
0
1778222473
0
1778222478
0
1778222483
0
1778222488
0
1778222493
0
1778222498
0
1778222503
0
1778222508
0
1778222514
0
1778222519
0
1778222524
0
1778222529
0
1778222534
0
1778222539
0
1778222544
0
1778222549
0
1778222554
0
1778222559
0
1778222564
0
1778222569
0
1778222574
0
1778222579
0
1778222584
0
1778222589
0
1778222595
0
1778222600
0
1778222605
0
1778222610
0
1778222615
0
1778222620
0
1778222625
0
1778222631
0
1778222636
0
1778222641
0
1778222646
0
1778222652
0
1778222657
0
1778222662
0
1778222667
0
1778222673
0
1778222678
0
1778222683
0
1778222689
0
1778222694
0
1778222699
0
1778222704
0
1778222710
0
1778222715
0
1778222720
0
1778222726
0
1778222731
0
1778222736
0
1778222741
0
1778222747
0
1778222752
20
1778222757
20
1778222762
20
1778222767
20
1778222773
20
1778222778
20
1778222783
22
1778222788
22
1778222794
22
1778222799
45
1778222804
45
1778222809
45
1778222815
45
1778222820
45
1778222825
70
1778222830
70
1778222835
70
1778222841
71
1778222846
71
1778222851
71
1778222856
72
1778222861
72
1778222866
72
1778222872
72
1778222877
72
1778222882
72
1778222887
72
1778222892
72
1778222898
72
1778222903
73
1778222908
73
1778222913
73
1778222918
72
1778222924
72
1778222929
72
1778222934
73
1778222939
73
1778222944
75
1778222950
75
1778222955
75
1778222960
77
1778222965
77
1778222970
77
1778222976
79
1778222981
79
1778222986
79
1778222991
80
1778222997
80
1778223002
80
1778223007
79
1778223012
79
1778223017
79
1778223023
80
1778223028
80
1778223033
80
1778223038
81
1778223043
81
1778223049
81
1778223054
81
1778223059
81
1778223064
81
1778223069
80
1778223075
80
1778223080
80
1778223085
80
1778223090
80
1778223095
81
1778223101
81
1778223106
81
1778223111
80
1778223116
80
1778223121
80
1778223127
80
1778223132
80
1778223137
80
1778223142
80
1778223147
80
1778223153
80
1778223158
80
1778223163
80
1778223168
80
1778223173
80
1778223179
80
1778223184
80
1778223189
80
1778223194
80
1778223199
80
1778223205
80
1778223210
80
1778223215
80
1778223220
80
1778223225
80
1778223231
80
1778223236
80
1778223241
80
1778223246
80
1778223251
80
1778223257
80
1778223262
85
1778223267
85
1778223272
85
1778223278
86
1778223283
86
1778223288
86
1778223293
89
1778223298
89
1778223304
89
1778223309
88
1778223314
88
1778223319
88
1778223324
91
1778223330
91
1778223335
89
1778223340
89
1778223345
89
1778223350
87
1778223355
87
1778223361
87
1778223366
87
1778223371
87
1778223376
87
1778223381
87
1778223387
87
1778223392
87
1778223397
87
1778223402
87
1778223407
87
1778223412
87
1778223418
87
1778223423
87
1778223428
87
1778223433
87
1778223438
87
1778223444
87
1778223449
87
1778223454
87
1778223459
87
1778223464
87
1778223470
87
1778223475
87
1778223480
87
1778223485
87
1778223490
87
1778223495
87
1778223501
87
1778223506
87
1778223511
87
1778223516
59
1778223521
31
1778223527
31
1778223532
31
1778223537
31
1778223542
31
1778223547
31
1778223553
31
1778223558
31
1778223563
31
1778223568
31
1778223573
31
1778223579
31
1778223584
31
1778223589
31
1778223594
31
1778223599
31
1778223604
31
1778223610
31
1778223615
31
1778223620
31
1778223625
31
1778223631
31
1778223636
31
1778223641
31
1778223646
31
1778223651
31
1778223657
31
1778223662
31
1778223667
31
1778223672
31
1778223678
31
1778223683
31
1778223688
31
1778223693
0
1778223698
0
1778223703
0
1778223708
0
1778223713
0
1778223718
0
1778223724
0
1778223729
0
1778223734
0
1778223739
0
1778223744
0
1778223749
0
1778223754
0
1778223759
0
1778223764
0
1778223769
0
1778223774
0
1778223779
0
1778223785
0
1778223790
0
1778223795
0
1778223800
0
1778223805
0
1778223810
0
1778223815
0
1778223820
0
1778223825
0
1778223830
0
1778223836
0
1778223841
0
1778223846
0
1778223851
0
1778223856
0
1778223861
0
1778223866
0
1778223871
0
1778223876
0
1778223881
0
1778223886
0
1778223892
0
1778223897
0
1778223902
0
1778223907
0
1778223912
0
1778223917
0
1778223923
0
1778223928
0
1778223933
0
1778223938
0
1778223943
0
1778223949
0
1778223954
0
1778223959
0
1778223964
0
1778223969
0
1778223974
0
1778223979
0
1778223985
0
1778223990
0
1778223995
0
1778224000
0
1778224006
0
1778224011
0
1778224016
0
1778224022
0
1778224027
0
1778224032
0
1778224038
0
1778224043
0
1778224048
0
1778224053
0
1778224059
0
1778224064
20
1778224069
20
1778224074
20
1778224079
20
1778224085
20
1778224090
20
1778224095
22
1778224100
22
1778224105
22
1778224111
23
1778224116
23
1778224121
23
1778224126
46
1778224131
46
1778224137
46
1778224142
70
1778224147
70
1778224152
70
1778224157
71
1778224163
71
1778224168
71
1778224173
71
1778224178
71
1778224183
71
1778224189
72
1778224194
72
1778224199
71
1778224204
71
1778224209
71
1778224215
71
1778224220
71
1778224225
71
1778224230
73
1778224235
73
1778224241
73
1778224246
72
1778224251
72
1778224256
72
1778224261
74
1778224267
74
1778224272
74
1778224277
77
1778224282
77
1778224287
77
1778224293
79
1778224298
79
1778224303
79
1778224308
80
1778224313
80
1778224319
80
1778224324
79
1778224329
79
1778224334
80
1778224339
80
1778224345
80
1778224350
81
1778224355
81
1778224360
81
1778224365
81
1778224371
81
1778224376
81
1778224381
81
1778224386
81
1778224391
81
1778224397
81
1778224402
81
1778224407
81
1778224412
82
1778224417
82
1778224422
82
1778224428
81
1778224433
81
1778224438
81
1778224443
81
1778224448
81
1778224454
81
1778224459
81
1778224464
81
1778224469
81
1778224474
81
1778224480
81
1778224485
82
1778224490
82
1778224495
82
1778224500
81
1778224506
81
1778224511
81
1778224516
84
1778224521
84
1778224526
84
1778224532
85
1778224537
85
1778224542
85
1778224547
88
1778224552
88
1778224558
88
1778224563
87
1778224568
87
1778224573
87
1778224579
88
1778224584
88
1778224589
91
1778224594
91
1778224599
91
1778224605
90
1778224610
90
1778224615
90
1778224620
90
1778224625
90
1778224631
90
1778224636
89
1778224641
89
1778224646
89
1778224652
90
1778224657
90
1778224662
90
1778224667
87
1778224672
87
1778224678
87
1778224683
87
1778224688
87
1778224693
87
1778224698
87
1778224704
87
1778224709
87
1778224714
87
1778224719
87
1778224724
87
1778224730
87
1778224735
87
1778224740
87
1778224745
87
1778224750
87
1778224755
87
1778224761
87
1778224766
87
1778224771
87
1778224776
87
1778224781
87
1778224787
87
1778224792
87
1778224797
87
1778224802
87
1778224807
87
1778224813
87
1778224818
87
1778224823
87
1778224828
87
1778224833
87
1778224839
87
1778224844
58
1778224849
27
1778224854
27
1778224860
27
1778224865
27
1778224870
27
1778224875
27
1778224881
27
1778224886
27
1778224891
27
1778224896
27
1778224901
27
1778224907
27
1778224912
27
1778224917
27
1778224922
27
1778224928
27
1778224933
27
1778224938
27
1778224943
27
1778224948
27
1778224954
27
1778224959
27
1778224964
27
1778224969
27
1778224974
27
1778224979
27
1778224985
27
1778224990
27
1778224995
27
1778225000
27
1778225005
27
1778225011
0
1778225016
0
1778225021
0
1778225026
0
1778225031
0
1778225036
0
1778225041
0
1778225046
0
1778225051
0
1778225056
0
1778225061
0
1778225066
0
1778225071
0
1778225077
0
1778225082
0
1778225087
0
1778225092
0
1778225097
0
1778225102
0
1778225107
0
1778225112
0
1778225117
0
1778225122
0
1778225127
0
1778225132
0
1778225137
0
1778225142
0
1778225147
0
1778225152
0
1778225158
0
1778225163
0
1778225168
0
1778225173
0
1778225178
0
1778225183
0
1778225188
0
1778225193
0
1778225198
0
1778225203
0
1778225208
0
1778225213
0
1778225219
0
1778225224
0
1778225229
0
1778225234
0
1778225239
0
1778225244
0
1778225249
0
1778225254
0
1778225259
0
1778225265
0
1778225270
0
1778225275
0
1778225280
0
1778225285
0
1778225290
0
1778225295
0
1778225300
0
1778225305
0
1778225310
0
1778225315
0
1778225320
0
1778225325
0
1778225331
0
1778225336
0
1778225341
0
1778225346
0
1778225351
0
1778225356
0
1778225361
0
1778225366
0
1778225371
0
1778225376
0
1778225381
0
1778225386
0
1778225391
0
1778225396
0
1778225401
0
1778225406
0
1778225411
0
1778225416
0
1778225421
0
1778225426
0
1778225432
0
1778225437
0
1778225442
0
1778225447
0
1778225452
0
1778225457
0
1778225462
0
1778225467
0
1778225472
0
1778225477
0
1778225482
0
1778225487
0
1778225492
0
1778225497
0
1778225502
0
1778225507
0
1778225512
0
1778225517
0
1778225522
0
1778225527
0
1778225532
0
1778225537
0
1778225543
0
1778225548
0
1778225553
0
1778225558
0
1778225563
0
1778225568
0
1778225573
0
1778225578
0
1778225583
0
1778225588
0
1778225593
0
1778225598
0
1778225603
0
1778225608
0
1778225613
0
1778225618
0
1778225623
0
1778225629
0
1778225634
0
1778225639
0
1778225644
0
1778225649
0
1778225654
0
1778225659
0
1778225664
0
1778225669
0
1778225674
0
1778225679
0
1778225685
0
1778225690
0
1778225695
0
1778225700
0
1778225705
0
1778225710
0
1778225715
0
1778225720
0
1778225725
0
1778225730
0
1778225735
0
1778225740
0
1778225746
0
1778225751
0
1778225756
0
1778225761
0
1778225766
0
1778225771
0
1778225776
0
1778225781
0
1778225786
0
1778225791
0
1778225796
0
1778225801
0
1778225806
0
1778225811
0
1778225817
0
1778225822
0
1778225827
0
1778225832
0
1778225837
0
1778225842
0
1778225847
0
1778225852
0
1778225857
0
1778225862
0
1778225867
0
1778225872
0
1778225878
0
1778225883
0
1778225888
0
1778225893
0
1778225898
0
1778225903
0
1778225908
0
1778225913
0
1778225918
0
1778225923
0
1778225928
0
1778225933
0
1778225938
0
1778225943
0
1778225948
0
1778225954
0
1778225959
0
1778225964
0
1778225969
0
1778225974
0
1778225979
0
1778225984
0
1778225989
0
1778225994
0
1778225999
0
1778226004
0
1778226009
0
1778226014
0
1778226020
0
1778226025
0
1778226030
0
1778226035
0
1778226040
0
1778226045
0
1778226050
0
1778226055
0
1778226060
0
1778226065
0
1778226070
0
1778226075
0
1778226080
0
1778226085
0
1778226090
0
1778226095
0
1778226101
0
1778226106
0
1778226111
0
1778226116
0
1778226121
0
1778226126
0
1778226131
0
1778226136
0
1778226141
0
1778226146
0
1778226151
0
1778226156
0
1778226161
0
1778226166
0
1778226171
0
1778226177
0
1778226182
0
1778226187
0
1778226192
0
1778226197
0
1778226202
0
1778226207
0
1778226212
0
1778226217
0
1778226222
0
1778226227
0
1778226232
0
1778226237
0
1778226242
0
1778226247
0
1778226252
0
1778226258
0
1778226263
0
1778226268
0
1778226273
0
1778226278
0
1778226283
0
1778226288
0
1778226293
0
1778226298
0
1778226303
0
1778226308
0
1778226313
0
1778226318
0
1778226324
0
1778226329
0
1778226334
0
1778226339
0
1778226344
0
1778226349
0
1778226354
0
1778226359
0
1778226364
0
1778226369
0
1778226374
0
1778226379
0
1778226384
0
1778226389
0
1778226394
0
1778226399
0
1778226405
0
1778226410
0
1778226415
0
1778226420
0
1778226425
0
1778226430
0
1778226435
0
1778226440
0
1778226445
0
1778226450
0
1778226455
0
1778226460
0
1778226465
0
1778226470
0
1778226475
0
1778226480
0
1778226485
0
1778226490
0
1778226495
0
1778226500
0
1778226506
0
1778226511
0
1778226516
0
1778226521
0
1778226526
0
1778226531
0
1778226536
0
1778226541
0
1778226546
0
1778226551
0
1778226556
0
1778226561
0
1778226566
0
1778226571
0
1778226577
0
1778226582
0
1778226587
0
1778226592
0
1778226597
0
1778226602
0
1778226607
0
1778226612
0
1778226617
0
1778226622
0
1778226627
0
1778226632
0
1778226637
0
1778226642
0
1778226647
0
1778226652
0
1778226657
0
1778226662
0
1778226667
0
1778226673
0
1778226678
0
1778226683
0
1778226688
0
1778226693
0
1778226698
0
1778226703
0
1778226708
0
1778226713
0
1778226718
0
1778226723
0
1778226728
0
1778226733
0
1778226738
0
1778226743
0
1778226748
0
1778226753
0
1778226759
0
1778226764
0
1778226769
0
1778226774
0
1778226779
0
1778226784
0
1778226789
0
1778226794
0
1778226799
0
1778226804
0
1778226809
0
1778226814
0
1778226819
0
1778226824
0
1778226829
0
1778226835
0
1778226840
0
1778226845
0
1778226850
0
1778226855
0
1778226860
0
1778226865
0
1778226870
0
1778226875
0
1778226880
0
1778226885
0
1778226890
0
1778226895
0
1778226901
0
1778226906
0
1778226911
0
1778226916
0
1778226921
0
1778226926
0
1778226931
0
1778226936
0
1778226941
0
1778226946
0
1778226951
0
1778226956
0
1778226961
0
1778226966
0
1778226972
0
1778226977
0
1778226982
0
1778226987
0
1778226992
0
1778226997
0
1778227002
0
1778227007
0
1778227012
0
1778227017
0
1778227022
0
1778227028
0
1778227033
0
1778227038
0
1778227043
0
1778227048
0
1778227053
0
1778227058
0
1778227063
0
1778227068
0
1778227073
0
1778227078
0
1778227083
0
1778227089
0
1778227094
0
1778227099
0
1778227104
0
1778227109
0
1778227114
0
1778227119
0
1778227124
0
1778227129
0
1778227134
0
1778227139
0
1778227144
0
1778227149
0
1778227155
0
1778227160
0
1778227165
0
1778227170
0
1778227175
0
1778227180
0
1778227185
0
1778227190
0
1778227195
0
1778227200
0
1778227205
0
1778227210
0
1778227216
0
1778227221
0
1778227226
0
1778227231
0
1778227236
0
1778227241
0
1778227246
0
1778227251
0
1778227256
0
1778227262
0
1778227267
0
1778227272
0
1778227277
0
1778227282
0
1778227287
0
1778227292
0
1778227297
0
1778227302
0
1778227307
0
1778227312
0
1778227317
0
1778227322
0
1778227328
0
1778227333
0
1778227338
0
1778227343
0
1778227348
0
1778227353
0
1778227358
0
1778227363
0
1778227368
0
1778227373
0
1778227378
0
1778227384
0
1778227389
0
1778227394
0
1778227399
0
1778227404
0
1778227409
0
1778227414
0
1778227419
0
1778227424
0
1778227429
0
1778227434
0
1778227440
0
1778227445
0
1778227450
0
1778227455
0
1778227460
0
1778227465
0
1778227470
0
1778227475
0
1778227480
0
1778227485
0
1778227490
0
1778227495
0
1778227501
0
1778227506
0
1778227511
0
1778227516
0
1778227521
0
1778227526
0
1778227531
0
1778227536
0
1778227541
0
1778227546
0
1778227551
0
1778227556
0
1778227562
0
1778227567
0
1778227572
0
1778227577
0
1778227582
0
1778227587
0
1778227592
0
1778227597
0
1778227602
0
1778227607
0
1778227612
0
1778227618
0
1778227623
0
1778227628
0
1778227633
0
1778227638
0
1778227643
0
1778227648
0
1778227653
0
1778227658
0
1778227663
0
1778227668
0
1778227674
0
1778227679
0
1778227684
0
1778227689
0
1778227694
0
1778227699
0
1778227704
0
1778227709
0
1778227714
0
1778227719
0
1778227724
0
1778227729
0
1778227735
0
1778227740
0
1778227745
0
1778227750
0
1778227755
0
1778227760
0
1778227765
0
1778227770
0
1778227775
0
1778227780
0
1778227785
0
1778227790
0
1778227795
0
1778227801
0
1778227806
0
1778227811
0
1778227816
0
1778227821
0
1778227826
0
1778227831
0
1778227836
0
1778227841
0
1778227846
0
1778227851
0
1778227857
0
1778227862
0
1778227867
0
1778227872
0
1778227877
0
1778227882
0
1778227887
0
1778227892
0
1778227897
0
1778227902
0
1778227907
0
1778227912
0
1778227917
0
1778227923
0
1778227928
0
1778227933
0
1778227938
0
1778227943
0
1778227948
0
1778227953
0
1778227958
0
1778227963
0
1778227969
0
1778227974
0
1778227979
0
1778227984
0
1778227989
0
1778227994
0
1778227999
0
1778228004
0
1778228009
0
1778228014
0
1778228019
0
1778228024
0
1778228030
0
1778228035
0
1778228040
0
1778228045
0
1778228050
0
1778228055
0
1778228060
0
1778228065
0
1778228070
0
1778228075
0
1778228080
0
1778228085
0
1778228090
0
1778228096
0
1778228101
0
1778228106
0
1778228111
0
1778228116
0
1778228121
0
1778228126
0
1778228131
0
1778228136
0
1778228141
0
1778228146
0
1778228151
0
1778228156
0
1778228161
0
1778228167
0
1778228172
0
1778228177
0
1778228182
0
1778228187
0
1778228192
0
1778228197
0
1778228202
0
1778228207
0
1778228212
0
1778228217
0
1778228223
0
1778228228
0
1778228233
0
1778228238
0
1778228243
0
1778228248
0
1778228254
0
1778228259
0
1778228264
0
1778228269
0
1778228274
0
1778228279
0
1778228284
0
1778228290
0
1778228295
0
1778228300
0
1778228305
0
1778228310
0
1778228316
0
1778228321
0
1778228326
0
1778228331
0
1778228336
0
1778228342
0
1778228347
21
1778228352
21
1778228357
21
1778228362
21
1778228367
21
1778228372
23
1778228378
23
1778228383
23
1778228388
25
1778228393
25
1778228398
25
1778228403
49
1778228408
49
1778228414
49
1778228419
77
1778228424
77
1778228429
77
1778228434
77
1778228439
77
1778228445
77
1778228450
76
1778228455
76
1778228460
76
1778228465
76
1778228471
76
1778228476
76
1778228481
78
1778228486
78
1778228491
78
1778228497
77
1778228502
77
1778228507
77
1778228512
77
1778228517
77
1778228523
78
1778228528
78
1778228533
78
1778228538
79
1778228543
79
1778228549
79
1778228554
79
1778228559
79
1778228564
79
1778228569
77
1778228575
77
1778228580
77
1778228585
77
1778228590
77
1778228596
77
1778228601
77
1778228606
77
1778228611
77
1778228616
77
1778228622
77
1778228627
77
1778228632
77
1778228637
77
1778228642
77
1778228648
77
1778228653
77
1778228658
77
1778228663
77
1778228668
77
1778228674
77
1778228679
77
1778228684
77
1778228689
77
1778228694
77
1778228700
77
1778228705
77
1778228710
77
1778228715
77
1778228721
80
1778228726
80
1778228731
80
1778228736
80
1778228741
80
1778228746
80
1778228752
82
1778228757
82
1778228762
82
1778228767
83
1778228772
83
1778228778
82
1778228783
82
1778228788
82
1778228793
84
1778228799
84
1778228804
84
1778228809
85
1778228814
85
1778228819
85
1778228824
83
1778228830
83
1778228835
83
1778228840
83
1778228845
83
1778228851
83
1778228856
85
1778228861
85
1778228866
85
1778228871
84
1778228876
84
1778228882
84
1778228887
84
1778228892
84
1778228897
81
1778228902
81
1778228908
81
1778228913
81
1778228918
81
1778228923
81
1778228928
81
1778228934
81
1778228939
81
1778228944
81
1778228949
81
1778228954
81
1778228960
81
1778228965
81
1778228970
81
1778228975
81
1778228980
81
1778228986
81
1778228991
81
1778228996
81
1778229001
81
1778229006
81
1778229012
81
1778229017
81
1778229022
81
1778229027
81
1778229032
81
1778229038
81
1778229043
81
1778229048
81
1778229053
55
1778229058
30
1778229064
30
1778229069
30
1778229074
30
1778229079
30
1778229085
30
1778229090
30
1778229095
30
1778229100
30
1778229105
30
1778229110
30
1778229116
30
1778229121
30
1778229126
30
1778229131
30
1778229136
30
1778229142
30
1778229147
30
1778229152
30
1778229157
30
1778229162
30
1778229168
30
1778229173
30
1778229178
0
1778229183
0
1778229188
0
1778229193
0
1778229199
0
1778229204
0
1778229209
0
1778229214
0
1778229219
0
1778229224
0
1778229229
0
1778229234
0
1778229239
0
1778229244
0
1778229249
0
1778229254
0
1778229260
0
1778229265
0
1778229270
0
1778229275
0
1778229280
0
1778229285
0
1778229290
0
1778229295
0
1778229300
0
1778229305
0
1778229310
0
1778229316
0
1778229321
0
1778229326
0
1778229331
0
1778229336
0
1778229341
0
1778229346
0
1778229351
0
1778229356
0
1778229361
0
1778229366
0
1778229371
0
1778229377
0
1778229382
0
1778229387
0
1778229392
0
1778229397
0
1778229402
0
1778229407
0
1778229412
0
1778229417
0
1778229422
0
1778229427
0
1778229432
0
1778229438
0
1778229443
0
1778229448
0
1778229453
0
1778229458
0
1778229463
0
1778229468
0
1778229473
0
1778229478
0
1778229483
0
1778229488
0
1778229494
0
1778229499
0
1778229504
0
1778229509
0
1778229514
0
1778229519
0
1778229524
0
1778229529
0
1778229534
0
1778229539
0
1778229544
0
1778229549
0
1778229554
0
1778229560
0
1778229565
0
1778229570
0
1778229575
0
1778229580
0
1778229585
0
1778229590
0
1778229595
0
1778229600
0
1778229605
0
1778229610
0
1778229615
0
1778229620
0
1778229626
0
1778229631
0
1778229636
0
1778229641
0
1778229646
0
1778229651
0
1778229656
0
1778229661
0
1778229666
0
1778229671
0
1778229676
0
1778229681
0
1778229686
0
1778229692
0
1778229697
0
1778229702
0
1778229707
0
1778229712
0
1778229717
0
1778229722
0
1778229727
0
1778229732
0
1778229737
0
1778229742
0
1778229747
0
1778229752
0
1778229758
0
1778229763
0
1778229768
0
1778229773
0
1778229778
0
1778229783
0
1778229788
0
1778229793
0
1778229798
0
1778229803
0
1778229808
0
1778229813
0
1778229818
0
1778229824
0
1778229829
0
1778229834
0
1778229839
0
1778229844
0
1778229849
0
1778229854
0
1778229859
0
1778229864
0
1778229869
0
1778229874
0
1778229880
0
1778229885
0
1778229890
0
1778229895
0
1778229900
0
1778229905
0
1778229910
0
1778229915
0
1778229920
0
1778229925
0
1778229930
0
1778229935
0
1778229940
0
1778229945
0
1778229951
0
1778229956
0
1778229961
0
1778229966
0
1778229971
0
1778229976
0
1778229981
0
1778229986
0
1778229991
0
1778229996
0
1778230001
0
1778230006
0
1778230011
0
1778230017
0
1778230022
0
1778230027
0
1778230032
0
1778230037
0
1778230042
0
1778230047
0
1778230052
0
1778230057
0
1778230062
0
1778230067
0
1778230072
0
1778230077
0
1778230083
0
1778230088
0
1778230093
0
1778230098
0
1778230103
0
1778230108
0
1778230113
0
1778230118
0
1778230123
0
1778230128
0
1778230133
0
1778230138
0
1778230143
0
1778230149
0
1778230154
0
1778230159
0
1778230164
0
1778230169
0
1778230174
0
1778230179
0
1778230184
0
1778230189
0
1778230194
0
1778230199
0
1778230204
0
1778230209
0
1778230215
0
1778230220
0
1778230225
0
1778230230
0
1778230235
0
1778230240
0
1778230245
0
1778230250
0
1778230255
0
1778230260
0
1778230265
0
1778230270
0
1778230275
0
1778230281
0
1778230286
0
1778230291
0
1778230296
0
1778230301
0
1778230306
0
1778230311
0
1778230316
0
1778230321
0
1778230326
0
1778230331
0
1778230336
0
1778230341
0
1778230347
0
1778230352
0
1778230357
0
1778230362
0
1778230367
0
1778230372
0
1778230377
0
1778230382
0
1778230387
0
1778230392
0
1778230397
0
1778230402
0
1778230407
0
1778230412
0
1778230418
0
1778230423
0
1778230428
0
1778230433
0
1778230438
0
1778230443
0
1778230448
0
1778230453
0
1778230458
0
1778230463
0
1778230468
0
1778230473
0
1778230478
0
1778230484
0
1778230489
0
1778230494
0
1778230499
0
1778230504
0
1778230509
0
1778230514
0
1778230519
0
1778230524
0
1778230529
0
1778230534
0
1778230539
0
1778230544
0
1778230550
0
1778230555
0
1778230560
0
1778230565
0
1778230570
0
1778230575
0
1778230580
0
1778230585
0
1778230590
0
1778230595
0
1778230600
0
1778230605
0
1778230610
0
1778230615
0
1778230621
0
1778230626
0
1778230631
0
1778230636
0
1778230641
0
1778230646
0
1778230651
0
1778230656
0
1778230661
0
1778230666
0
1778230671
0
1778230676
0
1778230681
0
1778230686
0
1778230691
0
1778230697
0
1778230702
0
1778230707
0
1778230712
0
1778230717
0
1778230722
0
1778230727
0
1778230732
0
1778230737
0
1778230742
0
1778230747
0
1778230752
0
1778230757
0
1778230762
0
1778230767
0
1778230773
0
1778230778
0
1778230783
0
1778230788
0
1778230793
0
1778230798
0
1778230803
0
1778230808
0
1778230813
0
1778230818
0
1778230823
0
1778230828
0
1778230833
0
1778230838
0
1778230844
0
1778230849
0
1778230854
0
1778230859
0
1778230864
0
1778230869
0
1778230874
0
1778230879
0
1778230884
0
1778230889
0
1778230894
0
1778230899
0
1778230904
0
1778230910
0
1778230915
0
1778230920
0
1778230925
0
1778230930
0
1778230935
0
1778230940
0
1778230945
0
1778230950
0
1778230955
0
1778230960
0
1778230965
0
1778230970
0
1778230976
0
1778230981
0
1778230986
0
1778230991
0
1778230996
0
1778231001
0
1778231006
0
1778231011
0
1778231016
0
1778231021
0
1778231026
0
1778231031
0
1778231037
0
1778231042
0
1778231047
0
1778231052
0
1778231057
0
1778231062
0
1778231067
0
1778231072
0
1778231077
0
1778231082
0
1778231087
0
1778231092
0
1778231098
0
1778231103
0
1778231108
0
1778231113
0
1778231118
0
1778231123
0
1778231128
0
1778231133
0
1778231138
0
1778231143
0
1778231148
0
1778231153
0
1778231158
0
1778231164
0
1778231169
0
1778231174
0
1778231179
0
1778231184
0
1778231189
0
1778231194
0
1778231199
0
1778231204
0
1778231209
0
1778231214
0
1778231220
0
1778231225
0
1778231230
0
1778231235
0
1778231240
0
1778231245
0
1778231250
0
1778231255
0
1778231260
0
1778231265
0
1778231270
0
1778231276
0
1778231281
0
1778231286
0
1778231291
0
1778231296
0
1778231301
0
1778231306
0
1778231311
0
1778231316
0
1778231321
0
1778231326
0
1778231332
0
1778231337
0
1778231342
0
1778231347
0
1778231352
0
1778231357
0
1778231362
0
1778231367
0
1778231372
0
1778231377
0
1778231382
0
1778231388
0
1778231393
0
1778231398
0
1778231403
0
1778231408
0
1778231413
0
1778231418
0
1778231423
0
1778231428
0
1778231433
0
1778231438
0
1778231443
0
1778231448
0
1778231454
0
1778231459
0
1778231464
0
1778231469
0
1778231474
0
1778231479
0
1778231484
0
1778231489
0
1778231494
0
1778231499
0
1778231504
0
1778231509
0
1778231514
0
1778231520
0
1778231525
0
1778231530
0
1778231535
0
1778231540
0
1778231545
0
1778231550
0
1778231555
0
1778231560
0
1778231565
0
1778231570
0
1778231575
0
1778231581
0
1778231586
0
1778231591
0
1778231596
0
1778231601
0
1778231606
0
1778231611
0
1778231616
0
1778231621
0
1778231626
0
1778231631
0
1778231636
0
1778231642
0
1778231647
0
1778231652
0
1778231657
0
1778231662
0
1778231667
0
1778231672
0
1778231677
0
1778231682
0
1778231687
0
1778231692
0
1778231698
0
1778231703
0
1778231708
0
1778231713
0
1778231718
0
1778231723
0
1778231728
0
1778231733
0
1778231738
0
1778231743
0
1778231748
0
1778231753
0
1778231759
0
1778231764
0
1778231769
0
1778231774
0
1778231779
0
1778231784
0
1778231789
0
1778231794
0
1778231799
0
1778231804
0
1778231809
0
1778231815
0
1778231820
0
1778231825
0
1778231830
0
1778231835
0
1778231840
0
1778231845
0
1778231850
0
1778231855
0
1778231860
0
1778231865
0
1778231871
0
1778231876
0
1778231881
0
1778231886
0
1778231891
0
1778231896
0
1778231901
0
1778231906
0
1778231911
0
1778231916
0
1778231921
0
1778231926
0
1778231932
0
1778231937
0
1778231942
0
1778231947
0
1778231952
0
1778231957
0
1778231962
0
1778231967
0
1778231972
0
1778231977
0
1778231982
0
1778231988
0
1778231993
0
1778231998
0
1778232003
0
1778232008
0
1778232013
0
1778232018
0
1778232023
0
1778232028
0
1778232033
0
1778232038
0
1778232043
0
1778232049
0
1778232054
0
1778232059
0
1778232064
0
1778232069
0
1778232074
0
1778232079
0
1778232084
0
1778232089
0
1778232094
0
1778232099
0
1778232104
0
1778232109
0
1778232114
0
1778232120
0
1778232125
0
1778232130
0
1778232135
0
1778232140
0
1778232145
0
1778232150
0
1778232155
0
1778232160
0
1778232165
0
1778232171
0
1778232176
0
1778232181
0
1778232186
0
1778232191
0
1778232196
0
1778232201
0
1778232206
0
1778232211
0
1778232216
0
1778232221
0
1778232226
0
1778232232
0
1778232237
0
1778232242
0
1778232247
0
1778232252
0
1778232257
0
1778232262
0
1778232267
0
1778232272
0
1778232277
0
1778232282
0
1778232288
0
1778232293
0
1778232298
0
1778232303
0
1778232308
0
1778232313
0
1778232318
0
1778232323
0
1778232328
0
1778232333
0
1778232338
0
1778232343
0
1778232349
0
1778232354
0
1778232359
0
1778232364
0
1778232369
0
1778232374
0
1778232379
0
1778232384
0
1778232389
0
1778232394
0
1778232399
0
1778232404
0
1778232409
0
1778232414
0
1778232420
0
1778232425
0
1778232430
0
1778232435
0
1778232440
0
1778232445
0
1778232450
0
1778232455
0
1778232460
0
1778232465
0
1778232470
0
1778232475
0
1778232480
0
1778232486
0
1778232491
0
1778232496
0
1778232501
0
1778232506
0
1778232511
0
1778232516
0
1778232521
0
1778232526
0
1778232531
0
1778232536
0
1778232541
0
1778232547
0
1778232552
0
1778232557
0
1778232562
0
1778232567
0
1778232572
0
1778232577
0
1778232582
0
1778232587
0
1778232592
0
1778232597
0
1778232603
0
1778232608
0
1778232613
0
1778232618
0
1778232623
0
1778232628
0
1778232633
0
1778232638
0
1778232643
0
1778232648
0
1778232653
0
1778232658
0
1778232664
0
1778232669
0
1778232674
0
1778232679
0
1778232684
0
1778232689
0
1778232694
0
1778232699
0
1778232704
0
1778232709
0
1778232714
0
1778232719
0
1778232725
0
1778232730
0
1778232735
0
1778232740
0
1778232745
0
1778232750
0
1778232755
0
1778232760
0
1778232765
0
1778232770
0
1778232775
0
1778232780
0
1778232786
0
1778232791
0
1778232796
0
1778232801
0
1778232806
0
1778232811
0
1778232816
0
1778232821
0
1778232826
0
1778232831
0
1778232836
0
1778232841
0
1778232847
0
1778232852
0
1778232857
0
1778232862
0
1778232867
0
1778232872
0
1778232877
0
1778232882
0
1778232887
0
1778232892
0
1778232897
0
1778232903
0
1778232908
0
1778232913
0
1778232918
0
1778232923
0
1778232928
0
1778232933
0
1778232938
0
1778232943
0
1778232948
0
1778232953
0
1778232959
0
1778232964
0
1778232969
0
1778232974
0
1778232979
0
1778232984
0
1778232989
0
1778232994
0
1778232999
0
1778233004
0
1778233009
0
1778233015
0
1778233020
0
1778233025
0
1778233030
0
1778233035
0
1778233040
0
1778233045
0
1778233050
0
1778233055
0
1778233060
0
1778233065
0
1778233071
0
1778233076
0
1778233081
0
1778233086
0
1778233091
0
1778233096
0
1778233101
0
1778233106
0
1778233111
0
1778233116
0
1778233121
0
1778233126
0
1778233131
0
1778233137
0
1778233142
0
1778233147
0
1778233152
0
1778233157
0
1778233162
0
1778233167
0
1778233172
0
1778233177
0
1778233182
0
1778233187
0
1778233192
0
1778233197
0
1778233202
0
1778233208
0
1778233213
0
1778233218
0
1778233223
0
1778233228
0
1778233233
0
1778233238
0
1778233243
0
1778233248
0
1778233253
0
1778233258
0
1778233263
0
1778233268
0
1778233274
0
1778233279
0
1778233284
0
1778233289
0
1778233294
0
1778233299
0
1778233304
0
1778233309
0
1778233314
0
1778233319
0
1778233324
0
1778233330
0
1778233335
0
1778233340
0
1778233345
0
1778233350
0
1778233355
0
1778233360
0
1778233365
0
1778233370
0
1778233375
0
1778233380
0
1778233385
0
1778233391
0
1778233396
0
1778233401
0
1778233406
0
1778233411
0
1778233416
0
1778233421
0
1778233426
0
1778233431
0
1778233436
0
1778233441
0
1778233446
0
1778233451
0
1778233456
0
1778233461
0
1778233466
0
1778233471
0
1778233476
0
1778233482
0
1778233487
0
1778233492
0
1778233497
0
1778233502
0
1778233507
0
1778233512
0
1778233517
0
1778233522
0
1778233527
0
1778233532
0
1778233537
0
1778233542
0
1778233547
0
1778233552
0
1778233557
0
1778233563
0
1778233568
0
1778233573
0
1778233578
0
1778233583
0
1778233588
0
1778233593
0
1778233598
0
1778233603
0
1778233608
0
1778233613
0
1778233618
0
1778233623
0
1778233628
0
1778233633
0
1778233638
0
1778233643
0
1778233648
0
1778233654
0
1778233659
0
1778233664
0
1778233669
0
1778233674
0
1778233679
0
1778233684
0
1778233690
0
1778233695
0
1778233700
0
1778233705
0
1778233710
0
1778233715
0
1778233720
0
1778233725
0
1778233730
0
1778233735
0
1778233740
0
1778233745
0
1778233750
0
1778233756
0
1778233761
0
1778233766
0
1778233771
0
1778233776
0
1778233781
0
1778233786
0
1778233791
0
1778233796
0
1778233801
0
1778233806
0
1778233811
0
1778233816
0
1778233821
0
1778233826
0
1778233831
0
1778233836
0
1778233842
0
1778233847
0
1778233852
0
1778233857
0
1778233862
0
1778233867
0
1778233872
0
1778233877
0
1778233882
0
1778233887
0
1778233892
0
1778233897
0
1778233902
0
1778233908
0
1778233913
0
1778233918
0
1778233923
0
1778233928
0
1778233933
0
1778233939
0
1778233944
0
1778233949
0
1778233954
0
1778233959
0
1778233964
0
1778233969
0
1778233974
0
1778233980
0
1778233985
0
1778233990
0
1778233995
0
1778234000
0
1778234005
0
1778234011
0
1778234016
0
1778234021
0
1778234026
0
1778234031
0
1778234036
0
1778234042
21
1778234047
21
1778234052
21
1778234057
20
1778234062
20
1778234067
24
1778234072
24
1778234078
24
1778234083
49
1778234088
49
1778234093
49
1778234098
75
1778234103
75
1778234108
75
1778234113
77
1778234119
77
1778234124
77
1778234129
77
1778234134
77
1778234139
77
1778234144
77
1778234149
77
1778234154
77
1778234160
78
1778234165
78
1778234170
78
1778234175
78
1778234180
78
1778234185
78
1778234190
77
1778234195
77
1778234201
77
1778234206
77
1778234211
77
1778234216
77
1778234221
78
1778234226
78
1778234231
78
1778234236
78
1778234242
78
1778234247
78
1778234252
79
1778234257
79
1778234262
79
1778234267
77
1778234272
77
1778234277
77
1778234283
77
1778234288
77
1778234293
77
1778234298
77
1778234303
77
1778234308
78
1778234313
78
1778234318
78
1778234323
77
1778234329
77
1778234334
77
1778234339
78
1778234344
78
1778234349
78
1778234354
77
1778234359
77
1778234364
77
1778234370
77
1778234375
77
1778234380
77
1778234385
78
1778234390
78
1778234395
78
1778234400
78
1778234405
78
1778234411
78
1778234416
78
1778234421
78
1778234426
78
1778234431
78
1778234436
78
1778234441
78
1778234446
77
1778234452
77
1778234457
77
1778234462
77
1778234467
77
1778234472
77
1778234477
77
1778234482
77
1778234487
77
1778234492
77
1778234498
77
1778234503
77
1778234508
77
1778234513
77
1778234518
77
1778234523
77
1778234528
77
1778234533
77
1778234539
77
1778234544
77
1778234549
78
1778234554
78
1778234559
78
1778234564
77
1778234569
77
1778234574
77
1778234579
75
1778234585
75
1778234590
75
1778234595
75
1778234600
75
1778234605
75
1778234610
75
1778234615
75
1778234620
75
1778234625
75
1778234631
75
1778234636
75
1778234641
75
1778234646
75
1778234651
75
1778234656
75
1778234661
75
1778234666
75
1778234671
75
1778234677
75
1778234682
75
1778234687
75
1778234692
75
1778234697
75
1778234702
75
1778234707
75
1778234712
75
1778234717
75
1778234723
75
1778234728
75
1778234733
75
1778234738
75
1778234743
50
1778234748
24
1778234753
24
1778234758
24
1778234764
24
1778234769
24
1778234774
24
1778234779
24
1778234784
24
1778234789
24
1778234794
24
1778234799
24
1778234804
24
1778234810
24
1778234815
24
1778234820
24
1778234825
24
1778234830
24
1778234835
24
1778234840
24
1778234845
24
1778234850
24
1778234856
24
1778234861
24
1778234866
0
1778234871
0
1778234876
0
1778234881
0
1778234886
0
1778234891
0
1778234896
0
1778234901
0
1778234906
0
1778234911
0
1778234916
0
1778234921
0
1778234926
0
1778234931
0
1778234937
0
1778234942
0
1778234947
0
1778234952
0
1778234957
0
1778234962
0
1778234967
0
1778234972
0
1778234977
0
1778234982
0
1778234987
0
1778234992
0
1778234997
0
1778235002
0
1778235007
0
1778235012
0
1778235017
0
1778235022
0
1778235027
0
1778235032
0
1778235037
0
1778235042
0
1778235048
0
1778235053
0
1778235058
0
1778235063
0
1778235068
0
1778235073
0
1778235078
0
1778235083
0
1778235088
0
1778235093
0
1778235098
0
1778235103
0
1778235108
0
1778235113
0
1778235118
0
1778235123
0
1778235128
0
1778235133
0
1778235138
0
1778235143
0
1778235148
0
1778235153
0
1778235159
0
1778235164
0
1778235169
0
1778235174
0
1778235179
0
1778235184
0
1778235189
0
1778235194
0
1778235199
0
1778235204
0
1778235209
0
1778235214
0
1778235219
0
1778235224
0
1778235229
0
1778235234
0
1778235239
0
1778235244
0
1778235249
0
1778235254
0
1778235259
0
1778235264
0
1778235270
0
1778235275
0
1778235280
0
1778235285
0
1778235290
0
1778235295
0
1778235300
0
1778235305
0
1778235310
0
1778235315
0
1778235320
0
1778235325
0
1778235330
0
1778235335
0
1778235340
0
1778235345
0
1778235350
0
1778235355
0
1778235360
0
1778235365
0
1778235370
0
1778235375
0
1778235381
0
1778235386
0
1778235391
0
1778235396
0
1778235401
0
1778235406
0
1778235411
0
1778235416
0
1778235421
0
1778235426
0
1778235431
0
1778235436
0
1778235441
0
1778235446
0
1778235451
0
1778235456
0
1778235461
0
1778235466
0
1778235471
0
1778235476
0
1778235481
0
1778235487
0
1778235492
0
1778235497
0
1778235502
0
1778235507
0
1778235512
0
1778235517
0
1778235522
0
1778235527
0
1778235532
0
1778235537
0
1778235542
0
1778235547
0
1778235552
0
1778235557
0
1778235562
0
1778235567
0
1778235572
0
1778235578
0
1778235583
0
1778235588
0
1778235593
0
1778235598
0
1778235603
0
1778235608
0
1778235613
0
1778235618
0
1778235623
0
1778235628
0
1778235633
0
1778235638
0
1778235643
0
1778235649
0
1778235654
0
1778235659
0
1778235664
0
1778235669
0
1778235674
0
1778235679
0
1778235684
0
1778235689
0
1778235694
0
1778235699
0
1778235704
0
1778235709
0
1778235714
0
1778235719
0
1778235724
0
1778235729
0
1778235734
0
1778235739
0
1778235744
0
1778235750
0
1778235755
0
1778235760
0
1778235765
0
1778235770
0
1778235775
0
1778235780
0
1778235785
0
1778235790
0
1778235795
0
1778235800
0
1778235805
0
1778235810
0
1778235815
0
1778235820
0
1778235825
0
1778235830
0
1778235835
0
1778235840
0
1778235845
0
1778235851
0
1778235856
0
1778235861
0
1778235866
0
1778235871
0
1778235876
0
1778235881
0
1778235886
0
1778235891
0
1778235896
0
1778235901
0
1778235906
0
1778235911
0
1778235916
0
1778235921
0
1778235926
0
1778235931
0
1778235936
0
1778235941
0
1778235947
0
1778235952
0
1778235957
0
1778235962
0
1778235967
0
1778235972
0
1778235977
0
1778235982
0
1778235987
0
1778235992
0
1778235997
0
1778236002
0
1778236007
0
1778236012
0
1778236017
0
1778236022
0
1778236027
0
1778236032
0
1778236037
0
1778236042
0
1778236047
0
1778236053
0
1778236058
0
1778236063
0
1778236068
0
1778236073
0
1778236078
0
1778236083
0
1778236088
0
1778236093
0
1778236098
0
1778236103
0
1778236108
0
1778236113
0
1778236118
0
1778236123
0
1778236128
0
1778236133
0
1778236138
0
1778236143
0
1778236148
0
1778236154
0
1778236159
0
1778236164
0
1778236169
0
1778236174
0
1778236179
0
1778236184
0
1778236189
0
1778236194
0
1778236199
0
1778236204
0
1778236209
0
1778236214
0
1778236219
0
1778236224
0
1778236229
0
1778236235
0
1778236240
0
1778236245
0
1778236250
0
1778236255
0
1778236260
0
1778236265
0
1778236270
0
1778236275
0
1778236280
0
1778236285
0
1778236290
0
1778236295
0
1778236300
0
1778236305
0
1778236310
0
1778236315
0
1778236320
0
1778236325
0
1778236330
0
1778236335
0
1778236340
0
1778236346
0
1778236351
0
1778236356
0
1778236361
0
1778236366
0
1778236371
0
1778236376
0
1778236381
0
1778236386
0
1778236391
0
1778236396
0
1778236401
0
1778236406
0
1778236411
0
1778236416
0
1778236421
0
1778236426
0
1778236431
0
1778236436
0
1778236441
0
1778236446
0
1778236451
0
1778236457
0
1778236462
0
1778236467
0
1778236472
0
1778236477
0
1778236482
0
1778236487
0
1778236492
0
1778236497
0
1778236502
0
1778236507
0
1778236512
0
1778236517
0
1778236522
0
1778236527
0
1778236532
0
1778236537
0
1778236542
0
1778236547
0
1778236552
0
1778236557
0
1778236562
0
1778236567
0
1778236573
0
1778236578
0
1778236583
0
1778236588
0
1778236593
0
1778236598
0
1778236603
0
1778236608
0
1778236613
0
1778236618
0
1778236623
0
1778236628
0
1778236633
0
1778236638
0
1778236643
0
1778236648
0
1778236653
0
1778236658
0
1778236663
0
1778236668
0
1778236673
0
1778236678
0
1778236684
0
1778236689
0
1778236694
0
1778236699
0
1778236704
0
1778236709
0
1778236714
0
1778236719
0
1778236724
0
1778236729
0
1778236734
0
1778236739
0
1778236744
0
1778236749
0
1778236754
0
1778236759
0
1778236764
0
1778236769
0
1778236774
0
1778236779
0
1778236784
0
1778236789
0
1778236795
0
1778236800
0
1778236805
0
1778236810
0
1778236815
0
1778236820
0
1778236825
0
1778236830
0
1778236835
0
1778236840
0
1778236845
0
1778236850
0
1778236855
0
1778236860
0
1778236865
0
1778236870
0
1778236875
0
1778236880
0
1778236885
0
1778236890
0
1778236895
0
1778236900
0
1778236906
0
1778236911
0
1778236916
0
1778236921
0
1778236926
0
1778236931
0
1778236936
0
1778236941
0
1778236946
0
1778236951
0
1778236956
0
1778236961
0
1778236966
0
1778236971
0
1778236976
0
1778236981
0
1778236986
0
1778236991
0
1778236996
0
1778237001
0
1778237006
0
1778237011
0
1778237017
0
1778237022
0
1778237027
0
1778237032
0
1778237037
0
1778237042
0
1778237047
0
1778237052
0
1778237057
0
1778237062
0
1778237067
0
1778237072
0
1778237077
0
1778237082
0
1778237087
0
1778237092
0
1778237097
0
1778237102
0
1778237107
0
1778237112
0
1778237117
0
1778237122
0
1778237128
0
1778237133
0
1778237138
0
1778237143
0
1778237148
0
1778237153
0
1778237158
0
1778237163
0
1778237168
0
1778237173
0
1778237178
0
1778237183
0
1778237188
0
1778237193
0
1778237198
0
1778237203
0
1778237208
0
1778237213
0
1778237218
0
1778237223
0
1778237228
0
1778237233
0
1778237239
0
1778237244
0
1778237249
0
1778237254
0
1778237259
0
1778237264
0
1778237269
0
1778237274
0
1778237279
0
1778237284
0
1778237289
0
1778237294
0
1778237299
0
1778237304
0
1778237309
0
1778237314
0
1778237319
0
1778237324
0
1778237329
0
1778237334
0
1778237339
0
1778237344
0
1778237350
0
1778237355
0
1778237360
0
1778237365
0
1778237370
0
1778237375
0
1778237380
0
1778237385
0
1778237390
0
1778237395
0
1778237400
0
1778237405
0
1778237410
0
1778237415
0
1778237420
0
1778237425
0
1778237430
0
1778237435
0
1778237440
0
1778237445
0
1778237450
0
1778237455
0
1778237461
0
1778237466
0
1778237471
0
1778237476
0
1778237481
0
1778237486
0
1778237491
0
1778237496
0
1778237501
0
1778237506
0
1778237511
0
1778237516
0
1778237521
0
1778237526
0
1778237531
0
1778237536
0
1778237541
0
1778237546
0
1778237551
0
1778237556
0
1778237561
0
1778237566
0
1778237572
0
1778237577
0
1778237582
0
1778237587
0
1778237592
0
1778237597
0
1778237602
0
1778237607
0
1778237612
0
1778237617
0
1778237622
0
1778237627
0
1778237632
0
1778237637
0
1778237642
0
1778237647
0
1778237652
0
1778237657
0
1778237662
0
1778237667
0
1778237672
0
1778237677
0
1778237683
0
1778237688
0
1778237693
0
1778237698
0
1778237703
0
1778237708
0
1778237713
0
1778237718
0
1778237723
0
1778237728
0
1778237733
0
1778237738
0
1778237743
0
1778237748
0
1778237753
0
1778237758
0
1778237763
0
1778237768
0
1778237773
0
1778237778
0
1778237783
0
1778237788
0
1778237794
0
1778237799
0
1778237804
0
1778237809
0
1778237814
0
1778237819
0
1778237824
0
1778237829
0
1778237834
0
1778237839
0
1778237844
0
1778237849
0
1778237854
0
1778237859
0
1778237864
0
1778237869
0
1778237874
0
1778237879
0
1778237884
0
1778237889
0
1778237894
0
1778237899
0
1778237905
0
1778237910
0
1778237915
0
1778237920
0
1778237925
0
1778237930
0
1778237935
0
1778237940
0
1778237945
0
1778237950
0
1778237955
0
1778237960
0
1778237965
0
1778237970
0
1778237975
0
1778237980
0
1778237985
0
1778237990
0
1778237995
0
1778238000
0
1778238005
0
1778238011
0
1778238016
0
1778238021
0
1778238026
0
1778238031
0
1778238036
0
1778238041
0
1778238046
0
1778238051
0
1778238056
0
1778238061
0
1778238066
0
1778238071
0
1778238076
0
1778238081
0
1778238086
0
1778238091
0
1778238096
0
1778238101
0
1778238106
0
1778238111
0
1778238117
0
1778238122
0
1778238127
0
1778238132
0
1778238137
0
1778238142
0
1778238147
0
1778238152
0
1778238157
0
1778238162
0
1778238167
0
1778238172
0
1778238177
0
1778238182
0
1778238187
0
1778238192
0
1778238197
0
1778238202
0
1778238207
0
1778238212
0
1778238217
0
1778238223
0
1778238228
0
1778238233
0
1778238238
0
1778238243
0
1778238248
0
1778238253
0
1778238258
0
1778238263
0
1778238268
0
1778238273
0
1778238278
0
1778238283
0
1778238288
0
1778238293
0
1778238298
0
1778238303
0
1778238308
0
1778238313
0
1778238318
0
1778238323
0
1778238329
0
1778238334
0
1778238339
0
1778238344
0
1778238349
0
1778238354
0
1778238359
0
1778238364
0
1778238369
0
1778238374
0
1778238379
0
1778238384
0
1778238389
0
1778238394
0
1778238399
0
1778238404
0
1778238409
0
1778238414
0
1778238419
0
1778238424
0
1778238429
0
1778238434
0
1778238440
0
1778238445
0
1778238450
0
1778238455
0
1778238460
0
1778238465
0
1778238470
0
1778238475
0
1778238480
0
1778238485
0
1778238490
0
1778238495
0
1778238500
0
1778238505
0
1778238510
0
1778238515
0
1778238520
0
1778238525
0
1778238530
0
1778238535
0
1778238540
0
1778238545
0
1778238551
0
1778238556
0
1778238561
0
1778238566
0
1778238571
0
1778238576
0
1778238581
0
1778238586
0
1778238591
0
1778238596
0
1778238601
0
1778238606
0
1778238611
0
1778238616
0
1778238621
0
1778238626
0
1778238631
0
1778238636
0
1778238641
0
1778238646
0
1778238651
0
1778238656
0
1778238662
0
1778238667
0
1778238672
0
1778238677
0
1778238682
0
1778238687
0
1778238692
0
1778238697
0
1778238702
0
1778238707
0
1778238712
0
1778238717
0
1778238722
0
1778238727
0
1778238732
0
1778238737
0
1778238742
0
1778238747
0
1778238752
0
1778238757
0
1778238762
0
1778238767
0
1778238773
0
1778238778
0
1778238783
0
1778238788
0
1778238793
0
1778238798
0
1778238803
0
1778238808
0
1778238813
0
1778238818
0
1778238823
0
1778238828
0
1778238833
0
1778238838
0
1778238843
0
1778238848
0
1778238853
0
1778238858
0
1778238863
0
1778238868
0
1778238873
0
1778238878
0
1778238884
0
1778238889
0
1778238894
0
1778238899
0
1778238904
0
1778238909
0
1778238914
0
1778238919
0
1778238924
0
1778238929
0
1778238934
0
1778238939
0
1778238944
0
1778238949
0
1778238954
0
1778238959
0
1778238964
0
1778238969
0
1778238974
0
1778238979
0
1778238984
0
1778238989
0
1778238995
0
1778239000
0
1778239005
0
1778239010
0
1778239015
0
1778239020
0
1778239025
0
1778239030
0
1778239035
0
1778239040
0
1778239045
0
1778239050
0
1778239055
0
1778239060
0
1778239065
0
1778239070
0
1778239075
0
1778239080
0
1778239085
0
1778239090
0
1778239095
0
1778239101
0
1778239106
0
1778239111
0
1778239116
0
1778239121
0
1778239126
0
1778239131
0
1778239136
0
1778239141
0
1778239146
0
1778239151
0
1778239156
0
1778239161
0
1778239166
0
1778239171
0
1778239176
0
1778239181
0
1778239186
0
1778239191
0
1778239196
0
1778239201
0
1778239206
0
1778239212
0
1778239217
0
1778239222
0
1778239227
0
1778239232
0
1778239237
0
1778239242
0
1778239247
0
1778239252
0
1778239257
0
1778239262
0
1778239267
0
1778239272
0
1778239277
0
1778239282
0
1778239287
0
1778239292
0
1778239297
0
1778239302
0
1778239307
0
1778239312
0
1778239317
0
1778239323
0
1778239328
0
1778239333
0
1778239338
0
1778239343
0
1778239348
0
1778239353
0
1778239358
0
1778239363
0
1778239368
0
1778239373
0
1778239378
0
1778239383
0
1778239388
0
1778239393
0
1778239398
0
1778239403
0
1778239408
0
1778239413
0
1778239418
0
1778239423
0
1778239428
0
1778239434
0
1778239439
0
1778239444
0
1778239449
0
1778239454
0
1778239459
0
1778239464
0
1778239469
0
1778239474
0
1778239479
0
1778239484
0
1778239489
0
1778239494
0
1778239499
0
1778239504
0
1778239509
0
1778239514
0
1778239519
0
1778239524
0
1778239529
0
1778239534
0
1778239539
0
1778239545
0
1778239550
0
1778239555
0
1778239560
0
1778239565
0
1778239570
0
1778239575
0
1778239580
0
1778239585
0
1778239590
0
1778239595
0
1778239600
0
1778239605
0
1778239610
0
1778239615
0
1778239620
0
1778239625
0
1778239630
0
1778239635
0
1778239640
0
1778239645
0
1778239650
0
1778239656
0
1778239661
0
1778239666
0
1778239671
0
1778239676
0
1778239681
0
1778239686
0
1778239691
0
1778239696
0
1778239701
0
1778239706
0
1778239711
0
1778239716
0
1778239721
0
1778239726
0
1778239731
0
1778239736
0
1778239741
0
1778239746
0
1778239752
0
1778239757
0
1778239762
0
1778239767
0
1778239772
0
1778239777
0
1778239782
0
1778239787
0
1778239792
0
1778239797
0
1778239802
0
1778239807
0
1778239812
0
1778239817
0
1778239822
0
1778239827
0
1778239832
0
1778239837
0
1778239842
0
1778239847
0
1778239853
0
1778239858
0
1778239863
0
1778239868
0
1778239873
0
1778239878
0
1778239883
0
1778239888
0
1778239893
0
1778239898
0
1778239903
0
1778239908
0
1778239913
0
1778239918
0
1778239923
0
1778239928
0
1778239933
0
1778239938
0
1778239943
0
1778239948
0
1778239953
0
1778239959
0
1778239964
0
1778239969
0
1778239974
0
1778239979
0
1778239984
0
1778239989
0
1778239994
0
1778239999
0
1778240004
0
1778240009
0
1778240014
0
1778240019
0
1778240024
0
1778240029
0
1778240034
0
1778240039
0
1778240044
0
1778240049
0
1778240054
0
1778240059
0
1778240065
0
1778240070
0
1778240075
0
1778240080
0
1778240085
0
1778240090
0
1778240095
0
1778240100
0
1778240105
0
1778240110
0
1778240115
0
1778240120
0
1778240125
0
1778240130
0
1778240135
0
1778240140
0
1778240145
0
1778240151
0
1778240156
0
1778240161
0
1778240166
0
1778240171
0
1778240176
0
1778240181
0
1778240186
0
1778240191
0
1778240196
0
1778240201
0
1778240206
0
1778240211
0
1778240216
0
1778240221
0
1778240226
0
1778240232
0
1778240237
0
1778240242
0
1778240247
0
1778240252
0
1778240257
0
1778240262
0
1778240267
0
1778240272
0
1778240277
0
1778240282
0
1778240287
0
1778240292
0
1778240297
0
1778240302
0
1778240307
0
1778240312
0
1778240317
0
1778240322
0
1778240328
0
1778240333
0
1778240338
0
1778240343
0
1778240348
0
1778240353
0
1778240358
0
1778240363
0
1778240368
0
1778240373
0
1778240378
0
1778240383
0
1778240388
0
1778240393
0
1778240398
0
1778240403
0
1778240408
0
1778240413
0
1778240418
0
1778240423
0
1778240428
0
1778240434
0
1778240439
0
1778240444
0
1778240449
0
1778240454
0
1778240459
0
1778240464
0
1778240469
0
1778240474
0
1778240479
0
1778240484
0
1778240489
0
1778240494
0
1778240499
0
1778240504
0
1778240509
0
1778240514
0
1778240519
0
1778240524
0
1778240529
0
1778240535
0
1778240540
0
1778240545
0
1778240550
0
1778240555
0
1778240560
0
1778240565
0
1778240570
0
1778240575
0
1778240580
0
1778240585
0
1778240590
0
1778240595
0
1778240600
0
1778240605
0
1778240610
0
1778240615
0
1778240620
0
1778240625
0
1778240630
0
1778240636
0
1778240641
0
1778240646
0
1778240651
0
1778240656
0
1778240661
0
1778240666
0
1778240671
0
1778240676
0
1778240681
0
1778240686
0
1778240691
0
1778240696
0
1778240701
0
1778240706
0
1778240711
0
1778240716
0
1778240721
0
1778240726
0
1778240732
0
1778240737
0
1778240742
0
1778240747
0
1778240752
0
1778240757
0
1778240762
0
1778240767
0
1778240772
0
1778240777
0
1778240782
0
1778240787
0
1778240792
0
1778240797
0
1778240802
0
1778240807
0
1778240812
0
1778240817
0
1778240822
0
1778240827
0
1778240832
0
1778240838
0
1778240843
0
1778240848
0
1778240853
0
1778240858
0
1778240863
0
1778240868
0
1778240873
0
1778240878
0
1778240883
0
1778240888
0
1778240893
0
1778240898
0
1778240903
0
1778240908
0
1778240913
0
1778240919
0
1778240924
0
1778240929
0
1778240934
0
1778240939
0
1778240944
0
1778240949
0
1778240954
0
1778240959
0
1778240964
0
1778240969
0
1778240974
0
1778240979
0
1778240984
0
1778240989
0
1778240994
0
1778240999
0
1778241004
0
1778241009
0
1778241014
0
1778241020
0
1778241025
0
1778241030
0
1778241035
0
1778241040
0
1778241045
0
1778241050
0
1778241055
0
1778241060
0
1778241065
0
1778241070
0
1778241075
0
1778241080
0
1778241085
0
1778241090
0
1778241095
0
1778241100
0
1778241105
0
1778241110
0
1778241115
0
1778241120
0
1778241125
0
1778241131
0
1778241136
0
1778241141
0
1778241146
0
1778241151
0
1778241156
0
1778241161
0
1778241166
0
1778241171
0
1778241176
0
1778241181
0
1778241186
0
1778241191
0
1778241196
0
1778241201
0
1778241206
0
1778241211
0
1778241216
0
1778241221
0
1778241226
0
1778241231
0
1778241236
0
1778241242
0
1778241247
0
1778241252
0
1778241257
0
1778241262
0
1778241267
0
1778241272
0
1778241277
0
1778241282
0
1778241287
0
1778241292
0
1778241297
0
1778241302
0
1778241307
0
1778241312
0
1778241317
0
1778241322
0
1778241327
0
1778241332
0
1778241337
0
1778241342
0
1778241348
0
1778241353
0
1778241358
0
1778241363
0
1778241368
0
1778241373
0
1778241378
0
1778241383
0
1778241388
0
1778241393
0
1778241398
0
1778241403
0
1778241408
0
1778241413
0
1778241418
0
1778241423
0
1778241428
0
1778241433
0
1778241438
0
1778241443
0
1778241449
0
1778241454
0
1778241459
0
1778241464
0
1778241469
0
1778241474
0
1778241479
0
1778241484
0
1778241489
0
1778241494
0
1778241499
0
1778241504
0
1778241509
0
1778241514
0
1778241519
0
1778241524
0
1778241529
0
1778241534
0
1778241540
0
1778241545
0
1778241550
0
1778241555
0
1778241560
0
1778241565
0
1778241570
0
1778241575
0
1778241580
0
1778241585
0
1778241590
0
1778241595
0
1778241600
0
1778241605
0
1778241610
0
1778241615
0
1778241620
0
1778241625
0
1778241630
0
1778241635
0
1778241640
0
1778241646
0
1778241651
0
1778241656
0
1778241661
0
1778241666
0
1778241671
0
1778241676
0
1778241681
0
1778241686
0
1778241691
0
1778241696
0
1778241701
0
1778241706
0
1778241711
0
1778241716
0
1778241721
0
1778241726
0
1778241731
0
1778241737
0
1778241742
0
1778241747
0
1778241752
0
1778241757
0
1778241762
0
1778241767
0
1778241772
0
1778241777
0
1778241782
0
1778241787
0
1778241792
0
1778241797
0
1778241802
0
1778241807
0
1778241813
0
1778241818
0
1778241823
0
1778241828
0
1778241833
0
1778241838
0
1778241843
0
1778241848
0
1778241853
0
1778241858
0
1778241863
0
1778241868
0
1778241873
0
1778241878
0
1778241884
0
1778241889
0
1778241894
0
1778241899
0
1778241904
0
1778241909
0
1778241914
0
1778241919
0
1778241924
0
1778241929
0
1778241934
0
1778241939
0
1778241944
0
1778241949
0
1778241954
0
1778241959
0
1778241964
0
1778241970
0
1778241975
0
1778241980
0
1778241985
0
1778241990
0
1778241995
0
1778242000
0
1778242005
0
1778242010
0
1778242015
0
1778242020
0
1778242025
0
1778242030
0
1778242035
0
1778242040
0
1778242045
0
1778242050
0
1778242055
0
1778242060
0
1778242065
0
1778242070
0
1778242076
0
1778242081
0
1778242086
0
1778242091
0
1778242096
0
1778242101
0
1778242106
0
1778242111
0
1778242116
0
1778242121
0
1778242126
0
1778242131
0
1778242136
0
1778242141
0
1778242146
0
1778242151
0
1778242156
0
1778242161
0
1778242166
0
1778242171
0
1778242176
0
1778242182
0
1778242187
0
1778242192
0
1778242197
0
1778242202
0
1778242207
0
1778242212
0
1778242217
0
1778242222
0
1778242227
0
1778242232
0
1778242237
0
1778242242
0
1778242247
0
1778242252
0
1778242257
0
1778242262
0
1778242267
0
1778242272
0
1778242277
0
1778242282
0
1778242287
0
1778242293
0
1778242298
0
1778242303
0
1778242308
0
1778242313
0
1778242318
0
1778242323
0
1778242328
0
1778242333
0
1778242338
0
1778242343
0
1778242348
0
1778242353
0
1778242358
0
1778242363
0
1778242368
0
1778242373
0
1778242378
0
1778242383
0
1778242388
0
1778242393
0
1778242399
0
1778242404
0
1778242409
0
1778242414
0
1778242419
0
1778242424
0
1778242429
0
1778242434
0
1778242439
0
1778242444
0
1778242449
0
1778242454
0
1778242459
0
1778242464
0
1778242469
0
1778242474
0
1778242479
0
1778242484
0
1778242489
0
1778242495
0
1778242500
0
1778242505
0
1778242510
0
1778242515
0
1778242520
0
1778242526
0
1778242531
0
1778242537
0
1778242542
0
1778242547
0
1778242552
0
1778242557
0
1778242562
0
1778242568
0
1778242573
0
1778242578
0
1778242583
0
1778242588
0
1778242593
0
1778242598
0
1778242603
0
1778242608
0
1778242613
0
1778242618
0
1778242623
0
1778242628
0
1778242633
0
1778242638
0
1778242643
0
1778242648
0
1778242653
0
1778242658
0
1778242664
0
1778242669
0
1778242674
0
1778242679
0
1778242684
0
1778242689
0
1778242694
0
1778242699
0
1778242704
0
1778242709
0
1778242714
0
1778242719
0
1778242724
0
1778242729
0
1778242734
0
1778242739
0
1778242744
0
1778242749
0
1778242754
0
1778242760
0
1778242765
0
1778242770
0
1778242776
0
1778242781
0
1778242786
0
1778242792
0
1778242797
0
1778242802
0
1778242807
0
1778242813
0
1778242818
0
1778242823
0
1778242829
0
1778242834
0
1778242839
0
1778242844
0
1778242849
0
1778242854
0
1778242859
0
1778242864
0
1778242869
0
1778242874
0
1778242879
0
1778242884
0
1778242889
0
1778242894
0
1778242900
0
1778242905
0
1778242910
0
1778242915
0
1778242920
0
1778242925
0
1778242930
0
1778242935
0
1778242940
0
1778242945
0
1778242950
0
1778242955
0
1778242960
0
1778242965
0
1778242970
0
1778242975
0
1778242980
0
1778242985
0
1778242990
0
1778242995
0
1778243001
0
1778243006
0
1778243011
0
1778243016
0
1778243021
0
1778243026
0
1778243031
0
1778243036
0
1778243041
0
1778243046
0
1778243051
0
1778243056
0
1778243061
0
1778243066
0
1778243071
0
1778243076
0
1778243081
0
1778243086
0
1778243091
0
1778243096
0
1778243101
0
1778243106
0
1778243112
0
1778243117
0
1778243122
0
1778243127
0
1778243132
0
1778243137
0
1778243142
0
1778243147
0
1778243152
0
1778243157
0
1778243162
0
1778243167
0
1778243172
0
1778243177
0
1778243182
0
1778243187
0
1778243192
0
1778243197
0
1778243202
0
1778243207
0
1778243213
0
1778243218
0
1778243223
0
1778243228
0
1778243233
0
1778243238
0
1778243243
0
1778243248
0
1778243253
0
1778243258
0
1778243263
0
1778243268
0
1778243273
0
1778243278
0
1778243283
0
1778243288
0
1778243293
0
1778243298
0
1778243304
0
1778243309
0
1778243314
0
1778243319
0
1778243324
0
1778243329
0
1778243334
0
1778243339
0
1778243344
0
1778243349
0
1778243354
0
1778243359
0
1778243364
0
1778243369
0
1778243374
0
1778243379
0
1778243384
0
1778243389
0
1778243395
0
1778243400
0
1778243405
0
1778243410
0
1778243415
0
1778243420
0
1778243425
0
1778243430
0
1778243435
0
1778243440
0
1778243445
0
1778243450
0
1778243455
0
1778243460
0
1778243465
0
1778243470
0
1778243475
0
1778243480
0
1778243485
0
1778243490
0
1778243496
0
1778243501
0
1778243506
0
1778243511
0
1778243516
0
1778243521
0
1778243526
0
1778243531
0
1778243536
0
1778243541
0
1778243546
0
1778243551
0
1778243556
0
1778243561
0
1778243566
0
1778243571
0
1778243576
0
1778243581
0
1778243586
0
1778243591
0
1778243596
0
1778243602
0
1778243607
0
1778243612
0
1778243617
0
1778243622
0
1778243627
0
1778243632
0
1778243637
0
1778243642
0
1778243647
0
1778243652
0
1778243657
0
1778243662
0
1778243667
0
1778243672
0
1778243677
0
1778243682
0
1778243687
0
1778243692
0
1778243697
0
1778243702
0
1778243707
0
1778243713
0
1778243718
0
1778243723
0
1778243728
0
1778243733
0
1778243738
0
1778243743
0
1778243748
0
1778243753
0
1778243758
0
1778243763
0
1778243768
0
1778243773
0
1778243778
0
1778243783
0
1778243788
0
1778243793
0
1778243798
0
1778243803
0
1778243808
0
1778243813
0
1778243819
0
1778243824
0
1778243829
0
1778243834
0
1778243839
0
1778243844
0
1778243849
0
1778243854
0
1778243859
0
1778243864
0
1778243869
0
1778243874
0
1778243879
0
1778243885
0
1778243890
0
1778243895
0
1778243900
0
1778243905
0
1778243910
0
1778243915
0
1778243920
0
1778243926
0
1778243931
0
1778243936
0
1778243941
0
1778243946
0
1778243951
0
1778243956
0
1778243961
0
1778243966
0
1778243972
0
1778243977
0
1778243982
0
1778243987
0
1778243993
0
1778243998
0
1778244003
0
1778244009
0
1778244014
0
1778244020
0
1778244025
0
1778244030
0
1778244036
0
1778244041
0
1778244046
0
1778244052
0
1778244057
0
1778244063
0
1778244068
0
1778244073
0
1778244078
0
1778244084
0
1778244089
0
1778244094
0
1778244099
0
1778244104
0
1778244110
0
1778244115
0
1778244120
61
1778244125
61
1778244130
61
1778244135
63
1778244140
63
1778244146
63
1778244151
67
1778244156
67
1778244161
67
1778244166
95
1778244171
95
1778244176
95
1778244182
95
1778244187
95
1778244192
95
1778244197
96
1778244202
96
1778244207
95
1778244212
95
1778244217
95
1778244223
96
1778244228
96
1778244233
96
1778244238
96
1778244243
96
1778244248
96
1778244253
97
1778244258
97
1778244264
97
1778244269
95
1778244274
95
1778244279
95
1778244284
96
1778244289
96
1778244294
96
1778244299
96
1778244305
96
1778244310
96
1778244315
96
1778244320
96
1778244325
96
1778244330
95
1778244335
95
1778244340
95
1778244346
95
1778244351
95
1778244356
95
1778244361
95
1778244366
95
1778244371
95
1778244376
96
1778244381
96
1778244387
96
1778244392
95
1778244397
95
1778244402
95
1778244407
95
1778244412
95
1778244417
95
1778244422
95
1778244428
95
1778244433
95
1778244438
95
1778244443
95
1778244448
99
1778244453
99
1778244458
99
1778244464
102
1778244469
102
1778244474
102
1778244479
102
1778244484
102
1778244489
102
1778244494
101
1778244499
101
1778244505
101
1778244510
103
1778244515
103
1778244520
103
1778244525
104
1778244530
104
1778244535
104
1778244540
105
1778244546
105
1778244551
105
1778244556
104
1778244561
104
1778244566
104
1778244571
104
1778244576
104
1778244581
104
1778244587
104
1778244592
104
1778244597
104
1778244602
105
1778244607
105
1778244612
105
1778244617
105
1778244622
105
1778244628
104
1778244633
104
1778244638
104
1778244643
104
1778244648
104
1778244653
104
1778244658
104
1778244663
104
1778244668
104
1778244674
104
1778244679
104
1778244684
104
1778244689
104
1778244694
104
1778244699
104
1778244704
104
1778244709
104
1778244715
104
1778244720
104
1778244725
104
1778244730
104
1778244735
104
1778244740
104
1778244745
104
1778244750
104
1778244756
104
1778244761
104
1778244766
105
1778244771
105
1778244776
105
1778244781
105
1778244786
105
1778244791
105
1778244797
111
1778244802
111
1778244807
111
1778244812
110
1778244817
110
1778244822
110
1778244827
110
1778244832
110
1778244838
109
1778244843
109
1778244848
109
1778244853
109
1778244858
109
1778244863
109
1778244868
108
1778244873
108
1778244879
108
1778244884
110
1778244889
110
1778244894
110
1778244899
108
1778244904
108
1778244909
108
1778244914
110
1778244920
110
1778244925
110
1778244930
110
1778244935
110
1778244940
110
1778244945
109
1778244950
109
1778244955
109
1778244960
110
1778244966
110
1778244971
110
1778244976
109
1778244981
109
1778244986
109
1778244991
110
1778244996
110
1778245001
110
1778245007
110
1778245012
110
1778245017
110
1778245022
110
1778245027
110
1778245032
110
1778245037
110
1778245042
110
1778245047
110
1778245053
110
1778245058
110
1778245063
110
1778245068
110
1778245073
110
1778245078
109
1778245083
109
1778245088
109
1778245093
110
1778245099
110
1778245104
110
1778245109
110
1778245114
110
1778245119
110
1778245124
109
1778245129
109
1778245134
109
1778245140
109
1778245145
81
1778245150
81
1778245155
81
1778245160
81
1778245165
81
1778245170
82
1778245175
0
1778245180
0
1778245186
0
1778245191
0
1778245196
0
1778245201
0
1778245206
0
1778245211
0
1778245216
0
1778245221
0
1778245226
0
1778245231
0
1778245236
0
1778245241
0
1778245246
0
1778245251
0
1778245256
0
1778245261
0
1778245266
0
1778245271
0
1778245276
0
1778245281
0
1778245286
0
1778245291
0
1778245297
0
1778245302
0
1778245307
0
1778245312
0
1778245317
0
1778245322
0
1778245327
0
1778245332
0
1778245337
0
1778245342
0
1778245347
0
1778245352
0
1778245357
0
1778245362
0
1778245367
0
1778245372
0
1778245377
0
1778245382
0
1778245387
0
1778245392
0
1778245397
0
1778245403
0
1778245408
0
1778245413
0
1778245418
0
1778245423
0
1778245428
0
1778245433
0
1778245438
0
1778245443
0
1778245448
0
1778245453
0
1778245458
0
1778245463
0
1778245468
0
1778245473
0
1778245478
0
1778245483
0
1778245488
0
1778245493
0
1778245498
0
1778245503
0
1778245509
0
1778245514
0
1778245519
0
1778245524
0
1778245529
0
1778245534
0
1778245539
0
1778245544
0
1778245549
0
1778245554
0
1778245559
0
1778245564
0
1778245569
0
1778245574
0
1778245579
0
1778245584
0
1778245589
0
1778245594
0
1778245599
0
1778245604
0
1778245610
0
1778245615
0
1778245620
0
1778245625
0
1778245630
0
1778245635
0
1778245640
0
1778245645
0
1778245650
0
1778245655
0
1778245660
0
1778245665
0
1778245670
0
1778245675
0
1778245680
0
1778245685
0
1778245690
0
1778245695
0
1778245700
0
1778245705
0
1778245711
0
1778245716
0
1778245721
0
1778245726
0
1778245731
0
1778245736
0
1778245741
0
1778245746
0
1778245751
0
1778245756
0
1778245761
0
1778245766
0
1778245771
0
1778245776
0
1778245781
0
1778245786
0
1778245791
0
1778245796
0
1778245801
0
1778245807
0
1778245812
0
1778245817
0
1778245822
0
1778245827
0
1778245832
0
1778245837
0
1778245842
0
1778245847
0
1778245852
0
1778245857
0
1778245862
0
1778245867
0
1778245872
0
1778245877
0
1778245882
0
1778245887
0
1778245892
0
1778245897
0
1778245902
0
1778245907
0
1778245913
0
1778245918
0
1778245923
0
1778245928
0
1778245933
0
1778245938
0
1778245943
0
1778245948
0
1778245953
0
1778245958
0
1778245963
0
1778245968
0
1778245973
0
1778245978
0
1778245983
0
1778245988
0
1778245993
0
1778245999
0
1778246004
0
1778246009
0
1778246014
0
1778246019
0
1778246024
0
1778246029
0
1778246034
0
1778246039
0
1778246044
0
1778246049
0
1778246054
0
1778246059
0
1778246064
0
1778246069
0
1778246074
0
1778246079
0
1778246084
0
1778246089
0
1778246095
0
1778246100
0
1778246105
0
1778246110
0
1778246115
0
1778246120
0
1778246125
0
1778246130
0
1778246135
0
1778246140
0
1778246145
0
1778246150
0
1778246155
0
1778246160
0
1778246165
0
1778246170
0
1778246175
0
1778246181
0
1778246186
0
1778246191
0
1778246196
0
1778246201
0
1778246206
0
1778246211
0
1778246216
0
1778246221
0
1778246227
0
1778246232
0
1778246237
0
1778246242
0
1778246247
0
1778246252
0
1778246257
0
1778246262
0
1778246268
0
1778246273
0
1778246278
0
1778246283
0
1778246289
0
1778246294
0
1778246299
0
1778246304
0
1778246309
0
1778246314
0
1778246319
49
1778246324
49
1778246330
49
1778246335
53
1778246340
53
1778246345
53
1778246350
54
1778246355
54
1778246360
54
1778246366
81
1778246371
81
1778246376
81
1778246381
85
1778246386
85
1778246391
85
1778246396
85
1778246401
85
1778246407
85
1778246412
86
1778246417
86
1778246422
86
1778246427
85
1778246432
85
1778246437
85
1778246442
85
1778246448
85
1778246453
85
1778246458
86
1778246463
86
1778246468
86
1778246473
86
1778246478
86
1778246483
85
1778246489
85
1778246494
85
1778246499
84
1778246504
84
1778246509
84
1778246514
85
1778246519
85
1778246524
85
1778246530
84
1778246535
84
1778246540
84
1778246545
78
1778246550
78
1778246555
78
1778246560
78
1778246565
78
1778246570
78
1778246576
78
1778246581
78
1778246586
78
1778246591
79
1778246596
79
1778246601
79
1778246606
80
1778246611
80
1778246617
80
1778246622
79
1778246627
79
1778246632
79
1778246637
78
1778246642
78
1778246647
78
1778246652
78
1778246658
78
1778246663
78
1778246668
82
1778246673
82
1778246678
84
1778246683
84
1778246688
84
1778246693
84
1778246699
84
1778246704
84
1778246709
85
1778246714
85
1778246719
85
1778246724
85
1778246729
85
1778246734
85
1778246740
87
1778246745
87
1778246750
87
1778246755
87
1778246760
87
1778246765
87
1778246770
87
1778246775
87
1778246781
87
1778246786
88
1778246791
88
1778246796
88
1778246801
88
1778246806
88
1778246811
88
1778246816
88
1778246822
88
1778246827
88
1778246832
88
1778246837
88
1778246842
88
1778246847
87
1778246852
87
1778246857
87
1778246862
87
1778246868
87
1778246873
87
1778246878
88
1778246883
88
1778246888
88
1778246893
88
1778246898
88
1778246903
88
1778246909
88
1778246914
88
1778246919
86
1778246924
86
1778246929
86
1778246934
86
1778246939
86
1778246944
86
1778246950
88
1778246955
88
1778246960
88
1778246965
89
1778246970
89
1778246975
89
1778246980
92
1778246985
92
1778246990
92
1778246996
93
1778247001
93
1778247006
93
1778247011
93
1778247016
93
1778247021
93
1778247026
95
1778247031
95
1778247037
95
1778247042
95
1778247047
95
1778247052
95
1778247057
95
1778247062
95
1778247067
95
1778247072
92
1778247077
92
1778247083
92
1778247088
91
1778247093
91
1778247098
93
1778247103
93
1778247108
93
1778247113
94
1778247118
94
1778247124
94
1778247129
92
1778247134
92
1778247139
92
1778247144
93
1778247149
93
1778247154
93
1778247159
93
1778247164
93
1778247170
93
1778247175
92
1778247180
92
1778247185
92
1778247190
93
1778247195
93
1778247200
93
1778247205
93
1778247210
93
1778247216
93
1778247221
93
1778247226
93
1778247231
93
1778247236
93
1778247241
93
1778247246
93
1778247251
93
1778247256
93
1778247262
93
1778247267
93
1778247272
93
1778247277
93
1778247282
93
1778247287
93
1778247292
93
1778247297
93
1778247303
93
1778247308
93
1778247313
93
1778247318
93
1778247323
93
1778247328
93
1778247333
93
1778247338
94
1778247343
94
1778247349
94
1778247354
93
1778247359
93
1778247364
93
1778247369
93
1778247374
93
1778247379
63
1778247384
63
1778247389
63
1778247395
63
1778247400
64
1778247405
64
1778247410
0
1778247415
0
1778247420
0
1778247425
0
1778247430
0
1778247435
0
1778247440
0
1778247445
0
1778247450
0
1778247455
0
1778247460
0
1778247465
0
1778247471
0
1778247476
0
1778247481
0
1778247486
0
1778247491
0
1778247496
0
1778247501
0
1778247506
0
1778247511
0
1778247516
0
1778247521
0
1778247526
0
1778247531
0
1778247536
0
1778247541
0
1778247546
0
1778247551
0
1778247556
0
1778247561
0
1778247566
0
1778247571
0
1778247577
0
1778247582
0
1778247587
0
1778247592
0
1778247597
0
1778247602
0
1778247607
0
1778247612
0
1778247617
0
1778247622
0
1778247627
0
1778247632
0
1778247637
0
1778247642
0
1778247647
0
1778247652
0
1778247657
0
1778247662
0
1778247667
0
1778247672
0
1778247677
0
1778247683
0
1778247688
0
1778247693
0
1778247698
0
1778247703
0
1778247708
0
1778247713
0
1778247718
0
1778247723
0
1778247728
0
1778247733
0
1778247738
0
1778247743
0
1778247748
0
1778247753
0
1778247758
0
1778247763
0
1778247768
0
1778247773
0
1778247778
0
1778247783
0
1778247788
0
1778247794
0
1778247799
0
1778247804
0
1778247809
0
1778247814
0
1778247819
0
1778247824
0
1778247829
0
1778247834
0
1778247839
0
1778247844
0
1778247849
0
1778247854
0
1778247859
0
1778247864
0
1778247869
0
1778247874
0
1778247879
0
1778247884
0
1778247889
0
1778247894
0
1778247900
0
1778247905
0
1778247910
0
1778247915
0
1778247920
0
1778247925
0
1778247930
0
1778247935
0
1778247940
0
1778247945
0
1778247950
0
1778247955
0
1778247960
0
1778247965
0
1778247970
0
1778247975
0
1778247980
0
1778247985
0
1778247990
0
1778247995
0
1778248000
0
1778248006
0
1778248011
0
1778248016
0
1778248021
0
1778248026
0
1778248031
0
1778248036
0
1778248041
0
1778248046
0
1778248051
0
1778248056
0
1778248061
0
1778248066
0
1778248071
0
1778248076
0
1778248081
0
1778248086
0
1778248091
0
1778248096
0
1778248102
0
1778248107
0
1778248112
0
1778248117
0
1778248122
0
1778248127
0
1778248132
0
1778248137
0
1778248142
0
1778248147
0
1778248152
0
1778248157
0
1778248162
0
1778248167
0
1778248172
0
1778248177
0
1778248182
0
1778248187
0
1778248193
0
1778248198
0
1778248203
0
1778248208
0
1778248213
0
1778248218
0
1778248223
0
1778248228
0
1778248234
0
1778248239
0
1778248244
0
1778248249
0
1778248254
0
1778248259
0
1778248264
0
1778248269
0
1778248274
0
1778248280
0
1778248285
0
1778248290
0
1778248295
0
1778248301
0
1778248306
0
1778248311
0
1778248316
0
1778248321
0
1778248327
0
1778248332
0
1778248337
61
1778248342
61
1778248347
61
1778248352
63
1778248357
63
1778248362
63
1778248368
65
1778248373
65
1778248378
65
1778248383
92
1778248388
92
1778248393
92
1778248398
97
1778248403
97
1778248409
97
1778248414
96
1778248419
96
1778248424
96
1778248429
95
1778248434
95
1778248439
95
1778248444
97
1778248449
97
1778248455
97
1778248460
96
1778248465
96
1778248470
96
1778248475
96
1778248480
96
1778248485
96
1778248490
96
1778248496
96
1778248501
95
1778248506
95
1778248511
95
1778248516
98
1778248521
98
1778248526
98
1778248531
96
1778248536
96
1778248542
96
1778248547
95
1778248552
95
1778248557
95
1778248562
95
1778248567
95
1778248572
95
1778248577
95
1778248583
95
1778248588
95
1778248593
78
1778248598
78
1778248603
78
1778248609
78
1778248614
78
1778248619
78
1778248624
78
1778248629
78
1778248634
78
1778248639
77
1778248645
77
1778248650
77
1778248655
79
1778248660
79
1778248665
79
1778248670
80
1778248675
80
1778248681
82
1778248686
82
1778248691
82
1778248696
83
1778248701
83
1778248706
83
1778248711
86
1778248717
86
1778248722
86
1778248727
87
1778248732
87
1778248737
87
1778248743
88
1778248748
88
1778248753
88
1778248758
95
1778248763
95
1778248768
95
1778248774
96
1778248779
96
1778248784
96
1778248789
97
1778248794
97
1778248799
97
1778248805
96
1778248810
96
1778248815
96
1778248820
96
1778248825
96
1778248830
96
1778248835
96
1778248841
96
1778248846
96
1778248851
96
1778248856
96
1778248861
95
1778248866
95
1778248871
95
1778248876
95
1778248882
95
1778248887
95
1778248892
96
1778248897
96
1778248902
96
1778248907
96
1778248912
96
1778248918
96
1778248923
95
1778248928
95
1778248933
95
1778248938
95
1778248943
95
1778248948
95
1778248954
96
1778248959
96
1778248964
96
1778248969
101
1778248974
101
1778248979
101
1778248984
103
1778248990
103
1778248995
103
1778249000
103
1778249005
103
1778249010
103
1778249015
105
1778249020
105
1778249025
104
1778249031
104
1778249036
104
1778249041
103
1778249046
103
1778249051
103
1778249057
101
1778249062
101
1778249067
101
1778249072
101
1778249078
101
1778249083
101
1778249088
101
1778249093
101
1778249099
101
1778249104
102
1778249109
102
1778249114
102
1778249119
101
1778249124
101
1778249130
101
1778249135
101
1778249140
101
1778249146
104
1778249151
104
1778249156
104
1778249162
102
1778249167
102
1778249172
102
1778249178
104
1778249183
104
1778249188
104
1778249193
104
1778249198
104
1778249204
104
1778249209
103
1778249214
103
1778249219
103
1778249224
104
1778249230
104
1778249235
104
1778249240
105
1778249245
105
1778249250
105
1778249255
104
1778249260
104
1778249266
104
1778249271
104
1778249276
104
1778249281
104
1778249286
104
1778249291
104
1778249296
105
1778249302
105
1778249307
105
1778249312
104
1778249317
104
1778249322
104
1778249327
105
1778249332
105
1778249337
105
1778249343
104
1778249348
73
1778249353
73
1778249358
73
1778249363
73
1778249368
73
1778249373
73
1778249378
73
1778249384
73
1778249389
73
1778249394
0
1778249399
0
1778249404
0
1778249409
0
1778249414
0
1778249419
0
1778249424
0
1778249429
0
1778249434
0
1778249440
0
1778249445
0
1778249450
0
1778249455
0
1778249460
0
1778249465
0
1778249470
0
1778249475
0
1778249480
0
1778249485
0
1778249490
0
1778249495
0
1778249500
0
1778249505
0
1778249510
0
1778249515
0
1778249520
0
1778249525
0
1778249531
0
1778249536
0
1778249541
0
1778249546
0
1778249551
0
1778249556
0
1778249561
0
1778249566
0
1778249571
0
1778249576
0
1778249581
0
1778249586
0
1778249591
0
1778249596
0
1778249601
0
1778249606
0
1778249611
0
1778249617
0
1778249622
0
1778249627
0
1778249632
0
1778249637
0
1778249642
0
1778249647
0
1778249652
0
1778249657
0
1778249662
0
1778249667
0
1778249672
0
1778249677
0
1778249682
0
1778249687
0
1778249692
0
1778249697
0
1778249702
0
1778249707
0
1778249712
0
1778249717
0
1778249723
0
1778249728
0
1778249733
0
1778249738
0
1778249743
0
1778249748
0
1778249753
0
1778249758
0
1778249763
0
1778249768
0
1778249773
0
1778249778
0
1778249783
0
1778249788
0
1778249793
0
1778249798
0
1778249803
0
1778249808
0
1778249813
0
1778249818
0
1778249823
0
1778249829
0
1778249834
0
1778249839
0
1778249844
0
1778249849
0
1778249854
0
1778249859
0
1778249864
0
1778249869
0
1778249874
0
1778249879
0
1778249884
0
1778249889
0
1778249894
0
1778249899
0
1778249904
0
1778249909
0
1778249914
0
1778249919
0
1778249924
0
1778249929
0
1778249935
0
1778249940
0
1778249945
0
1778249950
0
1778249955
0
1778249960
0
1778249965
0
1778249970
0
1778249975
0
1778249980
0
1778249985
0
1778249990
0
1778249995
0
1778250000
0
1778250005
0
1778250010
0
1778250015
0
1778250020
0
1778250025
0
1778250030
0
1778250035
0
1778250041
0
1778250046
0
1778250051
0
1778250056
0
1778250061
0
1778250066
0
1778250071
0
1778250076
0
1778250081
0
1778250086
0
1778250091
0
1778250096
0
1778250101
0
1778250106
0
1778250111
0
1778250116
0
1778250121
0
1778250127
0
1778250132
0
1778250137
0
1778250142
0
1778250147
0
1778250152
0
1778250157
0
1778250162
0
1778250167
0
1778250172
0
1778250177
0
1778250182
0
1778250187
0
1778250192
0
1778250197
0
1778250202
0
1778250207
0
1778250212
0
1778250217
0
1778250223
0
1778250228
0
1778250233
0
1778250238
0
1778250243
0
1778250248
0
1778250253
0
1778250258
0
1778250263
0
1778250268
0
1778250273
0
1778250278
0
1778250283
0
1778250288
0
1778250293
0
1778250298
0
1778250303
0
1778250308
0
1778250313
0
1778250319
0
1778250324
0
1778250329
0
1778250334
0
1778250339
0
1778250344
0
1778250349
0
1778250354
0
1778250359
0
1778250364
0
1778250369
0
1778250374
0
1778250379
0
1778250384
0
1778250389
0
1778250394
0
1778250400
0
1778250405
0
1778250410
0
1778250415
0
1778250420
0
1778250425
0
1778250430
0
1778250435
0
1778250440
0
1778250445
0
1778250450
0
1778250455
0
1778250460
0
1778250465
0
1778250470
0
1778250476
0
1778250481
0
1778250486
0
1778250491
0
1778250496
0
1778250501
0
1778250506
0
1778250511
0
1778250516
0
1778250521
0
1778250526
0
1778250531
0
1778250536
0
1778250541
0
1778250546
0
1778250551
0
1778250556
0
1778250562
0
1778250567
0
1778250572
0
1778250577
0
1778250582
0
1778250587
0
1778250592
0
1778250597
0
1778250602
0
1778250607
0
1778250612
0
1778250617
0
1778250622
0
1778250627
0
1778250632
0
1778250638
0
1778250643
0
1778250648
0
1778250653
0
1778250658
0
1778250663
0
1778250668
0
1778250673
0
1778250679
0
1778250684
0
1778250689
0
1778250694
0
1778250699
0
1778250704
0
1778250709
0
1778250715
0
1778250720
0
1778250725
0
1778250730
0
1778250735
0
1778250740
0
1778250745
0
1778250751
0
1778250756
0
1778250761
0
1778250766
0
1778250771
0
1778250777
0
1778250782
0
1778250787
0
1778250792
0
1778250797
0
1778250802
61
1778250807
61
1778250813
61
1778250818
63
1778250823
63
1778250828
63
1778250833
67
1778250839
67
1778250844
67
1778250849
78
1778250854
78
1778250859
78
1778250864
79
1778250870
79
1778250875
79
1778250880
80
1778250885
80
1778250890
80
1778250895
79
1778250900
79
1778250905
79
1778250911
80
1778250916
80
1778250921
80
1778250926
81
1778250931
81
1778250936
79
1778250941
79
1778250946
79
1778250952
80
1778250957
80
1778250962
80
1778250967
79
1778250972
79
1778250977
79
1778250982
81
1778250987
81
1778250993
81
1778250998
80
1778251003
80
1778251008
80
1778251013
79
1778251018
79
1778251024
79
1778251029
79
1778251034
79
1778251039
79
1778251044
80
1778251049
80
1778251054
80
1778251059
79
1778251065
79
1778251070
79
1778251075
79
1778251080
79
1778251085
79
1778251090
79
1778251095
79
1778251100
79
1778251106
79
1778251111
79
1778251116
79
1778251121
79
1778251126
79
1778251131
82
1778251136
82
1778251141
82
1778251147
85
1778251152
85
1778251157
85
1778251162
85
1778251167
85
1778251172
85
1778251177
86
1778251183
86
1778251188
86
1778251193
86
1778251198
86
1778251203
86
1778251208
86
1778251213
86
1778251218
86
1778251224
86
1778251229
86
1778251234
86
1778251239
88
1778251244
88
1778251249
88
1778251255
88
1778251260
88
1778251265
88
1778251270
88
1778251275
88
1778251280
88
1778251285
90
1778251290
90
1778251296
90
1778251301
88
1778251306
88
1778251311
88
1778251316
87
1778251321
87
1778251326
87
1778251331
87
1778251337
87
1778251342
87
1778251347
87
1778251352
87
1778251357
87
1778251362
87
1778251367
87
1778251372
87
1778251378
87
1778251383
87
1778251388
88
1778251393
88
1778251398
88
1778251403
88
1778251408
88
1778251413
88
1778251419
87
1778251424
87
1778251429
87
1778251434
91
1778251439
91
1778251444
91
1778251449
93
1778251454
93
1778251460
93
1778251465
95
1778251470
95
1778251475
95
1778251480
94
1778251485
94
1778251490
94
1778251495
94
1778251501
94
1778251506
94
1778251511
95
1778251516
95
1778251521
90
1778251526
90
1778251531
90
1778251537
93
1778251542
93
1778251547
93
1778251552
93
1778251557
93
1778251562
93
1778251567
93
1778251572
93
1778251578
93
1778251583
93
1778251588
93
1778251593
93
1778251598
93
1778251603
93
1778251608
93
1778251613
93
1778251618
93
1778251624
93
1778251629
93
1778251634
93
1778251639
93
1778251644
92
1778251649
92
1778251654
92
1778251659
92
1778251665
92
1778251670
92
1778251675
92
1778251680
92
1778251685
92
1778251690
92
1778251695
92
1778251700
92
1778251706
92
1778251711
92
1778251716
92
1778251721
92
1778251726
92
1778251731
93
1778251736
93
1778251741
93
1778251747
92
1778251752
92
1778251757
92
1778251762
92
1778251767
92
1778251772
92
1778251777
92
1778251782
92
1778251788
92
1778251793
92
1778251798
92
1778251803
92
1778251808
92
1778251813
92
1778251818
92
1778251823
92
1778251829
62
1778251834
62
1778251839
63
1778251844
63
1778251849
63
1778251854
0
1778251859
0
1778251864
0
1778251869
0
1778251874
0
1778251879
0
1778251885
0
1778251890
0
1778251895
0
1778251900
0
1778251905
0
1778251910
0
1778251915
0
1778251920
0
1778251925
0
1778251930
0
1778251935
0
1778251940
0
1778251945
0
1778251950
0
1778251955
0
1778251960
0
1778251965
0
1778251970
0
1778251976
0
1778251981
0
1778251986
0
1778251991
0
1778251996
0
1778252001
0
1778252006
0
1778252011
0
1778252016
0
1778252021
0
1778252026
0
1778252031
0
1778252036
0
1778252041
0
1778252046
0
1778252051
0
1778252056
0
1778252061
0
1778252066
0
1778252071
0
1778252076
0
1778252082
0
1778252087
0
1778252092
0
1778252097
0
1778252102
0
1778252107
0
1778252112
0
1778252117
0
1778252122
0
1778252127
0
1778252132
0
1778252137
0
1778252142
0
1778252147
0
1778252152
0
1778252157
0
1778252162
0
1778252167
0
1778252172
0
1778252178
0
1778252183
0
1778252188
0
1778252193
0
1778252198
0
1778252203
0
1778252208
0
1778252213
0
1778252218
0
1778252223
0
1778252228
0
1778252233
0
1778252238
0
1778252243
0
1778252248
0
1778252253
0
1778252258
0
1778252263
0
1778252268
0
1778252274
0
1778252279
0
1778252284
0
1778252289
0
1778252294
0
1778252299
0
1778252304
0
1778252309
0
1778252314
0
1778252319
0
1778252324
0
1778252329
0
1778252334
0
1778252339
0
1778252344
0
1778252349
0
1778252354
0
1778252359
0
1778252364
0
1778252369
0
1778252375
0
1778252380
0
1778252385
0
1778252390
0
1778252395
0
1778252400
0
1778252405
0
1778252410
0
1778252415
0
1778252420
0
1778252425
0
1778252430
0
1778252435
0
1778252440
0
1778252445
0
1778252450
0
1778252455
0
1778252460
0
1778252465
0
1778252470
0
1778252476
0
1778252481
0
1778252486
0
1778252491
0
1778252496
0
1778252501
0
1778252506
0
1778252511
0
1778252516
0
1778252521
0
1778252526
0
1778252531
0
1778252536
0
1778252541
0
1778252546
0
1778252551
0
1778252556
0
1778252561
0
1778252566
0
1778252571
0
1778252576
0
1778252582
0
1778252587
0
1778252592
0
1778252597
0
1778252602
0
1778252607
0
1778252612
0
1778252617
0
1778252622
0
1778252627
0
1778252632
0
1778252637
0
1778252642
0
1778252647
0
1778252652
0
1778252657
0
1778252662
0
1778252668
0
1778252673
0
1778252678
0
1778252683
0
1778252688
0
1778252693
0
1778252698
0
1778252703
0
1778252708
0
1778252713
0
1778252718
0
1778252723
0
1778252729
0
1778252734
0
1778252739
0
1778252744
0
1778252749
0
1778252754
0
1778252760
0
1778252765
0
1778252770
0
1778252775
0
1778252780
0
1778252785
0
1778252790
0
1778252795
0
1778252800
0
1778252805
0
1778252811
0
1778252816
0
1778252821
0
1778252826
0
1778252831
0
1778252836
0
1778252841
0
1778252846
0
1778252851
0
1778252856
0
1778252861
0
1778252866
0
1778252871
0
1778252876
0
1778252881
0
1778252887
0
1778252892
0
1778252897
0
1778252902
0
1778252907
0
1778252912
0
1778252917
0
1778252922
0
1778252927
0
1778252932
0
1778252937
0
1778252942
0
1778252947
0
1778252952
0
1778252957
0
1778252962
0
1778252967
0
1778252972
0
1778252977
0
1778252982
0
1778252988
0
1778252993
0
1778252998
0
1778253003
0
1778253008
0
1778253013
0
1778253018
0
1778253023
0
1778253028
0
1778253033
0
1778253038
0
1778253043
0
1778253048
0
1778253053
0
1778253058
0
1778253063
0
1778253068
0
1778253073
0
1778253078
0
1778253084
0
1778253089
0
1778253094
0
1778253099
0
1778253104
0
1778253109
0
1778253114
0
1778253119
0
1778253124
0
1778253129
0
1778253134
0
1778253139
0
1778253144
0
1778253149
0
1778253154
0
1778253159
0
1778253164
0
1778253170
0
1778253175
0
1778253180
0
1778253185
0
1778253190
0
1778253195
0
1778253200
0
1778253205
0
1778253210
0
1778253215
0
1778253220
0
1778253225
0
1778253230
0
1778253235
0
1778253240
0
1778253245
0
1778253250
0
1778253255
0
1778253260
0
1778253266
0
1778253271
0
1778253276
0
1778253281
0
1778253286
0
1778253291
0
1778253296
0
1778253301
0
1778253306
0
1778253311
0
1778253316
0
1778253321
0
1778253326
0
1778253332
0
1778253337
0
1778253342
0
1778253347
0
1778253352
0
1778253357
0
1778253362
0
1778253367
0
1778253372
0
1778253377
0
1778253383
0
1778253388
0
1778253393
0
1778253398
0
1778253403
0
1778253408
0
1778253413
0
1778253418
0
1778253423
0
1778253428
0
1778253433
0
1778253439
0
1778253444
0
1778253449
0
1778253454
0
1778253459
0
1778253464
0
1778253469
0
1778253474
0
1778253479
0
1778253484
0
1778253490
0
1778253495
0
1778253500
0
1778253505
0
1778253510
0
1778253515
0
1778253520
0
1778253525
0
1778253531
0
1778253536
0
1778253541
0
1778253546
0
1778253551
0
1778253556
0
1778253561
0
1778253566
0
1778253572
0
1778253577
0
1778253582
0
1778253587
0
1778253592
0
1778253597
0
1778253602
0
1778253607
0
1778253612
0
1778253617
0
1778253623
0
1778253628
0
1778253633
0
1778253638
0
1778253643
0
1778253648
0
1778253653
0
1778253658
0
1778253663
0
1778253668
0
1778253674
0
1778253679
0
1778253684
0
1778253689
0
1778253694
0
1778253699
0
1778253704
0
1778253709
0
1778253714
0
1778253720
0
1778253725
0
1778253730
0
1778253735
0
1778253740
0
1778253745
0
1778253750
0
1778253755
0
1778253760
0
1778253765
0
1778253771
0
1778253776
0
1778253781
0
1778253786
0
1778253791
0
1778253796
0
1778253801
0
1778253806
0
1778253811
0
1778253816
0
1778253821
0
1778253826
0
1778253832
0
1778253837
0
1778253842
0
1778253847
0
1778253852
0
1778253857
0
1778253862
0
1778253867
0
1778253873
0
1778253878
0
1778253883
0
1778253888
0
1778253893
0
1778253898
0
1778253903
0
1778253908
0
1778253913
0
1778253918
0
1778253924
0
1778253929
0
1778253934
0
1778253939
0
1778253944
0
1778253949
0
1778253954
0
1778253959
0
1778253964
0
1778253969
0
1778253974
0
1778253980
0
1778253985
0
1778253990
0
1778253995
0
1778254000
0
1778254005
0
1778254010
0
1778254015
0
1778254020
0
1778254025
0
1778254030
0
1778254036
0
1778254041
0
1778254046
0
1778254051
0
1778254056
0
1778254061
0
1778254066
0
1778254071
0
1778254076
0
1778254081
0
1778254086
0
1778254092
0
1778254097
0
1778254102
0
1778254107
0
1778254112
0
1778254117
0
1778254122
0
1778254127
0
1778254132
0
1778254137
0
1778254142
0
1778254148
0
1778254153
0
1778254158
0
1778254163
0
1778254168
0
1778254173
0
1778254178
0
1778254183
0
1778254188
0
1778254194
0
1778254199
0
1778254204
0
1778254209
0
1778254214
0
1778254219
0
1778254224
0
1778254229
0
1778254234
0
1778254239
0
1778254244
0
1778254250
0
1778254255
0
1778254260
0
1778254265
0
1778254270
0
1778254275
0
1778254280
0
1778254285
0
1778254290
0
1778254295
0
1778254300
0
1778254306
0
1778254311
0
1778254316
0
1778254321
0
1778254326
0
1778254331
0
1778254336
0
1778254341
0
1778254346
0
1778254351
0
1778254356
0
1778254361
0
1778254366
0
1778254372
0
1778254377
0
1778254382
0
1778254387
0
1778254392
0
1778254397
0
1778254402
0
1778254407
0
1778254412
0
1778254417
0
1778254422
0
1778254427
0
1778254432
0
1778254437
0
1778254442
0
1778254447
0
1778254452
0
1778254457
0
1778254462
0
1778254468
0
1778254473
0
1778254478
0
1778254483
0
1778254488
0
1778254493
0
1778254498
0
1778254503
0
1778254508
0
1778254513
0
1778254518
0
1778254523
0
1778254528
0
1778254533
0
1778254538
0
1778254543
0
1778254548
0
1778254553
0
1778254558
0
1778254564
0
1778254569
0
1778254574
0
1778254579
0
1778254584
0
1778254589
0
1778254594
0
1778254599
0
1778254604
0
1778254609
0
1778254614
0
1778254619
0
1778254624
0
1778254629
0
1778254635
0
1778254640
0
1778254645
0
1778254650
0
1778254655
0
1778254660
0
1778254665
0
1778254670
0
1778254675
0
1778254680
0
1778254685
0
1778254691
0
1778254696
0
1778254701
0
1778254706
0
1778254711
0
1778254716
0
1778254721
0
1778254726
0
1778254731
0
1778254736
0
1778254741
0
1778254746
0
1778254751
0
1778254756
0
1778254762
0
1778254767
0
1778254772
0
1778254777
0
1778254782
0
1778254787
0
1778254792
0
1778254797
0
1778254802
0
1778254807
0
1778254812
0
1778254817
0
1778254822
0
1778254827
0
1778254833
0
1778254838
0
1778254843
0
1778254848
0
1778254853
0
1778254858
0
1778254863
0
1778254868
0
1778254873
0
1778254878
0
1778254884
0
1778254889
0
1778254894
0
1778254899
0
1778254904
0
1778254909
0
1778254914
0
1778254919
0
1778254924
0
1778254929
0
1778254934
0
1778254939
0
1778254944
0
1778254949
0
1778254955
0
1778254960
0
1778254965
0
1778254970
0
1778254975
0
1778254980
0
1778254985
0
1778254990
0
1778254995
0
1778255000
0
1778255005
0
1778255010
0
1778255015
0
1778255020
0
1778255025
0
1778255030
0
1778255035
0
1778255040
0
1778255046
0
1778255051
0
1778255056
0
1778255061
0
1778255066
0
1778255071
0
1778255076
0
1778255081
0
1778255086
0
1778255091
0
1778255096
0
1778255101
0
1778255106
0
1778255111
0
1778255116
0
1778255121
0
1778255126
0
1778255131
0
1778255136
0
1778255142
0
1778255147
0
1778255152
0
1778255157
0
1778255162
0
1778255167
0
1778255172
0
1778255177
0
1778255182
0
1778255187
0
1778255192
0
1778255197
0
1778255202
0
1778255207
0
1778255212
0
1778255217
0
1778255222
0
1778255227
0
1778255233
0
1778255238
0
1778255243
0
1778255248
0
1778255253
0
1778255258
0
1778255263
0
1778255268
0
1778255273
0
1778255278
0
1778255283
0
1778255288
0
1778255293
0
1778255298
0
1778255303
0
1778255308
0
1778255313
0
1778255318
0
1778255323
0
1778255328
0
1778255333
0
1778255339
0
1778255344
0
1778255349
0
1778255354
0
1778255359
0
1778255364
0
1778255369
0
1778255374
0
1778255379
0
1778255384
0
1778255389
0
1778255394
0
1778255399
0
1778255404
0
1778255409
0
1778255415
0
1778255420
0
1778255425
0
1778255430
0
1778255435
0
1778255440
0
1778255445
0
1778255450
0
1778255455
0
1778255460
0
1778255465
0
1778255470
0
1778255475
0
1778255480
0
1778255486
0
1778255491
0
1778255496
0
1778255501
0
1778255506
0
1778255511
0
1778255516
0
1778255521
0
1778255526
0
1778255531
0
1778255536
0
1778255541
0
1778255546
0
1778255551
0
1778255556
0
1778255561
0
1778255566
0
1778255571
0
1778255577
0
1778255582
0
1778255587
0
1778255592
0
1778255597
0
1778255602
0
1778255607
0
1778255612
0
1778255617
0
1778255622
0
1778255627
0
1778255632
0
1778255637
0
1778255642
0
1778255647
0
1778255652
0
1778255657
0
1778255662
0
1778255668
0
1778255673
0
1778255678
0
1778255683
0
1778255688
0
1778255693
0
1778255698
0
1778255703
0
1778255708
0
1778255713
0
1778255718
0
1778255723
0
1778255728
0
1778255733
0
1778255738
0
1778255743
0
1778255748
0
1778255754
0
1778255759
0
1778255764
0
1778255769
0
1778255774
0
1778255779
0
1778255784
0
1778255789
0
1778255794
0
1778255799
0
1778255804
0
1778255809
0
1778255814
0
1778255819
0
1778255824
0
1778255829
0
1778255834
0
1778255839
0
1778255845
0
1778255850
0
1778255855
0
1778255860
0
1778255865
0
1778255870
0
1778255875
0
1778255880
0
1778255885
0
1778255890
0
1778255895
0
1778255900
0
1778255905
0
1778255910
0
1778255916
0
1778255921
0
1778255926
0
1778255931
0
1778255936
0
1778255941
0
1778255946
0
1778255951
0
1778255956
0
1778255961
0
1778255966
0
1778255971
0
1778255976
0
1778255981
0
1778255986
0
1778255991
0
1778255996
0
1778256001
0
1778256007
0
1778256012
0
1778256017
0
1778256022
0
1778256027
0
1778256032
0
1778256037
0
1778256042
0
1778256047
0
1778256052
0
1778256057
0
1778256062
0
1778256067
0
1778256072
0
1778256077
0
1778256082
0
1778256088
0
1778256093
0
1778256098
0
1778256103
0
1778256108
0
1778256113
0
1778256118
0
1778256123
0
1778256128
0
1778256133
0
1778256138
0
1778256143
0
1778256148
0
1778256153
0
1778256158
0
1778256163
0
1778256168
0
1778256173
0
1778256178
0
1778256183
0
1778256188
0
1778256193
0
1778256199
0
1778256204
0
1778256209
0
1778256214
0
1778256219
0
1778256224
0
1778256229
0
1778256234
0
1778256239
0
1778256244
0
1778256249
0
1778256254
0
1778256259
0
1778256264
0
1778256269
0
1778256274
0
1778256279
0
1778256284
0
1778256289
0
1778256294
0
1778256300
0
1778256305
0
1778256310
0
1778256315
0
1778256320
0
1778256325
0
1778256330
0
1778256335
0
1778256340
0
1778256345
0
1778256350
0
1778256355
0
1778256360
0
1778256366
0
1778256371
0
1778256376
0
1778256381
0
1778256386
0
1778256391
0
1778256396
0
1778256401
0
1778256406
0
1778256411
0
1778256416
0
1778256421
0
1778256427
0
1778256432
0
1778256437
0
1778256442
0
1778256447
0
1778256452
0
1778256457
0
1778256463
0
1778256468
0
1778256473
0
1778256478
0
1778256483
0
1778256488
0
1778256493
0
1778256498
0
1778256503
0
1778256508
0
1778256513
0
1778256518
0
1778256523
0
1778256529
0
1778256534
0
1778256539
0
1778256544
0
1778256549
0
1778256554
0
1778256559
0
1778256564
0
1778256569
0
1778256574
0
1778256579
0
1778256584
0
1778256589
0
1778256595
0
1778256600
0
1778256605
0
1778256610
0
1778256615
0
1778256620
0
1778256625
0
1778256630
0
1778256636
0
1778256642
0
1778256647
0
1778256652
0
1778256657
0
1778256662
0
1778256668
0
1778256673
0
1778256678
0
1778256683
0
1778256688
0
1778256693
0
1778256698
0
1778256703
0
1778256708
0
1778256713
0
1778256718
0
1778256723
0
1778256728
0
1778256733
0
1778256739
0
1778256744
0
1778256749
0
1778256754
0
1778256759
0
1778256764
0
1778256769
0
1778256774
0
1778256779
0
1778256784
0
1778256789
0
1778256794
0
1778256799
0
1778256804
0
1778256809
0
1778256815
0
1778256820
0
1778256825
0
1778256830
0
1778256835
0
1778256840
0
1778256845
0
1778256850
0
1778256855
0
1778256860
0
1778256865
0
1778256870
0
1778256875
0
1778256880
0
1778256885
0
1778256890
0
1778256896
0
1778256901
0
1778256906
0
1778256911
0
1778256916
0
1778256921
0
1778256926
0
1778256931
0
1778256936
0
1778256941
0
1778256946
0
1778256951
0
1778256956
0
1778256961
0
1778256966
0
1778256971
0
1778256976
0
1778256981
0
1778256986
0
1778256992
0
1778256997
0
1778257002
0
1778257007
0
1778257012
0
1778257017
0
1778257022
0
1778257027
0
1778257032
0
1778257037
0
1778257042
0
1778257047
0
1778257052
0
1778257057
0
1778257062
0
1778257068
0
1778257073
0
1778257078
0
1778257083
0
1778257088
0
1778257093
0
1778257098
0
1778257103
0
1778257108
0
1778257113
0
1778257118
0
1778257123
0
1778257128
0
