1778215365
{"x": 0}
1778215371
{"x": 35}
1778215376
{"x": 35}
1778215381
{"x": 35}
1778215386
{"x": 285}
1778215391
{"x": 285}
1778215396
{"x": 285}
1778215401
{"x": 339}
1778215406
{"x": 339}
1778215411
{"x": 339}
1778215416
{"x": 339}
1778215421
{"x": 339}
1778215426
{"x": 339}
1778215431
{"x": 339}
1778215437
{"x": 339}
1778215442
{"x": 0}
1778215447
{"x": 0}
1778215452
{"x": 0}
1778215457
{"x": 0}
1778215462
{"x": 0}
1778215467
{"x": 0}
1778215472
{"x": 0}
1778215477
{"x": 0}
1778215482
{"x": 0}
1778215487
{"x": 0}
1778215493
{"x": 0}
1778215498
{"x": 0}
1778215503
{"x": 0}
1778215508
{"x": 0}
1778215513
{"x": 0}
1778215518
{"x": 0}
1778215523
{"x": 0}
1778215528
{"x": 0}
1778215533
{"x": 0}
1778215538
{"x": 0}
1778215543
{"x": 0}
1778215548
{"x": 0}
1778215554
{"x": 0}
1778215559
{"x": 0}
1778215564
{"x": 0}
1778215569
{"x": 0}
1778215574
{"x": 0}
1778215579
{"x": 0}
1778215584
{"x": 0}
1778215589
{"x": 0}
1778215594
{"x": 0}
1778215600
{"x": 0}
1778215605
{"x": 0}
1778215610
{"x": 0}
1778215615
{"x": 0}
1778215620
{"x": 25}
1778215625
{"x": 41}
1778215630
{"x": 41}
1778215635
{"x": 41}
1778215640
{"x": 96}
1778215645
{"x": 96}
1778215650
{"x": 96}
1778215655
{"x": 107}
1778215660
{"x": 107}
1778215665
{"x": 107}
1778215670
{"x": 107}
1778215676
{"x": 107}
1778215681
{"x": 107}
1778215686
{"x": 107}
1778215691
{"x": 107}
1778215696
{"x": 107}
1778215701
{"x": 107}
1778215706
{"x": 107}
1778215711
{"x": 107}
1778215716
{"x": 107}
1778215721
{"x": 107}
1778215727
{"x": 107}
1778215732
{"x": 107}
1778215737
{"x": 107}
1778215742
{"x": 107}
1778215747
{"x": 107}
1778215752
{"x": 107}
1778215757
{"x": 107}
1778215762
{"x": 107}
1778215767
{"x": 107}
1778215772
{"x": 107}
1778215778
{"x": 107}
1778215783
{"x": 107}
1778215788
{"x": 107}
1778215793
{"x": 107}
1778215798
{"x": 107}
1778215803
{"x": 107}
1778215808
{"x": 107}
1778215813
{"x": 107}
1778215818
{"x": 107}
1778215823
{"x": 107}
1778215829
{"x": 107}
1778215834
{"x": 107}
1778215839
{"x": 107}
1778215844
{"x": 107}
1778215849
{"x": 107}
1778215854
{"x": 107}
1778215859
{"x": 107}
1778215864
{"x": 107}
1778215869
{"x": 107}
1778215874
{"x": 107}
1778215880
{"x": 639}
1778215885
{"x": 639}
1778215890
{"x": 639}
1778215895
{"x": 639}
1778215900
{"x": 639}
1778215905
{"x": 639}
1778215910
{"x": 639}
1778215915
{"x": 639}
1778215920
{"x": 639}
1778215925
{"x": 639}
1778215931
{"x": 639}
1778215936
{"x": 639}
1778215941
{"x": 639}
1778215946
{"x": 639}
1778215951
{"x": 639}
1778215956
{"x": 639}
1778215961
{"x": 639}
1778215966
{"x": 639}
1778215971
{"x": 639}
1778215976
{}
1778215982
{}
1778215987
{}
1778215992
{}
1778215997
{}
1778216002
{}
1778216007
{}
1778216012
{}
1778216017
{}
1778216022
{}
1778216027
{}
1778216032
{}
1778216038
{}
1778216043
{}
1778216048
{}
1778216053
{}
1778216058
{}
1778216063
{}
1778216068
{}
1778216073
{}
1778216078
{}
1778216083
{}
1778216088
{}
1778216093
{}
1778216098
{}
1778216104
{}
1778216109
{}
1778216114
{}
1778216119
{}
1778216124
{}
1778216129
{}
1778216134
{}
1778216139
{}
1778216144
{}
1778216149
{}
1778216154
{}
1778216159
{}
1778216164
{}
1778216170
{}
1778216175
{}
1778216180
{}
1778216185
{}
1778216190
{}
1778216195
{}
1778216200
{}
1778216205
{}
1778216210
{}
1778216215
{}
1778216220
{}
1778216225
{}
1778216230
{}
1778216235
{}
1778216241
{}
1778216246
{}
1778216251
{}
1778216256
{}
1778216261
{}
1778216266
{}
1778216271
{}
1778216276
{}
1778216281
{}
1778216286
{}
1778216291
{}
1778216296
{}
1778216302
{}
1778216307
{}
1778216312
{}
1778216317
{}
1778216322
{}
1778216327
{}
1778216332
{}
1778216337
{}
1778216342
{}
1778216347
{}
1778216352
{}
1778216357
{}
1778216362
{}
1778216368
{}
1778216373
{}
1778216378
{}
1778216383
{}
1778216388
{}
1778216393
{}
1778216398
{}
1778216403
{}
1778216408
{}
1778216413
{}
1778216418
{}
1778216423
{}
1778216429
{}
1778216434
{}
1778216439
{}
1778216444
{}
1778216449
{}
1778216454
{}
1778216459
{}
1778216464
{}
1778216470
{}
1778216475
{}
1778216480
{}
1778216485
{}
1778216490
{}
1778216495
{}
1778216501
{}
1778216506
{}
1778216511
{}
1778216516
{}
1778216521
{}
1778216526
{}
1778216531
{}
1778216537
{}
1778216542
{}
1778216547
{}
1778216552
{}
1778216557
{}
1778216562
{}
1778216567
{}
1778216573
{}
1778216578
{}
1778216583
{}
1778216588
{}
1778216593
{}
1778216598
{}
1778216603
{}
1778216609
{}
1778216614
{}
1778216619
{}
1778216624
{}
1778216629
{}
1778216634
{}
1778216639
{}
1778216645
{}
1778216650
{}
1778216655
{}
1778216660
{}
1778216665
{}
1778216670
{}
1778216675
{}
1778216681
{}
1778216686
{}
1778216691
{}
1778216696
{}
1778216701
{}
1778216706
{}
1778216711
{}
1778216717
{}
1778216722
{}
1778216727
{}
1778216732
{}
1778216737
{}
1778216742
{}
1778216748
{}
1778216753
{}
1778216758
{}
1778216763
{}
1778216768
{}
1778216773
{}
1778216778
{}
1778216783
{}
1778216788
{}
1778216793
{}
1778216798
{}
1778216803
{}
1778216809
{}
1778216814
{}
1778216819
{}
1778216824
{}
1778216829
{}
1778216834
{}
1778216839
{}
1778216844
{}
1778216849
{}
1778216854
{}
1778216859
{}
1778216864
{}
1778216870
{}
1778216875
{}
1778216880
{}
1778216885
{}
1778216890
{}
1778216895
{}
1778216900
{}
1778216905
{}
1778216910
{}
1778216915
{}
1778216920
{}
1778216925
{}
1778216931
{}
1778216936
{}
1778216941
{}
1778216946
{}
1778216951
{}
1778216956
{}
1778216961
{}
1778216966
{}
1778216971
{}
1778216976
{}
1778216981
{}
1778216986
{}
1778216992
{}
1778216997
{}
1778217002
{}
1778217007
{}
1778217012
{}
1778217017
{}
1778217022
{}
1778217027
{}
1778217032
{}
1778217037
{}
1778217042
{}
1778217047
{}
1778217052
{}
1778217058
{}
1778217063
{}
1778217068
{}
1778217073
{}
1778217078
{}
1778217083
{}
1778217088
{}
1778217093
{}
1778217098
{}
1778217103
{}
1778217108
{}
1778217113
{}
1778217119
{}
1778217124
{}
1778217129
{}
1778217134
{}
1778217139
{}
1778217144
{}
1778217149
{}
1778217154
{}
1778217159
{}
1778217164
{}
1778217169
{}
1778217174
{}
1778217180
{}
1778217185
{}
1778217190
{}
1778217195
{}
1778217200
{}
1778217205
{}
1778217210
{}
1778217215
{}
1778217220
{}
1778217225
{}
1778217230
{}
1778217235
{}
1778217241
{}
1778217246
{}
1778217251
{}
1778217256
{}
1778217261
{}
1778217266
{}
1778217271
{}
1778217276
{}
1778217281
{}
1778217286
{}
1778217291
{}
1778217296
{}
1778217302
{}
1778217307
{}
1778217312
{}
1778217317
{}
1778217322
{}
1778217327
{}
1778217332
{}
1778217337
{}
1778217342
{}
1778217347
{}
1778217352
{}
1778217357
{}
1778217363
{}
1778217368
{}
1778217373
{}
1778217378
{}
1778217383
{}
1778217388
{}
1778217393
{}
1778217398
{}
1778217403
{}
1778217408
{}
1778217413
{}
1778217418
{}
1778217423
{}
1778217428
{}
1778217434
{}
1778217439
{}
1778217444
{}
1778217449
{}
1778217454
{}
1778217459
{}
1778217464
{}
1778217469
{}
1778217474
{}
1778217479
{}
1778217484
{}
1778217489
{}
1778217494
{}
1778217500
{}
1778217505
{}
1778217510
{}
1778217515
{}
1778217520
{}
1778217525
{}
1778217530
{}
1778217535
{}
1778217540
{}
1778217545
{}
1778217550
{}
1778217555
{}
1778217561
{}
1778217566
{}
1778217571
{}
1778217576
{}
1778217581
{}
1778217586
{}
1778217591
{}
1778217596
{}
1778217601
{}
1778217606
{}
1778217611
{}
1778217617
{}
1778217622
{}
1778217627
{}
1778217632
{}
1778217637
{}
1778217642
{}
1778217647
{}
1778217652
{}
1778217657
{}
1778217663
{}
1778217668
{}
1778217673
{}
1778217678
{}
1778217683
{}
1778217688
{}
1778217694
{}
1778217699
{}
1778217704
{}
1778217709
{}
1778217714
{}
1778217719
{}
1778217725
{}
1778217730
{}
1778217735
{}
1778217740
{}
1778217745
{}
1778217750
{}
1778217755
{}
1778217761
{}
1778217766
{}
1778217771
{}
1778217776
{}
1778217781
{}
1778217787
{}
1778217792
{}
1778217797
{}
1778217802
{}
1778217807
{}
1778217812
{}
1778217817
{}
1778217823
{}
1778217828
{}
1778217833
{}
1778217838
{}
1778217843
{}
1778217848
{}
1778217853
{}
1778217858
{}
1778217864
{}
1778217869
{}
1778217874
{}
1778217879
{}
1778217884
{}
1778217889
{}
1778217895
{}
1778217900
{}
1778217905
{}
1778217910
{}
1778217915
{}
1778217920
{}
1778217925
{}
1778217931
{}
1778217936
{}
1778217941
{}
1778217946
{}
1778217951
{}
1778217956
{}
1778217962
{}
1778217967
{}
1778217972
{}
1778217977
{}
1778217982
{}
1778217987
{}
1778217993
{}
1778217998
{}
1778218003
{}
1778218008
{}
1778218013
{}
1778218018
{}
1778218024
{}
1778218029
{}
1778218034
{}
1778218039
{}
1778218044
{}
1778218049
{}
1778218055
{}
1778218060
{}
1778218065
{}
1778218070
{}
1778218075
{}
1778218080
{}
1778218085
{}
1778218090
{}
1778218096
{}
1778218101
{}
1778218106
{}
1778218111
{}
1778218116
{}
1778218121
{}
1778218126
{}
1778218131
{}
1778218137
{}
1778218142
{}
1778218147
{}
1778218152
{}
1778218157
{}
1778218162
{}
1778218167
{}
1778218173
{}
1778218178
{}
1778218183
{}
1778218188
{}
1778218193
{}
1778218198
{}
1778218203
{}
1778218208
{}
1778218214
{}
1778218219
{}
1778218224
{}
1778218229
{}
1778218234
{}
1778218239
{}
1778218244
{}
1778218250
{}
1778218255
{}
1778218260
{}
1778218265
{}
1778218270
{}
1778218275
{}
1778218280
{}
1778218285
{}
1778218291
{}
1778218296
{}
1778218301
{}
1778218306
{}
1778218311
{}
1778218316
{}
1778218321
{}
1778218326
{}
1778218332
{}
1778218337
{}
1778218342
{}
1778218347
{}
1778218352
{}
1778218357
{}
1778218362
{}
1778218367
{}
1778218372
{}
1778218378
{}
1778218383
{}
1778218388
{}
1778218393
{}
1778218398
{}
1778218404
{}
1778218409
{}
1778218414
{}
1778218419
{}
1778218424
{}
1778218430
{}
1778218435
{}
1778218440
{}
1778218446
{}
1778218451
{}
1778218456
{}
1778218461
{}
1778218466
{}
1778218471
{}
1778218477
{}
1778218482
{}
1778218487
{}
1778218492
{}
1778218497
{}
1778218502
{}
1778218507
{}
1778218512
{"x": 0}
1778218517
{"x": 0}
1778218522
{"x": 0}
1778218527
{"x": 73}
1778218532
{"x": 73}
1778218538
{"x": 73}
1778218543
{"x": 323}
1778218548
{"x": 323}
1778218553
{"x": 323}
1778218558
{"x": 0}
1778218563
{"x": 0}
1778218568
{"x": 0}
1778218573
{"x": 0}
1778218578
{"x": 0}
1778218583
{"x": 0}
1778218588
{"x": 0}
1778218593
{"x": 0}
1778218598
{"x": 0}
1778218603
{"x": 0}
1778218608
{"x": 0}
1778218613
{"x": 0}
1778218618
{"x": 0}
1778218623
{"x": 0}
1778218628
{"x": 0}
1778218633
{"x": 0}
1778218638
{"x": 0}
1778218644
{"x": 0}
1778218649
{"x": 0}
1778218654
{"x": 0}
1778218659
{"x": 0}
1778218664
{"x": 0}
1778218669
{"x": 0}
1778218674
{"x": 0}
1778218679
{"x": 0}
1778218684
{"x": 0}
1778218689
{"x": 0}
1778218694
{"x": 0}
1778218699
{"x": 0}
1778218704
{"x": 0}
1778218709
{"x": 0}
1778218714
{"x": 0}
1778218719
{"x": 0}
1778218724
{"x": 0}
1778218729
{"x": 0}
1778218734
{"x": 0}
1778218740
{"x": 0}
1778218745
{"x": 0}
1778218750
{"x": 0}
1778218755
{"x": 0}
1778218760
{"x": 0}
1778218765
{"x": 0}
1778218770
{"x": 0}
1778218775
{"x": 0}
1778218780
{"x": 0}
1778218785
{"x": 0}
1778218790
{"x": 0}
1778218795
{"x": 0}
1778218800
{"x": 0}
1778218805
{"x": 0}
1778218810
{"x": 0}
1778218815
{"x": 0}
1778218820
{"x": 0}
1778218825
{"x": 0}
1778218830
{"x": 0}
1778218836
{"x": 0}
1778218841
{"x": 0}
1778218846
{"x": 0}
1778218851
{"x": 0}
1778218856
{"x": 0}
1778218861
{"x": 0}
1778218866
{"x": 0}
1778218871
{"x": 0}
1778218876
{"x": 0}
1778218881
{"x": 0}
1778218886
{"x": 0}
1778218891
{"x": 0}
1778218896
{"x": 0}
1778218901
{"x": 0}
1778218906
{"x": 0}
1778218911
{"x": 0}
1778218916
{"x": 0}
1778218921
{"x": 0}
1778218926
{"x": 0}
1778218932
{"x": 0}
1778218937
{"x": 0}
1778218942
{"x": 0}
1778218947
{"x": 0}
1778218952
{"x": 0}
1778218957
{"x": 0}
1778218962
{"x": 0}
1778218967
{"x": 0}
1778218972
{"x": 0}
1778218977
{"x": 0}
1778218982
{"x": 0}
1778218987
{"x": 0}
1778218992
{"x": 0}
1778218997
{"x": 0}
1778219002
{"x": 0}
1778219007
{"x": 0}
1778219012
{"x": 0}
1778219017
{"x": 0}
1778219022
{"x": 0}
1778219028
{"x": 0}
1778219033
{"x": 0}
1778219038
{"x": 0}
1778219043
{"x": 0}
1778219048
{"x": 0}
1778219053
{"x": 0}
1778219058
{"x": 0}
1778219063
{"x": 0}
1778219068
{"x": 0}
1778219073
{"x": 0}
1778219078
{"x": 0}
1778219083
{"x": 0}
1778219088
{"x": 0}
1778219093
{"x": 0}
1778219098
{"x": 0}
1778219103
{"x": 0}
1778219108
{"x": 0}
1778219113
{"x": 0}
1778219118
{"x": 0}
1778219124
{"x": 0}
1778219129
{"x": 0}
1778219134
{"x": 0}
1778219139
{"x": 0}
1778219144
{"x": 0}
1778219149
{"x": 0}
1778219154
{"x": 0}
1778219159
{"x": 0}
1778219164
{"x": 0}
1778219169
{"x": 0}
1778219174
{"x": 0}
1778219179
{"x": 0}
1778219184
{"x": 0}
1778219189
{"x": 0}
1778219194
{"x": 0}
1778219199
{"x": 0}
1778219204
{"x": 0}
1778219209
{"x": 0}
1778219215
{"x": 0}
1778219220
{"x": 0}
1778219225
{"x": 0}
1778219230
{"x": 0}
1778219235
{"x": 0}
1778219240
{"x": 0}
1778219245
{"x": 0}
1778219250
{"x": 0}
1778219255
{"x": 0}
1778219260
{"x": 0}
1778219265
{"x": 0}
1778219270
{"x": 0}
1778219275
{"x": 0}
1778219280
{"x": 0}
1778219285
{"x": 0}
1778219290
{"x": 0}
1778219295
{"x": 0}
1778219300
{"x": 0}
1778219305
{"x": 0}
1778219310
{"x": 0}
1778219316
{"x": 0}
1778219321
{"x": 0}
1778219326
{"x": 0}
1778219331
{"x": 0}
1778219336
{"x": 0}
1778219341
{}
1778219346
{}
1778219351
{}
1778219356
{}
1778219361
{}
1778219366
{}
1778219371
{}
1778219376
{}
1778219381
{}
1778219387
{}
1778219392
{}
1778219397
{}
1778219402
{}
1778219407
{}
1778219412
{}
1778219417
{}
1778219422
{}
1778219427
{}
1778219432
{}
1778219437
{}
1778219442
{}
1778219447
{}
1778219452
{}
1778219457
{}
1778219462
{}
1778219468
{}
1778219473
{}
1778219478
{}
1778219483
{}
1778219488
{}
1778219493
{}
1778219498
{}
1778219503
{}
1778219508
{}
1778219513
{}
1778219518
{}
1778219523
{}
1778219528
{}
1778219534
{}
1778219539
{}
1778219544
{}
1778219549
{}
1778219554
{}
1778219559
{}
1778219564
{}
1778219569
{}
1778219574
{}
1778219579
{}
1778219584
{}
1778219589
{}
1778219594
{}
1778219600
{}
1778219605
{}
1778219610
{}
1778219615
{}
1778219620
{}
1778219625
{}
1778219630
{}
1778219635
{}
1778219640
{}
1778219645
{}
1778219650
{}
1778219655
{}
1778219661
{}
1778219666
{}
1778219671
{}
1778219676
{}
1778219681
{}
1778219686
{}
1778219691
{}
1778219696
{}
1778219701
{}
1778219706
{}
1778219711
{}
1778219716
{}
1778219722
{}
1778219727
{}
1778219732
{}
1778219737
{}
1778219742
{}
1778219747
{}
1778219752
{}
1778219757
{}
1778219762
{}
1778219767
{}
1778219772
{}
1778219777
{}
1778219782
{}
1778219788
{}
1778219793
{}
1778219798
{}
1778219803
{}
1778219808
{}
1778219813
{}
1778219818
{}
1778219823
{}
1778219828
{}
1778219833
{}
1778219838
{}
1778219843
{}
1778219848
{}
1778219854
{}
1778219859
{}
1778219864
{}
1778219869
{}
1778219874
{}
1778219879
{}
1778219884
{}
1778219889
{}
1778219894
{}
1778219899
{}
1778219904
{}
1778219909
{}
1778219914
{}
1778219919
{}
1778219924
{}
1778219929
{}
1778219935
{}
1778219940
{}
1778219945
{}
1778219950
{}
1778219955
{}
1778219960
{}
1778219965
{}
1778219970
{}
1778219975
{}
1778219980
{}
1778219986
{}
1778219991
{}
1778219996
{}
1778220001
{}
1778220006
{}
1778220011
{}
1778220016
{}
1778220021
{}
1778220026
{}
1778220031
{}
1778220036
{}
1778220042
{}
1778220047
{}
1778220052
{}
1778220057
{}
1778220062
{}
1778220067
{}
1778220072
{}
1778220077
{}
1778220082
{}
1778220087
{}
1778220092
{}
1778220097
{}
1778220103
{}
1778220108
{}
1778220113
{}
1778220118
{}
1778220123
{}
1778220128
{}
1778220133
{}
1778220138
{}
1778220143
{}
1778220148
{}
1778220153
{}
1778220158
{}
1778220164
{}
1778220169
{}
1778220174
{}
1778220179
{}
1778220184
{}
1778220189
{}
1778220194
{}
1778220199
{}
1778220204
{}
1778220209
{}
1778220214
{}
1778220219
{}
1778220225
{}
1778220230
{}
1778220235
{}
1778220240
{}
1778220245
{}
1778220250
{}
1778220255
{}
1778220260
{}
1778220265
{}
1778220270
{}
1778220275
{}
1778220280
{}
1778220285
{}
1778220291
{}
1778220296
{}
1778220301
{}
1778220306
{}
1778220311
{}
1778220316
{}
1778220321
{}
1778220326
{}
1778220331
{}
1778220336
{}
1778220341
{}
1778220346
{}
1778220352
{}
1778220357
{}
1778220362
{}
1778220367
{}
1778220372
{}
1778220377
{}
1778220382
{}
1778220387
{}
1778220392
{}
1778220397
{}
1778220402
{}
1778220407
{}
1778220413
{}
1778220418
{}
1778220423
{}
1778220428
{}
1778220433
{}
1778220438
{}
1778220443
{}
1778220448
{}
1778220453
{}
1778220458
{}
1778220463
{}
1778220468
{}
1778220473
{}
1778220479
{}
1778220484
{}
1778220489
{}
1778220494
{}
1778220499
{}
1778220504
{}
1778220509
{}
1778220514
{}
1778220519
{}
1778220524
{}
1778220529
{}
1778220534
{}
1778220540
{}
1778220545
{}
1778220550
{}
1778220555
{}
1778220560
{}
1778220565
{}
1778220570
{}
1778220575
{}
1778220580
{}
1778220585
{}
1778220590
{}
1778220596
{}
1778220601
{}
1778220606
{}
1778220611
{}
1778220616
{}
1778220621
{}
1778220626
{}
1778220631
{}
1778220636
{}
1778220641
{}
1778220646
{}
1778220651
{}
1778220657
{}
1778220662
{}
1778220667
{}
1778220672
{}
1778220677
{}
1778220682
{}
1778220687
{}
1778220692
{}
1778220697
{}
1778220702
{}
1778220707
{}
1778220712
{}
1778220718
{}
1778220723
{}
1778220728
{}
1778220733
{}
1778220738
{}
1778220743
{}
1778220748
{}
1778220753
{}
1778220758
{}
1778220763
{}
1778220768
{}
1778220773
{}
1778220779
{}
1778220784
{}
1778220789
{}
1778220794
{}
1778220799
{}
1778220804
{}
1778220809
{}
1778220814
{}
1778220819
{}
1778220824
{}
1778220830
{}
1778220835
{}
1778220840
{}
1778220845
{}
1778220850
{}
1778220855
{}
1778220860
{}
1778220865
{}
1778220870
{}
1778220875
{}
1778220880
{}
1778220886
{}
1778220891
{}
1778220896
{}
1778220901
{}
1778220906
{}
1778220911
{}
1778220916
{}
1778220921
{}
1778220926
{}
1778220931
{}
1778220936
{}
1778220941
{}
1778220947
{}
1778220952
{}
1778220957
{}
1778220962
{}
1778220967
{}
1778220972
{}
1778220977
{}
1778220982
{}
1778220987
{}
1778220992
{}
1778220997
{}
1778221003
{}
1778221008
{}
1778221013
{}
1778221018
{}
1778221023
{}
1778221028
{}
1778221033
{}
1778221038
{}
1778221043
{}
1778221048
{}
1778221053
{}
1778221058
{}
1778221063
{}
1778221069
{}
1778221074
{}
1778221079
{}
1778221084
{}
1778221089
{}
1778221094
{}
1778221099
{}
1778221104
{}
1778221109
{}
1778221114
{}
1778221119
{}
1778221125
{}
1778221130
{}
1778221135
{}
1778221140
{}
1778221145
{}
1778221150
{}
1778221155
{}
1778221160
{}
1778221165
{}
1778221171
{}
1778221176
{}
1778221181
{}
1778221186
{}
1778221191
{}
1778221196
{}
1778221201
{}
1778221206
{}
1778221211
{}
1778221216
{}
1778221221
{}
1778221226
{}
1778221232
{}
1778221237
{}
1778221242
{}
1778221247
{}
1778221252
{}
1778221257
{}
1778221262
{}
1778221267
{}
1778221272
{}
1778221277
{}
1778221282
{}
1778221287
{}
1778221293
{}
1778221298
{}
1778221303
{}
1778221308
{}
1778221313
{}
1778221318
{}
1778221323
{}
1778221328
{}
1778221333
{}
1778221338
{}
1778221343
{}
1778221349
{}
1778221354
{}
1778221359
{}
1778221364
{}
1778221369
{}
1778221374
{}
1778221379
{}
1778221384
{}
1778221389
{}
1778221394
{}
1778221399
{}
1778221405
{}
1778221410
{}
1778221415
{}
1778221420
{}
1778221425
{}
1778221430
{}
1778221435
{}
1778221440
{}
1778221445
{}
1778221450
{}
1778221455
{}
1778221460
{}
1778221466
{}
1778221471
{}
1778221476
{}
1778221481
{}
1778221486
{}
1778221491
{}
1778221496
{}
1778221501
{}
1778221506
{}
1778221511
{}
1778221516
{}
1778221521
{}
1778221527
{}
1778221532
{}
1778221537
{}
1778221542
{}
1778221547
{}
1778221552
{}
1778221557
{}
1778221562
{}
1778221567
{}
1778221572
{}
1778221577
{}
1778221582
{}
1778221587
{}
1778221593
{}
1778221598
{}
1778221603
{}
1778221608
{}
1778221613
{}
1778221618
{}
1778221623
{}
1778221628
{}
1778221633
{}
1778221638
{}
1778221643
{}
1778221648
{}
1778221653
{}
1778221658
{}
1778221663
{}
1778221668
{}
1778221673
{}
1778221678
{}
1778221683
{}
1778221688
{}
1778221694
{}
1778221699
{}
1778221704
{}
1778221709
{}
1778221714
{}
1778221719
{}
1778221724
{}
1778221729
{}
1778221734
{}
1778221739
{}
1778221744
{}
1778221749
{}
1778221754
{}
1778221759
{}
1778221764
{}
1778221769
{}
1778221774
{}
1778221779
{}
1778221784
{}
1778221789
{}
1778221795
{}
1778221800
{}
1778221805
{}
1778221810
{}
1778221815
{}
1778221820
{}
1778221825
{}
1778221830
{}
1778221835
{}
1778221840
{}
1778221845
{}
1778221850
{}
1778221855
{}
1778221860
{}
1778221865
{}
1778221870
{}
1778221875
{}
1778221880
{}
1778221885
{}
1778221890
{}
1778221896
{}
1778221901
{}
1778221906
{}
1778221911
{}
1778221916
{}
1778221921
{}
1778221926
{}
1778221931
{}
1778221936
{}
1778221941
{}
1778221946
{}
1778221951
{}
1778221956
{}
1778221961
{}
1778221966
{}
1778221971
{}
1778221976
{}
1778221981
{}
1778221986
{}
1778221992
{}
1778221997
{}
1778222002
{}
1778222007
{}
1778222012
{}
1778222017
{}
1778222022
{}
1778222027
{}
1778222032
{}
1778222037
{}
1778222042
{}
1778222047
{}
1778222052
{}
1778222057
{}
1778222062
{}
1778222067
{}
1778222072
{}
1778222077
{}
1778222083
{}
1778222088
{}
1778222093
{}
1778222098
{}
1778222103
{}
1778222108
{}
1778222113
{}
1778222118
{}
1778222123
{}
1778222128
{}
1778222133
{}
1778222138
{}
1778222143
{}
1778222148
{}
1778222153
{}
1778222158
{}
1778222164
{}
1778222169
{}
1778222174
{}
1778222179
{}
1778222184
{}
1778222189
{}
1778222194
{}
1778222199
{}
1778222204
{}
1778222209
{}
1778222214
{}
1778222219
{}
1778222225
{}
1778222230
{}
1778222235
{}
1778222240
{}
1778222245
{}
1778222250
{}
1778222255
{}
1778222260
{}
1778222265
{}
1778222270
{}
1778222275
{}
1778222280
{}
1778222286
{}
1778222291
{}
1778222296
{}
1778222301
{}
1778222306
{}
1778222311
{}
1778222316
{}
1778222321
{}
1778222326
{}
1778222331
{}
1778222337
{}
1778222342
{}
1778222347
{}
1778222352
{}
1778222357
{}
1778222362
{}
1778222367
{}
1778222372
{}
1778222377
{}
1778222382
{}
1778222387
{}
1778222392
{}
1778222398
{}
1778222403
{}
1778222408
{}
1778222413
{}
1778222418
{}
1778222423
{}
1778222428
{}
1778222433
{}
1778222438
{}
1778222443
{}
1778222448
{}
1778222453
{}
1778222458
{}
1778222464
{}
1778222469
{}
1778222474
{}
1778222479
{}
1778222484
{}
1778222489
{}
1778222494
{}
1778222499
{}
1778222504
{}
1778222509
{}
1778222514
{}
1778222519
{}
1778222524
{}
1778222529
{}
1778222534
{}
1778222539
{}
1778222545
{}
1778222550
{}
1778222555
{}
1778222560
{}
1778222565
{}
1778222570
{}
1778222575
{}
1778222580
{}
1778222585
{}
1778222590
{}
1778222595
{}
1778222600
{}
1778222605
{}
1778222611
{}
1778222616
{}
1778222621
{}
1778222626
{}
1778222631
{}
1778222636
{}
1778222641
{}
1778222646
{}
1778222651
{}
1778222657
{}
1778222662
{}
1778222667
{}
1778222672
{}
1778222677
{}
1778222682
{}
1778222687
{}
1778222692
{}
1778222697
{}
1778222703
{}
1778222708
{}
1778222713
{}
1778222718
{}
1778222723
{}
1778222728
{}
1778222733
{}
1778222738
{}
1778222743
{}
1778222748
{"mqtt-broker-657c5bf55b-fxjwd": 0}
1778222753
{"mqtt-broker-657c5bf55b-fxjwd": 0}
1778222758
{"mqtt-broker-657c5bf55b-fxjwd": 0}
1778222764
{"mqtt-broker-657c5bf55b-fxjwd": 41}
1778222769
{"mqtt-broker-657c5bf55b-fxjwd": 41}
1778222774
{"mqtt-broker-657c5bf55b-fxjwd": 41}
1778222779
{"mqtt-broker-657c5bf55b-fxjwd": 166}
1778222784
{"mqtt-broker-657c5bf55b-fxjwd": 166}
1778222789
{"mqtt-broker-657c5bf55b-fxjwd": 166}
1778222794
{"mqtt-broker-657c5bf55b-fxjwd": 250}
1778222799
{"mqtt-broker-657c5bf55b-fxjwd": 250, "mqtt-broker-657c5bf55b-6dnsk": 49}
1778222804
{"mqtt-broker-657c5bf55b-fxjwd": 250, "mqtt-broker-657c5bf55b-6dnsk": 49}
1778222809
{"mqtt-broker-657c5bf55b-fxjwd": 275, "mqtt-broker-657c5bf55b-6dnsk": 49}
1778222814
{"mqtt-broker-657c5bf55b-fxjwd": 275, "mqtt-broker-657c5bf55b-6dnsk": 64}
1778222819
{"mqtt-broker-657c5bf55b-fxjwd": 275, "mqtt-broker-657c5bf55b-6dnsk": 64}
1778222824
{"mqtt-broker-657c5bf55b-fxjwd": 275, "mqtt-broker-657c5bf55b-6dnsk": 64, "mqtt-broker-657c5bf55b-tjtx4": 0}
1778222829
{"mqtt-broker-657c5bf55b-fxjwd": 275, "mqtt-broker-657c5bf55b-6dnsk": 64, "mqtt-broker-657c5bf55b-tjtx4": 0}
1778222834
{"mqtt-broker-657c5bf55b-fxjwd": 275, "mqtt-broker-657c5bf55b-6dnsk": 64, "mqtt-broker-657c5bf55b-tjtx4": 0}
1778222839
{"mqtt-broker-657c5bf55b-fxjwd": 275, "mqtt-broker-657c5bf55b-6dnsk": 64, "mqtt-broker-657c5bf55b-tjtx4": 0}
1778222844
{"mqtt-broker-657c5bf55b-fxjwd": 275, "mqtt-broker-657c5bf55b-6dnsk": 64, "mqtt-broker-657c5bf55b-tjtx4": 0}
1778222850
{"mqtt-broker-657c5bf55b-fxjwd": 275, "mqtt-broker-657c5bf55b-6dnsk": 64, "mqtt-broker-657c5bf55b-tjtx4": 0}
1778222855
{"mqtt-broker-657c5bf55b-fxjwd": 275, "mqtt-broker-657c5bf55b-6dnsk": 64, "mqtt-broker-657c5bf55b-tjtx4": 0}
1778222860
{"mqtt-broker-657c5bf55b-fxjwd": 275, "mqtt-broker-657c5bf55b-6dnsk": 64, "mqtt-broker-657c5bf55b-tjtx4": 0}
1778222865
{"mqtt-broker-657c5bf55b-fxjwd": 275, "mqtt-broker-657c5bf55b-6dnsk": 64, "mqtt-broker-657c5bf55b-tjtx4": 0}
1778222870
{"mqtt-broker-657c5bf55b-fxjwd": 275, "mqtt-broker-657c5bf55b-6dnsk": 64, "mqtt-broker-657c5bf55b-tjtx4": 0}
1778222875
{"mqtt-broker-657c5bf55b-fxjwd": 275, "mqtt-broker-657c5bf55b-6dnsk": 64, "mqtt-broker-657c5bf55b-tjtx4": 0}
1778222880
{"mqtt-broker-657c5bf55b-fxjwd": 275, "mqtt-broker-657c5bf55b-6dnsk": 64, "mqtt-broker-657c5bf55b-tjtx4": 0}
1778222885
{"mqtt-broker-657c5bf55b-fxjwd": 275, "mqtt-broker-657c5bf55b-6dnsk": 64, "mqtt-broker-657c5bf55b-tjtx4": 0}
1778222890
{"mqtt-broker-657c5bf55b-fxjwd": 275, "mqtt-broker-657c5bf55b-6dnsk": 64, "mqtt-broker-657c5bf55b-tjtx4": 0}
1778222895
{"mqtt-broker-657c5bf55b-fxjwd": 275, "mqtt-broker-657c5bf55b-6dnsk": 64, "mqtt-broker-657c5bf55b-tjtx4": 0}
1778222900
{"mqtt-broker-657c5bf55b-fxjwd": 275, "mqtt-broker-657c5bf55b-6dnsk": 64, "mqtt-broker-657c5bf55b-tjtx4": 0}
1778222905
{"mqtt-broker-657c5bf55b-fxjwd": 275, "mqtt-broker-657c5bf55b-6dnsk": 64, "mqtt-broker-657c5bf55b-tjtx4": 0}
1778222910
{"mqtt-broker-657c5bf55b-fxjwd": 275, "mqtt-broker-657c5bf55b-6dnsk": 64, "mqtt-broker-657c5bf55b-tjtx4": 0}
1778222915
{"mqtt-broker-657c5bf55b-fxjwd": 275, "mqtt-broker-657c5bf55b-6dnsk": 64, "mqtt-broker-657c5bf55b-tjtx4": 0}
1778222920
{"mqtt-broker-657c5bf55b-fxjwd": 275, "mqtt-broker-657c5bf55b-6dnsk": 64, "mqtt-broker-657c5bf55b-tjtx4": 0}
1778222925
{"mqtt-broker-657c5bf55b-fxjwd": 275, "mqtt-broker-657c5bf55b-6dnsk": 64, "mqtt-broker-657c5bf55b-tjtx4": 0}
1778222930
{"mqtt-broker-657c5bf55b-fxjwd": 275, "mqtt-broker-657c5bf55b-6dnsk": 64, "mqtt-broker-657c5bf55b-tjtx4": 0}
1778222935
{"mqtt-broker-657c5bf55b-fxjwd": 275, "mqtt-broker-657c5bf55b-6dnsk": 64, "mqtt-broker-657c5bf55b-tjtx4": 0}
1778222941
{"mqtt-broker-657c5bf55b-fxjwd": 275, "mqtt-broker-657c5bf55b-6dnsk": 64, "mqtt-broker-657c5bf55b-tjtx4": 0}
1778222946
{"mqtt-broker-657c5bf55b-fxjwd": 275, "mqtt-broker-657c5bf55b-6dnsk": 64, "mqtt-broker-657c5bf55b-tjtx4": 0}
1778222951
{"mqtt-broker-657c5bf55b-fxjwd": 275, "mqtt-broker-657c5bf55b-6dnsk": 64, "mqtt-broker-657c5bf55b-tjtx4": 0}
1778222956
{"mqtt-broker-657c5bf55b-fxjwd": 275, "mqtt-broker-657c5bf55b-6dnsk": 64, "mqtt-broker-657c5bf55b-tjtx4": 0}
1778222961
{"mqtt-broker-657c5bf55b-fxjwd": 275, "mqtt-broker-657c5bf55b-6dnsk": 64, "mqtt-broker-657c5bf55b-tjtx4": 0}
1778222966
{"mqtt-broker-657c5bf55b-fxjwd": 275, "mqtt-broker-657c5bf55b-6dnsk": 64, "mqtt-broker-657c5bf55b-tjtx4": 0}
1778222971
{"mqtt-broker-657c5bf55b-fxjwd": 275, "mqtt-broker-657c5bf55b-6dnsk": 64, "mqtt-broker-657c5bf55b-tjtx4": 0}
1778222976
{"mqtt-broker-657c5bf55b-fxjwd": 275, "mqtt-broker-657c5bf55b-6dnsk": 64, "mqtt-broker-657c5bf55b-tjtx4": 0}
1778222981
{"mqtt-broker-657c5bf55b-fxjwd": 275, "mqtt-broker-657c5bf55b-6dnsk": 64, "mqtt-broker-657c5bf55b-tjtx4": 0}
1778222986
{"mqtt-broker-657c5bf55b-fxjwd": 275, "mqtt-broker-657c5bf55b-6dnsk": 64, "mqtt-broker-657c5bf55b-tjtx4": 0}
1778222991
{"mqtt-broker-657c5bf55b-fxjwd": 275, "mqtt-broker-657c5bf55b-6dnsk": 64, "mqtt-broker-657c5bf55b-tjtx4": 0}
1778222996
{"mqtt-broker-657c5bf55b-fxjwd": 275, "mqtt-broker-657c5bf55b-6dnsk": 64, "mqtt-broker-657c5bf55b-tjtx4": 0}
1778223001
{"mqtt-broker-657c5bf55b-fxjwd": 275, "mqtt-broker-657c5bf55b-6dnsk": 64, "mqtt-broker-657c5bf55b-tjtx4": 0}
1778223006
{"mqtt-broker-657c5bf55b-fxjwd": 275, "mqtt-broker-657c5bf55b-6dnsk": 64, "mqtt-broker-657c5bf55b-tjtx4": 0}
1778223011
{"mqtt-broker-657c5bf55b-fxjwd": 275, "mqtt-broker-657c5bf55b-6dnsk": 64, "mqtt-broker-657c5bf55b-tjtx4": 0}
1778223016
{"mqtt-broker-657c5bf55b-fxjwd": 275, "mqtt-broker-657c5bf55b-6dnsk": 64, "mqtt-broker-657c5bf55b-tjtx4": 0}
1778223021
{"mqtt-broker-657c5bf55b-fxjwd": 275, "mqtt-broker-657c5bf55b-6dnsk": 64, "mqtt-broker-657c5bf55b-tjtx4": 0}
1778223027
{"mqtt-broker-657c5bf55b-fxjwd": 275, "mqtt-broker-657c5bf55b-6dnsk": 64, "mqtt-broker-657c5bf55b-tjtx4": 0}
1778223032
{"mqtt-broker-657c5bf55b-fxjwd": 275, "mqtt-broker-657c5bf55b-6dnsk": 64, "mqtt-broker-657c5bf55b-tjtx4": 0}
1778223037
{"mqtt-broker-657c5bf55b-fxjwd": 275, "mqtt-broker-657c5bf55b-6dnsk": 64, "mqtt-broker-657c5bf55b-tjtx4": 0}
1778223042
{"mqtt-broker-657c5bf55b-fxjwd": 275, "mqtt-broker-657c5bf55b-6dnsk": 64, "mqtt-broker-657c5bf55b-tjtx4": 0}
1778223047
{"mqtt-broker-657c5bf55b-fxjwd": 275, "mqtt-broker-657c5bf55b-6dnsk": 64, "mqtt-broker-657c5bf55b-tjtx4": 0}
1778223052
{"mqtt-broker-657c5bf55b-fxjwd": 275, "mqtt-broker-657c5bf55b-6dnsk": 64, "mqtt-broker-657c5bf55b-tjtx4": 0}
1778223057
{"mqtt-broker-657c5bf55b-fxjwd": 275, "mqtt-broker-657c5bf55b-6dnsk": 64, "mqtt-broker-657c5bf55b-tjtx4": 0}
1778223062
{"mqtt-broker-657c5bf55b-fxjwd": 275, "mqtt-broker-657c5bf55b-6dnsk": 64, "mqtt-broker-657c5bf55b-tjtx4": 0}
1778223067
{"mqtt-broker-657c5bf55b-fxjwd": 275, "mqtt-broker-657c5bf55b-6dnsk": 64, "mqtt-broker-657c5bf55b-tjtx4": 0}
1778223072
{"mqtt-broker-657c5bf55b-fxjwd": 275, "mqtt-broker-657c5bf55b-6dnsk": 64, "mqtt-broker-657c5bf55b-tjtx4": 0}
1778223077
{"mqtt-broker-657c5bf55b-fxjwd": 275, "mqtt-broker-657c5bf55b-6dnsk": 64, "mqtt-broker-657c5bf55b-tjtx4": 0}
1778223082
{"mqtt-broker-657c5bf55b-fxjwd": 275, "mqtt-broker-657c5bf55b-6dnsk": 64, "mqtt-broker-657c5bf55b-tjtx4": 0}
1778223087
{"mqtt-broker-657c5bf55b-fxjwd": 275, "mqtt-broker-657c5bf55b-6dnsk": 64, "mqtt-broker-657c5bf55b-tjtx4": 0}
1778223092
{"mqtt-broker-657c5bf55b-fxjwd": 275, "mqtt-broker-657c5bf55b-6dnsk": 64, "mqtt-broker-657c5bf55b-tjtx4": 0}
1778223097
{"mqtt-broker-657c5bf55b-fxjwd": 275, "mqtt-broker-657c5bf55b-6dnsk": 64, "mqtt-broker-657c5bf55b-tjtx4": 0}
1778223102
{"mqtt-broker-657c5bf55b-fxjwd": 275, "mqtt-broker-657c5bf55b-6dnsk": 64, "mqtt-broker-657c5bf55b-tjtx4": 0}
1778223107
{"mqtt-broker-657c5bf55b-fxjwd": 275, "mqtt-broker-657c5bf55b-6dnsk": 64, "mqtt-broker-657c5bf55b-tjtx4": 0}
1778223112
{"mqtt-broker-657c5bf55b-fxjwd": 275, "mqtt-broker-657c5bf55b-6dnsk": 64, "mqtt-broker-657c5bf55b-tjtx4": 0}
1778223118
{"mqtt-broker-657c5bf55b-fxjwd": 275, "mqtt-broker-657c5bf55b-6dnsk": 64, "mqtt-broker-657c5bf55b-tjtx4": 0}
1778223123
{"mqtt-broker-657c5bf55b-fxjwd": 275, "mqtt-broker-657c5bf55b-6dnsk": 64, "mqtt-broker-657c5bf55b-tjtx4": 0}
1778223128
{"mqtt-broker-657c5bf55b-fxjwd": 275, "mqtt-broker-657c5bf55b-6dnsk": 64, "mqtt-broker-657c5bf55b-tjtx4": 0}
1778223133
{"mqtt-broker-657c5bf55b-fxjwd": 275, "mqtt-broker-657c5bf55b-6dnsk": 64, "mqtt-broker-657c5bf55b-tjtx4": 0}
1778223138
{"mqtt-broker-657c5bf55b-fxjwd": 275, "mqtt-broker-657c5bf55b-6dnsk": 64, "mqtt-broker-657c5bf55b-tjtx4": 0}
1778223143
{"mqtt-broker-657c5bf55b-fxjwd": 275, "mqtt-broker-657c5bf55b-6dnsk": 64, "mqtt-broker-657c5bf55b-tjtx4": 0}
1778223148
{"mqtt-broker-657c5bf55b-fxjwd": 275, "mqtt-broker-657c5bf55b-6dnsk": 64, "mqtt-broker-657c5bf55b-tjtx4": 0}
1778223153
{"mqtt-broker-657c5bf55b-fxjwd": 275, "mqtt-broker-657c5bf55b-6dnsk": 64, "mqtt-broker-657c5bf55b-tjtx4": 0}
1778223158
{"mqtt-broker-657c5bf55b-fxjwd": 275, "mqtt-broker-657c5bf55b-6dnsk": 64, "mqtt-broker-657c5bf55b-tjtx4": 0}
1778223163
{"mqtt-broker-657c5bf55b-fxjwd": 275, "mqtt-broker-657c5bf55b-6dnsk": 64, "mqtt-broker-657c5bf55b-tjtx4": 0}
1778223168
{"mqtt-broker-657c5bf55b-fxjwd": 275, "mqtt-broker-657c5bf55b-6dnsk": 64, "mqtt-broker-657c5bf55b-tjtx4": 0}
1778223173
{"mqtt-broker-657c5bf55b-fxjwd": 275, "mqtt-broker-657c5bf55b-6dnsk": 64, "mqtt-broker-657c5bf55b-tjtx4": 0}
1778223178
{"mqtt-broker-657c5bf55b-fxjwd": 275, "mqtt-broker-657c5bf55b-6dnsk": 64, "mqtt-broker-657c5bf55b-tjtx4": 0}
1778223183
{"mqtt-broker-657c5bf55b-fxjwd": 275, "mqtt-broker-657c5bf55b-6dnsk": 64, "mqtt-broker-657c5bf55b-tjtx4": 0}
1778223188
{"mqtt-broker-657c5bf55b-fxjwd": 275, "mqtt-broker-657c5bf55b-6dnsk": 64, "mqtt-broker-657c5bf55b-tjtx4": 0}
1778223193
{"mqtt-broker-657c5bf55b-fxjwd": 275, "mqtt-broker-657c5bf55b-6dnsk": 64, "mqtt-broker-657c5bf55b-tjtx4": 0}
1778223198
{"mqtt-broker-657c5bf55b-fxjwd": 275, "mqtt-broker-657c5bf55b-6dnsk": 64, "mqtt-broker-657c5bf55b-tjtx4": 0}
1778223204
{"mqtt-broker-657c5bf55b-fxjwd": 275, "mqtt-broker-657c5bf55b-6dnsk": 64, "mqtt-broker-657c5bf55b-tjtx4": 0}
1778223209
{"mqtt-broker-657c5bf55b-fxjwd": 275, "mqtt-broker-657c5bf55b-6dnsk": 64, "mqtt-broker-657c5bf55b-tjtx4": 0}
1778223214
{"mqtt-broker-657c5bf55b-fxjwd": 275, "mqtt-broker-657c5bf55b-6dnsk": 64, "mqtt-broker-657c5bf55b-tjtx4": 0}
1778223219
{"mqtt-broker-657c5bf55b-fxjwd": 275, "mqtt-broker-657c5bf55b-6dnsk": 64, "mqtt-broker-657c5bf55b-tjtx4": 0}
1778223224
{"mqtt-broker-657c5bf55b-fxjwd": 275, "mqtt-broker-657c5bf55b-6dnsk": 64, "mqtt-broker-657c5bf55b-tjtx4": 0}
1778223229
{"mqtt-broker-657c5bf55b-fxjwd": 275, "mqtt-broker-657c5bf55b-6dnsk": 64, "mqtt-broker-657c5bf55b-tjtx4": 0}
1778223234
{"mqtt-broker-657c5bf55b-fxjwd": 275, "mqtt-broker-657c5bf55b-6dnsk": 64, "mqtt-broker-657c5bf55b-tjtx4": 0}
1778223239
{"mqtt-broker-657c5bf55b-fxjwd": 275, "mqtt-broker-657c5bf55b-6dnsk": 64, "mqtt-broker-657c5bf55b-tjtx4": 0}
1778223244
{"mqtt-broker-657c5bf55b-fxjwd": 275, "mqtt-broker-657c5bf55b-6dnsk": 64, "mqtt-broker-657c5bf55b-tjtx4": 0}
1778223249
{"mqtt-broker-657c5bf55b-fxjwd": 275, "mqtt-broker-657c5bf55b-6dnsk": 64, "mqtt-broker-657c5bf55b-tjtx4": 0}
1778223254
{"mqtt-broker-657c5bf55b-fxjwd": 275, "mqtt-broker-657c5bf55b-6dnsk": 64, "mqtt-broker-657c5bf55b-tjtx4": 0}
1778223259
{"mqtt-broker-657c5bf55b-fxjwd": 275, "mqtt-broker-657c5bf55b-6dnsk": 64, "mqtt-broker-657c5bf55b-tjtx4": 0}
1778223264
{"mqtt-broker-657c5bf55b-fxjwd": 275, "mqtt-broker-657c5bf55b-6dnsk": 64, "mqtt-broker-657c5bf55b-tjtx4": 0}
1778223269
{"mqtt-broker-657c5bf55b-fxjwd": 275, "mqtt-broker-657c5bf55b-6dnsk": 64, "mqtt-broker-657c5bf55b-tjtx4": 0}
1778223274
{"mqtt-broker-657c5bf55b-fxjwd": 275, "mqtt-broker-657c5bf55b-6dnsk": 64, "mqtt-broker-657c5bf55b-tjtx4": 0}
1778223279
{"mqtt-broker-657c5bf55b-fxjwd": 275, "mqtt-broker-657c5bf55b-6dnsk": 64, "mqtt-broker-657c5bf55b-tjtx4": 0}
1778223284
{"mqtt-broker-657c5bf55b-fxjwd": 275, "mqtt-broker-657c5bf55b-6dnsk": 64, "mqtt-broker-657c5bf55b-tjtx4": 0}
1778223290
{"mqtt-broker-657c5bf55b-fxjwd": 275, "mqtt-broker-657c5bf55b-6dnsk": 64, "mqtt-broker-657c5bf55b-tjtx4": 0}
1778223295
{"mqtt-broker-657c5bf55b-fxjwd": 275, "mqtt-broker-657c5bf55b-6dnsk": 64, "mqtt-broker-657c5bf55b-tjtx4": 0}
1778223300
{"mqtt-broker-657c5bf55b-fxjwd": 275, "mqtt-broker-657c5bf55b-6dnsk": 64, "mqtt-broker-657c5bf55b-tjtx4": 0}
1778223305
{"mqtt-broker-657c5bf55b-fxjwd": 275, "mqtt-broker-657c5bf55b-6dnsk": 64, "mqtt-broker-657c5bf55b-tjtx4": 0}
1778223310
{"mqtt-broker-657c5bf55b-fxjwd": 275, "mqtt-broker-657c5bf55b-6dnsk": 64, "mqtt-broker-657c5bf55b-tjtx4": 0}
1778223315
{"mqtt-broker-657c5bf55b-fxjwd": 275, "mqtt-broker-657c5bf55b-6dnsk": 64, "mqtt-broker-657c5bf55b-tjtx4": 0}
1778223320
{"mqtt-broker-657c5bf55b-fxjwd": 275, "mqtt-broker-657c5bf55b-6dnsk": 64, "mqtt-broker-657c5bf55b-tjtx4": 0}
1778223325
{"mqtt-broker-657c5bf55b-fxjwd": 275, "mqtt-broker-657c5bf55b-6dnsk": 64, "mqtt-broker-657c5bf55b-tjtx4": 0}
1778223330
{"mqtt-broker-657c5bf55b-fxjwd": 275, "mqtt-broker-657c5bf55b-6dnsk": 64, "mqtt-broker-657c5bf55b-tjtx4": 0}
1778223335
{"mqtt-broker-657c5bf55b-fxjwd": 0, "mqtt-broker-657c5bf55b-6dnsk": 0, "mqtt-broker-657c5bf55b-tjtx4": 0}
1778223340
{"mqtt-broker-657c5bf55b-fxjwd": 0, "mqtt-broker-657c5bf55b-6dnsk": 0, "mqtt-broker-657c5bf55b-tjtx4": 0}
1778223345
{"mqtt-broker-657c5bf55b-fxjwd": 0, "mqtt-broker-657c5bf55b-6dnsk": 0, "mqtt-broker-657c5bf55b-tjtx4": 0}
1778223350
{"mqtt-broker-657c5bf55b-fxjwd": 0, "mqtt-broker-657c5bf55b-6dnsk": 0, "mqtt-broker-657c5bf55b-tjtx4": 0}
1778223355
{"mqtt-broker-657c5bf55b-fxjwd": 0, "mqtt-broker-657c5bf55b-6dnsk": 0, "mqtt-broker-657c5bf55b-tjtx4": 0}
1778223360
{"mqtt-broker-657c5bf55b-fxjwd": 0, "mqtt-broker-657c5bf55b-6dnsk": 0, "mqtt-broker-657c5bf55b-tjtx4": 0}
1778223365
{"mqtt-broker-657c5bf55b-fxjwd": 0, "mqtt-broker-657c5bf55b-6dnsk": 0, "mqtt-broker-657c5bf55b-tjtx4": 0}
1778223370
{"mqtt-broker-657c5bf55b-fxjwd": 0, "mqtt-broker-657c5bf55b-6dnsk": 0, "mqtt-broker-657c5bf55b-tjtx4": 0}
1778223375
{"mqtt-broker-657c5bf55b-fxjwd": 0, "mqtt-broker-657c5bf55b-6dnsk": 0, "mqtt-broker-657c5bf55b-tjtx4": 0}
1778223380
{"mqtt-broker-657c5bf55b-fxjwd": 0, "mqtt-broker-657c5bf55b-6dnsk": 0, "mqtt-broker-657c5bf55b-tjtx4": 0}
1778223385
{"mqtt-broker-657c5bf55b-fxjwd": 0, "mqtt-broker-657c5bf55b-6dnsk": 0, "mqtt-broker-657c5bf55b-tjtx4": 0}
1778223391
{"mqtt-broker-657c5bf55b-fxjwd": 0, "mqtt-broker-657c5bf55b-6dnsk": 0, "mqtt-broker-657c5bf55b-tjtx4": 0}
1778223396
{"mqtt-broker-657c5bf55b-fxjwd": 0, "mqtt-broker-657c5bf55b-6dnsk": 0, "mqtt-broker-657c5bf55b-tjtx4": 0}
1778223401
{"mqtt-broker-657c5bf55b-fxjwd": 0, "mqtt-broker-657c5bf55b-6dnsk": 0, "mqtt-broker-657c5bf55b-tjtx4": 0}
1778223406
{"mqtt-broker-657c5bf55b-fxjwd": 0, "mqtt-broker-657c5bf55b-6dnsk": 0, "mqtt-broker-657c5bf55b-tjtx4": 0}
1778223411
{"mqtt-broker-657c5bf55b-fxjwd": 0, "mqtt-broker-657c5bf55b-6dnsk": 0, "mqtt-broker-657c5bf55b-tjtx4": 0}
1778223416
{"mqtt-broker-657c5bf55b-fxjwd": 0, "mqtt-broker-657c5bf55b-6dnsk": 0, "mqtt-broker-657c5bf55b-tjtx4": 0}
1778223421
{"mqtt-broker-657c5bf55b-fxjwd": 0, "mqtt-broker-657c5bf55b-6dnsk": 0, "mqtt-broker-657c5bf55b-tjtx4": 0}
1778223426
{"mqtt-broker-657c5bf55b-fxjwd": 0, "mqtt-broker-657c5bf55b-6dnsk": 0, "mqtt-broker-657c5bf55b-tjtx4": 0}
1778223431
{"mqtt-broker-657c5bf55b-fxjwd": 0, "mqtt-broker-657c5bf55b-6dnsk": 0, "mqtt-broker-657c5bf55b-tjtx4": 0}
1778223436
{"mqtt-broker-657c5bf55b-fxjwd": 0, "mqtt-broker-657c5bf55b-6dnsk": 0, "mqtt-broker-657c5bf55b-tjtx4": 0}
1778223441
{"mqtt-broker-657c5bf55b-fxjwd": 0, "mqtt-broker-657c5bf55b-6dnsk": 0, "mqtt-broker-657c5bf55b-tjtx4": 0}
1778223446
{"mqtt-broker-657c5bf55b-fxjwd": 0, "mqtt-broker-657c5bf55b-6dnsk": 0, "mqtt-broker-657c5bf55b-tjtx4": 0}
1778223451
{"mqtt-broker-657c5bf55b-fxjwd": 0, "mqtt-broker-657c5bf55b-6dnsk": 0, "mqtt-broker-657c5bf55b-tjtx4": 0}
1778223456
{"mqtt-broker-657c5bf55b-fxjwd": 0, "mqtt-broker-657c5bf55b-6dnsk": 0, "mqtt-broker-657c5bf55b-tjtx4": 0}
1778223461
{"mqtt-broker-657c5bf55b-fxjwd": 0, "mqtt-broker-657c5bf55b-6dnsk": 0, "mqtt-broker-657c5bf55b-tjtx4": 0}
1778223466
{"mqtt-broker-657c5bf55b-fxjwd": 0, "mqtt-broker-657c5bf55b-6dnsk": 0, "mqtt-broker-657c5bf55b-tjtx4": 0}
1778223471
{"mqtt-broker-657c5bf55b-fxjwd": 0, "mqtt-broker-657c5bf55b-6dnsk": 0, "mqtt-broker-657c5bf55b-tjtx4": 0}
1778223477
{"mqtt-broker-657c5bf55b-fxjwd": 0, "mqtt-broker-657c5bf55b-6dnsk": 0, "mqtt-broker-657c5bf55b-tjtx4": 0}
1778223482
{"mqtt-broker-657c5bf55b-fxjwd": 0, "mqtt-broker-657c5bf55b-6dnsk": 0, "mqtt-broker-657c5bf55b-tjtx4": 0}
1778223487
{"mqtt-broker-657c5bf55b-fxjwd": 0, "mqtt-broker-657c5bf55b-6dnsk": 0, "mqtt-broker-657c5bf55b-tjtx4": 0}
1778223492
{"mqtt-broker-657c5bf55b-fxjwd": 0, "mqtt-broker-657c5bf55b-6dnsk": 0, "mqtt-broker-657c5bf55b-tjtx4": 0}
1778223497
{"mqtt-broker-657c5bf55b-fxjwd": 0, "mqtt-broker-657c5bf55b-6dnsk": 0, "mqtt-broker-657c5bf55b-tjtx4": 0}
1778223502
{"mqtt-broker-657c5bf55b-fxjwd": 0, "mqtt-broker-657c5bf55b-6dnsk": 0, "mqtt-broker-657c5bf55b-tjtx4": 0}
1778223507
{"mqtt-broker-657c5bf55b-fxjwd": 0, "mqtt-broker-657c5bf55b-6dnsk": 0, "mqtt-broker-657c5bf55b-tjtx4": 0}
1778223512
{"mqtt-broker-657c5bf55b-fxjwd": 0, "mqtt-broker-657c5bf55b-6dnsk": 0, "mqtt-broker-657c5bf55b-tjtx4": 0}
1778223517
{"mqtt-broker-657c5bf55b-fxjwd": 0, "mqtt-broker-657c5bf55b-6dnsk": 0, "mqtt-broker-657c5bf55b-tjtx4": 0}
1778223522
{"mqtt-broker-657c5bf55b-fxjwd": 0, "mqtt-broker-657c5bf55b-6dnsk": 0, "mqtt-broker-657c5bf55b-tjtx4": 0}
1778223527
{"mqtt-broker-657c5bf55b-fxjwd": 0, "mqtt-broker-657c5bf55b-6dnsk": 0, "mqtt-broker-657c5bf55b-tjtx4": 0}
1778223532
{"mqtt-broker-657c5bf55b-fxjwd": 0, "mqtt-broker-657c5bf55b-6dnsk": 0, "mqtt-broker-657c5bf55b-tjtx4": 0}
1778223537
{"mqtt-broker-657c5bf55b-fxjwd": 0, "mqtt-broker-657c5bf55b-6dnsk": 0, "mqtt-broker-657c5bf55b-tjtx4": 0}
1778223542
{"mqtt-broker-657c5bf55b-fxjwd": 0, "mqtt-broker-657c5bf55b-6dnsk": 0}
1778223547
{"mqtt-broker-657c5bf55b-fxjwd": 0}
1778223552
{"mqtt-broker-657c5bf55b-fxjwd": 0}
1778223557
{"mqtt-broker-657c5bf55b-fxjwd": 0}
1778223562
{"mqtt-broker-657c5bf55b-fxjwd": 0}
1778223568
{"mqtt-broker-657c5bf55b-fxjwd": 0}
1778223573
{"mqtt-broker-657c5bf55b-fxjwd": 0}
1778223578
{"mqtt-broker-657c5bf55b-fxjwd": 0}
1778223583
{"mqtt-broker-657c5bf55b-fxjwd": 0}
1778223588
{"mqtt-broker-657c5bf55b-fxjwd": 0}
1778223593
{"mqtt-broker-657c5bf55b-fxjwd": 0}
1778223598
{"mqtt-broker-657c5bf55b-fxjwd": 0}
1778223603
{"mqtt-broker-657c5bf55b-fxjwd": 0}
1778223608
{"mqtt-broker-657c5bf55b-fxjwd": 0}
1778223613
{"mqtt-broker-657c5bf55b-fxjwd": 0}
1778223618
{"mqtt-broker-657c5bf55b-fxjwd": 0}
1778223623
{"mqtt-broker-657c5bf55b-fxjwd": 0}
1778223628
{"mqtt-broker-657c5bf55b-fxjwd": 0}
1778223633
{"mqtt-broker-657c5bf55b-fxjwd": 0}
1778223638
{"mqtt-broker-657c5bf55b-fxjwd": 0}
1778223643
{"mqtt-broker-657c5bf55b-fxjwd": 0}
1778223648
{"mqtt-broker-657c5bf55b-fxjwd": 0}
1778223653
{"mqtt-broker-657c5bf55b-fxjwd": 0}
1778223659
{"mqtt-broker-657c5bf55b-fxjwd": 0}
1778223664
{"mqtt-broker-657c5bf55b-fxjwd": 0}
1778223669
{"mqtt-broker-657c5bf55b-fxjwd": 0}
1778223674
{"mqtt-broker-657c5bf55b-fxjwd": 0}
1778223679
{"mqtt-broker-657c5bf55b-fxjwd": 0}
1778223684
{"mqtt-broker-657c5bf55b-fxjwd": 0}
1778223689
{"mqtt-broker-657c5bf55b-fxjwd": 0}
1778223694
{}
1778223699
{}
1778223704
{}
1778223709
{}
1778223714
{}
1778223719
{}
1778223724
{}
1778223730
{}
1778223735
{}
1778223740
{}
1778223745
{}
1778223750
{}
1778223755
{}
1778223760
{}
1778223765
{}
1778223770
{}
1778223775
{}
1778223780
{}
1778223786
{}
1778223791
{}
1778223796
{}
1778223801
{}
1778223806
{}
1778223811
{}
1778223816
{}
1778223821
{}
1778223826
{}
1778223831
{}
1778223836
{}
1778223841
{}
1778223847
{}
1778223852
{}
1778223857
{}
1778223862
{}
1778223867
{}
1778223872
{}
1778223877
{}
1778223882
{}
1778223887
{}
1778223892
{}
1778223898
{}
1778223903
{}
1778223908
{}
1778223913
{}
1778223918
{}
1778223923
{}
1778223928
{}
1778223933
{}
1778223938
{}
1778223944
{}
1778223949
{}
1778223954
{}
1778223959
{}
1778223964
{}
1778223969
{}
1778223974
{}
1778223979
{}
1778223984
{}
1778223989
{}
1778223994
{}
1778223999
{}
1778224005
{}
1778224010
{}
1778224015
{}
1778224020
{}
1778224025
{}
1778224030
{}
1778224035
{}
1778224041
{}
1778224046
{}
1778224051
{}
1778224056
{}
1778224061
{}
1778224066
{"mqtt-broker-657c5bf55b-pt69q": 0}
1778224071
{"mqtt-broker-657c5bf55b-pt69q": 0}
1778224076
{"mqtt-broker-657c5bf55b-pt69q": 0}
1778224081
{"mqtt-broker-657c5bf55b-pt69q": 12}
1778224086
{"mqtt-broker-657c5bf55b-pt69q": 12}
1778224091
{"mqtt-broker-657c5bf55b-pt69q": 12}
1778224096
{"mqtt-broker-657c5bf55b-pt69q": 137}
1778224101
{"mqtt-broker-657c5bf55b-pt69q": 137}
1778224106
{"mqtt-broker-657c5bf55b-pt69q": 137}
1778224111
{"mqtt-broker-657c5bf55b-pt69q": 262}
1778224117
{"mqtt-broker-657c5bf55b-pt69q": 262}
1778224122
{"mqtt-broker-657c5bf55b-pt69q": 262, "mqtt-broker-657c5bf55b-ts7j5": 22}
1778224127
{"mqtt-broker-657c5bf55b-pt69q": 317, "mqtt-broker-657c5bf55b-ts7j5": 22}
1778224132
{"mqtt-broker-657c5bf55b-pt69q": 317, "mqtt-broker-657c5bf55b-ts7j5": 22}
1778224137
{"mqtt-broker-657c5bf55b-pt69q": 317, "mqtt-broker-657c5bf55b-ts7j5": 22, "mqtt-broker-657c5bf55b-mcpdw": 0}
1778224142
{"mqtt-broker-657c5bf55b-pt69q": 317, "mqtt-broker-657c5bf55b-ts7j5": 22, "mqtt-broker-657c5bf55b-mcpdw": 0}
1778224147
{"mqtt-broker-657c5bf55b-pt69q": 317, "mqtt-broker-657c5bf55b-ts7j5": 22, "mqtt-broker-657c5bf55b-mcpdw": 0}
1778224152
{"mqtt-broker-657c5bf55b-pt69q": 317, "mqtt-broker-657c5bf55b-ts7j5": 22, "mqtt-broker-657c5bf55b-mcpdw": 0}
1778224157
{"mqtt-broker-657c5bf55b-pt69q": 317, "mqtt-broker-657c5bf55b-ts7j5": 22, "mqtt-broker-657c5bf55b-mcpdw": 0}
1778224162
{"mqtt-broker-657c5bf55b-pt69q": 317, "mqtt-broker-657c5bf55b-ts7j5": 22, "mqtt-broker-657c5bf55b-mcpdw": 0}
1778224167
{"mqtt-broker-657c5bf55b-pt69q": 317, "mqtt-broker-657c5bf55b-ts7j5": 22, "mqtt-broker-657c5bf55b-mcpdw": 0}
1778224172
{"mqtt-broker-657c5bf55b-pt69q": 317, "mqtt-broker-657c5bf55b-ts7j5": 22, "mqtt-broker-657c5bf55b-mcpdw": 0}
1778224177
{"mqtt-broker-657c5bf55b-pt69q": 317, "mqtt-broker-657c5bf55b-ts7j5": 22, "mqtt-broker-657c5bf55b-mcpdw": 0}
1778224182
{"mqtt-broker-657c5bf55b-pt69q": 317, "mqtt-broker-657c5bf55b-ts7j5": 22, "mqtt-broker-657c5bf55b-mcpdw": 0}
1778224187
{"mqtt-broker-657c5bf55b-pt69q": 317, "mqtt-broker-657c5bf55b-ts7j5": 22, "mqtt-broker-657c5bf55b-mcpdw": 0}
1778224193
{"mqtt-broker-657c5bf55b-pt69q": 317, "mqtt-broker-657c5bf55b-ts7j5": 22, "mqtt-broker-657c5bf55b-mcpdw": 0}
1778224198
{"mqtt-broker-657c5bf55b-pt69q": 317, "mqtt-broker-657c5bf55b-ts7j5": 22, "mqtt-broker-657c5bf55b-mcpdw": 0}
1778224203
{"mqtt-broker-657c5bf55b-pt69q": 317, "mqtt-broker-657c5bf55b-ts7j5": 22, "mqtt-broker-657c5bf55b-mcpdw": 0}
1778224208
{"mqtt-broker-657c5bf55b-pt69q": 317, "mqtt-broker-657c5bf55b-ts7j5": 22, "mqtt-broker-657c5bf55b-mcpdw": 0}
1778224213
{"mqtt-broker-657c5bf55b-pt69q": 317, "mqtt-broker-657c5bf55b-ts7j5": 22, "mqtt-broker-657c5bf55b-mcpdw": 0}
1778224218
{"mqtt-broker-657c5bf55b-pt69q": 317, "mqtt-broker-657c5bf55b-ts7j5": 22, "mqtt-broker-657c5bf55b-mcpdw": 0}
1778224223
{"mqtt-broker-657c5bf55b-pt69q": 317, "mqtt-broker-657c5bf55b-ts7j5": 22, "mqtt-broker-657c5bf55b-mcpdw": 0}
1778224228
{"mqtt-broker-657c5bf55b-pt69q": 317, "mqtt-broker-657c5bf55b-ts7j5": 22, "mqtt-broker-657c5bf55b-mcpdw": 0}
1778224233
{"mqtt-broker-657c5bf55b-pt69q": 317, "mqtt-broker-657c5bf55b-ts7j5": 22, "mqtt-broker-657c5bf55b-mcpdw": 0}
1778224238
{"mqtt-broker-657c5bf55b-pt69q": 317, "mqtt-broker-657c5bf55b-ts7j5": 22, "mqtt-broker-657c5bf55b-mcpdw": 0}
1778224243
{"mqtt-broker-657c5bf55b-pt69q": 317, "mqtt-broker-657c5bf55b-ts7j5": 22, "mqtt-broker-657c5bf55b-mcpdw": 0}
1778224248
{"mqtt-broker-657c5bf55b-pt69q": 317, "mqtt-broker-657c5bf55b-ts7j5": 22, "mqtt-broker-657c5bf55b-mcpdw": 0}
1778224253
{"mqtt-broker-657c5bf55b-pt69q": 317, "mqtt-broker-657c5bf55b-ts7j5": 22, "mqtt-broker-657c5bf55b-mcpdw": 0}
1778224258
{"mqtt-broker-657c5bf55b-pt69q": 317, "mqtt-broker-657c5bf55b-ts7j5": 22, "mqtt-broker-657c5bf55b-mcpdw": 0}
1778224263
{"mqtt-broker-657c5bf55b-pt69q": 317, "mqtt-broker-657c5bf55b-ts7j5": 22, "mqtt-broker-657c5bf55b-mcpdw": 0}
1778224268
{"mqtt-broker-657c5bf55b-pt69q": 317, "mqtt-broker-657c5bf55b-ts7j5": 22, "mqtt-broker-657c5bf55b-mcpdw": 0}
1778224273
{"mqtt-broker-657c5bf55b-pt69q": 317, "mqtt-broker-657c5bf55b-ts7j5": 22, "mqtt-broker-657c5bf55b-mcpdw": 0}
1778224278
{"mqtt-broker-657c5bf55b-pt69q": 317, "mqtt-broker-657c5bf55b-ts7j5": 22, "mqtt-broker-657c5bf55b-mcpdw": 0}
1778224284
{"mqtt-broker-657c5bf55b-pt69q": 317, "mqtt-broker-657c5bf55b-ts7j5": 22, "mqtt-broker-657c5bf55b-mcpdw": 0}
1778224289
{"mqtt-broker-657c5bf55b-pt69q": 317, "mqtt-broker-657c5bf55b-ts7j5": 22, "mqtt-broker-657c5bf55b-mcpdw": 0}
1778224294
{"mqtt-broker-657c5bf55b-pt69q": 317, "mqtt-broker-657c5bf55b-ts7j5": 22, "mqtt-broker-657c5bf55b-mcpdw": 0}
1778224299
{"mqtt-broker-657c5bf55b-pt69q": 317, "mqtt-broker-657c5bf55b-ts7j5": 22, "mqtt-broker-657c5bf55b-mcpdw": 0}
1778224304
{"mqtt-broker-657c5bf55b-pt69q": 317, "mqtt-broker-657c5bf55b-ts7j5": 22, "mqtt-broker-657c5bf55b-mcpdw": 0}
1778224309
{"mqtt-broker-657c5bf55b-pt69q": 317, "mqtt-broker-657c5bf55b-ts7j5": 22, "mqtt-broker-657c5bf55b-mcpdw": 0}
1778224314
{"mqtt-broker-657c5bf55b-pt69q": 317, "mqtt-broker-657c5bf55b-ts7j5": 22, "mqtt-broker-657c5bf55b-mcpdw": 0}
1778224319
{"mqtt-broker-657c5bf55b-pt69q": 317, "mqtt-broker-657c5bf55b-ts7j5": 22, "mqtt-broker-657c5bf55b-mcpdw": 0}
1778224324
{"mqtt-broker-657c5bf55b-pt69q": 317, "mqtt-broker-657c5bf55b-ts7j5": 22, "mqtt-broker-657c5bf55b-mcpdw": 0}
1778224329
{"mqtt-broker-657c5bf55b-pt69q": 317, "mqtt-broker-657c5bf55b-ts7j5": 22, "mqtt-broker-657c5bf55b-mcpdw": 0}
1778224334
{"mqtt-broker-657c5bf55b-pt69q": 317, "mqtt-broker-657c5bf55b-ts7j5": 22, "mqtt-broker-657c5bf55b-mcpdw": 0}
1778224339
{"mqtt-broker-657c5bf55b-pt69q": 317, "mqtt-broker-657c5bf55b-ts7j5": 22, "mqtt-broker-657c5bf55b-mcpdw": 0}
1778224344
{"mqtt-broker-657c5bf55b-pt69q": 317, "mqtt-broker-657c5bf55b-ts7j5": 22, "mqtt-broker-657c5bf55b-mcpdw": 0}
1778224349
{"mqtt-broker-657c5bf55b-pt69q": 317, "mqtt-broker-657c5bf55b-ts7j5": 22, "mqtt-broker-657c5bf55b-mcpdw": 0}
1778224354
{"mqtt-broker-657c5bf55b-pt69q": 317, "mqtt-broker-657c5bf55b-ts7j5": 22, "mqtt-broker-657c5bf55b-mcpdw": 0}
1778224359
{"mqtt-broker-657c5bf55b-pt69q": 317, "mqtt-broker-657c5bf55b-ts7j5": 22, "mqtt-broker-657c5bf55b-mcpdw": 0}
1778224364
{"mqtt-broker-657c5bf55b-pt69q": 317, "mqtt-broker-657c5bf55b-ts7j5": 22, "mqtt-broker-657c5bf55b-mcpdw": 0}
1778224370
{"mqtt-broker-657c5bf55b-pt69q": 317, "mqtt-broker-657c5bf55b-ts7j5": 22, "mqtt-broker-657c5bf55b-mcpdw": 0}
1778224375
{"mqtt-broker-657c5bf55b-pt69q": 317, "mqtt-broker-657c5bf55b-ts7j5": 22, "mqtt-broker-657c5bf55b-mcpdw": 0}
1778224380
{"mqtt-broker-657c5bf55b-pt69q": 317, "mqtt-broker-657c5bf55b-ts7j5": 22, "mqtt-broker-657c5bf55b-mcpdw": 0}
1778224385
{"mqtt-broker-657c5bf55b-pt69q": 317, "mqtt-broker-657c5bf55b-ts7j5": 22, "mqtt-broker-657c5bf55b-mcpdw": 0}
1778224390
{"mqtt-broker-657c5bf55b-pt69q": 317, "mqtt-broker-657c5bf55b-ts7j5": 22, "mqtt-broker-657c5bf55b-mcpdw": 0}
1778224395
{"mqtt-broker-657c5bf55b-pt69q": 317, "mqtt-broker-657c5bf55b-ts7j5": 22, "mqtt-broker-657c5bf55b-mcpdw": 0}
1778224400
{"mqtt-broker-657c5bf55b-pt69q": 317, "mqtt-broker-657c5bf55b-ts7j5": 22, "mqtt-broker-657c5bf55b-mcpdw": 0}
1778224405
{"mqtt-broker-657c5bf55b-pt69q": 317, "mqtt-broker-657c5bf55b-ts7j5": 22, "mqtt-broker-657c5bf55b-mcpdw": 0}
1778224410
{"mqtt-broker-657c5bf55b-pt69q": 317, "mqtt-broker-657c5bf55b-ts7j5": 22, "mqtt-broker-657c5bf55b-mcpdw": 0}
1778224415
{"mqtt-broker-657c5bf55b-pt69q": 317, "mqtt-broker-657c5bf55b-ts7j5": 22, "mqtt-broker-657c5bf55b-mcpdw": 0}
1778224420
{"mqtt-broker-657c5bf55b-pt69q": 317, "mqtt-broker-657c5bf55b-ts7j5": 22, "mqtt-broker-657c5bf55b-mcpdw": 0}
1778224425
{"mqtt-broker-657c5bf55b-pt69q": 317, "mqtt-broker-657c5bf55b-ts7j5": 22, "mqtt-broker-657c5bf55b-mcpdw": 0}
1778224430
{"mqtt-broker-657c5bf55b-pt69q": 317, "mqtt-broker-657c5bf55b-ts7j5": 22, "mqtt-broker-657c5bf55b-mcpdw": 0}
1778224435
{"mqtt-broker-657c5bf55b-pt69q": 317, "mqtt-broker-657c5bf55b-ts7j5": 22, "mqtt-broker-657c5bf55b-mcpdw": 0}
1778224440
{"mqtt-broker-657c5bf55b-pt69q": 317, "mqtt-broker-657c5bf55b-ts7j5": 22, "mqtt-broker-657c5bf55b-mcpdw": 0}
1778224445
{"mqtt-broker-657c5bf55b-pt69q": 317, "mqtt-broker-657c5bf55b-ts7j5": 22, "mqtt-broker-657c5bf55b-mcpdw": 0}
1778224450
{"mqtt-broker-657c5bf55b-pt69q": 317, "mqtt-broker-657c5bf55b-ts7j5": 22, "mqtt-broker-657c5bf55b-mcpdw": 0}
1778224455
{"mqtt-broker-657c5bf55b-pt69q": 317, "mqtt-broker-657c5bf55b-ts7j5": 22, "mqtt-broker-657c5bf55b-mcpdw": 0}
1778224460
{"mqtt-broker-657c5bf55b-pt69q": 317, "mqtt-broker-657c5bf55b-ts7j5": 22, "mqtt-broker-657c5bf55b-mcpdw": 0}
1778224465
{"mqtt-broker-657c5bf55b-pt69q": 317, "mqtt-broker-657c5bf55b-ts7j5": 22, "mqtt-broker-657c5bf55b-mcpdw": 0}
1778224471
{"mqtt-broker-657c5bf55b-pt69q": 317, "mqtt-broker-657c5bf55b-ts7j5": 22, "mqtt-broker-657c5bf55b-mcpdw": 0}
1778224476
{"mqtt-broker-657c5bf55b-pt69q": 317, "mqtt-broker-657c5bf55b-ts7j5": 22, "mqtt-broker-657c5bf55b-mcpdw": 0}
1778224481
{"mqtt-broker-657c5bf55b-pt69q": 317, "mqtt-broker-657c5bf55b-ts7j5": 22, "mqtt-broker-657c5bf55b-mcpdw": 0}
1778224486
{"mqtt-broker-657c5bf55b-pt69q": 317, "mqtt-broker-657c5bf55b-ts7j5": 22, "mqtt-broker-657c5bf55b-mcpdw": 0}
1778224491
{"mqtt-broker-657c5bf55b-pt69q": 317, "mqtt-broker-657c5bf55b-ts7j5": 22, "mqtt-broker-657c5bf55b-mcpdw": 0}
1778224496
{"mqtt-broker-657c5bf55b-pt69q": 317, "mqtt-broker-657c5bf55b-ts7j5": 22, "mqtt-broker-657c5bf55b-mcpdw": 0}
1778224501
{"mqtt-broker-657c5bf55b-pt69q": 317, "mqtt-broker-657c5bf55b-ts7j5": 22, "mqtt-broker-657c5bf55b-mcpdw": 0}
1778224506
{"mqtt-broker-657c5bf55b-pt69q": 317, "mqtt-broker-657c5bf55b-ts7j5": 22, "mqtt-broker-657c5bf55b-mcpdw": 0}
1778224511
{"mqtt-broker-657c5bf55b-pt69q": 317, "mqtt-broker-657c5bf55b-ts7j5": 22, "mqtt-broker-657c5bf55b-mcpdw": 0}
1778224516
{"mqtt-broker-657c5bf55b-pt69q": 317, "mqtt-broker-657c5bf55b-ts7j5": 22, "mqtt-broker-657c5bf55b-mcpdw": 0}
1778224521
{"mqtt-broker-657c5bf55b-pt69q": 317, "mqtt-broker-657c5bf55b-ts7j5": 22, "mqtt-broker-657c5bf55b-mcpdw": 0}
1778224526
{"mqtt-broker-657c5bf55b-pt69q": 317, "mqtt-broker-657c5bf55b-ts7j5": 22, "mqtt-broker-657c5bf55b-mcpdw": 0}
1778224531
{"mqtt-broker-657c5bf55b-pt69q": 317, "mqtt-broker-657c5bf55b-ts7j5": 22, "mqtt-broker-657c5bf55b-mcpdw": 0}
1778224536
{"mqtt-broker-657c5bf55b-pt69q": 317, "mqtt-broker-657c5bf55b-ts7j5": 22, "mqtt-broker-657c5bf55b-mcpdw": 0}
1778224541
{"mqtt-broker-657c5bf55b-pt69q": 317, "mqtt-broker-657c5bf55b-ts7j5": 22, "mqtt-broker-657c5bf55b-mcpdw": 0}
1778224546
{"mqtt-broker-657c5bf55b-pt69q": 317, "mqtt-broker-657c5bf55b-ts7j5": 22, "mqtt-broker-657c5bf55b-mcpdw": 0}
1778224552
{"mqtt-broker-657c5bf55b-pt69q": 317, "mqtt-broker-657c5bf55b-ts7j5": 22, "mqtt-broker-657c5bf55b-mcpdw": 0}
1778224557
{"mqtt-broker-657c5bf55b-pt69q": 317, "mqtt-broker-657c5bf55b-ts7j5": 22, "mqtt-broker-657c5bf55b-mcpdw": 0}
1778224562
{"mqtt-broker-657c5bf55b-pt69q": 317, "mqtt-broker-657c5bf55b-ts7j5": 22, "mqtt-broker-657c5bf55b-mcpdw": 0}
1778224567
{"mqtt-broker-657c5bf55b-pt69q": 317, "mqtt-broker-657c5bf55b-ts7j5": 22, "mqtt-broker-657c5bf55b-mcpdw": 0}
1778224572
{"mqtt-broker-657c5bf55b-pt69q": 317, "mqtt-broker-657c5bf55b-ts7j5": 22, "mqtt-broker-657c5bf55b-mcpdw": 0}
1778224577
{"mqtt-broker-657c5bf55b-pt69q": 317, "mqtt-broker-657c5bf55b-ts7j5": 22, "mqtt-broker-657c5bf55b-mcpdw": 0}
1778224582
{"mqtt-broker-657c5bf55b-pt69q": 317, "mqtt-broker-657c5bf55b-ts7j5": 22, "mqtt-broker-657c5bf55b-mcpdw": 0}
1778224587
{"mqtt-broker-657c5bf55b-pt69q": 317, "mqtt-broker-657c5bf55b-ts7j5": 22, "mqtt-broker-657c5bf55b-mcpdw": 0}
1778224592
{"mqtt-broker-657c5bf55b-pt69q": 317, "mqtt-broker-657c5bf55b-ts7j5": 22, "mqtt-broker-657c5bf55b-mcpdw": 0}
1778224597
{"mqtt-broker-657c5bf55b-pt69q": 317, "mqtt-broker-657c5bf55b-ts7j5": 22, "mqtt-broker-657c5bf55b-mcpdw": 0}
1778224602
{"mqtt-broker-657c5bf55b-pt69q": 317, "mqtt-broker-657c5bf55b-ts7j5": 22, "mqtt-broker-657c5bf55b-mcpdw": 0}
1778224607
{"mqtt-broker-657c5bf55b-pt69q": 317, "mqtt-broker-657c5bf55b-ts7j5": 22, "mqtt-broker-657c5bf55b-mcpdw": 0}
1778224612
{"mqtt-broker-657c5bf55b-pt69q": 317, "mqtt-broker-657c5bf55b-ts7j5": 22, "mqtt-broker-657c5bf55b-mcpdw": 0}
1778224617
{"mqtt-broker-657c5bf55b-pt69q": 317, "mqtt-broker-657c5bf55b-ts7j5": 22, "mqtt-broker-657c5bf55b-mcpdw": 0}
1778224622
{"mqtt-broker-657c5bf55b-pt69q": 317, "mqtt-broker-657c5bf55b-ts7j5": 22, "mqtt-broker-657c5bf55b-mcpdw": 0}
1778224627
{"mqtt-broker-657c5bf55b-pt69q": 317, "mqtt-broker-657c5bf55b-ts7j5": 22, "mqtt-broker-657c5bf55b-mcpdw": 0}
1778224632
{"mqtt-broker-657c5bf55b-pt69q": 317, "mqtt-broker-657c5bf55b-ts7j5": 22, "mqtt-broker-657c5bf55b-mcpdw": 0}
1778224637
{"mqtt-broker-657c5bf55b-pt69q": 317, "mqtt-broker-657c5bf55b-ts7j5": 22, "mqtt-broker-657c5bf55b-mcpdw": 0}
1778224643
{"mqtt-broker-657c5bf55b-pt69q": 317, "mqtt-broker-657c5bf55b-ts7j5": 22, "mqtt-broker-657c5bf55b-mcpdw": 0}
1778224648
{"mqtt-broker-657c5bf55b-pt69q": 317, "mqtt-broker-657c5bf55b-ts7j5": 22, "mqtt-broker-657c5bf55b-mcpdw": 0}
1778224653
{"mqtt-broker-657c5bf55b-pt69q": 317, "mqtt-broker-657c5bf55b-ts7j5": 22, "mqtt-broker-657c5bf55b-mcpdw": 0}
1778224658
{"mqtt-broker-657c5bf55b-pt69q": 317, "mqtt-broker-657c5bf55b-ts7j5": 22, "mqtt-broker-657c5bf55b-mcpdw": 0}
1778224663
{"mqtt-broker-657c5bf55b-pt69q": 0, "mqtt-broker-657c5bf55b-ts7j5": 0, "mqtt-broker-657c5bf55b-mcpdw": 0}
1778224668
{"mqtt-broker-657c5bf55b-pt69q": 0, "mqtt-broker-657c5bf55b-ts7j5": 0, "mqtt-broker-657c5bf55b-mcpdw": 0}
1778224673
{"mqtt-broker-657c5bf55b-pt69q": 0, "mqtt-broker-657c5bf55b-ts7j5": 0, "mqtt-broker-657c5bf55b-mcpdw": 0}
1778224678
{"mqtt-broker-657c5bf55b-pt69q": 0, "mqtt-broker-657c5bf55b-ts7j5": 0, "mqtt-broker-657c5bf55b-mcpdw": 0}
1778224683
{"mqtt-broker-657c5bf55b-pt69q": 0, "mqtt-broker-657c5bf55b-ts7j5": 0, "mqtt-broker-657c5bf55b-mcpdw": 0}
1778224688
{"mqtt-broker-657c5bf55b-pt69q": 0, "mqtt-broker-657c5bf55b-ts7j5": 0, "mqtt-broker-657c5bf55b-mcpdw": 0}
1778224693
{"mqtt-broker-657c5bf55b-pt69q": 0, "mqtt-broker-657c5bf55b-ts7j5": 0, "mqtt-broker-657c5bf55b-mcpdw": 0}
1778224698
{"mqtt-broker-657c5bf55b-pt69q": 0, "mqtt-broker-657c5bf55b-ts7j5": 0, "mqtt-broker-657c5bf55b-mcpdw": 0}
1778224703
{"mqtt-broker-657c5bf55b-pt69q": 0, "mqtt-broker-657c5bf55b-ts7j5": 0, "mqtt-broker-657c5bf55b-mcpdw": 0}
1778224708
{"mqtt-broker-657c5bf55b-pt69q": 0, "mqtt-broker-657c5bf55b-ts7j5": 0, "mqtt-broker-657c5bf55b-mcpdw": 0}
1778224713
{"mqtt-broker-657c5bf55b-pt69q": 0, "mqtt-broker-657c5bf55b-ts7j5": 0, "mqtt-broker-657c5bf55b-mcpdw": 0}
1778224718
{"mqtt-broker-657c5bf55b-pt69q": 0, "mqtt-broker-657c5bf55b-ts7j5": 0, "mqtt-broker-657c5bf55b-mcpdw": 0}
1778224723
{"mqtt-broker-657c5bf55b-pt69q": 0, "mqtt-broker-657c5bf55b-ts7j5": 0, "mqtt-broker-657c5bf55b-mcpdw": 0}
1778224729
{"mqtt-broker-657c5bf55b-pt69q": 0, "mqtt-broker-657c5bf55b-ts7j5": 0, "mqtt-broker-657c5bf55b-mcpdw": 0}
1778224734
{"mqtt-broker-657c5bf55b-pt69q": 0, "mqtt-broker-657c5bf55b-ts7j5": 0, "mqtt-broker-657c5bf55b-mcpdw": 0}
1778224739
{"mqtt-broker-657c5bf55b-pt69q": 0, "mqtt-broker-657c5bf55b-ts7j5": 0, "mqtt-broker-657c5bf55b-mcpdw": 0}
1778224744
{"mqtt-broker-657c5bf55b-pt69q": 0, "mqtt-broker-657c5bf55b-ts7j5": 0, "mqtt-broker-657c5bf55b-mcpdw": 0}
1778224749
{"mqtt-broker-657c5bf55b-pt69q": 0, "mqtt-broker-657c5bf55b-ts7j5": 0, "mqtt-broker-657c5bf55b-mcpdw": 0}
1778224754
{"mqtt-broker-657c5bf55b-pt69q": 0, "mqtt-broker-657c5bf55b-ts7j5": 0, "mqtt-broker-657c5bf55b-mcpdw": 0}
1778224759
{"mqtt-broker-657c5bf55b-pt69q": 0, "mqtt-broker-657c5bf55b-ts7j5": 0, "mqtt-broker-657c5bf55b-mcpdw": 0}
1778224764
{"mqtt-broker-657c5bf55b-pt69q": 0, "mqtt-broker-657c5bf55b-ts7j5": 0, "mqtt-broker-657c5bf55b-mcpdw": 0}
1778224769
{"mqtt-broker-657c5bf55b-pt69q": 0, "mqtt-broker-657c5bf55b-ts7j5": 0, "mqtt-broker-657c5bf55b-mcpdw": 0}
1778224774
{"mqtt-broker-657c5bf55b-pt69q": 0, "mqtt-broker-657c5bf55b-ts7j5": 0, "mqtt-broker-657c5bf55b-mcpdw": 0}
1778224779
{"mqtt-broker-657c5bf55b-pt69q": 0, "mqtt-broker-657c5bf55b-ts7j5": 0, "mqtt-broker-657c5bf55b-mcpdw": 0}
1778224784
{"mqtt-broker-657c5bf55b-pt69q": 0, "mqtt-broker-657c5bf55b-ts7j5": 0, "mqtt-broker-657c5bf55b-mcpdw": 0}
1778224789
{"mqtt-broker-657c5bf55b-pt69q": 0, "mqtt-broker-657c5bf55b-ts7j5": 0, "mqtt-broker-657c5bf55b-mcpdw": 0}
1778224794
{"mqtt-broker-657c5bf55b-pt69q": 0, "mqtt-broker-657c5bf55b-ts7j5": 0, "mqtt-broker-657c5bf55b-mcpdw": 0}
1778224799
{"mqtt-broker-657c5bf55b-pt69q": 0, "mqtt-broker-657c5bf55b-ts7j5": 0, "mqtt-broker-657c5bf55b-mcpdw": 0}
1778224804
{"mqtt-broker-657c5bf55b-pt69q": 0, "mqtt-broker-657c5bf55b-ts7j5": 0, "mqtt-broker-657c5bf55b-mcpdw": 0}
1778224810
{"mqtt-broker-657c5bf55b-pt69q": 0, "mqtt-broker-657c5bf55b-ts7j5": 0, "mqtt-broker-657c5bf55b-mcpdw": 0}
1778224815
{"mqtt-broker-657c5bf55b-pt69q": 0, "mqtt-broker-657c5bf55b-ts7j5": 0, "mqtt-broker-657c5bf55b-mcpdw": 0}
1778224820
{"mqtt-broker-657c5bf55b-pt69q": 0, "mqtt-broker-657c5bf55b-ts7j5": 0, "mqtt-broker-657c5bf55b-mcpdw": 0}
1778224825
{"mqtt-broker-657c5bf55b-pt69q": 0, "mqtt-broker-657c5bf55b-ts7j5": 0, "mqtt-broker-657c5bf55b-mcpdw": 0}
1778224830
{"mqtt-broker-657c5bf55b-pt69q": 0, "mqtt-broker-657c5bf55b-ts7j5": 0, "mqtt-broker-657c5bf55b-mcpdw": 0}
1778224835
{"mqtt-broker-657c5bf55b-pt69q": 0, "mqtt-broker-657c5bf55b-ts7j5": 0, "mqtt-broker-657c5bf55b-mcpdw": 0}
1778224840
{"mqtt-broker-657c5bf55b-pt69q": 0, "mqtt-broker-657c5bf55b-ts7j5": 0, "mqtt-broker-657c5bf55b-mcpdw": 0}
1778224845
{"mqtt-broker-657c5bf55b-pt69q": 0, "mqtt-broker-657c5bf55b-ts7j5": 0, "mqtt-broker-657c5bf55b-mcpdw": 0}
1778224850
{"mqtt-broker-657c5bf55b-pt69q": 0, "mqtt-broker-657c5bf55b-mcpdw": 0}
1778224855
{"mqtt-broker-657c5bf55b-pt69q": 0, "mqtt-broker-657c5bf55b-mcpdw": 0}
1778224860
{"mqtt-broker-657c5bf55b-pt69q": 0, "mqtt-broker-657c5bf55b-mcpdw": 0}
1778224865
{"mqtt-broker-657c5bf55b-pt69q": 0, "mqtt-broker-657c5bf55b-mcpdw": 0}
1778224870
{"mqtt-broker-657c5bf55b-pt69q": 0, "mqtt-broker-657c5bf55b-mcpdw": 0}
1778224875
{"mqtt-broker-657c5bf55b-mcpdw": 0}
1778224880
{"mqtt-broker-657c5bf55b-mcpdw": 0}
1778224885
{"mqtt-broker-657c5bf55b-mcpdw": 0}
1778224890
{"mqtt-broker-657c5bf55b-mcpdw": 0}
1778224895
{"mqtt-broker-657c5bf55b-mcpdw": 0}
1778224901
{"mqtt-broker-657c5bf55b-mcpdw": 0}
1778224906
{"mqtt-broker-657c5bf55b-mcpdw": 0}
1778224911
{"mqtt-broker-657c5bf55b-mcpdw": 0}
1778224916
{"mqtt-broker-657c5bf55b-mcpdw": 0}
1778224921
{"mqtt-broker-657c5bf55b-mcpdw": 0}
1778224926
{"mqtt-broker-657c5bf55b-mcpdw": 0}
1778224931
{"mqtt-broker-657c5bf55b-mcpdw": 0}
1778224936
{"mqtt-broker-657c5bf55b-mcpdw": 0}
1778224941
{"mqtt-broker-657c5bf55b-mcpdw": 0}
1778224946
{"mqtt-broker-657c5bf55b-mcpdw": 0}
1778224951
{"mqtt-broker-657c5bf55b-mcpdw": 0}
1778224956
{"mqtt-broker-657c5bf55b-mcpdw": 0}
1778224961
{"mqtt-broker-657c5bf55b-mcpdw": 0}
1778224966
{"mqtt-broker-657c5bf55b-mcpdw": 0}
1778224971
{"mqtt-broker-657c5bf55b-mcpdw": 0}
1778224976
{"mqtt-broker-657c5bf55b-mcpdw": 0}
1778224981
{"mqtt-broker-657c5bf55b-mcpdw": 0}
1778224987
{"mqtt-broker-657c5bf55b-mcpdw": 0}
1778224992
{"mqtt-broker-657c5bf55b-mcpdw": 0}
1778224997
{"mqtt-broker-657c5bf55b-mcpdw": 0}
1778225002
{"mqtt-broker-657c5bf55b-mcpdw": 0}
1778225007
{"mqtt-broker-657c5bf55b-mcpdw": 0}
1778225012
{}
1778225017
{}
1778225022
{}
1778225027
{}
1778225032
{}
1778225037
{}
1778225042
{}
1778225047
{}
1778225053
{}
1778225058
{}
1778225063
{}
1778225068
{}
1778225073
{}
1778225078
{}
1778225083
{}
1778225088
{}
1778225093
{}
1778225098
{}
1778225103
{}
1778225108
{}
1778225113
{}
1778225118
{}
1778225124
{}
1778225129
{}
1778225134
{}
1778225139
{}
1778225144
{}
1778225149
{}
1778225154
{}
1778225159
{}
1778225164
{}
1778225169
{}
1778225174
{}
1778225179
{}
1778225184
{}
1778225189
{}
1778225195
{}
1778225200
{}
1778225205
{}
1778225210
{}
1778225215
{}
1778225220
{}
1778225225
{}
1778225231
{}
1778225236
{}
1778225241
{}
1778225246
{}
1778225251
{}
1778225256
{}
1778225261
{}
1778225266
{}
1778225271
{}
1778225276
{}
1778225282
{}
1778225287
{}
1778225292
{}
1778225297
{}
1778225302
{}
1778225307
{}
1778225312
{}
1778225317
{}
1778225322
{}
1778225327
{}
1778225332
{}
1778225337
{}
1778225342
{}
1778225347
{}
1778225352
{}
1778225357
{}
1778225362
{}
1778225367
{}
1778225373
{}
1778225378
{}
1778225383
{}
1778225388
{}
1778225393
{}
1778225398
{}
1778225403
{}
1778225408
{}
1778225413
{}
1778225418
{}
1778225423
{}
1778225428
{}
1778225433
{}
1778225438
{}
1778225443
{}
1778225448
{}
1778225453
{}
1778225458
{}
1778225463
{}
1778225468
{}
1778225473
{}
1778225479
{}
1778225484
{}
1778225489
{}
1778225494
{}
1778225499
{}
1778225504
{}
1778225509
{}
1778225514
{}
1778225519
{}
1778225524
{}
1778225529
{}
1778225534
{}
1778225539
{}
1778225544
{}
1778225549
{}
1778225554
{}
1778225559
{}
1778225564
{}
1778225569
{}
1778225574
{}
1778225580
{}
1778225585
{}
1778225590
{}
1778225595
{}
1778225600
{}
1778225605
{}
1778225610
{}
1778225615
{}
1778225620
{}
1778225625
{}
1778225630
{}
1778225635
{}
1778225640
{}
1778225645
{}
1778225651
{}
1778225656
{}
1778225661
{}
1778225666
{}
1778225671
{}
1778225676
{}
1778225681
{}
1778225686
{}
1778225691
{}
1778225696
{}
1778225701
{}
1778225707
{}
1778225712
{}
1778225717
{}
1778225722
{}
1778225727
{}
1778225732
{}
1778225737
{}
1778225742
{}
1778225747
{}
1778225752
{}
1778225757
{}
1778225762
{}
1778225767
{}
1778225772
{}
1778225777
{}
1778225783
{}
1778225788
{}
1778225793
{}
1778225798
{}
1778225803
{}
1778225808
{}
1778225813
{}
1778225818
{}
1778225823
{}
1778225828
{}
1778225833
{}
1778225838
{}
1778225843
{}
1778225848
{}
1778225853
{}
1778225858
{}
1778225864
{}
1778225869
{}
1778225874
{}
1778225879
{}
1778225884
{}
1778225889
{}
1778225894
{}
1778225899
{}
1778225904
{}
1778225909
{}
1778225914
{}
1778225919
{}
1778225924
{}
1778225929
{}
1778225934
{}
1778225940
{}
1778225945
{}
1778225950
{}
1778225955
{}
1778225960
{}
1778225965
{}
1778225970
{}
1778225975
{}
1778225980
{}
1778225985
{}
1778225990
{}
1778225995
{}
1778226000
{}
1778226006
{}
1778226011
{}
1778226016
{}
1778226021
{}
1778226026
{}
1778226031
{}
1778226036
{}
1778226041
{}
1778226046
{}
1778226051
{}
1778226056
{}
1778226061
{}
1778226066
{}
1778226072
{}
1778226077
{}
1778226082
{}
1778226087
{}
1778226092
{}
1778226097
{}
1778226102
{}
1778226107
{}
1778226112
{}
1778226117
{}
1778226122
{}
1778226127
{}
1778226132
{}
1778226137
{}
1778226142
{}
1778226148
{}
1778226153
{}
1778226158
{}
1778226163
{}
1778226168
{}
1778226173
{}
1778226178
{}
1778226183
{}
1778226188
{}
1778226193
{}
1778226198
{}
1778226203
{}
1778226208
{}
1778226213
{}
1778226218
{}
1778226224
{}
1778226229
{}
1778226234
{}
1778226239
{}
1778226244
{}
1778226249
{}
1778226254
{}
1778226259
{}
1778226264
{}
1778226269
{}
1778226274
{}
1778226279
{}
1778226284
{}
1778226289
{}
1778226294
{}
1778226300
{}
1778226305
{}
1778226310
{}
1778226315
{}
1778226320
{}
1778226325
{}
1778226330
{}
1778226335
{}
1778226340
{}
1778226345
{}
1778226350
{}
1778226355
{}
1778226360
{}
1778226365
{}
1778226370
{}
1778226376
{}
1778226381
{}
1778226386
{}
1778226391
{}
1778226396
{}
1778226401
{}
1778226406
{}
1778226411
{}
1778226416
{}
1778226421
{}
1778226426
{}
1778226431
{}
1778226436
{}
1778226441
{}
1778226446
{}
1778226451
{}
1778226456
{}
1778226461
{}
1778226466
{}
1778226471
{}
1778226477
{}
1778226482
{}
1778226487
{}
1778226492
{}
1778226497
{}
1778226502
{}
1778226507
{}
1778226512
{}
1778226517
{}
1778226522
{}
1778226527
{}
1778226532
{}
1778226537
{}
1778226542
{}
1778226547
{}
1778226552
{}
1778226557
{}
1778226563
{}
1778226568
{}
1778226573
{}
1778226578
{}
1778226583
{}
1778226588
{}
1778226593
{}
1778226598
{}
1778226603
{}
1778226608
{}
1778226613
{}
1778226618
{}
1778226623
{}
1778226628
{}
1778226633
{}
1778226638
{}
1778226643
{}
1778226649
{}
1778226654
{}
1778226659
{}
1778226664
{}
1778226669
{}
1778226674
{}
1778226679
{}
1778226684
{}
1778226689
{}
1778226694
{}
1778226699
{}
1778226704
{}
1778226709
{}
1778226714
{}
1778226719
{}
1778226724
{}
1778226730
{}
1778226735
{}
1778226740
{}
1778226745
{}
1778226750
{}
1778226755
{}
1778226760
{}
1778226765
{}
1778226770
{}
1778226775
{}
1778226780
{}
1778226785
{}
1778226790
{}
1778226795
{}
1778226801
{}
1778226806
{}
1778226811
{}
1778226816
{}
1778226821
{}
1778226826
{}
1778226831
{}
1778226836
{}
1778226841
{}
1778226846
{}
1778226851
{}
1778226856
{}
1778226861
{}
1778226866
{}
1778226872
{}
1778226877
{}
1778226882
{}
1778226887
{}
1778226892
{}
1778226897
{}
1778226902
{}
1778226907
{}
1778226912
{}
1778226917
{}
1778226922
{}
1778226928
{}
1778226933
{}
1778226938
{}
1778226943
{}
1778226948
{}
1778226953
{}
1778226958
{}
1778226963
{}
1778226968
{}
1778226973
{}
1778226978
{}
1778226984
{}
1778226989
{}
1778226994
{}
1778226999
{}
1778227004
{}
1778227009
{}
1778227014
{}
1778227019
{}
1778227024
{}
1778227029
{}
1778227034
{}
1778227039
{}
1778227045
{}
1778227050
{}
1778227055
{}
1778227060
{}
1778227065
{}
1778227070
{}
1778227075
{}
1778227080
{}
1778227085
{}
1778227090
{}
1778227095
{}
1778227100
{}
1778227105
{}
1778227110
{}
1778227116
{}
1778227121
{}
1778227126
{}
1778227131
{}
1778227136
{}
1778227141
{}
1778227146
{}
1778227151
{}
1778227156
{}
1778227161
{}
1778227166
{}
1778227171
{}
1778227176
{}
1778227182
{}
1778227187
{}
1778227192
{}
1778227197
{}
1778227202
{}
1778227207
{}
1778227212
{}
1778227217
{}
1778227222
{}
1778227227
{}
1778227233
{}
1778227238
{}
1778227243
{}
1778227248
{}
1778227253
{}
1778227258
{}
1778227263
{}
1778227268
{}
1778227273
{}
1778227278
{}
1778227283
{}
1778227289
{}
1778227294
{}
1778227299
{}
1778227304
{}
1778227309
{}
1778227314
{}
1778227319
{}
1778227324
{}
1778227329
{}
1778227334
{}
1778227339
{}
1778227344
{}
1778227349
{}
1778227355
{}
1778227360
{}
1778227365
{}
1778227370
{}
1778227375
{}
1778227380
{}
1778227385
{}
1778227390
{}
1778227395
{}
1778227400
{}
1778227405
{}
1778227411
{}
1778227416
{}
1778227421
{}
1778227426
{}
1778227431
{}
1778227436
{}
1778227441
{}
1778227446
{}
1778227451
{}
1778227456
{}
1778227461
{}
1778227467
{}
1778227472
{}
1778227477
{}
1778227482
{}
1778227487
{}
1778227492
{}
1778227497
{}
1778227502
{}
1778227507
{}
1778227512
{}
1778227517
{}
1778227523
{}
1778227528
{}
1778227533
{}
1778227538
{}
1778227543
{}
1778227548
{}
1778227553
{}
1778227558
{}
1778227563
{}
1778227568
{}
1778227573
{}
1778227578
{}
1778227584
{}
1778227589
{}
1778227594
{}
1778227599
{}
1778227604
{}
1778227609
{}
1778227614
{}
1778227619
{}
1778227624
{}
1778227629
{}
1778227634
{}
1778227639
{}
1778227645
{}
1778227650
{}
1778227655
{}
1778227660
{}
1778227665
{}
1778227670
{}
1778227675
{}
1778227680
{}
1778227685
{}
1778227690
{}
1778227695
{}
1778227701
{}
1778227706
{}
1778227711
{}
1778227716
{}
1778227721
{}
1778227726
{}
1778227731
{}
1778227736
{}
1778227741
{}
1778227746
{}
1778227752
{}
1778227757
{}
1778227762
{}
1778227767
{}
1778227772
{}
1778227777
{}
1778227782
{}
1778227787
{}
1778227792
{}
1778227797
{}
1778227803
{}
1778227808
{}
1778227813
{}
1778227818
{}
1778227823
{}
1778227828
{}
1778227833
{}
1778227838
{}
1778227843
{}
1778227848
{}
1778227853
{}
1778227858
{}
1778227863
{}
1778227869
{}
1778227874
{}
1778227879
{}
1778227884
{}
1778227889
{}
1778227894
{}
1778227899
{}
1778227904
{}
1778227909
{}
1778227914
{}
1778227919
{}
1778227925
{}
1778227930
{}
1778227935
{}
1778227940
{}
1778227945
{}
1778227950
{}
1778227955
{}
1778227960
{}
1778227965
{}
1778227970
{}
1778227975
{}
1778227981
{}
1778227986
{}
1778227991
{}
1778227996
{}
1778228001
{}
1778228006
{}
1778228011
{}
1778228016
{}
1778228021
{}
1778228026
{}
1778228031
{}
1778228036
{}
1778228042
{}
1778228047
{}
1778228052
{}
1778228057
{}
1778228062
{}
1778228067
{}
1778228072
{}
1778228077
{}
1778228082
{}
1778228087
{}
1778228093
{}
1778228098
{}
1778228103
{}
1778228108
{}
1778228113
{}
1778228118
{}
1778228123
{}
1778228128
{}
1778228133
{}
1778228138
{}
1778228143
{}
1778228148
{}
1778228153
{}
1778228158
{}
1778228164
{}
1778228169
{}
1778228174
{}
1778228179
{}
1778228184
{}
1778228189
{}
1778228194
{}
1778228199
{}
1778228204
{}
1778228209
{}
1778228215
{}
1778228220
{}
1778228225
{}
1778228230
{}
1778228235
{}
1778228240
{}
1778228245
{}
1778228250
{}
1778228255
{}
1778228260
{}
1778228265
{}
1778228270
{}
1778228275
{}
1778228280
{}
1778228285
{}
1778228290
{}
1778228296
{}
1778228301
{}
1778228306
{}
1778228311
{}
1778228316
{}
1778228321
{}
1778228326
{}
1778228331
{}
1778228336
{}
1778228341
{}
1778228346
{}
1778228351
{"mqtt-broker-58977c7947-v6qcl": 0}
1778228357
{"mqtt-broker-58977c7947-v6qcl": 0}
1778228362
{"mqtt-broker-58977c7947-v6qcl": 0}
1778228367
{"mqtt-broker-58977c7947-v6qcl": 45}
1778228372
{"mqtt-broker-58977c7947-v6qcl": 45}
1778228377
{"mqtt-broker-58977c7947-v6qcl": 45}
1778228382
{"mqtt-broker-58977c7947-v6qcl": 295}
1778228387
{"mqtt-broker-58977c7947-v6qcl": 295}
1778228392
{"mqtt-broker-58977c7947-v6qcl": 295, "mqtt-broker-58977c7947-8pq2j": 0}
1778228397
{"mqtt-broker-58977c7947-v6qcl": 339, "mqtt-broker-58977c7947-8pq2j": 0}
1778228402
{"mqtt-broker-58977c7947-v6qcl": 339, "mqtt-broker-58977c7947-8pq2j": 0}
1778228407
{"mqtt-broker-58977c7947-v6qcl": 339, "mqtt-broker-58977c7947-8pq2j": 0, "mqtt-broker-58977c7947-ltksm": 0}
1778228412
{"mqtt-broker-58977c7947-v6qcl": 339, "mqtt-broker-58977c7947-8pq2j": 0, "mqtt-broker-58977c7947-ltksm": 0}
1778228417
{"mqtt-broker-58977c7947-v6qcl": 339, "mqtt-broker-58977c7947-8pq2j": 0, "mqtt-broker-58977c7947-ltksm": 0}
1778228422
{"mqtt-broker-58977c7947-v6qcl": 339, "mqtt-broker-58977c7947-8pq2j": 0, "mqtt-broker-58977c7947-ltksm": 0}
1778228427
{"mqtt-broker-58977c7947-v6qcl": 339, "mqtt-broker-58977c7947-8pq2j": 0, "mqtt-broker-58977c7947-ltksm": 0}
1778228432
{"mqtt-broker-58977c7947-v6qcl": 339, "mqtt-broker-58977c7947-8pq2j": 0, "mqtt-broker-58977c7947-ltksm": 0}
1778228437
{"mqtt-broker-58977c7947-v6qcl": 339, "mqtt-broker-58977c7947-8pq2j": 0, "mqtt-broker-58977c7947-ltksm": 0}
1778228442
{"mqtt-broker-58977c7947-v6qcl": 339, "mqtt-broker-58977c7947-8pq2j": 0, "mqtt-broker-58977c7947-ltksm": 0}
1778228447
{"mqtt-broker-58977c7947-v6qcl": 339, "mqtt-broker-58977c7947-8pq2j": 0, "mqtt-broker-58977c7947-ltksm": 0}
1778228452
{"mqtt-broker-58977c7947-v6qcl": 339, "mqtt-broker-58977c7947-8pq2j": 0, "mqtt-broker-58977c7947-ltksm": 0}
1778228457
{"mqtt-broker-58977c7947-v6qcl": 339, "mqtt-broker-58977c7947-8pq2j": 0, "mqtt-broker-58977c7947-ltksm": 0}
1778228462
{"mqtt-broker-58977c7947-v6qcl": 339, "mqtt-broker-58977c7947-8pq2j": 0, "mqtt-broker-58977c7947-ltksm": 0}
1778228467
{"mqtt-broker-58977c7947-v6qcl": 339, "mqtt-broker-58977c7947-8pq2j": 0, "mqtt-broker-58977c7947-ltksm": 0}
1778228473
{"mqtt-broker-58977c7947-v6qcl": 339, "mqtt-broker-58977c7947-8pq2j": 0, "mqtt-broker-58977c7947-ltksm": 0}
1778228478
{"mqtt-broker-58977c7947-v6qcl": 339, "mqtt-broker-58977c7947-8pq2j": 0, "mqtt-broker-58977c7947-ltksm": 0}
1778228483
{"mqtt-broker-58977c7947-v6qcl": 339, "mqtt-broker-58977c7947-8pq2j": 0, "mqtt-broker-58977c7947-ltksm": 0}
1778228488
{"mqtt-broker-58977c7947-v6qcl": 339, "mqtt-broker-58977c7947-8pq2j": 0, "mqtt-broker-58977c7947-ltksm": 0}
1778228493
{"mqtt-broker-58977c7947-v6qcl": 339, "mqtt-broker-58977c7947-8pq2j": 0, "mqtt-broker-58977c7947-ltksm": 0}
1778228498
{"mqtt-broker-58977c7947-v6qcl": 339, "mqtt-broker-58977c7947-8pq2j": 0, "mqtt-broker-58977c7947-ltksm": 0}
1778228503
{"mqtt-broker-58977c7947-v6qcl": 339, "mqtt-broker-58977c7947-8pq2j": 0, "mqtt-broker-58977c7947-ltksm": 0}
1778228508
{"mqtt-broker-58977c7947-v6qcl": 339, "mqtt-broker-58977c7947-8pq2j": 0, "mqtt-broker-58977c7947-ltksm": 0}
1778228513
{"mqtt-broker-58977c7947-v6qcl": 339, "mqtt-broker-58977c7947-8pq2j": 0, "mqtt-broker-58977c7947-ltksm": 0}
1778228518
{"mqtt-broker-58977c7947-v6qcl": 339, "mqtt-broker-58977c7947-8pq2j": 0, "mqtt-broker-58977c7947-ltksm": 0}
1778228523
{"mqtt-broker-58977c7947-v6qcl": 339, "mqtt-broker-58977c7947-8pq2j": 0, "mqtt-broker-58977c7947-ltksm": 0}
1778228528
{"mqtt-broker-58977c7947-v6qcl": 339, "mqtt-broker-58977c7947-8pq2j": 0, "mqtt-broker-58977c7947-ltksm": 0}
1778228533
{"mqtt-broker-58977c7947-v6qcl": 339, "mqtt-broker-58977c7947-8pq2j": 0, "mqtt-broker-58977c7947-ltksm": 0}
1778228538
{"mqtt-broker-58977c7947-v6qcl": 339, "mqtt-broker-58977c7947-8pq2j": 0, "mqtt-broker-58977c7947-ltksm": 0}
1778228543
{"mqtt-broker-58977c7947-v6qcl": 339, "mqtt-broker-58977c7947-8pq2j": 0, "mqtt-broker-58977c7947-ltksm": 0}
1778228548
{"mqtt-broker-58977c7947-v6qcl": 339, "mqtt-broker-58977c7947-8pq2j": 0, "mqtt-broker-58977c7947-ltksm": 0}
1778228553
{"mqtt-broker-58977c7947-v6qcl": 339, "mqtt-broker-58977c7947-8pq2j": 0, "mqtt-broker-58977c7947-ltksm": 0}
1778228558
{"mqtt-broker-58977c7947-v6qcl": 339, "mqtt-broker-58977c7947-8pq2j": 0, "mqtt-broker-58977c7947-ltksm": 0}
1778228564
{"mqtt-broker-58977c7947-v6qcl": 339, "mqtt-broker-58977c7947-8pq2j": 0, "mqtt-broker-58977c7947-ltksm": 0}
1778228569
{"mqtt-broker-58977c7947-v6qcl": 339, "mqtt-broker-58977c7947-8pq2j": 0, "mqtt-broker-58977c7947-ltksm": 0}
1778228574
{"mqtt-broker-58977c7947-v6qcl": 339, "mqtt-broker-58977c7947-8pq2j": 0, "mqtt-broker-58977c7947-ltksm": 0}
1778228579
{"mqtt-broker-58977c7947-v6qcl": 339, "mqtt-broker-58977c7947-8pq2j": 0, "mqtt-broker-58977c7947-ltksm": 0}
1778228584
{"mqtt-broker-58977c7947-v6qcl": 339, "mqtt-broker-58977c7947-8pq2j": 0, "mqtt-broker-58977c7947-ltksm": 0}
1778228589
{"mqtt-broker-58977c7947-v6qcl": 339, "mqtt-broker-58977c7947-8pq2j": 0, "mqtt-broker-58977c7947-ltksm": 0}
1778228594
{"mqtt-broker-58977c7947-v6qcl": 339, "mqtt-broker-58977c7947-8pq2j": 0, "mqtt-broker-58977c7947-ltksm": 0}
1778228599
{"mqtt-broker-58977c7947-v6qcl": 339, "mqtt-broker-58977c7947-8pq2j": 0, "mqtt-broker-58977c7947-ltksm": 0}
1778228604
{"mqtt-broker-58977c7947-v6qcl": 339, "mqtt-broker-58977c7947-8pq2j": 0, "mqtt-broker-58977c7947-ltksm": 0}
1778228609
{"mqtt-broker-58977c7947-v6qcl": 339, "mqtt-broker-58977c7947-8pq2j": 0, "mqtt-broker-58977c7947-ltksm": 0}
1778228614
{"mqtt-broker-58977c7947-v6qcl": 339, "mqtt-broker-58977c7947-8pq2j": 0, "mqtt-broker-58977c7947-ltksm": 0}
1778228619
{"mqtt-broker-58977c7947-v6qcl": 339, "mqtt-broker-58977c7947-8pq2j": 0, "mqtt-broker-58977c7947-ltksm": 0}
1778228624
{"mqtt-broker-58977c7947-v6qcl": 339, "mqtt-broker-58977c7947-8pq2j": 0, "mqtt-broker-58977c7947-ltksm": 0}
1778228629
{"mqtt-broker-58977c7947-v6qcl": 339, "mqtt-broker-58977c7947-8pq2j": 0, "mqtt-broker-58977c7947-ltksm": 0}
1778228634
{"mqtt-broker-58977c7947-v6qcl": 339, "mqtt-broker-58977c7947-8pq2j": 0, "mqtt-broker-58977c7947-ltksm": 0}
1778228639
{"mqtt-broker-58977c7947-v6qcl": 339, "mqtt-broker-58977c7947-8pq2j": 0, "mqtt-broker-58977c7947-ltksm": 0}
1778228645
{"mqtt-broker-58977c7947-v6qcl": 339, "mqtt-broker-58977c7947-8pq2j": 0, "mqtt-broker-58977c7947-ltksm": 0}
1778228650
{"mqtt-broker-58977c7947-v6qcl": 339, "mqtt-broker-58977c7947-8pq2j": 0, "mqtt-broker-58977c7947-ltksm": 0}
1778228655
{"mqtt-broker-58977c7947-v6qcl": 339, "mqtt-broker-58977c7947-8pq2j": 0, "mqtt-broker-58977c7947-ltksm": 0}
1778228660
{"mqtt-broker-58977c7947-v6qcl": 339, "mqtt-broker-58977c7947-8pq2j": 0, "mqtt-broker-58977c7947-ltksm": 0}
1778228665
{"mqtt-broker-58977c7947-v6qcl": 339, "mqtt-broker-58977c7947-8pq2j": 0, "mqtt-broker-58977c7947-ltksm": 0}
1778228670
{"mqtt-broker-58977c7947-v6qcl": 339, "mqtt-broker-58977c7947-8pq2j": 0, "mqtt-broker-58977c7947-ltksm": 0}
1778228675
{"mqtt-broker-58977c7947-v6qcl": 339, "mqtt-broker-58977c7947-8pq2j": 0, "mqtt-broker-58977c7947-ltksm": 0}
1778228680
{"mqtt-broker-58977c7947-v6qcl": 339, "mqtt-broker-58977c7947-8pq2j": 0, "mqtt-broker-58977c7947-ltksm": 0}
1778228685
{"mqtt-broker-58977c7947-v6qcl": 339, "mqtt-broker-58977c7947-8pq2j": 0, "mqtt-broker-58977c7947-ltksm": 0}
1778228690
{"mqtt-broker-58977c7947-v6qcl": 339, "mqtt-broker-58977c7947-8pq2j": 0, "mqtt-broker-58977c7947-ltksm": 0}
1778228695
{"mqtt-broker-58977c7947-v6qcl": 339, "mqtt-broker-58977c7947-8pq2j": 0, "mqtt-broker-58977c7947-ltksm": 0}
1778228700
{"mqtt-broker-58977c7947-v6qcl": 339, "mqtt-broker-58977c7947-8pq2j": 0, "mqtt-broker-58977c7947-ltksm": 0}
1778228705
{"mqtt-broker-58977c7947-v6qcl": 339, "mqtt-broker-58977c7947-8pq2j": 0, "mqtt-broker-58977c7947-ltksm": 0}
1778228710
{"mqtt-broker-58977c7947-v6qcl": 339, "mqtt-broker-58977c7947-8pq2j": 0, "mqtt-broker-58977c7947-ltksm": 0}
1778228715
{"mqtt-broker-58977c7947-v6qcl": 339, "mqtt-broker-58977c7947-8pq2j": 0, "mqtt-broker-58977c7947-ltksm": 0}
1778228720
{"mqtt-broker-58977c7947-v6qcl": 339, "mqtt-broker-58977c7947-8pq2j": 0, "mqtt-broker-58977c7947-ltksm": 0}
1778228725
{"mqtt-broker-58977c7947-v6qcl": 339, "mqtt-broker-58977c7947-8pq2j": 0, "mqtt-broker-58977c7947-ltksm": 0}
1778228730
{"mqtt-broker-58977c7947-v6qcl": 339, "mqtt-broker-58977c7947-8pq2j": 0, "mqtt-broker-58977c7947-ltksm": 0}
1778228736
{"mqtt-broker-58977c7947-v6qcl": 339, "mqtt-broker-58977c7947-8pq2j": 0, "mqtt-broker-58977c7947-ltksm": 0}
1778228741
{"mqtt-broker-58977c7947-v6qcl": 339, "mqtt-broker-58977c7947-8pq2j": 0, "mqtt-broker-58977c7947-ltksm": 0}
1778228746
{"mqtt-broker-58977c7947-v6qcl": 339, "mqtt-broker-58977c7947-8pq2j": 0, "mqtt-broker-58977c7947-ltksm": 0}
1778228751
{"mqtt-broker-58977c7947-v6qcl": 339, "mqtt-broker-58977c7947-8pq2j": 0, "mqtt-broker-58977c7947-ltksm": 0}
1778228756
{"mqtt-broker-58977c7947-v6qcl": 339, "mqtt-broker-58977c7947-8pq2j": 0, "mqtt-broker-58977c7947-ltksm": 0}
1778228761
{"mqtt-broker-58977c7947-v6qcl": 339, "mqtt-broker-58977c7947-8pq2j": 0, "mqtt-broker-58977c7947-ltksm": 0}
1778228766
{"mqtt-broker-58977c7947-v6qcl": 339, "mqtt-broker-58977c7947-8pq2j": 0, "mqtt-broker-58977c7947-ltksm": 0}
1778228771
{"mqtt-broker-58977c7947-v6qcl": 339, "mqtt-broker-58977c7947-8pq2j": 0, "mqtt-broker-58977c7947-ltksm": 0}
1778228776
{"mqtt-broker-58977c7947-v6qcl": 339, "mqtt-broker-58977c7947-8pq2j": 0, "mqtt-broker-58977c7947-ltksm": 0}
1778228781
{"mqtt-broker-58977c7947-v6qcl": 339, "mqtt-broker-58977c7947-8pq2j": 0, "mqtt-broker-58977c7947-ltksm": 0}
1778228786
{"mqtt-broker-58977c7947-v6qcl": 339, "mqtt-broker-58977c7947-8pq2j": 0, "mqtt-broker-58977c7947-ltksm": 0}
1778228791
{"mqtt-broker-58977c7947-v6qcl": 339, "mqtt-broker-58977c7947-8pq2j": 0, "mqtt-broker-58977c7947-ltksm": 0}
1778228796
{"mqtt-broker-58977c7947-v6qcl": 339, "mqtt-broker-58977c7947-8pq2j": 0, "mqtt-broker-58977c7947-ltksm": 0}
1778228801
{"mqtt-broker-58977c7947-v6qcl": 339, "mqtt-broker-58977c7947-8pq2j": 0, "mqtt-broker-58977c7947-ltksm": 0}
1778228806
{"mqtt-broker-58977c7947-v6qcl": 339, "mqtt-broker-58977c7947-8pq2j": 0, "mqtt-broker-58977c7947-ltksm": 0}
1778228811
{"mqtt-broker-58977c7947-v6qcl": 339, "mqtt-broker-58977c7947-8pq2j": 0, "mqtt-broker-58977c7947-ltksm": 0}
1778228816
{"mqtt-broker-58977c7947-v6qcl": 339, "mqtt-broker-58977c7947-8pq2j": 0, "mqtt-broker-58977c7947-ltksm": 0}
1778228821
{"mqtt-broker-58977c7947-v6qcl": 339, "mqtt-broker-58977c7947-8pq2j": 0, "mqtt-broker-58977c7947-ltksm": 0}
1778228827
{"mqtt-broker-58977c7947-v6qcl": 339, "mqtt-broker-58977c7947-8pq2j": 0, "mqtt-broker-58977c7947-ltksm": 0}
1778228832
{"mqtt-broker-58977c7947-v6qcl": 339, "mqtt-broker-58977c7947-8pq2j": 0, "mqtt-broker-58977c7947-ltksm": 0}
1778228837
{"mqtt-broker-58977c7947-v6qcl": 339, "mqtt-broker-58977c7947-8pq2j": 0, "mqtt-broker-58977c7947-ltksm": 0}
1778228842
{"mqtt-broker-58977c7947-v6qcl": 339, "mqtt-broker-58977c7947-8pq2j": 0, "mqtt-broker-58977c7947-ltksm": 0}
1778228847
{"mqtt-broker-58977c7947-v6qcl": 339, "mqtt-broker-58977c7947-8pq2j": 0, "mqtt-broker-58977c7947-ltksm": 0}
1778228852
{"mqtt-broker-58977c7947-v6qcl": 339, "mqtt-broker-58977c7947-8pq2j": 0, "mqtt-broker-58977c7947-ltksm": 0}
1778228857
{"mqtt-broker-58977c7947-v6qcl": 339, "mqtt-broker-58977c7947-8pq2j": 0, "mqtt-broker-58977c7947-ltksm": 0}
1778228862
{"mqtt-broker-58977c7947-v6qcl": 339, "mqtt-broker-58977c7947-8pq2j": 0, "mqtt-broker-58977c7947-ltksm": 0}
1778228867
{"mqtt-broker-58977c7947-v6qcl": 339, "mqtt-broker-58977c7947-8pq2j": 0, "mqtt-broker-58977c7947-ltksm": 0}
1778228872
{"mqtt-broker-58977c7947-v6qcl": 339, "mqtt-broker-58977c7947-8pq2j": 0, "mqtt-broker-58977c7947-ltksm": 0}
1778228877
{"mqtt-broker-58977c7947-v6qcl": 0, "mqtt-broker-58977c7947-8pq2j": 0, "mqtt-broker-58977c7947-ltksm": 0}
1778228882
{"mqtt-broker-58977c7947-v6qcl": 0, "mqtt-broker-58977c7947-8pq2j": 0, "mqtt-broker-58977c7947-ltksm": 0}
1778228887
{"mqtt-broker-58977c7947-v6qcl": 0, "mqtt-broker-58977c7947-8pq2j": 0, "mqtt-broker-58977c7947-ltksm": 0}
1778228892
{"mqtt-broker-58977c7947-v6qcl": 0, "mqtt-broker-58977c7947-8pq2j": 0, "mqtt-broker-58977c7947-ltksm": 0}
1778228897
{"mqtt-broker-58977c7947-v6qcl": 0, "mqtt-broker-58977c7947-8pq2j": 0, "mqtt-broker-58977c7947-ltksm": 0}
1778228902
{"mqtt-broker-58977c7947-v6qcl": 0, "mqtt-broker-58977c7947-8pq2j": 0, "mqtt-broker-58977c7947-ltksm": 0}
1778228907
{"mqtt-broker-58977c7947-v6qcl": 0, "mqtt-broker-58977c7947-8pq2j": 0, "mqtt-broker-58977c7947-ltksm": 0}
1778228912
{"mqtt-broker-58977c7947-v6qcl": 0, "mqtt-broker-58977c7947-8pq2j": 0, "mqtt-broker-58977c7947-ltksm": 0}
1778228918
{"mqtt-broker-58977c7947-v6qcl": 0, "mqtt-broker-58977c7947-8pq2j": 0, "mqtt-broker-58977c7947-ltksm": 0}
1778228923
{"mqtt-broker-58977c7947-v6qcl": 0, "mqtt-broker-58977c7947-8pq2j": 0, "mqtt-broker-58977c7947-ltksm": 0}
1778228928
{"mqtt-broker-58977c7947-v6qcl": 0, "mqtt-broker-58977c7947-8pq2j": 0, "mqtt-broker-58977c7947-ltksm": 0}
1778228933
{"mqtt-broker-58977c7947-v6qcl": 0, "mqtt-broker-58977c7947-8pq2j": 0, "mqtt-broker-58977c7947-ltksm": 0}
1778228938
{"mqtt-broker-58977c7947-v6qcl": 0, "mqtt-broker-58977c7947-8pq2j": 0, "mqtt-broker-58977c7947-ltksm": 0}
1778228943
{"mqtt-broker-58977c7947-v6qcl": 0, "mqtt-broker-58977c7947-8pq2j": 0, "mqtt-broker-58977c7947-ltksm": 0}
1778228948
{"mqtt-broker-58977c7947-v6qcl": 0, "mqtt-broker-58977c7947-8pq2j": 0, "mqtt-broker-58977c7947-ltksm": 0}
1778228953
{"mqtt-broker-58977c7947-v6qcl": 0, "mqtt-broker-58977c7947-8pq2j": 0, "mqtt-broker-58977c7947-ltksm": 0}
1778228958
{"mqtt-broker-58977c7947-v6qcl": 0, "mqtt-broker-58977c7947-8pq2j": 0, "mqtt-broker-58977c7947-ltksm": 0}
1778228963
{"mqtt-broker-58977c7947-v6qcl": 0, "mqtt-broker-58977c7947-8pq2j": 0, "mqtt-broker-58977c7947-ltksm": 0}
1778228968
{"mqtt-broker-58977c7947-v6qcl": 0, "mqtt-broker-58977c7947-8pq2j": 0, "mqtt-broker-58977c7947-ltksm": 0}
1778228973
{"mqtt-broker-58977c7947-v6qcl": 0, "mqtt-broker-58977c7947-8pq2j": 0, "mqtt-broker-58977c7947-ltksm": 0}
1778228978
{"mqtt-broker-58977c7947-v6qcl": 0, "mqtt-broker-58977c7947-8pq2j": 0, "mqtt-broker-58977c7947-ltksm": 0}
1778228983
{"mqtt-broker-58977c7947-v6qcl": 0, "mqtt-broker-58977c7947-8pq2j": 0, "mqtt-broker-58977c7947-ltksm": 0}
1778228988
{"mqtt-broker-58977c7947-v6qcl": 0, "mqtt-broker-58977c7947-8pq2j": 0, "mqtt-broker-58977c7947-ltksm": 0}
1778228993
{"mqtt-broker-58977c7947-v6qcl": 0, "mqtt-broker-58977c7947-8pq2j": 0, "mqtt-broker-58977c7947-ltksm": 0}
1778228998
{"mqtt-broker-58977c7947-v6qcl": 0, "mqtt-broker-58977c7947-8pq2j": 0, "mqtt-broker-58977c7947-ltksm": 0}
1778229003
{"mqtt-broker-58977c7947-v6qcl": 0, "mqtt-broker-58977c7947-8pq2j": 0, "mqtt-broker-58977c7947-ltksm": 0}
1778229008
{"mqtt-broker-58977c7947-v6qcl": 0, "mqtt-broker-58977c7947-8pq2j": 0, "mqtt-broker-58977c7947-ltksm": 0}
1778229014
{"mqtt-broker-58977c7947-v6qcl": 0, "mqtt-broker-58977c7947-8pq2j": 0, "mqtt-broker-58977c7947-ltksm": 0}
1778229019
{"mqtt-broker-58977c7947-v6qcl": 0, "mqtt-broker-58977c7947-8pq2j": 0, "mqtt-broker-58977c7947-ltksm": 0}
1778229024
{"mqtt-broker-58977c7947-v6qcl": 0, "mqtt-broker-58977c7947-8pq2j": 0, "mqtt-broker-58977c7947-ltksm": 0}
1778229029
{"mqtt-broker-58977c7947-v6qcl": 0, "mqtt-broker-58977c7947-8pq2j": 0, "mqtt-broker-58977c7947-ltksm": 0}
1778229034
{"mqtt-broker-58977c7947-v6qcl": 0, "mqtt-broker-58977c7947-8pq2j": 0, "mqtt-broker-58977c7947-ltksm": 0}
1778229039
{"mqtt-broker-58977c7947-v6qcl": 0, "mqtt-broker-58977c7947-8pq2j": 0, "mqtt-broker-58977c7947-ltksm": 0}
1778229044
{"mqtt-broker-58977c7947-v6qcl": 0, "mqtt-broker-58977c7947-8pq2j": 0, "mqtt-broker-58977c7947-ltksm": 0}
1778229049
{"mqtt-broker-58977c7947-v6qcl": 0, "mqtt-broker-58977c7947-8pq2j": 0, "mqtt-broker-58977c7947-ltksm": 0}
1778229054
{"mqtt-broker-58977c7947-v6qcl": 0, "mqtt-broker-58977c7947-8pq2j": 0, "mqtt-broker-58977c7947-ltksm": 0}
1778229059
{"mqtt-broker-58977c7947-v6qcl": 0, "mqtt-broker-58977c7947-8pq2j": 0, "mqtt-broker-58977c7947-ltksm": 0}
1778229064
{"mqtt-broker-58977c7947-v6qcl": 0, "mqtt-broker-58977c7947-8pq2j": 0, "mqtt-broker-58977c7947-ltksm": 0}
1778229069
{"mqtt-broker-58977c7947-v6qcl": 0, "mqtt-broker-58977c7947-8pq2j": 0, "mqtt-broker-58977c7947-ltksm": 0}
1778229074
{"mqtt-broker-58977c7947-v6qcl": 0, "mqtt-broker-58977c7947-8pq2j": 0, "mqtt-broker-58977c7947-ltksm": 0}
1778229079
{"mqtt-broker-58977c7947-v6qcl": 0, "mqtt-broker-58977c7947-8pq2j": 0, "mqtt-broker-58977c7947-ltksm": 0}
1778229084
{"mqtt-broker-58977c7947-v6qcl": 0}
1778229089
{"mqtt-broker-58977c7947-v6qcl": 0}
1778229094
{"mqtt-broker-58977c7947-v6qcl": 0}
1778229099
{"mqtt-broker-58977c7947-v6qcl": 0}
1778229105
{"mqtt-broker-58977c7947-v6qcl": 0}
1778229110
{"mqtt-broker-58977c7947-v6qcl": 0}
1778229115
{"mqtt-broker-58977c7947-v6qcl": 0}
1778229120
{"mqtt-broker-58977c7947-v6qcl": 0}
1778229125
{"mqtt-broker-58977c7947-v6qcl": 0}
1778229130
{"mqtt-broker-58977c7947-v6qcl": 0}
1778229135
{"mqtt-broker-58977c7947-v6qcl": 0}
1778229140
{"mqtt-broker-58977c7947-v6qcl": 0}
1778229145
{"mqtt-broker-58977c7947-v6qcl": 0}
1778229150
{"mqtt-broker-58977c7947-v6qcl": 0}
1778229155
{"mqtt-broker-58977c7947-v6qcl": 0}
1778229160
{"mqtt-broker-58977c7947-v6qcl": 0}
1778229165
{"mqtt-broker-58977c7947-v6qcl": 0}
1778229170
{"mqtt-broker-58977c7947-v6qcl": 0}
1778229175
{"mqtt-broker-58977c7947-v6qcl": 0}
1778229180
{}
1778229185
{}
1778229191
{}
1778229196
{}
1778229201
{}
1778229206
{}
1778229211
{}
1778229216
{}
1778229221
{}
1778229226
{}
1778229231
{}
1778229236
{}
1778229241
{}
1778229247
{}
1778229252
{}
1778229257
{}
1778229262
{}
1778229267
{}
1778229272
{}
1778229277
{}
1778229282
{}
1778229287
{}
1778229292
{}
1778229297
{}
1778229302
{}
1778229308
{}
1778229313
{}
1778229318
{}
1778229323
{}
1778229328
{}
1778229333
{}
1778229338
{}
1778229343
{}
1778229348
{}
1778229353
{}
1778229358
{}
1778229363
{}
1778229368
{}
1778229374
{}
1778229379
{}
1778229384
{}
1778229389
{}
1778229394
{}
1778229399
{}
1778229404
{}
1778229409
{}
1778229414
{}
1778229419
{}
1778229425
{}
1778229430
{}
1778229435
{}
1778229440
{}
1778229445
{}
1778229450
{}
1778229455
{}
1778229460
{}
1778229465
{}
1778229470
{}
1778229475
{}
1778229480
{}
1778229486
{}
1778229491
{}
1778229496
{}
1778229501
{}
1778229506
{}
1778229511
{}
1778229516
{}
1778229521
{}
1778229526
{}
1778229531
{}
1778229536
{}
1778229541
{}
1778229547
{}
1778229552
{}
1778229557
{}
1778229562
{}
1778229567
{}
1778229572
{}
1778229577
{}
1778229582
{}
1778229587
{}
1778229592
{}
1778229597
{}
1778229602
{}
1778229608
{}
1778229613
{}
1778229618
{}
1778229623
{}
1778229628
{}
1778229633
{}
1778229638
{}
1778229643
{}
1778229648
{}
1778229653
{}
1778229658
{}
1778229663
{}
1778229669
{}
1778229674
{}
1778229679
{}
1778229684
{}
1778229689
{}
1778229694
{}
1778229699
{}
1778229704
{}
1778229709
{}
1778229714
{}
1778229719
{}
1778229724
{}
1778229730
{}
1778229735
{}
1778229740
{}
1778229745
{}
1778229750
{}
1778229755
{}
1778229760
{}
1778229765
{}
1778229770
{}
1778229775
{}
1778229780
{}
1778229785
{}
1778229790
{}
1778229796
{}
1778229801
{}
1778229806
{}
1778229811
{}
1778229816
{}
1778229821
{}
1778229826
{}
1778229831
{}
1778229836
{}
1778229841
{}
1778229846
{}
1778229851
{}
1778229857
{}
1778229862
{}
1778229867
{}
1778229872
{}
1778229877
{}
1778229882
{}
1778229887
{}
1778229892
{}
1778229897
{}
1778229902
{}
1778229907
{}
1778229912
{}
1778229918
{}
1778229923
{}
1778229928
{}
1778229933
{}
1778229938
{}
1778229943
{}
1778229948
{}
1778229953
{}
1778229958
{}
1778229963
{}
1778229968
{}
1778229973
{}
1778229978
{}
1778229983
{}
1778229989
{}
1778229994
{}
1778229999
{}
1778230004
{}
1778230009
{}
1778230014
{}
1778230019
{}
1778230024
{}
1778230029
{}
1778230034
{}
1778230039
{}
1778230044
{}
1778230049
{}
1778230055
{}
1778230060
{}
1778230065
{}
1778230070
{}
1778230075
{}
1778230080
{}
1778230085
{}
1778230090
{}
1778230095
{}
1778230100
{}
1778230105
{}
1778230110
{}
1778230116
{}
1778230121
{}
1778230126
{}
1778230131
{}
1778230136
{}
1778230141
{}
1778230146
{}
1778230151
{}
1778230156
{}
1778230161
{}
1778230166
{}
1778230171
{}
1778230177
{}
1778230182
{}
1778230187
{}
1778230192
{}
1778230197
{}
1778230202
{}
1778230207
{}
1778230212
{}
1778230217
{}
1778230222
{}
1778230227
{}
1778230232
{}
1778230237
{}
1778230243
{}
1778230248
{}
1778230253
{}
1778230258
{}
1778230263
{}
1778230268
{}
1778230273
{}
1778230278
{}
1778230283
{}
1778230288
{}
1778230293
{}
1778230298
{}
1778230304
{}
1778230309
{}
1778230314
{}
1778230319
{}
1778230324
{}
1778230329
{}
1778230334
{}
1778230339
{}
1778230344
{}
1778230349
{}
1778230354
{}
1778230359
{}
1778230365
{}
1778230370
{}
1778230375
{}
1778230380
{}
1778230385
{}
1778230390
{}
1778230395
{}
1778230400
{}
1778230405
{}
1778230410
{}
1778230415
{}
1778230420
{}
1778230426
{}
1778230431
{}
1778230436
{}
1778230441
{}
1778230446
{}
1778230451
{}
1778230456
{}
1778230461
{}
1778230466
{}
1778230471
{}
1778230476
{}
1778230481
{}
1778230487
{}
1778230492
{}
1778230497
{}
1778230502
{}
1778230507
{}
1778230512
{}
1778230517
{}
1778230522
{}
1778230527
{}
1778230532
{}
1778230537
{}
1778230542
{}
1778230548
{}
1778230553
{}
1778230558
{}
1778230563
{}
1778230568
{}
1778230573
{}
1778230578
{}
1778230583
{}
1778230588
{}
1778230593
{}
1778230598
{}
1778230603
{}
1778230609
{}
1778230614
{}
1778230619
{}
1778230624
{}
1778230629
{}
1778230634
{}
1778230639
{}
1778230644
{}
1778230649
{}
1778230654
{}
1778230659
{}
1778230664
{}
1778230669
{}
1778230674
{}
1778230680
{}
1778230685
{}
1778230690
{}
1778230695
{}
1778230700
{}
1778230705
{}
1778230710
{}
1778230715
{}
1778230720
{}
1778230725
{}
1778230730
{}
1778230735
{}
1778230740
{}
1778230745
{}
1778230750
{}
1778230756
{}
1778230761
{}
1778230766
{}
1778230771
{}
1778230776
{}
1778230781
{}
1778230786
{}
1778230791
{}
1778230796
{}
1778230801
{}
1778230806
{}
1778230811
{}
1778230816
{}
1778230822
{}
1778230827
{}
1778230832
{}
1778230837
{}
1778230842
{}
1778230847
{}
1778230852
{}
1778230857
{}
1778230862
{}
1778230867
{}
1778230872
{}
1778230877
{}
1778230883
{}
1778230888
{}
1778230893
{}
1778230898
{}
1778230903
{}
1778230908
{}
1778230913
{}
1778230918
{}
1778230923
{}
1778230928
{}
1778230933
{}
1778230938
{}
1778230944
{}
1778230949
{}
1778230954
{}
1778230959
{}
1778230964
{}
1778230969
{}
1778230974
{}
1778230979
{}
1778230984
{}
1778230989
{}
1778230994
{}
1778231000
{}
1778231005
{}
1778231010
{}
1778231015
{}
1778231020
{}
1778231025
{}
1778231030
{}
1778231035
{}
1778231040
{}
1778231045
{}
1778231050
{}
1778231055
{}
1778231060
{}
1778231066
{}
1778231071
{}
1778231076
{}
1778231081
{}
1778231086
{}
1778231091
{}
1778231096
{}
1778231101
{}
1778231106
{}
1778231111
{}
1778231116
{}
1778231122
{}
1778231127
{}
1778231132
{}
1778231137
{}
1778231142
{}
1778231147
{}
1778231152
{}
1778231157
{}
1778231162
{}
1778231167
{}
1778231172
{}
1778231177
{}
1778231182
{}
1778231188
{}
1778231193
{}
1778231198
{}
1778231203
{}
1778231208
{}
1778231213
{}
1778231218
{}
1778231223
{}
1778231228
{}
1778231233
{}
1778231238
{}
1778231244
{}
1778231249
{}
1778231254
{}
1778231259
{}
1778231264
{}
1778231269
{}
1778231274
{}
1778231279
{}
1778231284
{}
1778231289
{}
1778231294
{}
1778231300
{}
1778231305
{}
1778231310
{}
1778231315
{}
1778231320
{}
1778231325
{}
1778231330
{}
1778231335
{}
1778231340
{}
1778231345
{}
1778231350
{}
1778231355
{}
1778231361
{}
1778231366
{}
1778231371
{}
1778231376
{}
1778231381
{}
1778231386
{}
1778231391
{}
1778231396
{}
1778231401
{}
1778231406
{}
1778231412
{}
1778231417
{}
1778231422
{}
1778231427
{}
1778231432
{}
1778231437
{}
1778231442
{}
1778231447
{}
1778231452
{}
1778231457
{}
1778231462
{}
1778231467
{}
1778231473
{}
1778231478
{}
1778231483
{}
1778231488
{}
1778231493
{}
1778231498
{}
1778231503
{}
1778231508
{}
1778231513
{}
1778231518
{}
1778231523
{}
1778231528
{}
1778231534
{}
1778231539
{}
1778231544
{}
1778231549
{}
1778231554
{}
1778231559
{}
1778231564
{}
1778231569
{}
1778231574
{}
1778231579
{}
1778231584
{}
1778231589
{}
1778231595
{}
1778231600
{}
1778231605
{}
1778231610
{}
1778231615
{}
1778231620
{}
1778231625
{}
1778231630
{}
1778231635
{}
1778231640
{}
1778231645
{}
1778231650
{}
1778231656
{}
1778231661
{}
1778231666
{}
1778231671
{}
1778231676
{}
1778231681
{}
1778231686
{}
1778231691
{}
1778231696
{}
1778231701
{}
1778231706
{}
1778231711
{}
1778231717
{}
1778231722
{}
1778231727
{}
1778231732
{}
1778231737
{}
1778231742
{}
1778231747
{}
1778231752
{}
1778231757
{}
1778231762
{}
1778231767
{}
1778231772
{}
1778231778
{}
1778231783
{}
1778231788
{}
1778231793
{}
1778231798
{}
1778231803
{}
1778231808
{}
1778231813
{}
1778231818
{}
1778231823
{}
1778231828
{}
1778231834
{}
1778231839
{}
1778231844
{}
1778231849
{}
1778231854
{}
1778231859
{}
1778231864
{}
1778231869
{}
1778231874
{}
1778231879
{}
1778231884
{}
1778231889
{}
1778231895
{}
1778231900
{}
1778231905
{}
1778231910
{}
1778231915
{}
1778231920
{}
1778231925
{}
1778231930
{}
1778231935
{}
1778231940
{}
1778231945
{}
1778231950
{}
1778231956
{}
1778231961
{}
1778231966
{}
1778231971
{}
1778231976
{}
1778231981
{}
1778231986
{}
1778231991
{}
1778231996
{}
1778232001
{}
1778232006
{}
1778232011
{}
1778232017
{}
1778232022
{}
1778232027
{}
1778232032
{}
1778232037
{}
1778232042
{}
1778232047
{}
1778232052
{}
1778232057
{}
1778232062
{}
1778232067
{}
1778232072
{}
1778232077
{}
1778232082
{}
1778232088
{}
1778232093
{}
1778232098
{}
1778232103
{}
1778232108
{}
1778232113
{}
1778232118
{}
1778232123
{}
1778232128
{}
1778232133
{}
1778232138
{}
1778232143
{}
1778232149
{}
1778232154
{}
1778232159
{}
1778232164
{}
1778232169
{}
1778232174
{}
1778232179
{}
1778232184
{}
1778232189
{}
1778232194
{}
1778232199
{}
1778232204
{}
1778232210
{}
1778232215
{}
1778232220
{}
1778232225
{}
1778232230
{}
1778232235
{}
1778232240
{}
1778232245
{}
1778232250
{}
1778232255
{}
1778232260
{}
1778232265
{}
1778232271
{}
1778232276
{}
1778232281
{}
1778232286
{}
1778232291
{}
1778232296
{}
1778232301
{}
1778232306
{}
1778232311
{}
1778232316
{}
1778232321
{}
1778232326
{}
1778232331
{}
1778232336
{}
1778232341
{}
1778232347
{}
1778232352
{}
1778232357
{}
1778232362
{}
1778232367
{}
1778232372
{}
1778232377
{}
1778232382
{}
1778232387
{}
1778232392
{}
1778232397
{}
1778232402
{}
1778232407
{}
1778232412
{}
1778232418
{}
1778232423
{}
1778232428
{}
1778232433
{}
1778232438
{}
1778232443
{}
1778232448
{}
1778232453
{}
1778232458
{}
1778232463
{}
1778232468
{}
1778232473
{}
1778232479
{}
1778232484
{}
1778232489
{}
1778232494
{}
1778232499
{}
1778232504
{}
1778232509
{}
1778232514
{}
1778232519
{}
1778232524
{}
1778232529
{}
1778232534
{}
1778232540
{}
1778232545
{}
1778232550
{}
1778232555
{}
1778232560
{}
1778232565
{}
1778232570
{}
1778232575
{}
1778232580
{}
1778232585
{}
1778232590
{}
1778232595
{}
1778232601
{}
1778232606
{}
1778232611
{}
1778232616
{}
1778232621
{}
1778232626
{}
1778232631
{}
1778232636
{}
1778232641
{}
1778232646
{}
1778232651
{}
1778232656
{}
1778232661
{}
1778232667
{}
1778232672
{}
1778232677
{}
1778232682
{}
1778232687
{}
1778232692
{}
1778232697
{}
1778232702
{}
1778232707
{}
1778232712
{}
1778232717
{}
1778232723
{}
1778232728
{}
1778232733
{}
1778232738
{}
1778232743
{}
1778232748
{}
1778232753
{}
1778232758
{}
1778232763
{}
1778232768
{}
1778232773
{}
1778232778
{}
1778232784
{}
1778232789
{}
1778232794
{}
1778232799
{}
1778232804
{}
1778232809
{}
1778232814
{}
1778232819
{}
1778232824
{}
1778232829
{}
1778232834
{}
1778232839
{}
1778232845
{}
1778232850
{}
1778232855
{}
1778232860
{}
1778232865
{}
1778232870
{}
1778232875
{}
1778232880
{}
1778232885
{}
1778232890
{}
1778232895
{}
1778232900
{}
1778232906
{}
1778232911
{}
1778232916
{}
1778232921
{}
1778232926
{}
1778232931
{}
1778232936
{}
1778232941
{}
1778232946
{}
1778232951
{}
1778232956
{}
1778232961
{}
1778232967
{}
1778232972
{}
1778232977
{}
1778232982
{}
1778232987
{}
1778232992
{}
1778232997
{}
1778233002
{}
1778233007
{}
1778233012
{}
1778233017
{}
1778233022
{}
1778233028
{}
1778233033
{}
1778233038
{}
1778233043
{}
1778233048
{}
1778233053
{}
1778233058
{}
1778233063
{}
1778233068
{}
1778233073
{}
1778233079
{}
1778233084
{}
1778233089
{}
1778233094
{}
1778233099
{}
1778233104
{}
1778233109
{}
1778233114
{}
1778233119
{}
1778233124
{}
1778233129
{}
1778233134
{}
1778233140
{}
1778233145
{}
1778233150
{}
1778233155
{}
1778233160
{}
1778233165
{}
1778233170
{}
1778233175
{}
1778233180
{}
1778233185
{}
1778233190
{}
1778233195
{}
1778233201
{}
1778233206
{}
1778233211
{}
1778233216
{}
1778233221
{}
1778233226
{}
1778233231
{}
1778233236
{}
1778233241
{}
1778233246
{}
1778233251
{}
1778233256
{}
1778233261
{}
1778233267
{}
1778233272
{}
1778233277
{}
1778233282
{}
1778233287
{}
1778233292
{}
1778233297
{}
1778233302
{}
1778233307
{}
1778233312
{}
1778233317
{}
1778233322
{}
1778233328
{}
1778233333
{}
1778233338
{}
1778233343
{}
1778233348
{}
1778233353
{}
1778233358
{}
1778233363
{}
1778233368
{}
1778233373
{}
1778233378
{}
1778233383
{}
1778233388
{}
1778233393
{}
1778233399
{}
1778233404
{}
1778233409
{}
1778233414
{}
1778233419
{}
1778233424
{}
1778233429
{}
1778233434
{}
1778233439
{}
1778233444
{}
1778233449
{}
1778233454
{}
1778233459
{}
1778233464
{}
1778233469
{}
1778233474
{}
1778233479
{}
1778233484
{}
1778233489
{}
1778233494
{}
1778233500
{}
1778233505
{}
1778233510
{}
1778233515
{}
1778233520
{}
1778233525
{}
1778233530
{}
1778233535
{}
1778233540
{}
1778233545
{}
1778233550
{}
1778233555
{}
1778233560
{}
1778233565
{}
1778233570
{}
1778233575
{}
1778233580
{}
1778233585
{}
1778233591
{}
1778233596
{}
1778233601
{}
1778233606
{}
1778233611
{}
1778233616
{}
1778233621
{}
1778233626
{}
1778233631
{}
1778233636
{}
1778233641
{}
1778233646
{}
1778233651
{}
1778233656
{}
1778233661
{}
1778233667
{}
1778233672
{}
1778233677
{}
1778233682
{}
1778233687
{}
1778233692
{}
1778233697
{}
1778233702
{}
1778233708
{}
1778233713
{}
1778233718
{}
1778233723
{}
1778233728
{}
1778233733
{}
1778233738
{}
1778233743
{}
1778233748
{}
1778233753
{}
1778233758
{}
1778233763
{}
1778233768
{}
1778233773
{}
1778233778
{}
1778233783
{}
1778233789
{}
1778233794
{}
1778233799
{}
1778233804
{}
1778233809
{}
1778233814
{}
1778233819
{}
1778233824
{}
1778233829
{}
1778233834
{}
1778233839
{}
1778233844
{}
1778233849
{}
1778233854
{}
1778233859
{}
1778233864
{}
1778233870
{}
1778233875
{}
1778233880
{}
1778233885
{}
1778233890
{}
1778233895
{}
1778233900
{}
1778233905
{}
1778233910
{}
1778233915
{}
1778233920
{}
1778233926
{}
1778233931
{}
1778233936
{}
1778233941
{}
1778233946
{}
1778233951
{}
1778233956
{}
1778233961
{}
1778233966
{}
1778233971
{}
1778233976
{}
1778233981
{}
1778233986
{}
1778233991
{}
1778233996
{}
1778234002
{}
1778234007
{}
1778234012
{}
1778234017
{}
1778234022
{}
1778234027
{}
1778234032
{}
1778234037
{"mqtt-broker-58977c7947-tszbt": 0}
1778234042
{"mqtt-broker-58977c7947-tszbt": 0}
1778234047
{"mqtt-broker-58977c7947-tszbt": 0}
1778234052
{"mqtt-broker-58977c7947-tszbt": 21}
1778234057
{"mqtt-broker-58977c7947-tszbt": 21}
1778234062
{"mqtt-broker-58977c7947-tszbt": 21}
1778234067
{"mqtt-broker-58977c7947-tszbt": 271}
1778234072
{"mqtt-broker-58977c7947-tszbt": 271}
1778234077
{"mqtt-broker-58977c7947-tszbt": 271}
1778234082
{"mqtt-broker-58977c7947-tszbt": 339}
1778234087
{"mqtt-broker-58977c7947-tszbt": 339, "mqtt-broker-58977c7947-mpq8z": 0}
1778234092
{"mqtt-broker-58977c7947-tszbt": 339, "mqtt-broker-58977c7947-mpq8z": 0}
1778234097
{"mqtt-broker-58977c7947-tszbt": 339, "mqtt-broker-58977c7947-mpq8z": 0}
1778234102
{"mqtt-broker-58977c7947-tszbt": 339, "mqtt-broker-58977c7947-mpq8z": 0, "mqtt-broker-58977c7947-c24gj": 0}
1778234108
{"mqtt-broker-58977c7947-tszbt": 339, "mqtt-broker-58977c7947-mpq8z": 0, "mqtt-broker-58977c7947-c24gj": 0}
1778234113
{"mqtt-broker-58977c7947-tszbt": 339, "mqtt-broker-58977c7947-mpq8z": 0, "mqtt-broker-58977c7947-c24gj": 0}
1778234118
{"mqtt-broker-58977c7947-tszbt": 339, "mqtt-broker-58977c7947-mpq8z": 0, "mqtt-broker-58977c7947-c24gj": 0}
1778234123
{"mqtt-broker-58977c7947-tszbt": 339, "mqtt-broker-58977c7947-mpq8z": 0, "mqtt-broker-58977c7947-c24gj": 0}
1778234128
{"mqtt-broker-58977c7947-tszbt": 339, "mqtt-broker-58977c7947-mpq8z": 0, "mqtt-broker-58977c7947-c24gj": 0}
1778234133
{"mqtt-broker-58977c7947-tszbt": 339, "mqtt-broker-58977c7947-mpq8z": 0, "mqtt-broker-58977c7947-c24gj": 0}
1778234138
{"mqtt-broker-58977c7947-tszbt": 339, "mqtt-broker-58977c7947-mpq8z": 0, "mqtt-broker-58977c7947-c24gj": 0}
1778234143
{"mqtt-broker-58977c7947-tszbt": 339, "mqtt-broker-58977c7947-mpq8z": 0, "mqtt-broker-58977c7947-c24gj": 0}
1778234148
{"mqtt-broker-58977c7947-tszbt": 339, "mqtt-broker-58977c7947-mpq8z": 0, "mqtt-broker-58977c7947-c24gj": 0}
1778234153
{"mqtt-broker-58977c7947-tszbt": 339, "mqtt-broker-58977c7947-mpq8z": 0, "mqtt-broker-58977c7947-c24gj": 0}
1778234158
{"mqtt-broker-58977c7947-tszbt": 339, "mqtt-broker-58977c7947-mpq8z": 0, "mqtt-broker-58977c7947-c24gj": 0}
1778234163
{"mqtt-broker-58977c7947-tszbt": 339, "mqtt-broker-58977c7947-mpq8z": 0, "mqtt-broker-58977c7947-c24gj": 0}
1778234168
{"mqtt-broker-58977c7947-tszbt": 339, "mqtt-broker-58977c7947-mpq8z": 0, "mqtt-broker-58977c7947-c24gj": 0}
1778234173
{"mqtt-broker-58977c7947-tszbt": 339, "mqtt-broker-58977c7947-mpq8z": 0, "mqtt-broker-58977c7947-c24gj": 0}
1778234178
{"mqtt-broker-58977c7947-tszbt": 339, "mqtt-broker-58977c7947-mpq8z": 0, "mqtt-broker-58977c7947-c24gj": 0}
1778234183
{"mqtt-broker-58977c7947-tszbt": 339, "mqtt-broker-58977c7947-mpq8z": 0, "mqtt-broker-58977c7947-c24gj": 0}
1778234188
{"mqtt-broker-58977c7947-tszbt": 339, "mqtt-broker-58977c7947-mpq8z": 0, "mqtt-broker-58977c7947-c24gj": 0}
1778234193
{"mqtt-broker-58977c7947-tszbt": 339, "mqtt-broker-58977c7947-mpq8z": 0, "mqtt-broker-58977c7947-c24gj": 0}
1778234198
{"mqtt-broker-58977c7947-tszbt": 339, "mqtt-broker-58977c7947-mpq8z": 0, "mqtt-broker-58977c7947-c24gj": 0}
1778234203
{"mqtt-broker-58977c7947-tszbt": 339, "mqtt-broker-58977c7947-mpq8z": 0, "mqtt-broker-58977c7947-c24gj": 0}
1778234208
{"mqtt-broker-58977c7947-tszbt": 339, "mqtt-broker-58977c7947-mpq8z": 0, "mqtt-broker-58977c7947-c24gj": 0}
1778234213
{"mqtt-broker-58977c7947-tszbt": 339, "mqtt-broker-58977c7947-mpq8z": 0, "mqtt-broker-58977c7947-c24gj": 0}
1778234218
{"mqtt-broker-58977c7947-tszbt": 339, "mqtt-broker-58977c7947-mpq8z": 0, "mqtt-broker-58977c7947-c24gj": 0}
1778234223
{"mqtt-broker-58977c7947-tszbt": 339, "mqtt-broker-58977c7947-mpq8z": 0, "mqtt-broker-58977c7947-c24gj": 0}
1778234228
{"mqtt-broker-58977c7947-tszbt": 339, "mqtt-broker-58977c7947-mpq8z": 0, "mqtt-broker-58977c7947-c24gj": 0}
1778234233
{"mqtt-broker-58977c7947-tszbt": 339, "mqtt-broker-58977c7947-mpq8z": 0, "mqtt-broker-58977c7947-c24gj": 0}
1778234238
{"mqtt-broker-58977c7947-tszbt": 339, "mqtt-broker-58977c7947-mpq8z": 0, "mqtt-broker-58977c7947-c24gj": 0}
1778234243
{"mqtt-broker-58977c7947-tszbt": 339, "mqtt-broker-58977c7947-mpq8z": 0, "mqtt-broker-58977c7947-c24gj": 0}
1778234248
{"mqtt-broker-58977c7947-tszbt": 339, "mqtt-broker-58977c7947-mpq8z": 0, "mqtt-broker-58977c7947-c24gj": 0}
1778234253
{"mqtt-broker-58977c7947-tszbt": 339, "mqtt-broker-58977c7947-mpq8z": 0, "mqtt-broker-58977c7947-c24gj": 0}
1778234258
{"mqtt-broker-58977c7947-tszbt": 339, "mqtt-broker-58977c7947-mpq8z": 0, "mqtt-broker-58977c7947-c24gj": 0}
1778234263
{"mqtt-broker-58977c7947-tszbt": 339, "mqtt-broker-58977c7947-mpq8z": 0, "mqtt-broker-58977c7947-c24gj": 0}
1778234268
{"mqtt-broker-58977c7947-tszbt": 339, "mqtt-broker-58977c7947-mpq8z": 0, "mqtt-broker-58977c7947-c24gj": 0}
1778234274
{"mqtt-broker-58977c7947-tszbt": 339, "mqtt-broker-58977c7947-mpq8z": 0, "mqtt-broker-58977c7947-c24gj": 0}
1778234279
{"mqtt-broker-58977c7947-tszbt": 339, "mqtt-broker-58977c7947-mpq8z": 0, "mqtt-broker-58977c7947-c24gj": 0}
1778234284
{"mqtt-broker-58977c7947-tszbt": 339, "mqtt-broker-58977c7947-mpq8z": 0, "mqtt-broker-58977c7947-c24gj": 0}
1778234289
{"mqtt-broker-58977c7947-tszbt": 339, "mqtt-broker-58977c7947-mpq8z": 0, "mqtt-broker-58977c7947-c24gj": 0}
1778234294
{"mqtt-broker-58977c7947-tszbt": 339, "mqtt-broker-58977c7947-mpq8z": 0, "mqtt-broker-58977c7947-c24gj": 0}
1778234299
{"mqtt-broker-58977c7947-tszbt": 339, "mqtt-broker-58977c7947-mpq8z": 0, "mqtt-broker-58977c7947-c24gj": 0}
1778234304
{"mqtt-broker-58977c7947-tszbt": 339, "mqtt-broker-58977c7947-mpq8z": 0, "mqtt-broker-58977c7947-c24gj": 0}
1778234309
{"mqtt-broker-58977c7947-tszbt": 339, "mqtt-broker-58977c7947-mpq8z": 0, "mqtt-broker-58977c7947-c24gj": 0}
1778234314
{"mqtt-broker-58977c7947-tszbt": 339, "mqtt-broker-58977c7947-mpq8z": 0, "mqtt-broker-58977c7947-c24gj": 0}
1778234319
{"mqtt-broker-58977c7947-tszbt": 339, "mqtt-broker-58977c7947-mpq8z": 0, "mqtt-broker-58977c7947-c24gj": 0}
1778234324
{"mqtt-broker-58977c7947-tszbt": 339, "mqtt-broker-58977c7947-mpq8z": 0, "mqtt-broker-58977c7947-c24gj": 0}
1778234329
{"mqtt-broker-58977c7947-tszbt": 339, "mqtt-broker-58977c7947-mpq8z": 0, "mqtt-broker-58977c7947-c24gj": 0}
1778234334
{"mqtt-broker-58977c7947-tszbt": 339, "mqtt-broker-58977c7947-mpq8z": 0, "mqtt-broker-58977c7947-c24gj": 0}
1778234339
{"mqtt-broker-58977c7947-tszbt": 339, "mqtt-broker-58977c7947-mpq8z": 0, "mqtt-broker-58977c7947-c24gj": 0}
1778234344
{"mqtt-broker-58977c7947-tszbt": 339, "mqtt-broker-58977c7947-mpq8z": 0, "mqtt-broker-58977c7947-c24gj": 0}
1778234349
{"mqtt-broker-58977c7947-tszbt": 339, "mqtt-broker-58977c7947-mpq8z": 0, "mqtt-broker-58977c7947-c24gj": 0}
1778234354
{"mqtt-broker-58977c7947-tszbt": 339, "mqtt-broker-58977c7947-mpq8z": 0, "mqtt-broker-58977c7947-c24gj": 0}
1778234359
{"mqtt-broker-58977c7947-tszbt": 339, "mqtt-broker-58977c7947-mpq8z": 0, "mqtt-broker-58977c7947-c24gj": 0}
1778234364
{"mqtt-broker-58977c7947-tszbt": 339, "mqtt-broker-58977c7947-mpq8z": 0, "mqtt-broker-58977c7947-c24gj": 0}
1778234369
{"mqtt-broker-58977c7947-tszbt": 339, "mqtt-broker-58977c7947-mpq8z": 0, "mqtt-broker-58977c7947-c24gj": 0}
1778234374
{"mqtt-broker-58977c7947-tszbt": 339, "mqtt-broker-58977c7947-mpq8z": 0, "mqtt-broker-58977c7947-c24gj": 0}
1778234379
{"mqtt-broker-58977c7947-tszbt": 339, "mqtt-broker-58977c7947-mpq8z": 0, "mqtt-broker-58977c7947-c24gj": 0}
1778234384
{"mqtt-broker-58977c7947-tszbt": 339, "mqtt-broker-58977c7947-mpq8z": 0, "mqtt-broker-58977c7947-c24gj": 0}
1778234389
{"mqtt-broker-58977c7947-tszbt": 339, "mqtt-broker-58977c7947-mpq8z": 0, "mqtt-broker-58977c7947-c24gj": 0}
1778234394
{"mqtt-broker-58977c7947-tszbt": 339, "mqtt-broker-58977c7947-mpq8z": 0, "mqtt-broker-58977c7947-c24gj": 0}
1778234399
{"mqtt-broker-58977c7947-tszbt": 339, "mqtt-broker-58977c7947-mpq8z": 0, "mqtt-broker-58977c7947-c24gj": 0}
1778234404
{"mqtt-broker-58977c7947-tszbt": 339, "mqtt-broker-58977c7947-mpq8z": 0, "mqtt-broker-58977c7947-c24gj": 0}
1778234409
{"mqtt-broker-58977c7947-tszbt": 339, "mqtt-broker-58977c7947-mpq8z": 0, "mqtt-broker-58977c7947-c24gj": 0}
1778234414
{"mqtt-broker-58977c7947-tszbt": 339, "mqtt-broker-58977c7947-mpq8z": 0, "mqtt-broker-58977c7947-c24gj": 0}
1778234419
{"mqtt-broker-58977c7947-tszbt": 339, "mqtt-broker-58977c7947-mpq8z": 0, "mqtt-broker-58977c7947-c24gj": 0}
1778234425
{"mqtt-broker-58977c7947-tszbt": 339, "mqtt-broker-58977c7947-mpq8z": 0, "mqtt-broker-58977c7947-c24gj": 0}
1778234430
{"mqtt-broker-58977c7947-tszbt": 339, "mqtt-broker-58977c7947-mpq8z": 0, "mqtt-broker-58977c7947-c24gj": 0}
1778234435
{"mqtt-broker-58977c7947-tszbt": 339, "mqtt-broker-58977c7947-mpq8z": 0, "mqtt-broker-58977c7947-c24gj": 0}
1778234440
{"mqtt-broker-58977c7947-tszbt": 339, "mqtt-broker-58977c7947-mpq8z": 0, "mqtt-broker-58977c7947-c24gj": 0}
1778234445
{"mqtt-broker-58977c7947-tszbt": 339, "mqtt-broker-58977c7947-mpq8z": 0, "mqtt-broker-58977c7947-c24gj": 0}
1778234450
{"mqtt-broker-58977c7947-tszbt": 339, "mqtt-broker-58977c7947-mpq8z": 0, "mqtt-broker-58977c7947-c24gj": 0}
1778234455
{"mqtt-broker-58977c7947-tszbt": 339, "mqtt-broker-58977c7947-mpq8z": 0, "mqtt-broker-58977c7947-c24gj": 0}
1778234460
{"mqtt-broker-58977c7947-tszbt": 339, "mqtt-broker-58977c7947-mpq8z": 0, "mqtt-broker-58977c7947-c24gj": 0}
1778234465
{"mqtt-broker-58977c7947-tszbt": 339, "mqtt-broker-58977c7947-mpq8z": 0, "mqtt-broker-58977c7947-c24gj": 0}
1778234470
{"mqtt-broker-58977c7947-tszbt": 339, "mqtt-broker-58977c7947-mpq8z": 0, "mqtt-broker-58977c7947-c24gj": 0}
1778234475
{"mqtt-broker-58977c7947-tszbt": 339, "mqtt-broker-58977c7947-mpq8z": 0, "mqtt-broker-58977c7947-c24gj": 0}
1778234480
{"mqtt-broker-58977c7947-tszbt": 339, "mqtt-broker-58977c7947-mpq8z": 0, "mqtt-broker-58977c7947-c24gj": 0}
1778234485
{"mqtt-broker-58977c7947-tszbt": 339, "mqtt-broker-58977c7947-mpq8z": 0, "mqtt-broker-58977c7947-c24gj": 0}
1778234490
{"mqtt-broker-58977c7947-tszbt": 339, "mqtt-broker-58977c7947-mpq8z": 0, "mqtt-broker-58977c7947-c24gj": 0}
1778234495
{"mqtt-broker-58977c7947-tszbt": 339, "mqtt-broker-58977c7947-mpq8z": 0, "mqtt-broker-58977c7947-c24gj": 0}
1778234500
{"mqtt-broker-58977c7947-tszbt": 339, "mqtt-broker-58977c7947-mpq8z": 0, "mqtt-broker-58977c7947-c24gj": 0}
1778234505
{"mqtt-broker-58977c7947-tszbt": 339, "mqtt-broker-58977c7947-mpq8z": 0, "mqtt-broker-58977c7947-c24gj": 0}
1778234510
{"mqtt-broker-58977c7947-tszbt": 339, "mqtt-broker-58977c7947-mpq8z": 0, "mqtt-broker-58977c7947-c24gj": 0}
1778234515
{"mqtt-broker-58977c7947-tszbt": 339, "mqtt-broker-58977c7947-mpq8z": 0, "mqtt-broker-58977c7947-c24gj": 0}
1778234520
{"mqtt-broker-58977c7947-tszbt": 339, "mqtt-broker-58977c7947-mpq8z": 0, "mqtt-broker-58977c7947-c24gj": 0}
1778234525
{"mqtt-broker-58977c7947-tszbt": 339, "mqtt-broker-58977c7947-mpq8z": 0, "mqtt-broker-58977c7947-c24gj": 0}
1778234530
{"mqtt-broker-58977c7947-tszbt": 339, "mqtt-broker-58977c7947-mpq8z": 0, "mqtt-broker-58977c7947-c24gj": 0}
1778234535
{"mqtt-broker-58977c7947-tszbt": 339, "mqtt-broker-58977c7947-mpq8z": 0, "mqtt-broker-58977c7947-c24gj": 0}
1778234540
{"mqtt-broker-58977c7947-tszbt": 339, "mqtt-broker-58977c7947-mpq8z": 0, "mqtt-broker-58977c7947-c24gj": 0}
1778234545
{"mqtt-broker-58977c7947-tszbt": 339, "mqtt-broker-58977c7947-mpq8z": 0, "mqtt-broker-58977c7947-c24gj": 0}
1778234550
{"mqtt-broker-58977c7947-tszbt": 339, "mqtt-broker-58977c7947-mpq8z": 0, "mqtt-broker-58977c7947-c24gj": 0}
1778234555
{"mqtt-broker-58977c7947-tszbt": 339, "mqtt-broker-58977c7947-mpq8z": 0, "mqtt-broker-58977c7947-c24gj": 0}
1778234560
{"mqtt-broker-58977c7947-tszbt": 339, "mqtt-broker-58977c7947-mpq8z": 0, "mqtt-broker-58977c7947-c24gj": 0}
1778234565
{"mqtt-broker-58977c7947-tszbt": 0, "mqtt-broker-58977c7947-mpq8z": 0, "mqtt-broker-58977c7947-c24gj": 0}
1778234570
{"mqtt-broker-58977c7947-tszbt": 0, "mqtt-broker-58977c7947-mpq8z": 0, "mqtt-broker-58977c7947-c24gj": 0}
1778234575
{"mqtt-broker-58977c7947-tszbt": 0, "mqtt-broker-58977c7947-mpq8z": 0, "mqtt-broker-58977c7947-c24gj": 0}
1778234580
{"mqtt-broker-58977c7947-tszbt": 0, "mqtt-broker-58977c7947-mpq8z": 0, "mqtt-broker-58977c7947-c24gj": 0}
1778234585
{"mqtt-broker-58977c7947-tszbt": 0, "mqtt-broker-58977c7947-mpq8z": 0, "mqtt-broker-58977c7947-c24gj": 0}
1778234591
{"mqtt-broker-58977c7947-tszbt": 0, "mqtt-broker-58977c7947-mpq8z": 0, "mqtt-broker-58977c7947-c24gj": 0}
1778234596
{"mqtt-broker-58977c7947-tszbt": 0, "mqtt-broker-58977c7947-mpq8z": 0, "mqtt-broker-58977c7947-c24gj": 0}
1778234601
{"mqtt-broker-58977c7947-tszbt": 0, "mqtt-broker-58977c7947-mpq8z": 0, "mqtt-broker-58977c7947-c24gj": 0}
1778234606
{"mqtt-broker-58977c7947-tszbt": 0, "mqtt-broker-58977c7947-mpq8z": 0, "mqtt-broker-58977c7947-c24gj": 0}
1778234611
{"mqtt-broker-58977c7947-tszbt": 0, "mqtt-broker-58977c7947-mpq8z": 0, "mqtt-broker-58977c7947-c24gj": 0}
1778234616
{"mqtt-broker-58977c7947-tszbt": 0, "mqtt-broker-58977c7947-mpq8z": 0, "mqtt-broker-58977c7947-c24gj": 0}
1778234621
{"mqtt-broker-58977c7947-tszbt": 0, "mqtt-broker-58977c7947-mpq8z": 0, "mqtt-broker-58977c7947-c24gj": 0}
1778234626
{"mqtt-broker-58977c7947-tszbt": 0, "mqtt-broker-58977c7947-mpq8z": 0, "mqtt-broker-58977c7947-c24gj": 0}
1778234631
{"mqtt-broker-58977c7947-tszbt": 0, "mqtt-broker-58977c7947-mpq8z": 0, "mqtt-broker-58977c7947-c24gj": 0}
1778234636
{"mqtt-broker-58977c7947-tszbt": 0, "mqtt-broker-58977c7947-mpq8z": 0, "mqtt-broker-58977c7947-c24gj": 0}
1778234641
{"mqtt-broker-58977c7947-tszbt": 0, "mqtt-broker-58977c7947-mpq8z": 0, "mqtt-broker-58977c7947-c24gj": 0}
1778234646
{"mqtt-broker-58977c7947-tszbt": 0, "mqtt-broker-58977c7947-mpq8z": 0, "mqtt-broker-58977c7947-c24gj": 0}
1778234651
{"mqtt-broker-58977c7947-tszbt": 0, "mqtt-broker-58977c7947-mpq8z": 0, "mqtt-broker-58977c7947-c24gj": 0}
1778234656
{"mqtt-broker-58977c7947-tszbt": 0, "mqtt-broker-58977c7947-mpq8z": 0, "mqtt-broker-58977c7947-c24gj": 0}
1778234661
{"mqtt-broker-58977c7947-tszbt": 0, "mqtt-broker-58977c7947-mpq8z": 0, "mqtt-broker-58977c7947-c24gj": 0}
1778234666
{"mqtt-broker-58977c7947-tszbt": 0, "mqtt-broker-58977c7947-mpq8z": 0, "mqtt-broker-58977c7947-c24gj": 0}
1778234671
{"mqtt-broker-58977c7947-tszbt": 0, "mqtt-broker-58977c7947-mpq8z": 0, "mqtt-broker-58977c7947-c24gj": 0}
1778234676
{"mqtt-broker-58977c7947-tszbt": 0, "mqtt-broker-58977c7947-mpq8z": 0, "mqtt-broker-58977c7947-c24gj": 0}
1778234681
{"mqtt-broker-58977c7947-tszbt": 0, "mqtt-broker-58977c7947-mpq8z": 0, "mqtt-broker-58977c7947-c24gj": 0}
1778234686
{"mqtt-broker-58977c7947-tszbt": 0, "mqtt-broker-58977c7947-mpq8z": 0, "mqtt-broker-58977c7947-c24gj": 0}
1778234691
{"mqtt-broker-58977c7947-tszbt": 0, "mqtt-broker-58977c7947-mpq8z": 0, "mqtt-broker-58977c7947-c24gj": 0}
1778234696
{"mqtt-broker-58977c7947-tszbt": 0, "mqtt-broker-58977c7947-mpq8z": 0, "mqtt-broker-58977c7947-c24gj": 0}
1778234701
{"mqtt-broker-58977c7947-tszbt": 0, "mqtt-broker-58977c7947-mpq8z": 0, "mqtt-broker-58977c7947-c24gj": 0}
1778234706
{"mqtt-broker-58977c7947-tszbt": 0, "mqtt-broker-58977c7947-mpq8z": 0, "mqtt-broker-58977c7947-c24gj": 0}
1778234711
{"mqtt-broker-58977c7947-tszbt": 0, "mqtt-broker-58977c7947-mpq8z": 0, "mqtt-broker-58977c7947-c24gj": 0}
1778234716
{"mqtt-broker-58977c7947-tszbt": 0, "mqtt-broker-58977c7947-mpq8z": 0, "mqtt-broker-58977c7947-c24gj": 0}
1778234721
{"mqtt-broker-58977c7947-tszbt": 0, "mqtt-broker-58977c7947-mpq8z": 0, "mqtt-broker-58977c7947-c24gj": 0}
1778234726
{"mqtt-broker-58977c7947-tszbt": 0, "mqtt-broker-58977c7947-mpq8z": 0, "mqtt-broker-58977c7947-c24gj": 0}
1778234731
{"mqtt-broker-58977c7947-tszbt": 0, "mqtt-broker-58977c7947-mpq8z": 0, "mqtt-broker-58977c7947-c24gj": 0}
1778234736
{"mqtt-broker-58977c7947-tszbt": 0, "mqtt-broker-58977c7947-mpq8z": 0, "mqtt-broker-58977c7947-c24gj": 0}
1778234741
{"mqtt-broker-58977c7947-tszbt": 0, "mqtt-broker-58977c7947-mpq8z": 0, "mqtt-broker-58977c7947-c24gj": 0}
1778234746
{"mqtt-broker-58977c7947-tszbt": 0, "mqtt-broker-58977c7947-mpq8z": 0, "mqtt-broker-58977c7947-c24gj": 0}
1778234752
{"mqtt-broker-58977c7947-tszbt": 0, "mqtt-broker-58977c7947-mpq8z": 0, "mqtt-broker-58977c7947-c24gj": 0}
1778234757
{"mqtt-broker-58977c7947-tszbt": 0, "mqtt-broker-58977c7947-mpq8z": 0, "mqtt-broker-58977c7947-c24gj": 0}
1778234762
{"mqtt-broker-58977c7947-tszbt": 0, "mqtt-broker-58977c7947-c24gj": 0}
1778234767
{"mqtt-broker-58977c7947-tszbt": 0, "mqtt-broker-58977c7947-c24gj": 0}
1778234772
{"mqtt-broker-58977c7947-tszbt": 0, "mqtt-broker-58977c7947-c24gj": 0}
1778234777
{"mqtt-broker-58977c7947-c24gj": 0}
1778234782
{"mqtt-broker-58977c7947-c24gj": 0}
1778234787
{"mqtt-broker-58977c7947-c24gj": 0}
1778234792
{"mqtt-broker-58977c7947-c24gj": 0}
1778234797
{"mqtt-broker-58977c7947-c24gj": 0}
1778234802
{"mqtt-broker-58977c7947-c24gj": 0}
1778234807
{"mqtt-broker-58977c7947-c24gj": 0}
1778234812
{"mqtt-broker-58977c7947-c24gj": 0}
1778234817
{"mqtt-broker-58977c7947-c24gj": 0}
1778234822
{"mqtt-broker-58977c7947-c24gj": 0}
1778234827
{"mqtt-broker-58977c7947-c24gj": 0}
1778234832
{"mqtt-broker-58977c7947-c24gj": 0}
1778234837
{"mqtt-broker-58977c7947-c24gj": 0}
1778234842
{"mqtt-broker-58977c7947-c24gj": 0}
1778234847
{"mqtt-broker-58977c7947-c24gj": 0}
1778234852
{"mqtt-broker-58977c7947-c24gj": 0}
1778234857
{"mqtt-broker-58977c7947-c24gj": 0}
1778234862
{"mqtt-broker-58977c7947-c24gj": 0}
1778234867
{}
1778234872
{}
1778234877
{}
1778234882
{}
1778234887
{}
1778234892
{}
1778234898
{}
1778234903
{}
1778234908
{}
1778234913
{}
1778234918
{}
1778234923
{}
1778234928
{}
1778234933
{}
1778234938
{}
1778234943
{}
1778234948
{}
1778234953
{}
1778234958
{}
1778234963
{}
1778234968
{}
1778234973
{}
1778234978
{}
1778234983
{}
1778234988
{}
1778234993
{}
1778234998
{}
1778235004
{}
1778235009
{}
1778235014
{}
1778235019
{}
1778235024
{}
1778235029
{}
1778235034
{}
1778235039
{}
1778235044
{}
1778235049
{}
1778235054
{}
1778235059
{}
1778235064
{}
1778235069
{}
1778235074
{}
1778235079
{}
1778235084
{}
1778235089
{}
1778235094
{}
1778235099
{}
1778235105
{}
1778235110
{}
1778235115
{}
1778235120
{}
1778235125
{}
1778235130
{}
1778235135
{}
1778235140
{}
1778235145
{}
1778235150
{}
1778235155
{}
1778235160
{}
1778235165
{}
1778235170
{}
1778235175
{}
1778235180
{}
1778235185
{}
1778235190
{}
1778235195
{}
1778235200
{}
1778235206
{}
1778235211
{}
1778235216
{}
1778235221
{}
1778235226
{}
1778235231
{}
1778235236
{}
1778235241
{}
1778235246
{}
1778235251
{}
1778235256
{}
1778235261
{}
1778235266
{}
1778235271
{}
1778235276
{}
1778235281
{}
1778235286
{}
1778235291
{}
1778235296
{}
1778235302
{}
1778235307
{}
1778235312
{}
1778235317
{}
1778235322
{}
1778235327
{}
1778235332
{}
1778235337
{}
1778235342
{}
1778235347
{}
1778235352
{}
1778235357
{}
1778235362
{}
1778235367
{}
1778235372
{}
1778235377
{}
1778235382
{}
1778235387
{}
1778235392
{}
1778235398
{}
1778235403
{}
1778235408
{}
1778235413
{}
1778235418
{}
1778235423
{}
1778235428
{}
1778235433
{}
1778235438
{}
1778235443
{}
1778235448
{}
1778235453
{}
1778235458
{}
1778235463
{}
1778235468
{}
1778235473
{}
1778235479
{}
1778235484
{}
1778235489
{}
1778235494
{}
1778235499
{}
1778235504
{}
1778235509
{}
1778235514
{}
1778235519
{}
1778235524
{}
1778235529
{}
1778235534
{}
1778235539
{}
1778235545
{}
1778235550
{}
1778235555
{}
1778235560
{}
1778235565
{}
1778235570
{}
1778235575
{}
1778235580
{}
1778235585
{}
1778235590
{}
1778235595
{}
1778235600
{}
1778235605
{}
1778235610
{}
1778235615
{}
1778235621
{}
1778235626
{}
1778235631
{}
1778235636
{}
1778235641
{}
1778235646
{}
1778235651
{}
1778235656
{}
1778235661
{}
1778235666
{}
1778235671
{}
1778235676
{}
1778235681
{}
1778235686
{}
1778235691
{}
1778235696
{}
1778235701
{}
1778235707
{}
1778235712
{}
1778235717
{}
1778235722
{}
1778235727
{}
1778235732
{}
1778235737
{}
1778235742
{}
1778235747
{}
1778235752
{}
1778235757
{}
1778235762
{}
1778235767
{}
1778235772
{}
1778235777
{}
1778235782
{}
1778235787
{}
1778235792
{}
1778235797
{}
1778235802
{}
1778235808
{}
1778235813
{}
1778235818
{}
1778235823
{}
1778235828
{}
1778235833
{}
1778235838
{}
1778235843
{}
1778235848
{}
1778235853
{}
1778235858
{}
1778235863
{}
1778235868
{}
1778235873
{}
1778235878
{}
1778235883
{}
1778235888
{}
1778235893
{}
1778235898
{}
1778235903
{}
1778235909
{}
1778235914
{}
1778235919
{}
1778235924
{}
1778235929
{}
1778235934
{}
1778235939
{}
1778235944
{}
1778235949
{}
1778235954
{}
1778235959
{}
1778235964
{}
1778235969
{}
1778235974
{}
1778235979
{}
1778235984
{}
1778235989
{}
1778235994
{}
1778235999
{}
1778236005
{}
1778236010
{}
1778236015
{}
1778236020
{}
1778236025
{}
1778236030
{}
1778236035
{}
1778236040
{}
1778236045
{}
1778236050
{}
1778236055
{}
1778236060
{}
1778236065
{}
1778236070
{}
1778236075
{}
1778236080
{}
1778236085
{}
1778236090
{}
1778236095
{}
1778236100
{}
1778236106
{}
1778236111
{}
1778236116
{}
1778236121
{}
1778236126
{}
1778236131
{}
1778236136
{}
1778236141
{}
1778236146
{}
1778236151
{}
1778236156
{}
1778236161
{}
1778236166
{}
1778236171
{}
1778236176
{}
1778236181
{}
1778236186
{}
1778236191
{}
1778236197
{}
1778236202
{}
1778236207
{}
1778236212
{}
1778236217
{}
1778236222
{}
1778236227
{}
1778236232
{}
1778236237
{}
1778236242
{}
1778236247
{}
1778236252
{}
1778236257
{}
1778236262
{}
1778236267
{}
1778236272
{}
1778236277
{}
1778236283
{}
1778236288
{}
1778236293
{}
1778236298
{}
1778236303
{}
1778236308
{}
1778236313
{}
1778236318
{}
1778236323
{}
1778236328
{}
1778236333
{}
1778236338
{}
1778236343
{}
1778236348
{}
1778236353
{}
1778236358
{}
1778236363
{}
1778236368
{}
1778236373
{}
1778236378
{}
1778236383
{}
1778236389
{}
1778236394
{}
1778236399
{}
1778236404
{}
1778236409
{}
1778236414
{}
1778236419
{}
1778236424
{}
1778236429
{}
1778236434
{}
1778236439
{}
1778236444
{}
1778236449
{}
1778236454
{}
1778236459
{}
1778236464
{}
1778236469
{}
1778236474
{}
1778236479
{}
1778236484
{}
1778236489
{}
1778236495
{}
1778236500
{}
1778236505
{}
1778236510
{}
1778236515
{}
1778236520
{}
1778236525
{}
1778236530
{}
1778236535
{}
1778236540
{}
1778236545
{}
1778236550
{}
1778236555
{}
1778236560
{}
1778236565
{}
1778236570
{}
1778236575
{}
1778236580
{}
1778236585
{}
1778236590
{}
1778236596
{}
1778236601
{}
1778236606
{}
1778236611
{}
1778236616
{}
1778236621
{}
1778236626
{}
1778236631
{}
1778236636
{}
1778236641
{}
1778236646
{}
1778236651
{}
1778236656
{}
1778236661
{}
1778236666
{}
1778236671
{}
1778236676
{}
1778236681
{}
1778236687
{}
1778236692
{}
1778236697
{}
1778236702
{}
1778236707
{}
1778236712
{}
1778236717
{}
1778236722
{}
1778236727
{}
1778236732
{}
1778236737
{}
1778236742
{}
1778236747
{}
1778236752
{}
1778236757
{}
1778236762
{}
1778236767
{}
1778236772
{}
1778236778
{}
1778236783
{}
1778236788
{}
1778236793
{}
1778236798
{}
1778236803
{}
1778236808
{}
1778236813
{}
1778236818
{}
1778236823
{}
1778236828
{}
1778236833
{}
1778236838
{}
1778236843
{}
1778236848
{}
1778236853
{}
1778236858
{}
1778236863
{}
1778236868
{}
1778236873
{}
1778236879
{}
1778236884
{}
1778236889
{}
1778236894
{}
1778236899
{}
1778236904
{}
1778236909
{}
1778236914
{}
1778236919
{}
1778236924
{}
1778236929
{}
1778236934
{}
1778236939
{}
1778236944
{}
1778236949
{}
1778236954
{}
1778236959
{}
1778236964
{}
1778236969
{}
1778236974
{}
1778236979
{}
1778236985
{}
1778236990
{}
1778236995
{}
1778237000
{}
1778237005
{}
1778237010
{}
1778237015
{}
1778237020
{}
1778237025
{}
1778237030
{}
1778237035
{}
1778237040
{}
1778237045
{}
1778237050
{}
1778237055
{}
1778237060
{}
1778237065
{}
1778237070
{}
1778237075
{}
1778237080
{}
1778237085
{}
1778237090
{}
1778237096
{}
1778237101
{}
1778237106
{}
1778237111
{}
1778237116
{}
1778237121
{}
1778237126
{}
1778237131
{}
1778237136
{}
1778237141
{}
1778237146
{}
1778237151
{}
1778237156
{}
1778237161
{}
1778237166
{}
1778237171
{}
1778237176
{}
1778237181
{}
1778237186
{}
1778237191
{}
1778237196
{}
1778237201
{}
1778237207
{}
1778237212
{}
1778237217
{}
1778237222
{}
1778237227
{}
1778237232
{}
1778237237
{}
1778237242
{}
1778237247
{}
1778237252
{}
1778237257
{}
1778237262
{}
1778237267
{}
1778237272
{}
1778237277
{}
1778237282
{}
1778237287
{}
1778237292
{}
1778237297
{}
1778237302
{}
1778237307
{}
1778237312
{}
1778237318
{}
1778237323
{}
1778237328
{}
1778237333
{}
1778237338
{}
1778237343
{}
1778237348
{}
1778237353
{}
1778237358
{}
1778237363
{}
1778237368
{}
1778237373
{}
1778237378
{}
1778237383
{}
1778237388
{}
1778237393
{}
1778237398
{}
1778237403
{}
1778237408
{}
1778237413
{}
1778237418
{}
1778237423
{}
1778237429
{}
1778237434
{}
1778237439
{}
1778237444
{}
1778237449
{}
1778237454
{}
1778237459
{}
1778237464
{}
1778237469
{}
1778237474
{}
1778237479
{}
1778237484
{}
1778237489
{}
1778237494
{}
1778237499
{}
1778237504
{}
1778237509
{}
1778237514
{}
1778237519
{}
1778237524
{}
1778237529
{}
1778237534
{}
1778237540
{}
1778237545
{}
1778237550
{}
1778237555
{}
1778237560
{}
1778237565
{}
1778237570
{}
1778237575
{}
1778237580
{}
1778237585
{}
1778237590
{}
1778237595
{}
1778237600
{}
1778237605
{}
1778237610
{}
1778237615
{}
1778237620
{}
1778237625
{}
1778237630
{}
1778237635
{}
1778237640
{}
1778237646
{}
1778237651
{}
1778237656
{}
1778237661
{}
1778237666
{}
1778237671
{}
1778237676
{}
1778237681
{}
1778237686
{}
1778237691
{}
1778237696
{}
1778237701
{}
1778237706
{}
1778237711
{}
1778237716
{}
1778237721
{}
1778237726
{}
1778237731
{}
1778237736
{}
1778237741
{}
1778237746
{}
1778237751
{}
1778237757
{}
1778237762
{}
1778237767
{}
1778237772
{}
1778237777
{}
1778237782
{}
1778237787
{}
1778237792
{}
1778237797
{}
1778237802
{}
1778237807
{}
1778237812
{}
1778237817
{}
1778237822
{}
1778237827
{}
1778237832
{}
1778237837
{}
1778237842
{}
1778237847
{}
1778237852
{}
1778237857
{}
1778237862
{}
1778237868
{}
1778237873
{}
1778237878
{}
1778237883
{}
1778237888
{}
1778237893
{}
1778237898
{}
1778237903
{}
1778237908
{}
1778237913
{}
1778237918
{}
1778237923
{}
1778237928
{}
1778237933
{}
1778237938
{}
1778237943
{}
1778237948
{}
1778237953
{}
1778237958
{}
1778237963
{}
1778237968
{}
1778237973
{}
1778237979
{}
1778237984
{}
1778237989
{}
1778237994
{}
1778237999
{}
1778238004
{}
1778238009
{}
1778238014
{}
1778238019
{}
1778238024
{}
1778238029
{}
1778238034
{}
1778238039
{}
1778238044
{}
1778238049
{}
1778238054
{}
1778238059
{}
1778238064
{}
1778238069
{}
1778238074
{}
1778238079
{}
1778238085
{}
1778238090
{}
1778238095
{}
1778238100
{}
1778238105
{}
1778238110
{}
1778238115
{}
1778238120
{}
1778238125
{}
1778238130
{}
1778238135
{}
1778238140
{}
1778238145
{}
1778238150
{}
1778238155
{}
1778238160
{}
1778238165
{}
1778238170
{}
1778238175
{}
1778238180
{}
1778238186
{}
1778238191
{}
1778238196
{}
1778238201
{}
1778238206
{}
1778238211
{}
1778238216
{}
1778238221
{}
1778238226
{}
1778238231
{}
1778238236
{}
1778238241
{}
1778238246
{}
1778238251
{}
1778238256
{}
1778238261
{}
1778238266
{}
1778238271
{}
1778238276
{}
1778238281
{}
1778238287
{}
1778238292
{}
1778238297
{}
1778238302
{}
1778238307
{}
1778238312
{}
1778238317
{}
1778238322
{}
1778238327
{}
1778238332
{}
1778238337
{}
1778238342
{}
1778238347
{}
1778238352
{}
1778238357
{}
1778238362
{}
1778238367
{}
1778238372
{}
1778238377
{}
1778238383
{}
1778238388
{}
1778238393
{}
1778238398
{}
1778238403
{}
1778238408
{}
1778238413
{}
1778238418
{}
1778238423
{}
1778238428
{}
1778238433
{}
1778238438
{}
1778238443
{}
1778238448
{}
1778238453
{}
1778238458
{}
1778238463
{}
1778238468
{}
1778238473
{}
1778238478
{}
1778238483
{}
1778238489
{}
1778238494
{}
1778238499
{}
1778238504
{}
1778238509
{}
1778238514
{}
1778238519
{}
1778238524
{}
1778238529
{}
1778238534
{}
1778238539
{}
1778238544
{}
1778238549
{}
1778238554
{}
1778238559
{}
1778238564
{}
1778238569
{}
1778238574
{}
1778238579
{}
1778238584
{}
1778238590
{}
1778238595
{}
1778238600
{}
1778238605
{}
1778238610
{}
1778238615
{}
1778238620
{}
1778238625
{}
1778238630
{}
1778238635
{}
1778238640
{}
1778238645
{}
1778238650
{}
1778238655
{}
1778238660
{}
1778238665
{}
1778238670
{}
1778238675
{}
1778238680
{}
1778238685
{}
1778238691
{}
1778238696
{}
1778238701
{}
1778238706
{}
1778238711
{}
1778238716
{}
1778238721
{}
1778238726
{}
1778238731
{}
1778238736
{}
1778238741
{}
1778238746
{}
1778238751
{}
1778238756
{}
1778238761
{}
1778238766
{}
1778238771
{}
1778238776
{}
1778238781
{}
1778238786
{}
1778238792
{}
1778238797
{}
1778238802
{}
1778238807
{}
1778238812
{}
1778238817
{}
1778238822
{}
1778238827
{}
1778238832
{}
1778238837
{}
1778238842
{}
1778238847
{}
1778238852
{}
1778238857
{}
1778238862
{}
1778238867
{}
1778238872
{}
1778238877
{}
1778238882
{}
1778238887
{}
1778238892
{}
1778238898
{}
1778238903
{}
1778238908
{}
1778238913
{}
1778238918
{}
1778238923
{}
1778238928
{}
1778238933
{}
1778238938
{}
1778238943
{}
1778238948
{}
1778238953
{}
1778238958
{}
1778238963
{}
1778238968
{}
1778238973
{}
1778238978
{}
1778238983
{}
1778238988
{}
1778238993
{}
1778238998
{}
1778239003
{}
1778239009
{}
1778239014
{}
1778239019
{}
1778239024
{}
1778239029
{}
1778239034
{}
1778239039
{}
1778239044
{}
1778239049
{}
1778239054
{}
1778239059
{}
1778239064
{}
1778239069
{}
1778239074
{}
1778239079
{}
1778239084
{}
1778239089
{}
1778239094
{}
1778239099
{}
1778239104
{}
1778239109
{}
1778239114
{}
1778239120
{}
1778239125
{}
1778239130
{}
1778239135
{}
1778239140
{}
1778239145
{}
1778239150
{}
1778239155
{}
1778239160
{}
1778239165
{}
1778239170
{}
1778239175
{}
1778239180
{}
1778239185
{}
1778239190
{}
1778239195
{}
1778239200
{}
1778239205
{}
1778239210
{}
1778239215
{}
1778239220
{}
1778239226
{}
1778239231
{}
1778239236
{}
1778239241
{}
1778239246
{}
1778239251
{}
1778239256
{}
1778239261
{}
1778239266
{}
1778239271
{}
1778239276
{}
1778239281
{}
1778239286
{}
1778239291
{}
1778239296
{}
1778239301
{}
1778239306
{}
1778239311
{}
1778239317
{}
1778239322
{}
1778239327
{}
1778239332
{}
1778239337
{}
1778239342
{}
1778239347
{}
1778239352
{}
1778239357
{}
1778239362
{}
1778239367
{}
1778239372
{}
1778239377
{}
1778239382
{}
1778239387
{}
1778239392
{}
1778239398
{}
1778239403
{}
1778239408
{}
1778239413
{}
1778239418
{}
1778239423
{}
1778239428
{}
1778239433
{}
1778239438
{}
1778239443
{}
1778239448
{}
1778239453
{}
1778239458
{}
1778239463
{}
1778239468
{}
1778239473
{}
1778239479
{}
1778239484
{}
1778239489
{}
1778239494
{}
1778239499
{}
1778239504
{}
1778239509
{}
1778239514
{}
1778239519
{}
1778239524
{}
1778239529
{}
1778239534
{}
1778239539
{}
1778239544
{}
1778239549
{}
1778239554
{}
1778239559
{}
1778239564
{}
1778239569
{}
1778239574
{}
1778239580
{}
1778239585
{}
1778239590
{}
1778239595
{}
1778239600
{}
1778239605
{}
1778239610
{}
1778239615
{}
1778239620
{}
1778239625
{}
1778239630
{}
1778239635
{}
1778239640
{}
1778239645
{}
1778239650
{}
1778239655
{}
1778239660
{}
1778239665
{}
1778239670
{}
1778239675
{}
1778239680
{}
1778239686
{}
1778239691
{}
1778239696
{}
1778239701
{}
1778239706
{}
1778239711
{}
1778239716
{}
1778239721
{}
1778239726
{}
1778239731
{}
1778239736
{}
1778239741
{}
1778239746
{}
1778239751
{}
1778239756
{}
1778239761
{}
1778239766
{}
1778239771
{}
1778239776
{}
1778239782
{}
1778239787
{}
1778239792
{}
1778239797
{}
1778239802
{}
1778239807
{}
1778239812
{}
1778239817
{}
1778239822
{}
1778239827
{}
1778239832
{}
1778239837
{}
1778239842
{}
1778239847
{}
1778239852
{}
1778239857
{}
1778239862
{}
1778239867
{}
1778239873
{}
1778239878
{}
1778239883
{}
1778239888
{}
1778239893
{}
1778239898
{}
1778239903
{}
1778239908
{}
1778239913
{}
1778239918
{}
1778239923
{}
1778239928
{}
1778239933
{}
1778239938
{}
1778239943
{}
1778239948
{}
1778239953
{}
1778239958
{}
1778239963
{}
1778239969
{}
1778239974
{}
1778239979
{}
1778239984
{}
1778239989
{}
1778239994
{}
1778239999
{}
1778240004
{}
1778240009
{}
1778240014
{}
1778240019
{}
1778240024
{}
1778240029
{}
1778240034
{}
1778240039
{}
1778240044
{}
1778240049
{}
1778240054
{}
1778240059
{}
1778240064
{}
1778240070
{}
1778240075
{}
1778240080
{}
1778240085
{}
1778240090
{}
1778240095
{}
1778240100
{}
1778240105
{}
1778240110
{}
1778240115
{}
1778240120
{}
1778240125
{}
1778240130
{}
1778240135
{}
1778240140
{}
1778240145
{}
1778240150
{}
1778240155
{}
1778240161
{}
1778240166
{}
1778240171
{}
1778240176
{}
1778240181
{}
1778240186
{}
1778240191
{}
1778240196
{}
1778240201
{}
1778240206
{}
1778240211
{}
1778240216
{}
1778240221
{}
1778240226
{}
1778240231
{}
1778240236
{}
1778240241
{}
1778240247
{}
1778240252
{}
1778240257
{}
1778240262
{}
1778240267
{}
1778240272
{}
1778240277
{}
1778240282
{}
1778240287
{}
1778240292
{}
1778240297
{}
1778240302
{}
1778240307
{}
1778240312
{}
1778240317
{}
1778240322
{}
1778240327
{}
1778240332
{}
1778240337
{}
1778240342
{}
1778240348
{}
1778240353
{}
1778240358
{}
1778240363
{}
1778240368
{}
1778240373
{}
1778240378
{}
1778240383
{}
1778240388
{}
1778240393
{}
1778240398
{}
1778240403
{}
1778240408
{}
1778240413
{}
1778240418
{}
1778240423
{}
1778240428
{}
1778240433
{}
1778240438
{}
1778240443
{}
1778240449
{}
1778240454
{}
1778240459
{}
1778240464
{}
1778240469
{}
1778240474
{}
1778240479
{}
1778240484
{}
1778240489
{}
1778240494
{}
1778240499
{}
1778240504
{}
1778240509
{}
1778240514
{}
1778240519
{}
1778240524
{}
1778240529
{}
1778240534
{}
1778240540
{}
1778240545
{}
1778240550
{}
1778240555
{}
1778240560
{}
1778240565
{}
1778240570
{}
1778240575
{}
1778240580
{}
1778240585
{}
1778240590
{}
1778240595
{}
1778240600
{}
1778240605
{}
1778240610
{}
1778240615
{}
1778240620
{}
1778240625
{}
1778240630
{}
1778240635
{}
1778240641
{}
1778240646
{}
1778240651
{}
1778240656
{}
1778240661
{}
1778240666
{}
1778240671
{}
1778240676
{}
1778240681
{}
1778240686
{}
1778240691
{}
1778240696
{}
1778240701
{}
1778240706
{}
1778240711
{}
1778240716
{}
1778240721
{}
1778240726
{}
1778240732
{}
1778240737
{}
1778240742
{}
1778240747
{}
1778240752
{}
1778240757
{}
1778240762
{}
1778240767
{}
1778240772
{}
1778240777
{}
1778240782
{}
1778240787
{}
1778240792
{}
1778240797
{}
1778240802
{}
1778240807
{}
1778240812
{}
1778240817
{}
1778240822
{}
1778240828
{}
1778240833
{}
1778240838
{}
1778240843
{}
1778240848
{}
1778240853
{}
1778240858
{}
1778240863
{}
1778240868
{}
1778240873
{}
1778240878
{}
1778240883
{}
1778240888
{}
1778240893
{}
1778240898
{}
1778240903
{}
1778240909
{}
1778240914
{}
1778240919
{}
1778240924
{}
1778240929
{}
1778240934
{}
1778240939
{}
1778240944
{}
1778240949
{}
1778240954
{}
1778240959
{}
1778240964
{}
1778240969
{}
1778240974
{}
1778240979
{}
1778240984
{}
1778240989
{}
1778240994
{}
1778240999
{}
1778241004
{}
1778241009
{}
1778241015
{}
1778241020
{}
1778241025
{}
1778241030
{}
1778241035
{}
1778241040
{}
1778241045
{}
1778241050
{}
1778241055
{}
1778241060
{}
1778241065
{}
1778241070
{}
1778241075
{}
1778241080
{}
1778241085
{}
1778241090
{}
1778241095
{}
1778241100
{}
1778241105
{}
1778241110
{}
1778241116
{}
1778241121
{}
1778241126
{}
1778241131
{}
1778241136
{}
1778241141
{}
1778241146
{}
1778241151
{}
1778241156
{}
1778241161
{}
1778241166
{}
1778241171
{}
1778241176
{}
1778241181
{}
1778241186
{}
1778241191
{}
1778241196
{}
1778241201
{}
1778241206
{}
1778241212
{}
1778241217
{}
1778241222
{}
1778241227
{}
1778241232
{}
1778241237
{}
1778241242
{}
1778241247
{}
1778241252
{}
1778241257
{}
1778241262
{}
1778241267
{}
1778241272
{}
1778241277
{}
1778241282
{}
1778241287
{}
1778241292
{}
1778241297
{}
1778241302
{}
1778241308
{}
1778241313
{}
1778241318
{}
1778241323
{}
1778241328
{}
1778241333
{}
1778241338
{}
1778241343
{}
1778241348
{}
1778241353
{}
1778241358
{}
1778241363
{}
1778241368
{}
1778241373
{}
1778241378
{}
1778241383
{}
1778241389
{}
1778241394
{}
1778241399
{}
1778241404
{}
1778241409
{}
1778241414
{}
1778241419
{}
1778241424
{}
1778241429
{}
1778241434
{}
1778241439
{}
1778241444
{}
1778241449
{}
1778241454
{}
1778241460
{}
1778241465
{}
1778241470
{}
1778241475
{}
1778241480
{}
1778241485
{}
1778241490
{}
1778241495
{}
1778241500
{}
1778241505
{}
1778241510
{}
1778241515
{}
1778241520
{}
1778241525
{}
1778241530
{}
1778241536
{}
1778241541
{}
1778241546
{}
1778241551
{}
1778241556
{}
1778241561
{}
1778241566
{}
1778241571
{}
1778241576
{}
1778241581
{}
1778241586
{}
1778241591
{}
1778241596
{}
1778241601
{}
1778241606
{}
1778241611
{}
1778241616
{}
1778241621
{}
1778241626
{}
1778241632
{}
1778241637
{}
1778241642
{}
1778241647
{}
1778241652
{}
1778241657
{}
1778241662
{}
1778241667
{}
1778241672
{}
1778241677
{}
1778241682
{}
1778241687
{}
1778241692
{}
1778241697
{}
1778241702
{}
1778241707
{}
1778241712
{}
1778241717
{}
1778241722
{}
1778241727
{}
1778241733
{}
1778241738
{}
1778241743
{}
1778241748
{}
1778241753
{}
1778241758
{}
1778241763
{}
1778241768
{}
1778241773
{}
1778241778
{}
1778241783
{}
1778241788
{}
1778241793
{}
1778241798
{}
1778241803
{}
1778241808
{}
1778241814
{}
1778241819
{}
1778241824
{}
1778241829
{}
1778241834
{}
1778241839
{}
1778241844
{}
1778241849
{}
1778241854
{}
1778241859
{}
1778241864
{}
1778241869
{}
1778241874
{}
1778241879
{}
1778241884
{}
1778241890
{}
1778241895
{}
1778241900
{}
1778241905
{}
1778241910
{}
1778241915
{}
1778241920
{}
1778241925
{}
1778241930
{}
1778241935
{}
1778241940
{}
1778241945
{}
1778241950
{}
1778241955
{}
1778241960
{}
1778241965
{}
1778241971
{}
1778241976
{}
1778241981
{}
1778241986
{}
1778241991
{}
1778241996
{}
1778242001
{}
1778242006
{}
1778242011
{}
1778242016
{}
1778242021
{}
1778242026
{}
1778242031
{}
1778242036
{}
1778242041
{}
1778242046
{}
1778242051
{}
1778242056
{}
1778242061
{}
1778242066
{}
1778242071
{}
1778242077
{}
1778242082
{}
1778242087
{}
1778242092
{}
1778242097
{}
1778242102
{}
1778242107
{}
1778242112
{}
1778242117
{}
1778242122
{}
1778242127
{}
1778242132
{}
1778242137
{}
1778242142
{}
1778242147
{}
1778242152
{}
1778242157
{}
1778242162
{}
1778242167
{}
1778242172
{}
1778242177
{}
1778242183
{}
1778242188
{}
1778242193
{}
1778242198
{}
1778242203
{}
1778242208
{}
1778242213
{}
1778242218
{}
1778242223
{}
1778242228
{}
1778242233
{}
1778242238
{}
1778242243
{}
1778242248
{}
1778242253
{}
1778242258
{}
1778242263
{}
1778242268
{}
1778242273
{}
1778242278
{}
1778242284
{}
1778242289
{}
1778242294
{}
1778242299
{}
1778242304
{}
1778242309
{}
1778242314
{}
1778242319
{}
1778242324
{}
1778242329
{}
1778242334
{}
1778242339
{}
1778242344
{}
1778242349
{}
1778242354
{}
1778242359
{}
1778242364
{}
1778242369
{}
1778242374
{}
1778242379
{}
1778242384
{}
1778242390
{}
1778242395
{}
1778242400
{}
1778242405
{}
1778242410
{}
1778242415
{}
1778242420
{}
1778242425
{}
1778242430
{}
1778242435
{}
1778242440
{}
1778242445
{}
1778242450
{}
1778242455
{}
1778242460
{}
1778242465
{}
1778242470
{}
1778242475
{}
1778242480
{}
1778242485
{}
1778242491
{}
1778242496
{}
1778242501
{}
1778242506
{}
1778242511
{}
1778242516
{}
1778242521
{}
1778242527
{}
1778242532
{}
1778242538
{}
1778242543
{}
1778242548
{}
1778242553
{}
1778242558
{}
1778242564
{}
1778242569
{}
1778242574
{}
1778242579
{}
1778242584
{}
1778242589
{}
1778242595
{}
1778242600
{}
1778242605
{}
1778242610
{}
1778242615
{}
1778242620
{}
1778242625
{}
1778242630
{}
1778242635
{}
1778242640
{}
1778242645
{}
1778242650
{}
1778242655
{}
1778242660
{}
1778242665
{}
1778242670
{}
1778242675
{}
1778242680
{}
1778242685
{}
1778242691
{}
1778242696
{}
1778242701
{}
1778242706
{}
1778242711
{}
1778242716
{}
1778242721
{}
1778242726
{}
1778242731
{}
1778242736
{}
1778242741
{}
1778242746
{}
1778242751
{}
1778242756
{}
1778242762
{}
1778242767
{}
1778242772
{}
1778242778
{}
1778242783
{}
1778242788
{}
1778242793
{}
1778242799
{}
1778242804
{}
1778242810
{}
1778242815
{}
1778242820
{}
1778242825
{}
1778242831
{}
1778242836
{}
1778242841
{}
1778242846
{}
1778242851
{}
1778242856
{}
1778242861
{}
1778242866
{}
1778242871
{}
1778242876
{}
1778242881
{}
1778242886
{}
1778242891
{}
1778242896
{}
1778242901
{}
1778242907
{}
1778242912
{}
1778242917
{}
1778242922
{}
1778242927
{}
1778242932
{}
1778242937
{}
1778242942
{}
1778242947
{}
1778242952
{}
1778242957
{}
1778242962
{}
1778242967
{}
1778242972
{}
1778242977
{}
1778242982
{}
1778242987
{}
1778242993
{}
1778242998
{}
1778243003
{}
1778243008
{}
1778243013
{}
1778243018
{}
1778243023
{}
1778243028
{}
1778243033
{}
1778243038
{}
1778243043
{}
1778243048
{}
1778243053
{}
1778243058
{}
1778243063
{}
1778243068
{}
1778243073
{}
1778243078
{}
1778243083
{}
1778243088
{}
1778243094
{}
1778243099
{}
1778243104
{}
1778243109
{}
1778243114
{}
1778243119
{}
1778243124
{}
1778243129
{}
1778243134
{}
1778243139
{}
1778243144
{}
1778243149
{}
1778243154
{}
1778243159
{}
1778243164
{}
1778243169
{}
1778243174
{}
1778243179
{}
1778243184
{}
1778243189
{}
1778243194
{}
1778243200
{}
1778243205
{}
1778243210
{}
1778243215
{}
1778243220
{}
1778243225
{}
1778243230
{}
1778243235
{}
1778243240
{}
1778243245
{}
1778243250
{}
1778243255
{}
1778243260
{}
1778243265
{}
1778243270
{}
1778243275
{}
1778243280
{}
1778243285
{}
1778243290
{}
1778243296
{}
1778243301
{}
1778243306
{}
1778243311
{}
1778243316
{}
1778243321
{}
1778243326
{}
1778243331
{}
1778243336
{}
1778243341
{}
1778243346
{}
1778243351
{}
1778243356
{}
1778243361
{}
1778243366
{}
1778243371
{}
1778243376
{}
1778243381
{}
1778243387
{}
1778243392
{}
1778243397
{}
1778243402
{}
1778243407
{}
1778243412
{}
1778243417
{}
1778243422
{}
1778243427
{}
1778243432
{}
1778243437
{}
1778243442
{}
1778243447
{}
1778243452
{}
1778243457
{}
1778243462
{}
1778243467
{}
1778243472
{}
1778243477
{}
1778243483
{}
1778243488
{}
1778243493
{}
1778243498
{}
1778243503
{}
1778243508
{}
1778243513
{}
1778243518
{}
1778243523
{}
1778243528
{}
1778243533
{}
1778243538
{}
1778243543
{}
1778243548
{}
1778243553
{}
1778243558
{}
1778243563
{}
1778243568
{}
1778243573
{}
1778243578
{}
1778243583
{}
1778243588
{}
1778243594
{}
1778243599
{}
1778243604
{}
1778243609
{}
1778243614
{}
1778243619
{}
1778243624
{}
1778243629
{}
1778243634
{}
1778243639
{}
1778243644
{}
1778243649
{}
1778243654
{}
1778243659
{}
1778243664
{}
1778243669
{}
1778243674
{}
1778243679
{}
1778243684
{}
1778243689
{}
1778243694
{}
1778243700
{}
1778243705
{}
1778243710
{}
1778243715
{}
1778243720
{}
1778243725
{}
1778243730
{}
1778243735
{}
1778243740
{}
1778243745
{}
1778243750
{}
1778243755
{}
1778243760
{}
1778243765
{}
1778243770
{}
1778243775
{}
1778243780
{}
1778243785
{}
1778243790
{}
1778243795
{}
1778243800
{}
1778243806
{}
1778243811
{}
1778243816
{}
1778243821
{}
1778243826
{}
1778243831
{}
1778243836
{}
1778243841
{}
1778243846
{}
1778243851
{}
1778243856
{}
1778243861
{}
1778243866
{}
1778243871
{}
1778243876
{}
1778243881
{}
1778243886
{}
1778243891
{}
1778243896
{}
1778243901
{}
1778243907
{}
1778243912
{}
1778243917
{}
1778243922
{}
1778243927
{}
1778243932
{}
1778243937
{}
1778243942
{}
1778243947
{}
1778243952
{}
1778243957
{}
1778243962
{}
1778243967
{}
1778243972
{}
1778243977
{}
1778243982
{}
1778243988
{}
1778243993
{}
1778243998
{}
1778244003
{}
1778244008
{}
1778244013
{}
1778244018
{}
1778244024
{}
1778244029
{}
1778244034
{}
1778244039
{}
1778244044
{}
1778244049
{}
1778244055
{}
1778244060
{}
1778244065
{}
1778244070
{}
1778244075
{}
1778244080
{}
1778244085
{}
1778244090
{}
1778244096
{}
1778244101
{}
1778244106
{}
1778244111
{"mqtt-broker-65c6fb9d94-cmxnl": 0, "mqtt-broker-65c6fb9d94-k9fnp": 0}
1778244116
{"mqtt-broker-65c6fb9d94-cmxnl": 0, "mqtt-broker-65c6fb9d94-k9fnp": 0}
1778244121
{"mqtt-broker-65c6fb9d94-cmxnl": 0, "mqtt-broker-65c6fb9d94-k9fnp": 0}
1778244126
{"mqtt-broker-65c6fb9d94-cmxnl": 108, "mqtt-broker-65c6fb9d94-k9fnp": 119}
1778244131
{"mqtt-broker-65c6fb9d94-cmxnl": 108, "mqtt-broker-65c6fb9d94-k9fnp": 119}
1778244136
{"mqtt-broker-65c6fb9d94-cmxnl": 108, "mqtt-broker-65c6fb9d94-k9fnp": 119}
1778244141
{"mqtt-broker-65c6fb9d94-cmxnl": 176, "mqtt-broker-65c6fb9d94-k9fnp": 163}
1778244146
{"mqtt-broker-65c6fb9d94-cmxnl": 176, "mqtt-broker-65c6fb9d94-k9fnp": 163}
1778244151
{"mqtt-broker-65c6fb9d94-cmxnl": 176, "mqtt-broker-65c6fb9d94-k9fnp": 163}
1778244156
{"mqtt-broker-65c6fb9d94-cmxnl": 176, "mqtt-broker-65c6fb9d94-k9fnp": 163, "mqtt-broker-65c6fb9d94-nrtbj": 0}
1778244161
{"mqtt-broker-65c6fb9d94-cmxnl": 176, "mqtt-broker-65c6fb9d94-k9fnp": 163, "mqtt-broker-65c6fb9d94-nrtbj": 0}
1778244166
{"mqtt-broker-65c6fb9d94-cmxnl": 176, "mqtt-broker-65c6fb9d94-k9fnp": 163, "mqtt-broker-65c6fb9d94-nrtbj": 0}
1778244171
{"mqtt-broker-65c6fb9d94-cmxnl": 176, "mqtt-broker-65c6fb9d94-k9fnp": 163, "mqtt-broker-65c6fb9d94-nrtbj": 0}
1778244176
{"mqtt-broker-65c6fb9d94-cmxnl": 176, "mqtt-broker-65c6fb9d94-k9fnp": 163, "mqtt-broker-65c6fb9d94-nrtbj": 0}
1778244181
{"mqtt-broker-65c6fb9d94-cmxnl": 176, "mqtt-broker-65c6fb9d94-k9fnp": 163, "mqtt-broker-65c6fb9d94-nrtbj": 0}
1778244186
{"mqtt-broker-65c6fb9d94-cmxnl": 176, "mqtt-broker-65c6fb9d94-k9fnp": 163, "mqtt-broker-65c6fb9d94-nrtbj": 0}
1778244191
{"mqtt-broker-65c6fb9d94-cmxnl": 176, "mqtt-broker-65c6fb9d94-k9fnp": 163, "mqtt-broker-65c6fb9d94-nrtbj": 0}
1778244196
{"mqtt-broker-65c6fb9d94-cmxnl": 176, "mqtt-broker-65c6fb9d94-k9fnp": 163, "mqtt-broker-65c6fb9d94-nrtbj": 0}
1778244201
{"mqtt-broker-65c6fb9d94-cmxnl": 176, "mqtt-broker-65c6fb9d94-k9fnp": 163, "mqtt-broker-65c6fb9d94-nrtbj": 0}
1778244206
{"mqtt-broker-65c6fb9d94-cmxnl": 176, "mqtt-broker-65c6fb9d94-k9fnp": 163, "mqtt-broker-65c6fb9d94-nrtbj": 0}
1778244211
{"mqtt-broker-65c6fb9d94-cmxnl": 176, "mqtt-broker-65c6fb9d94-k9fnp": 163, "mqtt-broker-65c6fb9d94-nrtbj": 0}
1778244217
{"mqtt-broker-65c6fb9d94-cmxnl": 176, "mqtt-broker-65c6fb9d94-k9fnp": 163, "mqtt-broker-65c6fb9d94-nrtbj": 0}
1778244222
{"mqtt-broker-65c6fb9d94-cmxnl": 176, "mqtt-broker-65c6fb9d94-k9fnp": 163, "mqtt-broker-65c6fb9d94-nrtbj": 0}
1778244227
{"mqtt-broker-65c6fb9d94-cmxnl": 176, "mqtt-broker-65c6fb9d94-k9fnp": 163, "mqtt-broker-65c6fb9d94-nrtbj": 0}
1778244232
{"mqtt-broker-65c6fb9d94-cmxnl": 176, "mqtt-broker-65c6fb9d94-k9fnp": 163, "mqtt-broker-65c6fb9d94-nrtbj": 0}
1778244237
{"mqtt-broker-65c6fb9d94-cmxnl": 176, "mqtt-broker-65c6fb9d94-k9fnp": 163, "mqtt-broker-65c6fb9d94-nrtbj": 0}
1778244242
{"mqtt-broker-65c6fb9d94-cmxnl": 176, "mqtt-broker-65c6fb9d94-k9fnp": 163, "mqtt-broker-65c6fb9d94-nrtbj": 0}
1778244247
{"mqtt-broker-65c6fb9d94-cmxnl": 176, "mqtt-broker-65c6fb9d94-k9fnp": 163, "mqtt-broker-65c6fb9d94-nrtbj": 0}
1778244252
{"mqtt-broker-65c6fb9d94-cmxnl": 176, "mqtt-broker-65c6fb9d94-k9fnp": 163, "mqtt-broker-65c6fb9d94-nrtbj": 0}
1778244257
{"mqtt-broker-65c6fb9d94-cmxnl": 176, "mqtt-broker-65c6fb9d94-k9fnp": 163, "mqtt-broker-65c6fb9d94-nrtbj": 0}
1778244262
{"mqtt-broker-65c6fb9d94-cmxnl": 176, "mqtt-broker-65c6fb9d94-k9fnp": 163, "mqtt-broker-65c6fb9d94-nrtbj": 0}
1778244267
{"mqtt-broker-65c6fb9d94-cmxnl": 176, "mqtt-broker-65c6fb9d94-k9fnp": 163, "mqtt-broker-65c6fb9d94-nrtbj": 0}
1778244272
{"mqtt-broker-65c6fb9d94-cmxnl": 176, "mqtt-broker-65c6fb9d94-k9fnp": 163, "mqtt-broker-65c6fb9d94-nrtbj": 0}
1778244277
{"mqtt-broker-65c6fb9d94-cmxnl": 176, "mqtt-broker-65c6fb9d94-k9fnp": 163, "mqtt-broker-65c6fb9d94-nrtbj": 0}
1778244282
{"mqtt-broker-65c6fb9d94-cmxnl": 176, "mqtt-broker-65c6fb9d94-k9fnp": 163, "mqtt-broker-65c6fb9d94-nrtbj": 0}
1778244287
{"mqtt-broker-65c6fb9d94-cmxnl": 176, "mqtt-broker-65c6fb9d94-k9fnp": 163, "mqtt-broker-65c6fb9d94-nrtbj": 0}
1778244292
{"mqtt-broker-65c6fb9d94-cmxnl": 176, "mqtt-broker-65c6fb9d94-k9fnp": 163, "mqtt-broker-65c6fb9d94-nrtbj": 0}
1778244297
{"mqtt-broker-65c6fb9d94-cmxnl": 176, "mqtt-broker-65c6fb9d94-k9fnp": 163, "mqtt-broker-65c6fb9d94-nrtbj": 0}
1778244302
{"mqtt-broker-65c6fb9d94-cmxnl": 176, "mqtt-broker-65c6fb9d94-k9fnp": 163, "mqtt-broker-65c6fb9d94-nrtbj": 0}
1778244307
{"mqtt-broker-65c6fb9d94-cmxnl": 176, "mqtt-broker-65c6fb9d94-k9fnp": 163, "mqtt-broker-65c6fb9d94-nrtbj": 0}
1778244312
{"mqtt-broker-65c6fb9d94-cmxnl": 176, "mqtt-broker-65c6fb9d94-k9fnp": 163, "mqtt-broker-65c6fb9d94-nrtbj": 0}
1778244317
{"mqtt-broker-65c6fb9d94-cmxnl": 176, "mqtt-broker-65c6fb9d94-k9fnp": 163, "mqtt-broker-65c6fb9d94-nrtbj": 0}
1778244322
{"mqtt-broker-65c6fb9d94-cmxnl": 176, "mqtt-broker-65c6fb9d94-k9fnp": 163, "mqtt-broker-65c6fb9d94-nrtbj": 0}
1778244327
{"mqtt-broker-65c6fb9d94-cmxnl": 176, "mqtt-broker-65c6fb9d94-k9fnp": 163, "mqtt-broker-65c6fb9d94-nrtbj": 0}
1778244332
{"mqtt-broker-65c6fb9d94-cmxnl": 176, "mqtt-broker-65c6fb9d94-k9fnp": 163, "mqtt-broker-65c6fb9d94-nrtbj": 0}
1778244337
{"mqtt-broker-65c6fb9d94-cmxnl": 176, "mqtt-broker-65c6fb9d94-k9fnp": 163, "mqtt-broker-65c6fb9d94-nrtbj": 0}
1778244342
{"mqtt-broker-65c6fb9d94-cmxnl": 176, "mqtt-broker-65c6fb9d94-k9fnp": 163, "mqtt-broker-65c6fb9d94-nrtbj": 0}
1778244347
{"mqtt-broker-65c6fb9d94-cmxnl": 176, "mqtt-broker-65c6fb9d94-k9fnp": 163, "mqtt-broker-65c6fb9d94-nrtbj": 0}
1778244352
{"mqtt-broker-65c6fb9d94-cmxnl": 176, "mqtt-broker-65c6fb9d94-k9fnp": 163, "mqtt-broker-65c6fb9d94-nrtbj": 0}
1778244357
{"mqtt-broker-65c6fb9d94-cmxnl": 176, "mqtt-broker-65c6fb9d94-k9fnp": 163, "mqtt-broker-65c6fb9d94-nrtbj": 0}
1778244362
{"mqtt-broker-65c6fb9d94-cmxnl": 176, "mqtt-broker-65c6fb9d94-k9fnp": 163, "mqtt-broker-65c6fb9d94-nrtbj": 0}
1778244367
{"mqtt-broker-65c6fb9d94-cmxnl": 176, "mqtt-broker-65c6fb9d94-k9fnp": 163, "mqtt-broker-65c6fb9d94-nrtbj": 0}
1778244372
{"mqtt-broker-65c6fb9d94-cmxnl": 176, "mqtt-broker-65c6fb9d94-k9fnp": 163, "mqtt-broker-65c6fb9d94-nrtbj": 0}
1778244377
{"mqtt-broker-65c6fb9d94-cmxnl": 176, "mqtt-broker-65c6fb9d94-k9fnp": 163, "mqtt-broker-65c6fb9d94-nrtbj": 0}
1778244383
{"mqtt-broker-65c6fb9d94-cmxnl": 176, "mqtt-broker-65c6fb9d94-k9fnp": 163, "mqtt-broker-65c6fb9d94-nrtbj": 0}
1778244388
{"mqtt-broker-65c6fb9d94-cmxnl": 176, "mqtt-broker-65c6fb9d94-k9fnp": 163, "mqtt-broker-65c6fb9d94-nrtbj": 0}
1778244393
{"mqtt-broker-65c6fb9d94-cmxnl": 176, "mqtt-broker-65c6fb9d94-k9fnp": 163, "mqtt-broker-65c6fb9d94-nrtbj": 0}
1778244398
{"mqtt-broker-65c6fb9d94-cmxnl": 176, "mqtt-broker-65c6fb9d94-k9fnp": 163, "mqtt-broker-65c6fb9d94-nrtbj": 0}
1778244403
{"mqtt-broker-65c6fb9d94-cmxnl": 176, "mqtt-broker-65c6fb9d94-k9fnp": 163, "mqtt-broker-65c6fb9d94-nrtbj": 0}
1778244408
{"mqtt-broker-65c6fb9d94-cmxnl": 176, "mqtt-broker-65c6fb9d94-k9fnp": 163, "mqtt-broker-65c6fb9d94-nrtbj": 0}
1778244413
{"mqtt-broker-65c6fb9d94-cmxnl": 176, "mqtt-broker-65c6fb9d94-k9fnp": 163, "mqtt-broker-65c6fb9d94-nrtbj": 0}
1778244418
{"mqtt-broker-65c6fb9d94-cmxnl": 176, "mqtt-broker-65c6fb9d94-k9fnp": 163, "mqtt-broker-65c6fb9d94-nrtbj": 0}
1778244423
{"mqtt-broker-65c6fb9d94-cmxnl": 176, "mqtt-broker-65c6fb9d94-k9fnp": 163, "mqtt-broker-65c6fb9d94-nrtbj": 0}
1778244428
{"mqtt-broker-65c6fb9d94-cmxnl": 176, "mqtt-broker-65c6fb9d94-k9fnp": 163, "mqtt-broker-65c6fb9d94-nrtbj": 0}
1778244433
{"mqtt-broker-65c6fb9d94-cmxnl": 176, "mqtt-broker-65c6fb9d94-k9fnp": 163, "mqtt-broker-65c6fb9d94-nrtbj": 0}
1778244438
{"mqtt-broker-65c6fb9d94-cmxnl": 176, "mqtt-broker-65c6fb9d94-k9fnp": 163, "mqtt-broker-65c6fb9d94-nrtbj": 0}
1778244443
{"mqtt-broker-65c6fb9d94-cmxnl": 176, "mqtt-broker-65c6fb9d94-k9fnp": 163, "mqtt-broker-65c6fb9d94-nrtbj": 0}
1778244448
{"mqtt-broker-65c6fb9d94-cmxnl": 176, "mqtt-broker-65c6fb9d94-k9fnp": 163, "mqtt-broker-65c6fb9d94-nrtbj": 0}
1778244453
{"mqtt-broker-65c6fb9d94-cmxnl": 176, "mqtt-broker-65c6fb9d94-k9fnp": 163, "mqtt-broker-65c6fb9d94-nrtbj": 0}
1778244458
{"mqtt-broker-65c6fb9d94-cmxnl": 176, "mqtt-broker-65c6fb9d94-k9fnp": 163, "mqtt-broker-65c6fb9d94-nrtbj": 0}
1778244463
{"mqtt-broker-65c6fb9d94-cmxnl": 176, "mqtt-broker-65c6fb9d94-k9fnp": 163, "mqtt-broker-65c6fb9d94-nrtbj": 0}
1778244468
{"mqtt-broker-65c6fb9d94-cmxnl": 176, "mqtt-broker-65c6fb9d94-k9fnp": 163, "mqtt-broker-65c6fb9d94-nrtbj": 0}
1778244473
{"mqtt-broker-65c6fb9d94-cmxnl": 176, "mqtt-broker-65c6fb9d94-k9fnp": 163, "mqtt-broker-65c6fb9d94-nrtbj": 0}
1778244478
{"mqtt-broker-65c6fb9d94-cmxnl": 176, "mqtt-broker-65c6fb9d94-k9fnp": 163, "mqtt-broker-65c6fb9d94-nrtbj": 0}
1778244483
{"mqtt-broker-65c6fb9d94-cmxnl": 176, "mqtt-broker-65c6fb9d94-k9fnp": 163, "mqtt-broker-65c6fb9d94-nrtbj": 0}
1778244488
{"mqtt-broker-65c6fb9d94-cmxnl": 176, "mqtt-broker-65c6fb9d94-k9fnp": 163, "mqtt-broker-65c6fb9d94-nrtbj": 0}
1778244493
{"mqtt-broker-65c6fb9d94-cmxnl": 176, "mqtt-broker-65c6fb9d94-k9fnp": 163, "mqtt-broker-65c6fb9d94-nrtbj": 0}
1778244498
{"mqtt-broker-65c6fb9d94-cmxnl": 176, "mqtt-broker-65c6fb9d94-k9fnp": 163, "mqtt-broker-65c6fb9d94-nrtbj": 0}
1778244503
{"mqtt-broker-65c6fb9d94-cmxnl": 176, "mqtt-broker-65c6fb9d94-k9fnp": 163, "mqtt-broker-65c6fb9d94-nrtbj": 0}
1778244508
{"mqtt-broker-65c6fb9d94-cmxnl": 176, "mqtt-broker-65c6fb9d94-k9fnp": 163, "mqtt-broker-65c6fb9d94-nrtbj": 0}
1778244513
{"mqtt-broker-65c6fb9d94-cmxnl": 176, "mqtt-broker-65c6fb9d94-k9fnp": 163, "mqtt-broker-65c6fb9d94-nrtbj": 0}
1778244518
{"mqtt-broker-65c6fb9d94-cmxnl": 176, "mqtt-broker-65c6fb9d94-k9fnp": 163, "mqtt-broker-65c6fb9d94-nrtbj": 0}
1778244523
{"mqtt-broker-65c6fb9d94-cmxnl": 176, "mqtt-broker-65c6fb9d94-k9fnp": 163, "mqtt-broker-65c6fb9d94-nrtbj": 0}
1778244528
{"mqtt-broker-65c6fb9d94-cmxnl": 176, "mqtt-broker-65c6fb9d94-k9fnp": 163, "mqtt-broker-65c6fb9d94-nrtbj": 0}
1778244534
{"mqtt-broker-65c6fb9d94-cmxnl": 176, "mqtt-broker-65c6fb9d94-k9fnp": 163, "mqtt-broker-65c6fb9d94-nrtbj": 0}
1778244539
{"mqtt-broker-65c6fb9d94-cmxnl": 176, "mqtt-broker-65c6fb9d94-k9fnp": 163, "mqtt-broker-65c6fb9d94-nrtbj": 0}
1778244544
{"mqtt-broker-65c6fb9d94-cmxnl": 176, "mqtt-broker-65c6fb9d94-k9fnp": 163, "mqtt-broker-65c6fb9d94-nrtbj": 0}
1778244549
{"mqtt-broker-65c6fb9d94-cmxnl": 176, "mqtt-broker-65c6fb9d94-k9fnp": 163, "mqtt-broker-65c6fb9d94-nrtbj": 0}
1778244554
{"mqtt-broker-65c6fb9d94-cmxnl": 176, "mqtt-broker-65c6fb9d94-k9fnp": 163, "mqtt-broker-65c6fb9d94-nrtbj": 0}
1778244559
{"mqtt-broker-65c6fb9d94-cmxnl": 176, "mqtt-broker-65c6fb9d94-k9fnp": 163, "mqtt-broker-65c6fb9d94-nrtbj": 0}
1778244564
{"mqtt-broker-65c6fb9d94-cmxnl": 176, "mqtt-broker-65c6fb9d94-k9fnp": 163, "mqtt-broker-65c6fb9d94-nrtbj": 0}
1778244569
{"mqtt-broker-65c6fb9d94-cmxnl": 176, "mqtt-broker-65c6fb9d94-k9fnp": 163, "mqtt-broker-65c6fb9d94-nrtbj": 0}
1778244574
{"mqtt-broker-65c6fb9d94-cmxnl": 176, "mqtt-broker-65c6fb9d94-k9fnp": 163, "mqtt-broker-65c6fb9d94-nrtbj": 0}
1778244579
{"mqtt-broker-65c6fb9d94-cmxnl": 176, "mqtt-broker-65c6fb9d94-k9fnp": 163, "mqtt-broker-65c6fb9d94-nrtbj": 0}
1778244584
{"mqtt-broker-65c6fb9d94-cmxnl": 176, "mqtt-broker-65c6fb9d94-k9fnp": 163, "mqtt-broker-65c6fb9d94-nrtbj": 0}
1778244589
{"mqtt-broker-65c6fb9d94-cmxnl": 176, "mqtt-broker-65c6fb9d94-k9fnp": 163, "mqtt-broker-65c6fb9d94-nrtbj": 0}
1778244594
{"mqtt-broker-65c6fb9d94-cmxnl": 176, "mqtt-broker-65c6fb9d94-k9fnp": 163, "mqtt-broker-65c6fb9d94-nrtbj": 0}
1778244599
{"mqtt-broker-65c6fb9d94-cmxnl": 176, "mqtt-broker-65c6fb9d94-k9fnp": 163, "mqtt-broker-65c6fb9d94-nrtbj": 0}
1778244604
{"mqtt-broker-65c6fb9d94-cmxnl": 176, "mqtt-broker-65c6fb9d94-k9fnp": 163, "mqtt-broker-65c6fb9d94-nrtbj": 0}
1778244609
{"mqtt-broker-65c6fb9d94-cmxnl": 176, "mqtt-broker-65c6fb9d94-k9fnp": 163, "mqtt-broker-65c6fb9d94-nrtbj": 0}
1778244614
{"mqtt-broker-65c6fb9d94-cmxnl": 176, "mqtt-broker-65c6fb9d94-k9fnp": 163, "mqtt-broker-65c6fb9d94-nrtbj": 0}
1778244619
{"mqtt-broker-65c6fb9d94-cmxnl": 176, "mqtt-broker-65c6fb9d94-k9fnp": 163, "mqtt-broker-65c6fb9d94-nrtbj": 0}
1778244624
{"mqtt-broker-65c6fb9d94-cmxnl": 176, "mqtt-broker-65c6fb9d94-k9fnp": 163, "mqtt-broker-65c6fb9d94-nrtbj": 0}
1778244629
{"mqtt-broker-65c6fb9d94-cmxnl": 176, "mqtt-broker-65c6fb9d94-k9fnp": 163, "mqtt-broker-65c6fb9d94-nrtbj": 0}
1778244634
{"mqtt-broker-65c6fb9d94-cmxnl": 176, "mqtt-broker-65c6fb9d94-k9fnp": 163, "mqtt-broker-65c6fb9d94-nrtbj": 0}
1778244639
{"mqtt-broker-65c6fb9d94-cmxnl": 176, "mqtt-broker-65c6fb9d94-k9fnp": 163, "mqtt-broker-65c6fb9d94-nrtbj": 0}
1778244644
{"mqtt-broker-65c6fb9d94-cmxnl": 176, "mqtt-broker-65c6fb9d94-k9fnp": 163, "mqtt-broker-65c6fb9d94-nrtbj": 0}
1778244649
{"mqtt-broker-65c6fb9d94-cmxnl": 176, "mqtt-broker-65c6fb9d94-k9fnp": 163, "mqtt-broker-65c6fb9d94-nrtbj": 0}
1778244654
{"mqtt-broker-65c6fb9d94-cmxnl": 176, "mqtt-broker-65c6fb9d94-k9fnp": 163, "mqtt-broker-65c6fb9d94-nrtbj": 0}
1778244659
{"mqtt-broker-65c6fb9d94-cmxnl": 176, "mqtt-broker-65c6fb9d94-k9fnp": 163, "mqtt-broker-65c6fb9d94-nrtbj": 0}
1778244664
{"mqtt-broker-65c6fb9d94-cmxnl": 176, "mqtt-broker-65c6fb9d94-k9fnp": 163, "mqtt-broker-65c6fb9d94-nrtbj": 0}
1778244669
{"mqtt-broker-65c6fb9d94-cmxnl": 176, "mqtt-broker-65c6fb9d94-k9fnp": 163, "mqtt-broker-65c6fb9d94-nrtbj": 0}
1778244674
{"mqtt-broker-65c6fb9d94-cmxnl": 176, "mqtt-broker-65c6fb9d94-k9fnp": 163, "mqtt-broker-65c6fb9d94-nrtbj": 0}
1778244679
{"mqtt-broker-65c6fb9d94-cmxnl": 176, "mqtt-broker-65c6fb9d94-k9fnp": 163, "mqtt-broker-65c6fb9d94-nrtbj": 0}
1778244684
{"mqtt-broker-65c6fb9d94-cmxnl": 176, "mqtt-broker-65c6fb9d94-k9fnp": 163, "mqtt-broker-65c6fb9d94-nrtbj": 0}
1778244689
{"mqtt-broker-65c6fb9d94-cmxnl": 176, "mqtt-broker-65c6fb9d94-k9fnp": 163, "mqtt-broker-65c6fb9d94-nrtbj": 0}
1778244694
{"mqtt-broker-65c6fb9d94-cmxnl": 176, "mqtt-broker-65c6fb9d94-k9fnp": 163, "mqtt-broker-65c6fb9d94-nrtbj": 0}
1778244700
{"mqtt-broker-65c6fb9d94-cmxnl": 176, "mqtt-broker-65c6fb9d94-k9fnp": 163, "mqtt-broker-65c6fb9d94-nrtbj": 0}
1778244705
{"mqtt-broker-65c6fb9d94-cmxnl": 176, "mqtt-broker-65c6fb9d94-k9fnp": 163, "mqtt-broker-65c6fb9d94-nrtbj": 0}
1778244710
{"mqtt-broker-65c6fb9d94-cmxnl": 176, "mqtt-broker-65c6fb9d94-k9fnp": 163, "mqtt-broker-65c6fb9d94-nrtbj": 0}
1778244715
{"mqtt-broker-65c6fb9d94-cmxnl": 176, "mqtt-broker-65c6fb9d94-k9fnp": 163, "mqtt-broker-65c6fb9d94-nrtbj": 0}
1778244720
{"mqtt-broker-65c6fb9d94-cmxnl": 176, "mqtt-broker-65c6fb9d94-k9fnp": 163, "mqtt-broker-65c6fb9d94-nrtbj": 0}
1778244725
{"mqtt-broker-65c6fb9d94-cmxnl": 176, "mqtt-broker-65c6fb9d94-k9fnp": 163, "mqtt-broker-65c6fb9d94-nrtbj": 0}
1778244730
{"mqtt-broker-65c6fb9d94-cmxnl": 176, "mqtt-broker-65c6fb9d94-k9fnp": 163, "mqtt-broker-65c6fb9d94-nrtbj": 0}
1778244735
{"mqtt-broker-65c6fb9d94-cmxnl": 176, "mqtt-broker-65c6fb9d94-k9fnp": 163, "mqtt-broker-65c6fb9d94-nrtbj": 0}
1778244740
{"mqtt-broker-65c6fb9d94-cmxnl": 176, "mqtt-broker-65c6fb9d94-k9fnp": 163, "mqtt-broker-65c6fb9d94-nrtbj": 0}
1778244745
{"mqtt-broker-65c6fb9d94-cmxnl": 176, "mqtt-broker-65c6fb9d94-k9fnp": 163, "mqtt-broker-65c6fb9d94-nrtbj": 0}
1778244750
{"mqtt-broker-65c6fb9d94-cmxnl": 176, "mqtt-broker-65c6fb9d94-k9fnp": 163, "mqtt-broker-65c6fb9d94-nrtbj": 0}
1778244755
{"mqtt-broker-65c6fb9d94-cmxnl": 176, "mqtt-broker-65c6fb9d94-k9fnp": 163, "mqtt-broker-65c6fb9d94-nrtbj": 0}
1778244760
{"mqtt-broker-65c6fb9d94-cmxnl": 176, "mqtt-broker-65c6fb9d94-k9fnp": 163, "mqtt-broker-65c6fb9d94-nrtbj": 0}
1778244765
{"mqtt-broker-65c6fb9d94-cmxnl": 176, "mqtt-broker-65c6fb9d94-k9fnp": 163, "mqtt-broker-65c6fb9d94-nrtbj": 0}
1778244770
{"mqtt-broker-65c6fb9d94-cmxnl": 176, "mqtt-broker-65c6fb9d94-k9fnp": 163, "mqtt-broker-65c6fb9d94-nrtbj": 0}
1778244775
{"mqtt-broker-65c6fb9d94-cmxnl": 176, "mqtt-broker-65c6fb9d94-k9fnp": 163, "mqtt-broker-65c6fb9d94-nrtbj": 0}
1778244780
{"mqtt-broker-65c6fb9d94-cmxnl": 176, "mqtt-broker-65c6fb9d94-k9fnp": 163, "mqtt-broker-65c6fb9d94-nrtbj": 0}
1778244785
{"mqtt-broker-65c6fb9d94-cmxnl": 176, "mqtt-broker-65c6fb9d94-k9fnp": 163, "mqtt-broker-65c6fb9d94-nrtbj": 0}
1778244790
{"mqtt-broker-65c6fb9d94-cmxnl": 176, "mqtt-broker-65c6fb9d94-k9fnp": 163, "mqtt-broker-65c6fb9d94-nrtbj": 0}
1778244795
{"mqtt-broker-65c6fb9d94-cmxnl": 176, "mqtt-broker-65c6fb9d94-k9fnp": 163, "mqtt-broker-65c6fb9d94-nrtbj": 0}
1778244800
{"mqtt-broker-65c6fb9d94-cmxnl": 176, "mqtt-broker-65c6fb9d94-k9fnp": 163, "mqtt-broker-65c6fb9d94-nrtbj": 0}
1778244805
{"mqtt-broker-65c6fb9d94-cmxnl": 176, "mqtt-broker-65c6fb9d94-k9fnp": 163, "mqtt-broker-65c6fb9d94-nrtbj": 0}
1778244810
{"mqtt-broker-65c6fb9d94-cmxnl": 176, "mqtt-broker-65c6fb9d94-k9fnp": 163, "mqtt-broker-65c6fb9d94-nrtbj": 0}
1778244815
{"mqtt-broker-65c6fb9d94-cmxnl": 176, "mqtt-broker-65c6fb9d94-k9fnp": 163, "mqtt-broker-65c6fb9d94-nrtbj": 0}
1778244820
{"mqtt-broker-65c6fb9d94-cmxnl": 176, "mqtt-broker-65c6fb9d94-k9fnp": 163, "mqtt-broker-65c6fb9d94-nrtbj": 0}
1778244825
{"mqtt-broker-65c6fb9d94-cmxnl": 176, "mqtt-broker-65c6fb9d94-k9fnp": 163, "mqtt-broker-65c6fb9d94-nrtbj": 0}
1778244830
{"mqtt-broker-65c6fb9d94-cmxnl": 0, "mqtt-broker-65c6fb9d94-k9fnp": 0, "mqtt-broker-65c6fb9d94-nrtbj": 0}
1778244835
{"mqtt-broker-65c6fb9d94-cmxnl": 0, "mqtt-broker-65c6fb9d94-k9fnp": 0, "mqtt-broker-65c6fb9d94-nrtbj": 0}
1778244840
{"mqtt-broker-65c6fb9d94-cmxnl": 0, "mqtt-broker-65c6fb9d94-k9fnp": 0, "mqtt-broker-65c6fb9d94-nrtbj": 0}
1778244845
{"mqtt-broker-65c6fb9d94-cmxnl": 0, "mqtt-broker-65c6fb9d94-k9fnp": 3, "mqtt-broker-65c6fb9d94-nrtbj": 5}
1778244851
{"mqtt-broker-65c6fb9d94-cmxnl": 0, "mqtt-broker-65c6fb9d94-k9fnp": 3, "mqtt-broker-65c6fb9d94-nrtbj": 5}
1778244856
{"mqtt-broker-65c6fb9d94-cmxnl": 0, "mqtt-broker-65c6fb9d94-k9fnp": 3, "mqtt-broker-65c6fb9d94-nrtbj": 5}
1778244861
{"mqtt-broker-65c6fb9d94-cmxnl": 60, "mqtt-broker-65c6fb9d94-k9fnp": 53, "mqtt-broker-65c6fb9d94-nrtbj": 49}
1778244866
{"mqtt-broker-65c6fb9d94-cmxnl": 60, "mqtt-broker-65c6fb9d94-k9fnp": 53, "mqtt-broker-65c6fb9d94-nrtbj": 49}
1778244871
{"mqtt-broker-65c6fb9d94-cmxnl": 60, "mqtt-broker-65c6fb9d94-k9fnp": 53, "mqtt-broker-65c6fb9d94-nrtbj": 49}
1778244876
{"mqtt-broker-65c6fb9d94-cmxnl": 110, "mqtt-broker-65c6fb9d94-k9fnp": 99, "mqtt-broker-65c6fb9d94-nrtbj": 91}
1778244881
{"mqtt-broker-65c6fb9d94-cmxnl": 110, "mqtt-broker-65c6fb9d94-k9fnp": 99, "mqtt-broker-65c6fb9d94-nrtbj": 91}
1778244886
{"mqtt-broker-65c6fb9d94-cmxnl": 110, "mqtt-broker-65c6fb9d94-k9fnp": 99, "mqtt-broker-65c6fb9d94-nrtbj": 91}
1778244891
{"mqtt-broker-65c6fb9d94-cmxnl": 110, "mqtt-broker-65c6fb9d94-k9fnp": 99, "mqtt-broker-65c6fb9d94-nrtbj": 91}
1778244896
{"mqtt-broker-65c6fb9d94-cmxnl": 110, "mqtt-broker-65c6fb9d94-k9fnp": 99, "mqtt-broker-65c6fb9d94-nrtbj": 91}
1778244901
{"mqtt-broker-65c6fb9d94-cmxnl": 110, "mqtt-broker-65c6fb9d94-k9fnp": 99, "mqtt-broker-65c6fb9d94-nrtbj": 91}
1778244906
{"mqtt-broker-65c6fb9d94-cmxnl": 110, "mqtt-broker-65c6fb9d94-k9fnp": 99, "mqtt-broker-65c6fb9d94-nrtbj": 91}
1778244911
{"mqtt-broker-65c6fb9d94-cmxnl": 110, "mqtt-broker-65c6fb9d94-k9fnp": 99, "mqtt-broker-65c6fb9d94-nrtbj": 91}
1778244916
{"mqtt-broker-65c6fb9d94-cmxnl": 110, "mqtt-broker-65c6fb9d94-k9fnp": 99, "mqtt-broker-65c6fb9d94-nrtbj": 91}
1778244921
{"mqtt-broker-65c6fb9d94-cmxnl": 110, "mqtt-broker-65c6fb9d94-k9fnp": 99, "mqtt-broker-65c6fb9d94-nrtbj": 91}
1778244926
{"mqtt-broker-65c6fb9d94-cmxnl": 110, "mqtt-broker-65c6fb9d94-k9fnp": 99, "mqtt-broker-65c6fb9d94-nrtbj": 91}
1778244931
{"mqtt-broker-65c6fb9d94-cmxnl": 110, "mqtt-broker-65c6fb9d94-k9fnp": 99, "mqtt-broker-65c6fb9d94-nrtbj": 91}
1778244936
{"mqtt-broker-65c6fb9d94-cmxnl": 110, "mqtt-broker-65c6fb9d94-k9fnp": 99, "mqtt-broker-65c6fb9d94-nrtbj": 91}
1778244941
{"mqtt-broker-65c6fb9d94-cmxnl": 110, "mqtt-broker-65c6fb9d94-k9fnp": 99, "mqtt-broker-65c6fb9d94-nrtbj": 91}
1778244946
{"mqtt-broker-65c6fb9d94-cmxnl": 110, "mqtt-broker-65c6fb9d94-k9fnp": 99, "mqtt-broker-65c6fb9d94-nrtbj": 91}
1778244951
{"mqtt-broker-65c6fb9d94-cmxnl": 110, "mqtt-broker-65c6fb9d94-k9fnp": 103, "mqtt-broker-65c6fb9d94-nrtbj": 58}
1778244956
{"mqtt-broker-65c6fb9d94-cmxnl": 110, "mqtt-broker-65c6fb9d94-k9fnp": 103, "mqtt-broker-65c6fb9d94-nrtbj": 58}
1778244961
{"mqtt-broker-65c6fb9d94-cmxnl": 110, "mqtt-broker-65c6fb9d94-k9fnp": 103, "mqtt-broker-65c6fb9d94-nrtbj": 58}
1778244966
{"mqtt-broker-65c6fb9d94-cmxnl": 162, "mqtt-broker-65c6fb9d94-k9fnp": 138, "mqtt-broker-65c6fb9d94-nrtbj": 0}
1778244971
{"mqtt-broker-65c6fb9d94-cmxnl": 162, "mqtt-broker-65c6fb9d94-k9fnp": 138, "mqtt-broker-65c6fb9d94-nrtbj": 0}
1778244976
{"mqtt-broker-65c6fb9d94-cmxnl": 162, "mqtt-broker-65c6fb9d94-k9fnp": 138, "mqtt-broker-65c6fb9d94-nrtbj": 0}
1778244981
{"mqtt-broker-65c6fb9d94-cmxnl": 162, "mqtt-broker-65c6fb9d94-k9fnp": 138, "mqtt-broker-65c6fb9d94-nrtbj": 0}
1778244986
{"mqtt-broker-65c6fb9d94-cmxnl": 162, "mqtt-broker-65c6fb9d94-k9fnp": 138, "mqtt-broker-65c6fb9d94-nrtbj": 0}
1778244991
{"mqtt-broker-65c6fb9d94-cmxnl": 162, "mqtt-broker-65c6fb9d94-k9fnp": 138, "mqtt-broker-65c6fb9d94-nrtbj": 0}
1778244996
{"mqtt-broker-65c6fb9d94-cmxnl": 162, "mqtt-broker-65c6fb9d94-k9fnp": 138, "mqtt-broker-65c6fb9d94-nrtbj": 0}
1778245001
{"mqtt-broker-65c6fb9d94-cmxnl": 162, "mqtt-broker-65c6fb9d94-k9fnp": 138, "mqtt-broker-65c6fb9d94-nrtbj": 0}
1778245006
{"mqtt-broker-65c6fb9d94-cmxnl": 162, "mqtt-broker-65c6fb9d94-k9fnp": 138, "mqtt-broker-65c6fb9d94-nrtbj": 0}
1778245011
{"mqtt-broker-65c6fb9d94-cmxnl": 162, "mqtt-broker-65c6fb9d94-k9fnp": 138, "mqtt-broker-65c6fb9d94-nrtbj": 0}
1778245017
{"mqtt-broker-65c6fb9d94-cmxnl": 162, "mqtt-broker-65c6fb9d94-k9fnp": 138, "mqtt-broker-65c6fb9d94-nrtbj": 0}
1778245022
{"mqtt-broker-65c6fb9d94-cmxnl": 162, "mqtt-broker-65c6fb9d94-k9fnp": 138, "mqtt-broker-65c6fb9d94-nrtbj": 0}
1778245027
{"mqtt-broker-65c6fb9d94-cmxnl": 162, "mqtt-broker-65c6fb9d94-k9fnp": 138, "mqtt-broker-65c6fb9d94-nrtbj": 0}
1778245032
{"mqtt-broker-65c6fb9d94-cmxnl": 162, "mqtt-broker-65c6fb9d94-k9fnp": 138, "mqtt-broker-65c6fb9d94-nrtbj": 0}
1778245037
{"mqtt-broker-65c6fb9d94-cmxnl": 162, "mqtt-broker-65c6fb9d94-k9fnp": 138, "mqtt-broker-65c6fb9d94-nrtbj": 0}
1778245042
{"mqtt-broker-65c6fb9d94-cmxnl": 162, "mqtt-broker-65c6fb9d94-k9fnp": 138, "mqtt-broker-65c6fb9d94-nrtbj": 0}
1778245047
{"mqtt-broker-65c6fb9d94-cmxnl": 162, "mqtt-broker-65c6fb9d94-k9fnp": 138, "mqtt-broker-65c6fb9d94-nrtbj": 0}
1778245052
{"mqtt-broker-65c6fb9d94-cmxnl": 162, "mqtt-broker-65c6fb9d94-k9fnp": 138, "mqtt-broker-65c6fb9d94-nrtbj": 0}
1778245057
{"mqtt-broker-65c6fb9d94-cmxnl": 162, "mqtt-broker-65c6fb9d94-k9fnp": 138, "mqtt-broker-65c6fb9d94-nrtbj": 0}
1778245062
{"mqtt-broker-65c6fb9d94-cmxnl": 162, "mqtt-broker-65c6fb9d94-k9fnp": 138, "mqtt-broker-65c6fb9d94-nrtbj": 0}
1778245067
{"mqtt-broker-65c6fb9d94-cmxnl": 162, "mqtt-broker-65c6fb9d94-k9fnp": 138, "mqtt-broker-65c6fb9d94-nrtbj": 0}
1778245072
{"mqtt-broker-65c6fb9d94-cmxnl": 162, "mqtt-broker-65c6fb9d94-k9fnp": 138, "mqtt-broker-65c6fb9d94-nrtbj": 0}
1778245077
{"mqtt-broker-65c6fb9d94-cmxnl": 162, "mqtt-broker-65c6fb9d94-k9fnp": 138, "mqtt-broker-65c6fb9d94-nrtbj": 0}
1778245082
{"mqtt-broker-65c6fb9d94-cmxnl": 162, "mqtt-broker-65c6fb9d94-k9fnp": 138, "mqtt-broker-65c6fb9d94-nrtbj": 0}
1778245087
{"mqtt-broker-65c6fb9d94-cmxnl": 162, "mqtt-broker-65c6fb9d94-k9fnp": 138, "mqtt-broker-65c6fb9d94-nrtbj": 0}
1778245092
{"mqtt-broker-65c6fb9d94-cmxnl": 162, "mqtt-broker-65c6fb9d94-k9fnp": 138, "mqtt-broker-65c6fb9d94-nrtbj": 0}
1778245097
{"mqtt-broker-65c6fb9d94-cmxnl": 162, "mqtt-broker-65c6fb9d94-k9fnp": 138, "mqtt-broker-65c6fb9d94-nrtbj": 0}
1778245102
{"mqtt-broker-65c6fb9d94-cmxnl": 162, "mqtt-broker-65c6fb9d94-k9fnp": 138, "mqtt-broker-65c6fb9d94-nrtbj": 0}
1778245107
{"mqtt-broker-65c6fb9d94-cmxnl": 162, "mqtt-broker-65c6fb9d94-k9fnp": 138, "mqtt-broker-65c6fb9d94-nrtbj": 0}
1778245112
{"mqtt-broker-65c6fb9d94-cmxnl": 162, "mqtt-broker-65c6fb9d94-k9fnp": 138, "mqtt-broker-65c6fb9d94-nrtbj": 0}
1778245117
{"mqtt-broker-65c6fb9d94-cmxnl": 162, "mqtt-broker-65c6fb9d94-k9fnp": 138, "mqtt-broker-65c6fb9d94-nrtbj": 0}
1778245122
{"mqtt-broker-65c6fb9d94-cmxnl": 162, "mqtt-broker-65c6fb9d94-k9fnp": 138, "mqtt-broker-65c6fb9d94-nrtbj": 0}
1778245127
{"mqtt-broker-65c6fb9d94-cmxnl": 162, "mqtt-broker-65c6fb9d94-k9fnp": 138, "mqtt-broker-65c6fb9d94-nrtbj": 0}
1778245132
{"mqtt-broker-65c6fb9d94-cmxnl": 162, "mqtt-broker-65c6fb9d94-k9fnp": 138, "mqtt-broker-65c6fb9d94-nrtbj": 0}
1778245137
{"mqtt-broker-65c6fb9d94-cmxnl": 162, "mqtt-broker-65c6fb9d94-k9fnp": 138, "mqtt-broker-65c6fb9d94-nrtbj": 0}
1778245142
{"mqtt-broker-65c6fb9d94-cmxnl": 162, "mqtt-broker-65c6fb9d94-k9fnp": 138, "mqtt-broker-65c6fb9d94-nrtbj": 0}
1778245147
{"mqtt-broker-65c6fb9d94-cmxnl": 162, "mqtt-broker-65c6fb9d94-k9fnp": 138, "mqtt-broker-65c6fb9d94-nrtbj": 0}
1778245152
{"mqtt-broker-65c6fb9d94-cmxnl": 162, "mqtt-broker-65c6fb9d94-k9fnp": 138, "mqtt-broker-65c6fb9d94-nrtbj": 0}
1778245157
{"mqtt-broker-65c6fb9d94-cmxnl": 162, "mqtt-broker-65c6fb9d94-k9fnp": 138}
1778245162
{"mqtt-broker-65c6fb9d94-cmxnl": 162, "mqtt-broker-65c6fb9d94-k9fnp": 138}
1778245168
{"mqtt-broker-65c6fb9d94-cmxnl": 162, "mqtt-broker-65c6fb9d94-k9fnp": 138}
1778245173
{}
1778245178
{}
1778245183
{}
1778245188
{}
1778245193
{}
1778245198
{}
1778245203
{}
1778245208
{}
1778245213
{}
1778245218
{}
1778245223
{}
1778245228
{}
1778245233
{}
1778245238
{}
1778245243
{}
1778245248
{}
1778245253
{}
1778245258
{}
1778245263
{}
1778245268
{}
1778245274
{}
1778245279
{}
1778245284
{}
1778245289
{}
1778245294
{}
1778245299
{}
1778245304
{}
1778245309
{}
1778245314
{}
1778245319
{}
1778245324
{}
1778245329
{}
1778245334
{}
1778245339
{}
1778245344
{}
1778245349
{}
1778245354
{}
1778245359
{}
1778245364
{}
1778245369
{}
1778245374
{}
1778245380
{}
1778245385
{}
1778245390
{}
1778245395
{}
1778245400
{}
1778245405
{}
1778245410
{}
1778245415
{}
1778245420
{}
1778245425
{}
1778245430
{}
1778245435
{}
1778245440
{}
1778245445
{}
1778245450
{}
1778245455
{}
1778245460
{}
1778245465
{}
1778245470
{}
1778245475
{}
1778245480
{}
1778245486
{}
1778245491
{}
1778245496
{}
1778245501
{}
1778245506
{}
1778245511
{}
1778245516
{}
1778245521
{}
1778245526
{}
1778245531
{}
1778245536
{}
1778245541
{}
1778245546
{}
1778245551
{}
1778245556
{}
1778245561
{}
1778245566
{}
1778245571
{}
1778245577
{}
1778245582
{}
1778245587
{}
1778245592
{}
1778245597
{}
1778245602
{}
1778245607
{}
1778245612
{}
1778245617
{}
1778245622
{}
1778245627
{}
1778245632
{}
1778245637
{}
1778245642
{}
1778245647
{}
1778245652
{}
1778245657
{}
1778245663
{}
1778245668
{}
1778245673
{}
1778245678
{}
1778245683
{}
1778245688
{}
1778245693
{}
1778245698
{}
1778245703
{}
1778245708
{}
1778245713
{}
1778245718
{}
1778245723
{}
1778245728
{}
1778245733
{}
1778245738
{}
1778245743
{}
1778245748
{}
1778245753
{}
1778245759
{}
1778245764
{}
1778245769
{}
1778245774
{}
1778245779
{}
1778245784
{}
1778245789
{}
1778245794
{}
1778245799
{}
1778245804
{}
1778245809
{}
1778245814
{}
1778245819
{}
1778245824
{}
1778245829
{}
1778245834
{}
1778245839
{}
1778245844
{}
1778245849
{}
1778245855
{}
1778245860
{}
1778245865
{}
1778245870
{}
1778245875
{}
1778245880
{}
1778245885
{}
1778245890
{}
1778245895
{}
1778245900
{}
1778245905
{}
1778245910
{}
1778245915
{}
1778245920
{}
1778245925
{}
1778245930
{}
1778245935
{}
1778245940
{}
1778245946
{}
1778245951
{}
1778245956
{}
1778245961
{}
1778245966
{}
1778245971
{}
1778245976
{}
1778245981
{}
1778245986
{}
1778245991
{}
1778245996
{}
1778246001
{}
1778246006
{}
1778246011
{}
1778246016
{}
1778246021
{}
1778246026
{}
1778246031
{}
1778246037
{}
1778246042
{}
1778246047
{}
1778246052
{}
1778246057
{}
1778246062
{}
1778246067
{}
1778246072
{}
1778246077
{}
1778246082
{}
1778246087
{}
1778246092
{}
1778246097
{}
1778246102
{}
1778246107
{}
1778246112
{}
1778246117
{}
1778246122
{}
1778246127
{}
1778246132
{}
1778246138
{}
1778246143
{}
1778246148
{}
1778246153
{}
1778246158
{}
1778246163
{}
1778246168
{}
1778246173
{}
1778246178
{}
1778246183
{}
1778246188
{}
1778246193
{}
1778246198
{}
1778246203
{}
1778246209
{}
1778246214
{}
1778246219
{}
1778246224
{}
1778246229
{}
1778246234
{}
1778246239
{}
1778246244
{}
1778246249
{}
1778246254
{}
1778246259
{}
1778246264
{}
1778246269
{}
1778246274
{}
1778246279
{}
1778246284
{}
1778246290
{}
1778246295
{}
1778246300
{}
1778246305
{}
1778246310
{}
1778246315
{"mqtt-broker-65c6fb9d94-ctkvr": 0}
1778246320
{"mqtt-broker-65c6fb9d94-ctkvr": 0, "mqtt-broker-65c6fb9d94-l4cmq": 32}
1778246325
{"mqtt-broker-65c6fb9d94-ctkvr": 0, "mqtt-broker-65c6fb9d94-l4cmq": 32}
1778246330
{"mqtt-broker-65c6fb9d94-ctkvr": 123, "mqtt-broker-65c6fb9d94-l4cmq": 32}
1778246335
{"mqtt-broker-65c6fb9d94-ctkvr": 123, "mqtt-broker-65c6fb9d94-l4cmq": 155}
1778246340
{"mqtt-broker-65c6fb9d94-ctkvr": 123, "mqtt-broker-65c6fb9d94-l4cmq": 155}
1778246345
{"mqtt-broker-65c6fb9d94-ctkvr": 175, "mqtt-broker-65c6fb9d94-l4cmq": 155}
1778246350
{"mqtt-broker-65c6fb9d94-ctkvr": 175, "mqtt-broker-65c6fb9d94-l4cmq": 164}
1778246355
{"mqtt-broker-65c6fb9d94-ctkvr": 175, "mqtt-broker-65c6fb9d94-l4cmq": 164}
1778246360
{"mqtt-broker-65c6fb9d94-ctkvr": 175, "mqtt-broker-65c6fb9d94-l4cmq": 164}
1778246365
{"mqtt-broker-65c6fb9d94-ctkvr": 175, "mqtt-broker-65c6fb9d94-l4cmq": 164, "mqtt-broker-65c6fb9d94-vcpxf": 0}
1778246370
{"mqtt-broker-65c6fb9d94-ctkvr": 175, "mqtt-broker-65c6fb9d94-l4cmq": 164, "mqtt-broker-65c6fb9d94-vcpxf": 0}
1778246375
{"mqtt-broker-65c6fb9d94-ctkvr": 175, "mqtt-broker-65c6fb9d94-l4cmq": 164, "mqtt-broker-65c6fb9d94-vcpxf": 0}
1778246380
{"mqtt-broker-65c6fb9d94-ctkvr": 175, "mqtt-broker-65c6fb9d94-l4cmq": 164, "mqtt-broker-65c6fb9d94-vcpxf": 0}
1778246385
{"mqtt-broker-65c6fb9d94-ctkvr": 175, "mqtt-broker-65c6fb9d94-l4cmq": 164, "mqtt-broker-65c6fb9d94-vcpxf": 0}
1778246390
{"mqtt-broker-65c6fb9d94-ctkvr": 175, "mqtt-broker-65c6fb9d94-l4cmq": 164, "mqtt-broker-65c6fb9d94-vcpxf": 0}
1778246395
{"mqtt-broker-65c6fb9d94-ctkvr": 175, "mqtt-broker-65c6fb9d94-l4cmq": 164, "mqtt-broker-65c6fb9d94-vcpxf": 0}
1778246400
{"mqtt-broker-65c6fb9d94-ctkvr": 175, "mqtt-broker-65c6fb9d94-l4cmq": 164, "mqtt-broker-65c6fb9d94-vcpxf": 0}
1778246405
{"mqtt-broker-65c6fb9d94-ctkvr": 175, "mqtt-broker-65c6fb9d94-l4cmq": 164, "mqtt-broker-65c6fb9d94-vcpxf": 0}
1778246410
{"mqtt-broker-65c6fb9d94-ctkvr": 175, "mqtt-broker-65c6fb9d94-l4cmq": 164, "mqtt-broker-65c6fb9d94-vcpxf": 0}
1778246415
{"mqtt-broker-65c6fb9d94-ctkvr": 175, "mqtt-broker-65c6fb9d94-l4cmq": 164, "mqtt-broker-65c6fb9d94-vcpxf": 0}
1778246420
{"mqtt-broker-65c6fb9d94-ctkvr": 175, "mqtt-broker-65c6fb9d94-l4cmq": 164, "mqtt-broker-65c6fb9d94-vcpxf": 0}
1778246426
{"mqtt-broker-65c6fb9d94-ctkvr": 175, "mqtt-broker-65c6fb9d94-l4cmq": 164, "mqtt-broker-65c6fb9d94-vcpxf": 0}
1778246431
{"mqtt-broker-65c6fb9d94-ctkvr": 175, "mqtt-broker-65c6fb9d94-l4cmq": 164, "mqtt-broker-65c6fb9d94-vcpxf": 0}
1778246436
{"mqtt-broker-65c6fb9d94-ctkvr": 175, "mqtt-broker-65c6fb9d94-l4cmq": 164, "mqtt-broker-65c6fb9d94-vcpxf": 0}
1778246441
{"mqtt-broker-65c6fb9d94-ctkvr": 175, "mqtt-broker-65c6fb9d94-l4cmq": 164, "mqtt-broker-65c6fb9d94-vcpxf": 0}
1778246446
{"mqtt-broker-65c6fb9d94-ctkvr": 175, "mqtt-broker-65c6fb9d94-l4cmq": 164, "mqtt-broker-65c6fb9d94-vcpxf": 0}
1778246451
{"mqtt-broker-65c6fb9d94-ctkvr": 175, "mqtt-broker-65c6fb9d94-l4cmq": 164, "mqtt-broker-65c6fb9d94-vcpxf": 0}
1778246456
{"mqtt-broker-65c6fb9d94-ctkvr": 175, "mqtt-broker-65c6fb9d94-l4cmq": 164, "mqtt-broker-65c6fb9d94-vcpxf": 0}
1778246461
{"mqtt-broker-65c6fb9d94-ctkvr": 175, "mqtt-broker-65c6fb9d94-l4cmq": 164, "mqtt-broker-65c6fb9d94-vcpxf": 0}
1778246466
{"mqtt-broker-65c6fb9d94-ctkvr": 175, "mqtt-broker-65c6fb9d94-l4cmq": 164, "mqtt-broker-65c6fb9d94-vcpxf": 0}
1778246471
{"mqtt-broker-65c6fb9d94-ctkvr": 175, "mqtt-broker-65c6fb9d94-l4cmq": 164, "mqtt-broker-65c6fb9d94-vcpxf": 0}
1778246476
{"mqtt-broker-65c6fb9d94-ctkvr": 175, "mqtt-broker-65c6fb9d94-l4cmq": 164, "mqtt-broker-65c6fb9d94-vcpxf": 0}
1778246481
{"mqtt-broker-65c6fb9d94-ctkvr": 175, "mqtt-broker-65c6fb9d94-l4cmq": 164, "mqtt-broker-65c6fb9d94-vcpxf": 0}
1778246486
{"mqtt-broker-65c6fb9d94-ctkvr": 175, "mqtt-broker-65c6fb9d94-l4cmq": 164, "mqtt-broker-65c6fb9d94-vcpxf": 0}
1778246491
{"mqtt-broker-65c6fb9d94-ctkvr": 175, "mqtt-broker-65c6fb9d94-l4cmq": 164, "mqtt-broker-65c6fb9d94-vcpxf": 0}
1778246496
{"mqtt-broker-65c6fb9d94-ctkvr": 175, "mqtt-broker-65c6fb9d94-l4cmq": 164, "mqtt-broker-65c6fb9d94-vcpxf": 0}
1778246501
{"mqtt-broker-65c6fb9d94-ctkvr": 175, "mqtt-broker-65c6fb9d94-l4cmq": 164, "mqtt-broker-65c6fb9d94-vcpxf": 0}
1778246506
{"mqtt-broker-65c6fb9d94-ctkvr": 175, "mqtt-broker-65c6fb9d94-l4cmq": 164, "mqtt-broker-65c6fb9d94-vcpxf": 0}
1778246511
{"mqtt-broker-65c6fb9d94-ctkvr": 175, "mqtt-broker-65c6fb9d94-l4cmq": 164, "mqtt-broker-65c6fb9d94-vcpxf": 0}
1778246516
{"mqtt-broker-65c6fb9d94-ctkvr": 175, "mqtt-broker-65c6fb9d94-l4cmq": 164, "mqtt-broker-65c6fb9d94-vcpxf": 0}
1778246521
{"mqtt-broker-65c6fb9d94-ctkvr": 175, "mqtt-broker-65c6fb9d94-l4cmq": 164, "mqtt-broker-65c6fb9d94-vcpxf": 0}
1778246526
{"mqtt-broker-65c6fb9d94-ctkvr": 175, "mqtt-broker-65c6fb9d94-l4cmq": 164, "mqtt-broker-65c6fb9d94-vcpxf": 0}
1778246531
{"mqtt-broker-65c6fb9d94-ctkvr": 175, "mqtt-broker-65c6fb9d94-l4cmq": 164, "mqtt-broker-65c6fb9d94-vcpxf": 0}
1778246536
{"mqtt-broker-65c6fb9d94-ctkvr": 175, "mqtt-broker-65c6fb9d94-l4cmq": 164, "mqtt-broker-65c6fb9d94-vcpxf": 0}
1778246541
{"mqtt-broker-65c6fb9d94-ctkvr": 175, "mqtt-broker-65c6fb9d94-l4cmq": 164, "mqtt-broker-65c6fb9d94-vcpxf": 0}
1778246546
{"mqtt-broker-65c6fb9d94-ctkvr": 175, "mqtt-broker-65c6fb9d94-l4cmq": 164, "mqtt-broker-65c6fb9d94-vcpxf": 0}
1778246551
{"mqtt-broker-65c6fb9d94-ctkvr": 175, "mqtt-broker-65c6fb9d94-l4cmq": 164, "mqtt-broker-65c6fb9d94-vcpxf": 0}
1778246556
{"mqtt-broker-65c6fb9d94-ctkvr": 175, "mqtt-broker-65c6fb9d94-l4cmq": 164, "mqtt-broker-65c6fb9d94-vcpxf": 0}
1778246561
{"mqtt-broker-65c6fb9d94-ctkvr": 175, "mqtt-broker-65c6fb9d94-l4cmq": 164, "mqtt-broker-65c6fb9d94-vcpxf": 0}
1778246566
{"mqtt-broker-65c6fb9d94-ctkvr": 175, "mqtt-broker-65c6fb9d94-l4cmq": 164, "mqtt-broker-65c6fb9d94-vcpxf": 0}
1778246571
{"mqtt-broker-65c6fb9d94-ctkvr": 175, "mqtt-broker-65c6fb9d94-l4cmq": 164, "mqtt-broker-65c6fb9d94-vcpxf": 0}
1778246576
{"mqtt-broker-65c6fb9d94-ctkvr": 175, "mqtt-broker-65c6fb9d94-l4cmq": 164, "mqtt-broker-65c6fb9d94-vcpxf": 0}
1778246581
{"mqtt-broker-65c6fb9d94-ctkvr": 175, "mqtt-broker-65c6fb9d94-l4cmq": 164, "mqtt-broker-65c6fb9d94-vcpxf": 0}
1778246587
{"mqtt-broker-65c6fb9d94-ctkvr": 175, "mqtt-broker-65c6fb9d94-l4cmq": 164, "mqtt-broker-65c6fb9d94-vcpxf": 0}
1778246592
{"mqtt-broker-65c6fb9d94-ctkvr": 175, "mqtt-broker-65c6fb9d94-l4cmq": 164, "mqtt-broker-65c6fb9d94-vcpxf": 0}
1778246597
{"mqtt-broker-65c6fb9d94-ctkvr": 175, "mqtt-broker-65c6fb9d94-l4cmq": 164, "mqtt-broker-65c6fb9d94-vcpxf": 0}
1778246602
{"mqtt-broker-65c6fb9d94-ctkvr": 175, "mqtt-broker-65c6fb9d94-l4cmq": 164, "mqtt-broker-65c6fb9d94-vcpxf": 0}
1778246607
{"mqtt-broker-65c6fb9d94-ctkvr": 175, "mqtt-broker-65c6fb9d94-l4cmq": 164, "mqtt-broker-65c6fb9d94-vcpxf": 0}
1778246612
{"mqtt-broker-65c6fb9d94-ctkvr": 175, "mqtt-broker-65c6fb9d94-l4cmq": 164, "mqtt-broker-65c6fb9d94-vcpxf": 0}
1778246617
{"mqtt-broker-65c6fb9d94-ctkvr": 175, "mqtt-broker-65c6fb9d94-l4cmq": 164, "mqtt-broker-65c6fb9d94-vcpxf": 0}
1778246622
{"mqtt-broker-65c6fb9d94-ctkvr": 175, "mqtt-broker-65c6fb9d94-l4cmq": 164, "mqtt-broker-65c6fb9d94-vcpxf": 0}
1778246627
{"mqtt-broker-65c6fb9d94-ctkvr": 175, "mqtt-broker-65c6fb9d94-l4cmq": 164, "mqtt-broker-65c6fb9d94-vcpxf": 0}
1778246632
{"mqtt-broker-65c6fb9d94-ctkvr": 175, "mqtt-broker-65c6fb9d94-l4cmq": 164, "mqtt-broker-65c6fb9d94-vcpxf": 0}
1778246637
{"mqtt-broker-65c6fb9d94-ctkvr": 175, "mqtt-broker-65c6fb9d94-l4cmq": 164, "mqtt-broker-65c6fb9d94-vcpxf": 0}
1778246642
{"mqtt-broker-65c6fb9d94-ctkvr": 175, "mqtt-broker-65c6fb9d94-l4cmq": 164, "mqtt-broker-65c6fb9d94-vcpxf": 0}
1778246647
{"mqtt-broker-65c6fb9d94-ctkvr": 175, "mqtt-broker-65c6fb9d94-l4cmq": 164, "mqtt-broker-65c6fb9d94-vcpxf": 0}
1778246652
{"mqtt-broker-65c6fb9d94-ctkvr": 175, "mqtt-broker-65c6fb9d94-l4cmq": 164, "mqtt-broker-65c6fb9d94-vcpxf": 0}
1778246657
{"mqtt-broker-65c6fb9d94-ctkvr": 175, "mqtt-broker-65c6fb9d94-l4cmq": 164, "mqtt-broker-65c6fb9d94-vcpxf": 0}
1778246662
{"mqtt-broker-65c6fb9d94-ctkvr": 175, "mqtt-broker-65c6fb9d94-l4cmq": 164, "mqtt-broker-65c6fb9d94-vcpxf": 0}
1778246667
{"mqtt-broker-65c6fb9d94-ctkvr": 175, "mqtt-broker-65c6fb9d94-l4cmq": 164, "mqtt-broker-65c6fb9d94-vcpxf": 0}
1778246672
{"mqtt-broker-65c6fb9d94-ctkvr": 175, "mqtt-broker-65c6fb9d94-l4cmq": 164, "mqtt-broker-65c6fb9d94-vcpxf": 0}
1778246677
{"mqtt-broker-65c6fb9d94-ctkvr": 175, "mqtt-broker-65c6fb9d94-l4cmq": 164, "mqtt-broker-65c6fb9d94-vcpxf": 0}
1778246682
{"mqtt-broker-65c6fb9d94-ctkvr": 175, "mqtt-broker-65c6fb9d94-l4cmq": 164, "mqtt-broker-65c6fb9d94-vcpxf": 0}
1778246687
{"mqtt-broker-65c6fb9d94-ctkvr": 175, "mqtt-broker-65c6fb9d94-l4cmq": 164, "mqtt-broker-65c6fb9d94-vcpxf": 0}
1778246692
{"mqtt-broker-65c6fb9d94-ctkvr": 175, "mqtt-broker-65c6fb9d94-l4cmq": 164, "mqtt-broker-65c6fb9d94-vcpxf": 0}
1778246697
{"mqtt-broker-65c6fb9d94-ctkvr": 175, "mqtt-broker-65c6fb9d94-l4cmq": 164, "mqtt-broker-65c6fb9d94-vcpxf": 0}
1778246702
{"mqtt-broker-65c6fb9d94-ctkvr": 175, "mqtt-broker-65c6fb9d94-l4cmq": 164, "mqtt-broker-65c6fb9d94-vcpxf": 0}
1778246707
{"mqtt-broker-65c6fb9d94-ctkvr": 175, "mqtt-broker-65c6fb9d94-l4cmq": 164, "mqtt-broker-65c6fb9d94-vcpxf": 0}
1778246712
{"mqtt-broker-65c6fb9d94-ctkvr": 175, "mqtt-broker-65c6fb9d94-l4cmq": 164, "mqtt-broker-65c6fb9d94-vcpxf": 0}
1778246717
{"mqtt-broker-65c6fb9d94-ctkvr": 175, "mqtt-broker-65c6fb9d94-l4cmq": 164, "mqtt-broker-65c6fb9d94-vcpxf": 0}
1778246722
{"mqtt-broker-65c6fb9d94-ctkvr": 175, "mqtt-broker-65c6fb9d94-l4cmq": 164, "mqtt-broker-65c6fb9d94-vcpxf": 0}
1778246727
{"mqtt-broker-65c6fb9d94-ctkvr": 175, "mqtt-broker-65c6fb9d94-l4cmq": 164, "mqtt-broker-65c6fb9d94-vcpxf": 0}
1778246732
{"mqtt-broker-65c6fb9d94-ctkvr": 175, "mqtt-broker-65c6fb9d94-l4cmq": 164, "mqtt-broker-65c6fb9d94-vcpxf": 0}
1778246738
{"mqtt-broker-65c6fb9d94-ctkvr": 175, "mqtt-broker-65c6fb9d94-l4cmq": 164, "mqtt-broker-65c6fb9d94-vcpxf": 0}
1778246743
{"mqtt-broker-65c6fb9d94-ctkvr": 175, "mqtt-broker-65c6fb9d94-l4cmq": 164, "mqtt-broker-65c6fb9d94-vcpxf": 0}
1778246748
{"mqtt-broker-65c6fb9d94-ctkvr": 175, "mqtt-broker-65c6fb9d94-l4cmq": 164, "mqtt-broker-65c6fb9d94-vcpxf": 0}
1778246753
{"mqtt-broker-65c6fb9d94-ctkvr": 175, "mqtt-broker-65c6fb9d94-l4cmq": 164, "mqtt-broker-65c6fb9d94-vcpxf": 0}
1778246758
{"mqtt-broker-65c6fb9d94-ctkvr": 175, "mqtt-broker-65c6fb9d94-l4cmq": 164, "mqtt-broker-65c6fb9d94-vcpxf": 0}
1778246763
{"mqtt-broker-65c6fb9d94-ctkvr": 175, "mqtt-broker-65c6fb9d94-l4cmq": 164, "mqtt-broker-65c6fb9d94-vcpxf": 0}
1778246768
{"mqtt-broker-65c6fb9d94-ctkvr": 175, "mqtt-broker-65c6fb9d94-l4cmq": 164, "mqtt-broker-65c6fb9d94-vcpxf": 0}
1778246773
{"mqtt-broker-65c6fb9d94-ctkvr": 175, "mqtt-broker-65c6fb9d94-l4cmq": 164, "mqtt-broker-65c6fb9d94-vcpxf": 0}
1778246778
{"mqtt-broker-65c6fb9d94-ctkvr": 175, "mqtt-broker-65c6fb9d94-l4cmq": 164, "mqtt-broker-65c6fb9d94-vcpxf": 0}
1778246783
{"mqtt-broker-65c6fb9d94-ctkvr": 175, "mqtt-broker-65c6fb9d94-l4cmq": 164, "mqtt-broker-65c6fb9d94-vcpxf": 0}
1778246788
{"mqtt-broker-65c6fb9d94-ctkvr": 175, "mqtt-broker-65c6fb9d94-l4cmq": 164, "mqtt-broker-65c6fb9d94-vcpxf": 0}
1778246793
{"mqtt-broker-65c6fb9d94-ctkvr": 175, "mqtt-broker-65c6fb9d94-l4cmq": 164, "mqtt-broker-65c6fb9d94-vcpxf": 0}
1778246798
{"mqtt-broker-65c6fb9d94-ctkvr": 175, "mqtt-broker-65c6fb9d94-l4cmq": 164, "mqtt-broker-65c6fb9d94-vcpxf": 0}
1778246803
{"mqtt-broker-65c6fb9d94-ctkvr": 175, "mqtt-broker-65c6fb9d94-l4cmq": 164, "mqtt-broker-65c6fb9d94-vcpxf": 0}
1778246808
{"mqtt-broker-65c6fb9d94-ctkvr": 175, "mqtt-broker-65c6fb9d94-l4cmq": 164, "mqtt-broker-65c6fb9d94-vcpxf": 0}
1778246813
{"mqtt-broker-65c6fb9d94-ctkvr": 175, "mqtt-broker-65c6fb9d94-l4cmq": 164, "mqtt-broker-65c6fb9d94-vcpxf": 0}
1778246818
{"mqtt-broker-65c6fb9d94-ctkvr": 175, "mqtt-broker-65c6fb9d94-l4cmq": 164, "mqtt-broker-65c6fb9d94-vcpxf": 0}
1778246823
{"mqtt-broker-65c6fb9d94-ctkvr": 175, "mqtt-broker-65c6fb9d94-l4cmq": 164, "mqtt-broker-65c6fb9d94-vcpxf": 0}
1778246828
{"mqtt-broker-65c6fb9d94-ctkvr": 175, "mqtt-broker-65c6fb9d94-l4cmq": 164, "mqtt-broker-65c6fb9d94-vcpxf": 0}
1778246833
{"mqtt-broker-65c6fb9d94-ctkvr": 175, "mqtt-broker-65c6fb9d94-l4cmq": 164, "mqtt-broker-65c6fb9d94-vcpxf": 0}
1778246838
{"mqtt-broker-65c6fb9d94-ctkvr": 175, "mqtt-broker-65c6fb9d94-l4cmq": 164, "mqtt-broker-65c6fb9d94-vcpxf": 0}
1778246843
{"mqtt-broker-65c6fb9d94-ctkvr": 175, "mqtt-broker-65c6fb9d94-l4cmq": 164, "mqtt-broker-65c6fb9d94-vcpxf": 0}
1778246848
{"mqtt-broker-65c6fb9d94-ctkvr": 175, "mqtt-broker-65c6fb9d94-l4cmq": 164, "mqtt-broker-65c6fb9d94-vcpxf": 0}
1778246853
{"mqtt-broker-65c6fb9d94-ctkvr": 175, "mqtt-broker-65c6fb9d94-l4cmq": 164, "mqtt-broker-65c6fb9d94-vcpxf": 0}
1778246858
{"mqtt-broker-65c6fb9d94-ctkvr": 175, "mqtt-broker-65c6fb9d94-l4cmq": 164, "mqtt-broker-65c6fb9d94-vcpxf": 0}
1778246863
{"mqtt-broker-65c6fb9d94-ctkvr": 175, "mqtt-broker-65c6fb9d94-l4cmq": 164, "mqtt-broker-65c6fb9d94-vcpxf": 0}
1778246868
{"mqtt-broker-65c6fb9d94-ctkvr": 175, "mqtt-broker-65c6fb9d94-l4cmq": 164, "mqtt-broker-65c6fb9d94-vcpxf": 0}
1778246873
{"mqtt-broker-65c6fb9d94-ctkvr": 175, "mqtt-broker-65c6fb9d94-l4cmq": 164, "mqtt-broker-65c6fb9d94-vcpxf": 0}
1778246878
{"mqtt-broker-65c6fb9d94-ctkvr": 175, "mqtt-broker-65c6fb9d94-l4cmq": 164, "mqtt-broker-65c6fb9d94-vcpxf": 0}
1778246883
{"mqtt-broker-65c6fb9d94-ctkvr": 175, "mqtt-broker-65c6fb9d94-l4cmq": 164, "mqtt-broker-65c6fb9d94-vcpxf": 0}
1778246888
{"mqtt-broker-65c6fb9d94-ctkvr": 175, "mqtt-broker-65c6fb9d94-l4cmq": 164, "mqtt-broker-65c6fb9d94-vcpxf": 0}
1778246893
{"mqtt-broker-65c6fb9d94-ctkvr": 175, "mqtt-broker-65c6fb9d94-l4cmq": 164, "mqtt-broker-65c6fb9d94-vcpxf": 0}
1778246899
{"mqtt-broker-65c6fb9d94-ctkvr": 175, "mqtt-broker-65c6fb9d94-l4cmq": 164, "mqtt-broker-65c6fb9d94-vcpxf": 0}
1778246904
{"mqtt-broker-65c6fb9d94-ctkvr": 175, "mqtt-broker-65c6fb9d94-l4cmq": 164, "mqtt-broker-65c6fb9d94-vcpxf": 0}
1778246909
{"mqtt-broker-65c6fb9d94-ctkvr": 175, "mqtt-broker-65c6fb9d94-l4cmq": 164, "mqtt-broker-65c6fb9d94-vcpxf": 0}
1778246914
{"mqtt-broker-65c6fb9d94-ctkvr": 175, "mqtt-broker-65c6fb9d94-l4cmq": 164, "mqtt-broker-65c6fb9d94-vcpxf": 0}
1778246919
{"mqtt-broker-65c6fb9d94-ctkvr": 175, "mqtt-broker-65c6fb9d94-l4cmq": 164, "mqtt-broker-65c6fb9d94-vcpxf": 0}
1778246924
{"mqtt-broker-65c6fb9d94-ctkvr": 175, "mqtt-broker-65c6fb9d94-l4cmq": 164, "mqtt-broker-65c6fb9d94-vcpxf": 0}
1778246929
{"mqtt-broker-65c6fb9d94-ctkvr": 175, "mqtt-broker-65c6fb9d94-l4cmq": 164, "mqtt-broker-65c6fb9d94-vcpxf": 0}
1778246934
{"mqtt-broker-65c6fb9d94-ctkvr": 175, "mqtt-broker-65c6fb9d94-l4cmq": 164, "mqtt-broker-65c6fb9d94-vcpxf": 0}
1778246939
{"mqtt-broker-65c6fb9d94-ctkvr": 175, "mqtt-broker-65c6fb9d94-l4cmq": 164, "mqtt-broker-65c6fb9d94-vcpxf": 0}
1778246944
{"mqtt-broker-65c6fb9d94-ctkvr": 175, "mqtt-broker-65c6fb9d94-l4cmq": 164, "mqtt-broker-65c6fb9d94-vcpxf": 0}
1778246949
{"mqtt-broker-65c6fb9d94-ctkvr": 175, "mqtt-broker-65c6fb9d94-l4cmq": 164, "mqtt-broker-65c6fb9d94-vcpxf": 0}
1778246954
{"mqtt-broker-65c6fb9d94-ctkvr": 175, "mqtt-broker-65c6fb9d94-l4cmq": 164, "mqtt-broker-65c6fb9d94-vcpxf": 0}
1778246959
{"mqtt-broker-65c6fb9d94-ctkvr": 175, "mqtt-broker-65c6fb9d94-l4cmq": 164, "mqtt-broker-65c6fb9d94-vcpxf": 0}
1778246964
{"mqtt-broker-65c6fb9d94-ctkvr": 175, "mqtt-broker-65c6fb9d94-l4cmq": 164, "mqtt-broker-65c6fb9d94-vcpxf": 0}
1778246969
{"mqtt-broker-65c6fb9d94-ctkvr": 175, "mqtt-broker-65c6fb9d94-l4cmq": 164, "mqtt-broker-65c6fb9d94-vcpxf": 0}
1778246974
{"mqtt-broker-65c6fb9d94-ctkvr": 175, "mqtt-broker-65c6fb9d94-l4cmq": 164, "mqtt-broker-65c6fb9d94-vcpxf": 0}
1778246979
{"mqtt-broker-65c6fb9d94-ctkvr": 175, "mqtt-broker-65c6fb9d94-l4cmq": 164, "mqtt-broker-65c6fb9d94-vcpxf": 0}
1778246984
{"mqtt-broker-65c6fb9d94-ctkvr": 175, "mqtt-broker-65c6fb9d94-l4cmq": 164, "mqtt-broker-65c6fb9d94-vcpxf": 0}
1778246989
{"mqtt-broker-65c6fb9d94-ctkvr": 175, "mqtt-broker-65c6fb9d94-l4cmq": 164, "mqtt-broker-65c6fb9d94-vcpxf": 0}
1778246994
{"mqtt-broker-65c6fb9d94-ctkvr": 175, "mqtt-broker-65c6fb9d94-l4cmq": 164, "mqtt-broker-65c6fb9d94-vcpxf": 0}
1778246999
{"mqtt-broker-65c6fb9d94-ctkvr": 175, "mqtt-broker-65c6fb9d94-l4cmq": 164, "mqtt-broker-65c6fb9d94-vcpxf": 0}
1778247004
{"mqtt-broker-65c6fb9d94-ctkvr": 175, "mqtt-broker-65c6fb9d94-l4cmq": 164, "mqtt-broker-65c6fb9d94-vcpxf": 0}
1778247009
{"mqtt-broker-65c6fb9d94-ctkvr": 175, "mqtt-broker-65c6fb9d94-l4cmq": 164, "mqtt-broker-65c6fb9d94-vcpxf": 0}
1778247014
{"mqtt-broker-65c6fb9d94-ctkvr": 175, "mqtt-broker-65c6fb9d94-l4cmq": 164, "mqtt-broker-65c6fb9d94-vcpxf": 0}
1778247019
{"mqtt-broker-65c6fb9d94-ctkvr": 175, "mqtt-broker-65c6fb9d94-l4cmq": 164, "mqtt-broker-65c6fb9d94-vcpxf": 0}
1778247024
{"mqtt-broker-65c6fb9d94-ctkvr": 175, "mqtt-broker-65c6fb9d94-l4cmq": 164, "mqtt-broker-65c6fb9d94-vcpxf": 0}
1778247029
{"mqtt-broker-65c6fb9d94-ctkvr": 175, "mqtt-broker-65c6fb9d94-l4cmq": 164, "mqtt-broker-65c6fb9d94-vcpxf": 0}
1778247034
{"mqtt-broker-65c6fb9d94-ctkvr": 175, "mqtt-broker-65c6fb9d94-l4cmq": 164, "mqtt-broker-65c6fb9d94-vcpxf": 0}
1778247039
{"mqtt-broker-65c6fb9d94-ctkvr": 175, "mqtt-broker-65c6fb9d94-l4cmq": 164, "mqtt-broker-65c6fb9d94-vcpxf": 0}
1778247044
{"mqtt-broker-65c6fb9d94-ctkvr": 175, "mqtt-broker-65c6fb9d94-l4cmq": 164, "mqtt-broker-65c6fb9d94-vcpxf": 0}
1778247049
{"mqtt-broker-65c6fb9d94-ctkvr": 175, "mqtt-broker-65c6fb9d94-l4cmq": 164, "mqtt-broker-65c6fb9d94-vcpxf": 0}
1778247055
{"mqtt-broker-65c6fb9d94-ctkvr": 175, "mqtt-broker-65c6fb9d94-l4cmq": 164, "mqtt-broker-65c6fb9d94-vcpxf": 0}
1778247060
{"mqtt-broker-65c6fb9d94-ctkvr": 175, "mqtt-broker-65c6fb9d94-l4cmq": 164, "mqtt-broker-65c6fb9d94-vcpxf": 0}
1778247065
{"mqtt-broker-65c6fb9d94-ctkvr": 0, "mqtt-broker-65c6fb9d94-l4cmq": 164, "mqtt-broker-65c6fb9d94-vcpxf": 0}
1778247070
{"mqtt-broker-65c6fb9d94-ctkvr": 0, "mqtt-broker-65c6fb9d94-l4cmq": 0, "mqtt-broker-65c6fb9d94-vcpxf": 0}
1778247075
{"mqtt-broker-65c6fb9d94-ctkvr": 0, "mqtt-broker-65c6fb9d94-l4cmq": 0, "mqtt-broker-65c6fb9d94-vcpxf": 0}
1778247080
{"mqtt-broker-65c6fb9d94-ctkvr": 0, "mqtt-broker-65c6fb9d94-l4cmq": 0, "mqtt-broker-65c6fb9d94-vcpxf": 0}
1778247085
{"mqtt-broker-65c6fb9d94-ctkvr": 0, "mqtt-broker-65c6fb9d94-l4cmq": 20, "mqtt-broker-65c6fb9d94-vcpxf": 8}
1778247090
{"mqtt-broker-65c6fb9d94-ctkvr": 0, "mqtt-broker-65c6fb9d94-l4cmq": 20, "mqtt-broker-65c6fb9d94-vcpxf": 8}
1778247095
{"mqtt-broker-65c6fb9d94-ctkvr": 44, "mqtt-broker-65c6fb9d94-l4cmq": 20, "mqtt-broker-65c6fb9d94-vcpxf": 8}
1778247100
{"mqtt-broker-65c6fb9d94-ctkvr": 44, "mqtt-broker-65c6fb9d94-l4cmq": 62, "mqtt-broker-65c6fb9d94-vcpxf": 62}
1778247105
{"mqtt-broker-65c6fb9d94-ctkvr": 44, "mqtt-broker-65c6fb9d94-l4cmq": 62, "mqtt-broker-65c6fb9d94-vcpxf": 62}
1778247110
{"mqtt-broker-65c6fb9d94-ctkvr": 94, "mqtt-broker-65c6fb9d94-l4cmq": 62, "mqtt-broker-65c6fb9d94-vcpxf": 62}
1778247115
{"mqtt-broker-65c6fb9d94-ctkvr": 94, "mqtt-broker-65c6fb9d94-l4cmq": 103, "mqtt-broker-65c6fb9d94-vcpxf": 97}
1778247120
{"mqtt-broker-65c6fb9d94-ctkvr": 94, "mqtt-broker-65c6fb9d94-l4cmq": 103, "mqtt-broker-65c6fb9d94-vcpxf": 97}
1778247125
{"mqtt-broker-65c6fb9d94-ctkvr": 100, "mqtt-broker-65c6fb9d94-l4cmq": 103, "mqtt-broker-65c6fb9d94-vcpxf": 97}
1778247130
{"mqtt-broker-65c6fb9d94-ctkvr": 100, "mqtt-broker-65c6fb9d94-l4cmq": 103, "mqtt-broker-65c6fb9d94-vcpxf": 97}
1778247135
{"mqtt-broker-65c6fb9d94-ctkvr": 100, "mqtt-broker-65c6fb9d94-l4cmq": 103, "mqtt-broker-65c6fb9d94-vcpxf": 97}
1778247140
{"mqtt-broker-65c6fb9d94-ctkvr": 100, "mqtt-broker-65c6fb9d94-l4cmq": 103, "mqtt-broker-65c6fb9d94-vcpxf": 97}
1778247145
{"mqtt-broker-65c6fb9d94-ctkvr": 100, "mqtt-broker-65c6fb9d94-l4cmq": 103, "mqtt-broker-65c6fb9d94-vcpxf": 97}
1778247150
{"mqtt-broker-65c6fb9d94-ctkvr": 100, "mqtt-broker-65c6fb9d94-l4cmq": 103, "mqtt-broker-65c6fb9d94-vcpxf": 97}
1778247155
{"mqtt-broker-65c6fb9d94-ctkvr": 100, "mqtt-broker-65c6fb9d94-l4cmq": 103, "mqtt-broker-65c6fb9d94-vcpxf": 97}
1778247160
{"mqtt-broker-65c6fb9d94-ctkvr": 100, "mqtt-broker-65c6fb9d94-l4cmq": 103, "mqtt-broker-65c6fb9d94-vcpxf": 97}
1778247165
{"mqtt-broker-65c6fb9d94-ctkvr": 100, "mqtt-broker-65c6fb9d94-l4cmq": 103, "mqtt-broker-65c6fb9d94-vcpxf": 97}
1778247170
{"mqtt-broker-65c6fb9d94-ctkvr": 100, "mqtt-broker-65c6fb9d94-l4cmq": 103, "mqtt-broker-65c6fb9d94-vcpxf": 97}
1778247175
{"mqtt-broker-65c6fb9d94-ctkvr": 100, "mqtt-broker-65c6fb9d94-l4cmq": 103, "mqtt-broker-65c6fb9d94-vcpxf": 97}
1778247180
{"mqtt-broker-65c6fb9d94-ctkvr": 100, "mqtt-broker-65c6fb9d94-l4cmq": 103, "mqtt-broker-65c6fb9d94-vcpxf": 97}
1778247185
{"mqtt-broker-65c6fb9d94-ctkvr": 102, "mqtt-broker-65c6fb9d94-l4cmq": 103, "mqtt-broker-65c6fb9d94-vcpxf": 97}
1778247190
{"mqtt-broker-65c6fb9d94-ctkvr": 102, "mqtt-broker-65c6fb9d94-l4cmq": 138, "mqtt-broker-65c6fb9d94-vcpxf": 24}
1778247195
{"mqtt-broker-65c6fb9d94-ctkvr": 102, "mqtt-broker-65c6fb9d94-l4cmq": 138, "mqtt-broker-65c6fb9d94-vcpxf": 24}
1778247200
{"mqtt-broker-65c6fb9d94-ctkvr": 141, "mqtt-broker-65c6fb9d94-l4cmq": 138, "mqtt-broker-65c6fb9d94-vcpxf": 24}
1778247205
{"mqtt-broker-65c6fb9d94-ctkvr": 141, "mqtt-broker-65c6fb9d94-l4cmq": 159, "mqtt-broker-65c6fb9d94-vcpxf": 0}
1778247210
{"mqtt-broker-65c6fb9d94-ctkvr": 141, "mqtt-broker-65c6fb9d94-l4cmq": 159, "mqtt-broker-65c6fb9d94-vcpxf": 0}
1778247216
{"mqtt-broker-65c6fb9d94-ctkvr": 141, "mqtt-broker-65c6fb9d94-l4cmq": 159, "mqtt-broker-65c6fb9d94-vcpxf": 0}
1778247221
{"mqtt-broker-65c6fb9d94-ctkvr": 141, "mqtt-broker-65c6fb9d94-l4cmq": 159, "mqtt-broker-65c6fb9d94-vcpxf": 0}
1778247226
{"mqtt-broker-65c6fb9d94-ctkvr": 141, "mqtt-broker-65c6fb9d94-l4cmq": 159, "mqtt-broker-65c6fb9d94-vcpxf": 0}
1778247231
{"mqtt-broker-65c6fb9d94-ctkvr": 141, "mqtt-broker-65c6fb9d94-l4cmq": 159, "mqtt-broker-65c6fb9d94-vcpxf": 0}
1778247236
{"mqtt-broker-65c6fb9d94-ctkvr": 141, "mqtt-broker-65c6fb9d94-l4cmq": 159, "mqtt-broker-65c6fb9d94-vcpxf": 0}
1778247241
{"mqtt-broker-65c6fb9d94-ctkvr": 141, "mqtt-broker-65c6fb9d94-l4cmq": 159, "mqtt-broker-65c6fb9d94-vcpxf": 0}
1778247246
{"mqtt-broker-65c6fb9d94-ctkvr": 141, "mqtt-broker-65c6fb9d94-l4cmq": 159, "mqtt-broker-65c6fb9d94-vcpxf": 0}
1778247251
{"mqtt-broker-65c6fb9d94-ctkvr": 141, "mqtt-broker-65c6fb9d94-l4cmq": 159, "mqtt-broker-65c6fb9d94-vcpxf": 0}
1778247256
{"mqtt-broker-65c6fb9d94-ctkvr": 141, "mqtt-broker-65c6fb9d94-l4cmq": 159, "mqtt-broker-65c6fb9d94-vcpxf": 0}
1778247261
{"mqtt-broker-65c6fb9d94-ctkvr": 141, "mqtt-broker-65c6fb9d94-l4cmq": 159, "mqtt-broker-65c6fb9d94-vcpxf": 0}
1778247266
{"mqtt-broker-65c6fb9d94-ctkvr": 141, "mqtt-broker-65c6fb9d94-l4cmq": 159, "mqtt-broker-65c6fb9d94-vcpxf": 0}
1778247271
{"mqtt-broker-65c6fb9d94-ctkvr": 141, "mqtt-broker-65c6fb9d94-l4cmq": 159, "mqtt-broker-65c6fb9d94-vcpxf": 0}
1778247276
{"mqtt-broker-65c6fb9d94-ctkvr": 141, "mqtt-broker-65c6fb9d94-l4cmq": 159, "mqtt-broker-65c6fb9d94-vcpxf": 0}
1778247281
{"mqtt-broker-65c6fb9d94-ctkvr": 141, "mqtt-broker-65c6fb9d94-l4cmq": 159, "mqtt-broker-65c6fb9d94-vcpxf": 0}
1778247286
{"mqtt-broker-65c6fb9d94-ctkvr": 141, "mqtt-broker-65c6fb9d94-l4cmq": 159, "mqtt-broker-65c6fb9d94-vcpxf": 0}
1778247291
{"mqtt-broker-65c6fb9d94-ctkvr": 141, "mqtt-broker-65c6fb9d94-l4cmq": 159, "mqtt-broker-65c6fb9d94-vcpxf": 0}
1778247296
{"mqtt-broker-65c6fb9d94-ctkvr": 141, "mqtt-broker-65c6fb9d94-l4cmq": 159, "mqtt-broker-65c6fb9d94-vcpxf": 0}
1778247301
{"mqtt-broker-65c6fb9d94-ctkvr": 141, "mqtt-broker-65c6fb9d94-l4cmq": 159, "mqtt-broker-65c6fb9d94-vcpxf": 0}
1778247306
{"mqtt-broker-65c6fb9d94-ctkvr": 141, "mqtt-broker-65c6fb9d94-l4cmq": 159, "mqtt-broker-65c6fb9d94-vcpxf": 0}
1778247311
{"mqtt-broker-65c6fb9d94-ctkvr": 141, "mqtt-broker-65c6fb9d94-l4cmq": 159, "mqtt-broker-65c6fb9d94-vcpxf": 0}
1778247316
{"mqtt-broker-65c6fb9d94-ctkvr": 141, "mqtt-broker-65c6fb9d94-l4cmq": 159, "mqtt-broker-65c6fb9d94-vcpxf": 0}
1778247321
{"mqtt-broker-65c6fb9d94-ctkvr": 141, "mqtt-broker-65c6fb9d94-l4cmq": 159, "mqtt-broker-65c6fb9d94-vcpxf": 0}
1778247326
{"mqtt-broker-65c6fb9d94-ctkvr": 141, "mqtt-broker-65c6fb9d94-l4cmq": 159, "mqtt-broker-65c6fb9d94-vcpxf": 0}
1778247331
{"mqtt-broker-65c6fb9d94-ctkvr": 141, "mqtt-broker-65c6fb9d94-l4cmq": 159, "mqtt-broker-65c6fb9d94-vcpxf": 0}
1778247336
{"mqtt-broker-65c6fb9d94-ctkvr": 141, "mqtt-broker-65c6fb9d94-l4cmq": 159, "mqtt-broker-65c6fb9d94-vcpxf": 0}
1778247341
{"mqtt-broker-65c6fb9d94-ctkvr": 141, "mqtt-broker-65c6fb9d94-l4cmq": 159, "mqtt-broker-65c6fb9d94-vcpxf": 0}
1778247346
{"mqtt-broker-65c6fb9d94-ctkvr": 141, "mqtt-broker-65c6fb9d94-l4cmq": 159, "mqtt-broker-65c6fb9d94-vcpxf": 0}
1778247351
{"mqtt-broker-65c6fb9d94-ctkvr": 141, "mqtt-broker-65c6fb9d94-l4cmq": 159, "mqtt-broker-65c6fb9d94-vcpxf": 0}
1778247356
{"mqtt-broker-65c6fb9d94-ctkvr": 141, "mqtt-broker-65c6fb9d94-l4cmq": 159, "mqtt-broker-65c6fb9d94-vcpxf": 0}
1778247361
{"mqtt-broker-65c6fb9d94-ctkvr": 141, "mqtt-broker-65c6fb9d94-l4cmq": 159, "mqtt-broker-65c6fb9d94-vcpxf": 0}
1778247366
{"mqtt-broker-65c6fb9d94-ctkvr": 141, "mqtt-broker-65c6fb9d94-l4cmq": 159, "mqtt-broker-65c6fb9d94-vcpxf": 0}
1778247371
{"mqtt-broker-65c6fb9d94-ctkvr": 141, "mqtt-broker-65c6fb9d94-l4cmq": 159, "mqtt-broker-65c6fb9d94-vcpxf": 0}
1778247377
{"mqtt-broker-65c6fb9d94-ctkvr": 141, "mqtt-broker-65c6fb9d94-l4cmq": 159, "mqtt-broker-65c6fb9d94-vcpxf": 0}
1778247382
{"mqtt-broker-65c6fb9d94-ctkvr": 141, "mqtt-broker-65c6fb9d94-l4cmq": 159, "mqtt-broker-65c6fb9d94-vcpxf": 0}
1778247387
{"mqtt-broker-65c6fb9d94-ctkvr": 141, "mqtt-broker-65c6fb9d94-l4cmq": 159, "mqtt-broker-65c6fb9d94-vcpxf": 0}
1778247392
{"mqtt-broker-65c6fb9d94-ctkvr": 141, "mqtt-broker-65c6fb9d94-l4cmq": 159, "mqtt-broker-65c6fb9d94-vcpxf": 0}
1778247397
{"mqtt-broker-65c6fb9d94-ctkvr": 141, "mqtt-broker-65c6fb9d94-l4cmq": 159, "mqtt-broker-65c6fb9d94-vcpxf": 0}
1778247402
{"mqtt-broker-65c6fb9d94-ctkvr": 141, "mqtt-broker-65c6fb9d94-l4cmq": 159}
1778247407
{"mqtt-broker-65c6fb9d94-ctkvr": 141, "mqtt-broker-65c6fb9d94-l4cmq": 159}
1778247412
{}
1778247417
{}
1778247422
{}
1778247427
{}
1778247432
{}
1778247437
{}
1778247442
{}
1778247447
{}
1778247452
{}
1778247457
{}
1778247462
{}
1778247467
{}
1778247472
{}
1778247477
{}
1778247482
{}
1778247487
{}
1778247492
{}
1778247498
{}
1778247503
{}
1778247508
{}
1778247513
{}
1778247518
{}
1778247523
{}
1778247528
{}
1778247533
{}
1778247538
{}
1778247543
{}
1778247548
{}
1778247553
{}
1778247558
{}
1778247563
{}
1778247568
{}
1778247573
{}
1778247578
{}
1778247583
{}
1778247588
{}
1778247593
{}
1778247598
{}
1778247604
{}
1778247609
{}
1778247614
{}
1778247619
{}
1778247624
{}
1778247629
{}
1778247634
{}
1778247639
{}
1778247644
{}
1778247649
{}
1778247654
{}
1778247659
{}
1778247664
{}
1778247669
{}
1778247674
{}
1778247679
{}
1778247684
{}
1778247689
{}
1778247694
{}
1778247699
{}
1778247704
{}
1778247709
{}
1778247715
{}
1778247720
{}
1778247725
{}
1778247730
{}
1778247735
{}
1778247740
{}
1778247745
{}
1778247750
{}
1778247755
{}
1778247760
{}
1778247765
{}
1778247770
{}
1778247775
{}
1778247780
{}
1778247785
{}
1778247790
{}
1778247795
{}
1778247800
{}
1778247805
{}
1778247810
{}
1778247815
{}
1778247821
{}
1778247826
{}
1778247831
{}
1778247836
{}
1778247841
{}
1778247846
{}
1778247851
{}
1778247856
{}
1778247861
{}
1778247866
{}
1778247871
{}
1778247876
{}
1778247881
{}
1778247886
{}
1778247891
{}
1778247896
{}
1778247901
{}
1778247906
{}
1778247911
{}
1778247916
{}
1778247921
{}
1778247926
{}
1778247932
{}
1778247937
{}
1778247942
{}
1778247947
{}
1778247952
{}
1778247957
{}
1778247962
{}
1778247967
{}
1778247972
{}
1778247977
{}
1778247982
{}
1778247987
{}
1778247992
{}
1778247997
{}
1778248002
{}
1778248007
{}
1778248012
{}
1778248017
{}
1778248022
{}
1778248028
{}
1778248033
{}
1778248038
{}
1778248043
{}
1778248048
{}
1778248053
{}
1778248058
{}
1778248063
{}
1778248068
{}
1778248073
{}
1778248078
{}
1778248083
{}
1778248088
{}
1778248093
{}
1778248098
{}
1778248103
{}
1778248108
{}
1778248113
{}
1778248118
{}
1778248124
{}
1778248129
{}
1778248134
{}
1778248139
{}
1778248144
{}
1778248149
{}
1778248154
{}
1778248159
{}
1778248164
{}
1778248169
{}
1778248174
{}
1778248179
{}
1778248184
{}
1778248189
{}
1778248194
{}
1778248199
{}
1778248204
{}
1778248209
{}
1778248215
{}
1778248220
{}
1778248225
{}
1778248230
{}
1778248235
{}
1778248240
{}
1778248245
{}
1778248250
{}
1778248255
{}
1778248260
{}
1778248265
{}
1778248270
{}
1778248275
{}
1778248280
{}
1778248285
{}
1778248290
{}
1778248296
{}
1778248301
{}
1778248306
{}
1778248311
{}
1778248316
{}
1778248321
{}
1778248326
{}
1778248331
{"mqtt-broker-65c6fb9d94-b4kfz": 0, "mqtt-broker-65c6fb9d94-6wf26": 1}
1778248336
{"mqtt-broker-65c6fb9d94-b4kfz": 0, "mqtt-broker-65c6fb9d94-6wf26": 1}
1778248341
{"mqtt-broker-65c6fb9d94-b4kfz": 0, "mqtt-broker-65c6fb9d94-6wf26": 1}
1778248346
{"mqtt-broker-65c6fb9d94-b4kfz": 95, "mqtt-broker-65c6fb9d94-6wf26": 134}
1778248351
{"mqtt-broker-65c6fb9d94-b4kfz": 95, "mqtt-broker-65c6fb9d94-6wf26": 134}
1778248356
{"mqtt-broker-65c6fb9d94-b4kfz": 95, "mqtt-broker-65c6fb9d94-6wf26": 134}
1778248361
{"mqtt-broker-65c6fb9d94-b4kfz": 167, "mqtt-broker-65c6fb9d94-6wf26": 172}
1778248366
{"mqtt-broker-65c6fb9d94-b4kfz": 167, "mqtt-broker-65c6fb9d94-6wf26": 172}
1778248372
{"mqtt-broker-65c6fb9d94-b4kfz": 167, "mqtt-broker-65c6fb9d94-6wf26": 172, "mqtt-broker-65c6fb9d94-595cb": 0}
1778248377
{"mqtt-broker-65c6fb9d94-b4kfz": 167, "mqtt-broker-65c6fb9d94-6wf26": 172, "mqtt-broker-65c6fb9d94-595cb": 0}
1778248382
{"mqtt-broker-65c6fb9d94-b4kfz": 167, "mqtt-broker-65c6fb9d94-6wf26": 172, "mqtt-broker-65c6fb9d94-595cb": 0}
1778248387
{"mqtt-broker-65c6fb9d94-b4kfz": 167, "mqtt-broker-65c6fb9d94-6wf26": 172, "mqtt-broker-65c6fb9d94-595cb": 0}
1778248392
{"mqtt-broker-65c6fb9d94-b4kfz": 167, "mqtt-broker-65c6fb9d94-6wf26": 172, "mqtt-broker-65c6fb9d94-595cb": 0}
1778248397
{"mqtt-broker-65c6fb9d94-b4kfz": 167, "mqtt-broker-65c6fb9d94-6wf26": 172, "mqtt-broker-65c6fb9d94-595cb": 0}
1778248402
{"mqtt-broker-65c6fb9d94-b4kfz": 167, "mqtt-broker-65c6fb9d94-6wf26": 172, "mqtt-broker-65c6fb9d94-595cb": 0}
1778248407
{"mqtt-broker-65c6fb9d94-b4kfz": 167, "mqtt-broker-65c6fb9d94-6wf26": 172, "mqtt-broker-65c6fb9d94-595cb": 0}
1778248412
{"mqtt-broker-65c6fb9d94-b4kfz": 167, "mqtt-broker-65c6fb9d94-6wf26": 172, "mqtt-broker-65c6fb9d94-595cb": 0}
1778248417
{"mqtt-broker-65c6fb9d94-b4kfz": 167, "mqtt-broker-65c6fb9d94-6wf26": 172, "mqtt-broker-65c6fb9d94-595cb": 0}
1778248422
{"mqtt-broker-65c6fb9d94-b4kfz": 167, "mqtt-broker-65c6fb9d94-6wf26": 172, "mqtt-broker-65c6fb9d94-595cb": 0}
1778248427
{"mqtt-broker-65c6fb9d94-b4kfz": 167, "mqtt-broker-65c6fb9d94-6wf26": 172, "mqtt-broker-65c6fb9d94-595cb": 0}
1778248432
{"mqtt-broker-65c6fb9d94-b4kfz": 167, "mqtt-broker-65c6fb9d94-6wf26": 172, "mqtt-broker-65c6fb9d94-595cb": 0}
1778248437
{"mqtt-broker-65c6fb9d94-b4kfz": 167, "mqtt-broker-65c6fb9d94-6wf26": 172, "mqtt-broker-65c6fb9d94-595cb": 0}
1778248442
{"mqtt-broker-65c6fb9d94-b4kfz": 167, "mqtt-broker-65c6fb9d94-6wf26": 172, "mqtt-broker-65c6fb9d94-595cb": 0}
1778248447
{"mqtt-broker-65c6fb9d94-b4kfz": 167, "mqtt-broker-65c6fb9d94-6wf26": 172, "mqtt-broker-65c6fb9d94-595cb": 0}
1778248452
{"mqtt-broker-65c6fb9d94-b4kfz": 167, "mqtt-broker-65c6fb9d94-6wf26": 172, "mqtt-broker-65c6fb9d94-595cb": 0}
1778248457
{"mqtt-broker-65c6fb9d94-b4kfz": 167, "mqtt-broker-65c6fb9d94-6wf26": 172, "mqtt-broker-65c6fb9d94-595cb": 0}
1778248462
{"mqtt-broker-65c6fb9d94-b4kfz": 167, "mqtt-broker-65c6fb9d94-6wf26": 172, "mqtt-broker-65c6fb9d94-595cb": 0}
1778248467
{"mqtt-broker-65c6fb9d94-b4kfz": 167, "mqtt-broker-65c6fb9d94-6wf26": 172, "mqtt-broker-65c6fb9d94-595cb": 0}
1778248472
{"mqtt-broker-65c6fb9d94-b4kfz": 167, "mqtt-broker-65c6fb9d94-6wf26": 172, "mqtt-broker-65c6fb9d94-595cb": 0}
1778248477
{"mqtt-broker-65c6fb9d94-b4kfz": 167, "mqtt-broker-65c6fb9d94-6wf26": 172, "mqtt-broker-65c6fb9d94-595cb": 0}
1778248482
{"mqtt-broker-65c6fb9d94-b4kfz": 167, "mqtt-broker-65c6fb9d94-6wf26": 172, "mqtt-broker-65c6fb9d94-595cb": 0}
1778248487
{"mqtt-broker-65c6fb9d94-b4kfz": 167, "mqtt-broker-65c6fb9d94-6wf26": 172, "mqtt-broker-65c6fb9d94-595cb": 0}
1778248492
{"mqtt-broker-65c6fb9d94-b4kfz": 167, "mqtt-broker-65c6fb9d94-6wf26": 172, "mqtt-broker-65c6fb9d94-595cb": 0}
1778248497
{"mqtt-broker-65c6fb9d94-b4kfz": 167, "mqtt-broker-65c6fb9d94-6wf26": 172, "mqtt-broker-65c6fb9d94-595cb": 0}
1778248502
{"mqtt-broker-65c6fb9d94-b4kfz": 167, "mqtt-broker-65c6fb9d94-6wf26": 172, "mqtt-broker-65c6fb9d94-595cb": 0}
1778248507
{"mqtt-broker-65c6fb9d94-b4kfz": 167, "mqtt-broker-65c6fb9d94-6wf26": 172, "mqtt-broker-65c6fb9d94-595cb": 0}
1778248512
{"mqtt-broker-65c6fb9d94-b4kfz": 167, "mqtt-broker-65c6fb9d94-6wf26": 172, "mqtt-broker-65c6fb9d94-595cb": 0}
1778248517
{"mqtt-broker-65c6fb9d94-b4kfz": 167, "mqtt-broker-65c6fb9d94-6wf26": 172, "mqtt-broker-65c6fb9d94-595cb": 0}
1778248523
{"mqtt-broker-65c6fb9d94-b4kfz": 167, "mqtt-broker-65c6fb9d94-6wf26": 172, "mqtt-broker-65c6fb9d94-595cb": 0}
1778248528
{"mqtt-broker-65c6fb9d94-b4kfz": 167, "mqtt-broker-65c6fb9d94-6wf26": 172, "mqtt-broker-65c6fb9d94-595cb": 0}
1778248533
{"mqtt-broker-65c6fb9d94-b4kfz": 167, "mqtt-broker-65c6fb9d94-6wf26": 172, "mqtt-broker-65c6fb9d94-595cb": 0}
1778248538
{"mqtt-broker-65c6fb9d94-b4kfz": 167, "mqtt-broker-65c6fb9d94-6wf26": 172, "mqtt-broker-65c6fb9d94-595cb": 0}
1778248543
{"mqtt-broker-65c6fb9d94-b4kfz": 167, "mqtt-broker-65c6fb9d94-6wf26": 172, "mqtt-broker-65c6fb9d94-595cb": 0}
1778248548
{"mqtt-broker-65c6fb9d94-b4kfz": 167, "mqtt-broker-65c6fb9d94-6wf26": 172, "mqtt-broker-65c6fb9d94-595cb": 0}
1778248553
{"mqtt-broker-65c6fb9d94-b4kfz": 167, "mqtt-broker-65c6fb9d94-6wf26": 172, "mqtt-broker-65c6fb9d94-595cb": 0}
1778248558
{"mqtt-broker-65c6fb9d94-b4kfz": 167, "mqtt-broker-65c6fb9d94-6wf26": 172, "mqtt-broker-65c6fb9d94-595cb": 0}
1778248563
{"mqtt-broker-65c6fb9d94-b4kfz": 167, "mqtt-broker-65c6fb9d94-6wf26": 172, "mqtt-broker-65c6fb9d94-595cb": 0}
1778248568
{"mqtt-broker-65c6fb9d94-b4kfz": 167, "mqtt-broker-65c6fb9d94-6wf26": 172, "mqtt-broker-65c6fb9d94-595cb": 0}
1778248573
{"mqtt-broker-65c6fb9d94-b4kfz": 167, "mqtt-broker-65c6fb9d94-6wf26": 172, "mqtt-broker-65c6fb9d94-595cb": 0}
1778248578
{"mqtt-broker-65c6fb9d94-b4kfz": 167, "mqtt-broker-65c6fb9d94-6wf26": 172, "mqtt-broker-65c6fb9d94-595cb": 0}
1778248583
{"mqtt-broker-65c6fb9d94-b4kfz": 167, "mqtt-broker-65c6fb9d94-6wf26": 172, "mqtt-broker-65c6fb9d94-595cb": 0}
1778248588
{"mqtt-broker-65c6fb9d94-b4kfz": 167, "mqtt-broker-65c6fb9d94-6wf26": 172, "mqtt-broker-65c6fb9d94-595cb": 0}
1778248593
{"mqtt-broker-65c6fb9d94-b4kfz": 167, "mqtt-broker-65c6fb9d94-6wf26": 172, "mqtt-broker-65c6fb9d94-595cb": 0}
1778248598
{"mqtt-broker-65c6fb9d94-b4kfz": 167, "mqtt-broker-65c6fb9d94-6wf26": 172, "mqtt-broker-65c6fb9d94-595cb": 0}
1778248603
{"mqtt-broker-65c6fb9d94-b4kfz": 167, "mqtt-broker-65c6fb9d94-6wf26": 172, "mqtt-broker-65c6fb9d94-595cb": 0}
1778248608
{"mqtt-broker-65c6fb9d94-b4kfz": 167, "mqtt-broker-65c6fb9d94-6wf26": 172, "mqtt-broker-65c6fb9d94-595cb": 0}
1778248613
{"mqtt-broker-65c6fb9d94-b4kfz": 167, "mqtt-broker-65c6fb9d94-6wf26": 172, "mqtt-broker-65c6fb9d94-595cb": 0}
1778248618
{"mqtt-broker-65c6fb9d94-b4kfz": 167, "mqtt-broker-65c6fb9d94-6wf26": 172, "mqtt-broker-65c6fb9d94-595cb": 0}
1778248623
{"mqtt-broker-65c6fb9d94-b4kfz": 167, "mqtt-broker-65c6fb9d94-6wf26": 172, "mqtt-broker-65c6fb9d94-595cb": 0}
1778248628
{"mqtt-broker-65c6fb9d94-b4kfz": 167, "mqtt-broker-65c6fb9d94-6wf26": 172, "mqtt-broker-65c6fb9d94-595cb": 0}
1778248633
{"mqtt-broker-65c6fb9d94-b4kfz": 167, "mqtt-broker-65c6fb9d94-6wf26": 172, "mqtt-broker-65c6fb9d94-595cb": 0}
1778248638
{"mqtt-broker-65c6fb9d94-b4kfz": 167, "mqtt-broker-65c6fb9d94-6wf26": 172, "mqtt-broker-65c6fb9d94-595cb": 0}
1778248643
{"mqtt-broker-65c6fb9d94-b4kfz": 167, "mqtt-broker-65c6fb9d94-6wf26": 172, "mqtt-broker-65c6fb9d94-595cb": 0}
1778248649
{"mqtt-broker-65c6fb9d94-b4kfz": 167, "mqtt-broker-65c6fb9d94-6wf26": 172, "mqtt-broker-65c6fb9d94-595cb": 0}
1778248654
{"mqtt-broker-65c6fb9d94-b4kfz": 167, "mqtt-broker-65c6fb9d94-6wf26": 172, "mqtt-broker-65c6fb9d94-595cb": 0}
1778248659
{"mqtt-broker-65c6fb9d94-b4kfz": 167, "mqtt-broker-65c6fb9d94-6wf26": 172, "mqtt-broker-65c6fb9d94-595cb": 0}
1778248664
{"mqtt-broker-65c6fb9d94-b4kfz": 167, "mqtt-broker-65c6fb9d94-6wf26": 172, "mqtt-broker-65c6fb9d94-595cb": 0}
1778248669
{"mqtt-broker-65c6fb9d94-b4kfz": 167, "mqtt-broker-65c6fb9d94-6wf26": 172, "mqtt-broker-65c6fb9d94-595cb": 0}
1778248674
{"mqtt-broker-65c6fb9d94-b4kfz": 167, "mqtt-broker-65c6fb9d94-6wf26": 172, "mqtt-broker-65c6fb9d94-595cb": 0}
1778248679
{"mqtt-broker-65c6fb9d94-b4kfz": 167, "mqtt-broker-65c6fb9d94-6wf26": 172, "mqtt-broker-65c6fb9d94-595cb": 0}
1778248684
{"mqtt-broker-65c6fb9d94-b4kfz": 167, "mqtt-broker-65c6fb9d94-6wf26": 172, "mqtt-broker-65c6fb9d94-595cb": 0}
1778248689
{"mqtt-broker-65c6fb9d94-b4kfz": 167, "mqtt-broker-65c6fb9d94-6wf26": 172, "mqtt-broker-65c6fb9d94-595cb": 0}
1778248694
{"mqtt-broker-65c6fb9d94-b4kfz": 167, "mqtt-broker-65c6fb9d94-6wf26": 172, "mqtt-broker-65c6fb9d94-595cb": 0}
1778248699
{"mqtt-broker-65c6fb9d94-b4kfz": 167, "mqtt-broker-65c6fb9d94-6wf26": 172, "mqtt-broker-65c6fb9d94-595cb": 0}
1778248704
{"mqtt-broker-65c6fb9d94-b4kfz": 167, "mqtt-broker-65c6fb9d94-6wf26": 172, "mqtt-broker-65c6fb9d94-595cb": 0}
1778248709
{"mqtt-broker-65c6fb9d94-b4kfz": 167, "mqtt-broker-65c6fb9d94-6wf26": 172, "mqtt-broker-65c6fb9d94-595cb": 0}
1778248714
{"mqtt-broker-65c6fb9d94-b4kfz": 167, "mqtt-broker-65c6fb9d94-6wf26": 172, "mqtt-broker-65c6fb9d94-595cb": 0}
1778248719
{"mqtt-broker-65c6fb9d94-b4kfz": 167, "mqtt-broker-65c6fb9d94-6wf26": 172, "mqtt-broker-65c6fb9d94-595cb": 0}
1778248724
{"mqtt-broker-65c6fb9d94-b4kfz": 167, "mqtt-broker-65c6fb9d94-6wf26": 172, "mqtt-broker-65c6fb9d94-595cb": 0}
1778248729
{"mqtt-broker-65c6fb9d94-b4kfz": 167, "mqtt-broker-65c6fb9d94-6wf26": 172, "mqtt-broker-65c6fb9d94-595cb": 0}
1778248734
{"mqtt-broker-65c6fb9d94-b4kfz": 167, "mqtt-broker-65c6fb9d94-6wf26": 172, "mqtt-broker-65c6fb9d94-595cb": 0}
1778248739
{"mqtt-broker-65c6fb9d94-b4kfz": 167, "mqtt-broker-65c6fb9d94-6wf26": 172, "mqtt-broker-65c6fb9d94-595cb": 0}
1778248744
{"mqtt-broker-65c6fb9d94-b4kfz": 167, "mqtt-broker-65c6fb9d94-6wf26": 172, "mqtt-broker-65c6fb9d94-595cb": 0}
1778248749
{"mqtt-broker-65c6fb9d94-b4kfz": 167, "mqtt-broker-65c6fb9d94-6wf26": 172, "mqtt-broker-65c6fb9d94-595cb": 0}
1778248754
{"mqtt-broker-65c6fb9d94-b4kfz": 167, "mqtt-broker-65c6fb9d94-6wf26": 172, "mqtt-broker-65c6fb9d94-595cb": 0}
1778248760
{"mqtt-broker-65c6fb9d94-b4kfz": 167, "mqtt-broker-65c6fb9d94-6wf26": 172, "mqtt-broker-65c6fb9d94-595cb": 0}
1778248765
{"mqtt-broker-65c6fb9d94-b4kfz": 167, "mqtt-broker-65c6fb9d94-6wf26": 172, "mqtt-broker-65c6fb9d94-595cb": 0}
1778248770
{"mqtt-broker-65c6fb9d94-b4kfz": 167, "mqtt-broker-65c6fb9d94-6wf26": 172, "mqtt-broker-65c6fb9d94-595cb": 0}
1778248775
{"mqtt-broker-65c6fb9d94-b4kfz": 167, "mqtt-broker-65c6fb9d94-6wf26": 172, "mqtt-broker-65c6fb9d94-595cb": 0}
1778248780
{"mqtt-broker-65c6fb9d94-b4kfz": 167, "mqtt-broker-65c6fb9d94-6wf26": 172, "mqtt-broker-65c6fb9d94-595cb": 0}
1778248785
{"mqtt-broker-65c6fb9d94-b4kfz": 167, "mqtt-broker-65c6fb9d94-6wf26": 172, "mqtt-broker-65c6fb9d94-595cb": 0}
1778248790
{"mqtt-broker-65c6fb9d94-b4kfz": 167, "mqtt-broker-65c6fb9d94-6wf26": 172, "mqtt-broker-65c6fb9d94-595cb": 0}
1778248795
{"mqtt-broker-65c6fb9d94-b4kfz": 167, "mqtt-broker-65c6fb9d94-6wf26": 172, "mqtt-broker-65c6fb9d94-595cb": 0}
1778248800
{"mqtt-broker-65c6fb9d94-b4kfz": 167, "mqtt-broker-65c6fb9d94-6wf26": 172, "mqtt-broker-65c6fb9d94-595cb": 0}
1778248805
{"mqtt-broker-65c6fb9d94-b4kfz": 167, "mqtt-broker-65c6fb9d94-6wf26": 172, "mqtt-broker-65c6fb9d94-595cb": 0}
1778248810
{"mqtt-broker-65c6fb9d94-b4kfz": 167, "mqtt-broker-65c6fb9d94-6wf26": 172, "mqtt-broker-65c6fb9d94-595cb": 0}
1778248815
{"mqtt-broker-65c6fb9d94-b4kfz": 167, "mqtt-broker-65c6fb9d94-6wf26": 172, "mqtt-broker-65c6fb9d94-595cb": 0}
1778248820
{"mqtt-broker-65c6fb9d94-b4kfz": 167, "mqtt-broker-65c6fb9d94-6wf26": 172, "mqtt-broker-65c6fb9d94-595cb": 0}
1778248825
{"mqtt-broker-65c6fb9d94-b4kfz": 167, "mqtt-broker-65c6fb9d94-6wf26": 172, "mqtt-broker-65c6fb9d94-595cb": 0}
1778248830
{"mqtt-broker-65c6fb9d94-b4kfz": 167, "mqtt-broker-65c6fb9d94-6wf26": 172, "mqtt-broker-65c6fb9d94-595cb": 0}
1778248835
{"mqtt-broker-65c6fb9d94-b4kfz": 167, "mqtt-broker-65c6fb9d94-6wf26": 172, "mqtt-broker-65c6fb9d94-595cb": 0}
1778248840
{"mqtt-broker-65c6fb9d94-b4kfz": 167, "mqtt-broker-65c6fb9d94-6wf26": 172, "mqtt-broker-65c6fb9d94-595cb": 0}
1778248845
{"mqtt-broker-65c6fb9d94-b4kfz": 167, "mqtt-broker-65c6fb9d94-6wf26": 172, "mqtt-broker-65c6fb9d94-595cb": 0}
1778248850
{"mqtt-broker-65c6fb9d94-b4kfz": 167, "mqtt-broker-65c6fb9d94-6wf26": 172, "mqtt-broker-65c6fb9d94-595cb": 0}
1778248855
{"mqtt-broker-65c6fb9d94-b4kfz": 167, "mqtt-broker-65c6fb9d94-6wf26": 172, "mqtt-broker-65c6fb9d94-595cb": 0}
1778248860
{"mqtt-broker-65c6fb9d94-b4kfz": 167, "mqtt-broker-65c6fb9d94-6wf26": 172, "mqtt-broker-65c6fb9d94-595cb": 0}
1778248865
{"mqtt-broker-65c6fb9d94-b4kfz": 167, "mqtt-broker-65c6fb9d94-6wf26": 172, "mqtt-broker-65c6fb9d94-595cb": 0}
1778248870
{"mqtt-broker-65c6fb9d94-b4kfz": 167, "mqtt-broker-65c6fb9d94-6wf26": 172, "mqtt-broker-65c6fb9d94-595cb": 0}
1778248875
{"mqtt-broker-65c6fb9d94-b4kfz": 167, "mqtt-broker-65c6fb9d94-6wf26": 172, "mqtt-broker-65c6fb9d94-595cb": 0}
1778248880
{"mqtt-broker-65c6fb9d94-b4kfz": 167, "mqtt-broker-65c6fb9d94-6wf26": 172, "mqtt-broker-65c6fb9d94-595cb": 0}
1778248885
{"mqtt-broker-65c6fb9d94-b4kfz": 167, "mqtt-broker-65c6fb9d94-6wf26": 172, "mqtt-broker-65c6fb9d94-595cb": 0}
1778248890
{"mqtt-broker-65c6fb9d94-b4kfz": 167, "mqtt-broker-65c6fb9d94-6wf26": 172, "mqtt-broker-65c6fb9d94-595cb": 0}
1778248895
{"mqtt-broker-65c6fb9d94-b4kfz": 167, "mqtt-broker-65c6fb9d94-6wf26": 172, "mqtt-broker-65c6fb9d94-595cb": 0}
1778248901
{"mqtt-broker-65c6fb9d94-b4kfz": 167, "mqtt-broker-65c6fb9d94-6wf26": 172, "mqtt-broker-65c6fb9d94-595cb": 0}
1778248906
{"mqtt-broker-65c6fb9d94-b4kfz": 167, "mqtt-broker-65c6fb9d94-6wf26": 172, "mqtt-broker-65c6fb9d94-595cb": 0}
1778248911
{"mqtt-broker-65c6fb9d94-b4kfz": 167, "mqtt-broker-65c6fb9d94-6wf26": 172, "mqtt-broker-65c6fb9d94-595cb": 0}
1778248916
{"mqtt-broker-65c6fb9d94-b4kfz": 167, "mqtt-broker-65c6fb9d94-6wf26": 172, "mqtt-broker-65c6fb9d94-595cb": 0}
1778248921
{"mqtt-broker-65c6fb9d94-b4kfz": 167, "mqtt-broker-65c6fb9d94-6wf26": 172, "mqtt-broker-65c6fb9d94-595cb": 0}
1778248926
{"mqtt-broker-65c6fb9d94-b4kfz": 167, "mqtt-broker-65c6fb9d94-6wf26": 172, "mqtt-broker-65c6fb9d94-595cb": 0}
1778248931
{"mqtt-broker-65c6fb9d94-b4kfz": 167, "mqtt-broker-65c6fb9d94-6wf26": 172, "mqtt-broker-65c6fb9d94-595cb": 0}
1778248936
{"mqtt-broker-65c6fb9d94-b4kfz": 167, "mqtt-broker-65c6fb9d94-6wf26": 172, "mqtt-broker-65c6fb9d94-595cb": 0}
1778248941
{"mqtt-broker-65c6fb9d94-b4kfz": 167, "mqtt-broker-65c6fb9d94-6wf26": 172, "mqtt-broker-65c6fb9d94-595cb": 0}
1778248946
{"mqtt-broker-65c6fb9d94-b4kfz": 167, "mqtt-broker-65c6fb9d94-6wf26": 172, "mqtt-broker-65c6fb9d94-595cb": 0}
1778248951
{"mqtt-broker-65c6fb9d94-b4kfz": 167, "mqtt-broker-65c6fb9d94-6wf26": 172, "mqtt-broker-65c6fb9d94-595cb": 0}
1778248956
{"mqtt-broker-65c6fb9d94-b4kfz": 167, "mqtt-broker-65c6fb9d94-6wf26": 172, "mqtt-broker-65c6fb9d94-595cb": 0}
1778248961
{"mqtt-broker-65c6fb9d94-b4kfz": 167, "mqtt-broker-65c6fb9d94-6wf26": 172, "mqtt-broker-65c6fb9d94-595cb": 0}
1778248966
{"mqtt-broker-65c6fb9d94-b4kfz": 167, "mqtt-broker-65c6fb9d94-6wf26": 172, "mqtt-broker-65c6fb9d94-595cb": 0}
1778248971
{"mqtt-broker-65c6fb9d94-b4kfz": 167, "mqtt-broker-65c6fb9d94-6wf26": 172, "mqtt-broker-65c6fb9d94-595cb": 0}
1778248976
{"mqtt-broker-65c6fb9d94-b4kfz": 167, "mqtt-broker-65c6fb9d94-6wf26": 172, "mqtt-broker-65c6fb9d94-595cb": 0}
1778248981
{"mqtt-broker-65c6fb9d94-b4kfz": 167, "mqtt-broker-65c6fb9d94-6wf26": 172, "mqtt-broker-65c6fb9d94-595cb": 0}
1778248986
{"mqtt-broker-65c6fb9d94-b4kfz": 167, "mqtt-broker-65c6fb9d94-6wf26": 172, "mqtt-broker-65c6fb9d94-595cb": 0}
1778248991
{"mqtt-broker-65c6fb9d94-b4kfz": 167, "mqtt-broker-65c6fb9d94-6wf26": 172, "mqtt-broker-65c6fb9d94-595cb": 0}
1778248996
{"mqtt-broker-65c6fb9d94-b4kfz": 167, "mqtt-broker-65c6fb9d94-6wf26": 172, "mqtt-broker-65c6fb9d94-595cb": 0}
1778249001
{"mqtt-broker-65c6fb9d94-b4kfz": 167, "mqtt-broker-65c6fb9d94-6wf26": 172, "mqtt-broker-65c6fb9d94-595cb": 0}
1778249006
{"mqtt-broker-65c6fb9d94-b4kfz": 167, "mqtt-broker-65c6fb9d94-6wf26": 172, "mqtt-broker-65c6fb9d94-595cb": 0}
1778249011
{"mqtt-broker-65c6fb9d94-b4kfz": 167, "mqtt-broker-65c6fb9d94-6wf26": 172, "mqtt-broker-65c6fb9d94-595cb": 0}
1778249016
{"mqtt-broker-65c6fb9d94-b4kfz": 167, "mqtt-broker-65c6fb9d94-6wf26": 172, "mqtt-broker-65c6fb9d94-595cb": 0}
1778249021
{"mqtt-broker-65c6fb9d94-b4kfz": 167, "mqtt-broker-65c6fb9d94-6wf26": 172, "mqtt-broker-65c6fb9d94-595cb": 0}
1778249027
{"mqtt-broker-65c6fb9d94-b4kfz": 167, "mqtt-broker-65c6fb9d94-6wf26": 172, "mqtt-broker-65c6fb9d94-595cb": 0}
1778249032
{"mqtt-broker-65c6fb9d94-b4kfz": 167, "mqtt-broker-65c6fb9d94-6wf26": 172, "mqtt-broker-65c6fb9d94-595cb": 0}
1778249037
{"mqtt-broker-65c6fb9d94-b4kfz": 167, "mqtt-broker-65c6fb9d94-6wf26": 172, "mqtt-broker-65c6fb9d94-595cb": 0}
1778249042
{"mqtt-broker-65c6fb9d94-b4kfz": 167, "mqtt-broker-65c6fb9d94-6wf26": 172, "mqtt-broker-65c6fb9d94-595cb": 0}
1778249047
{"mqtt-broker-65c6fb9d94-b4kfz": 167, "mqtt-broker-65c6fb9d94-6wf26": 172, "mqtt-broker-65c6fb9d94-595cb": 0}
1778249052
{"mqtt-broker-65c6fb9d94-b4kfz": 0, "mqtt-broker-65c6fb9d94-6wf26": 0, "mqtt-broker-65c6fb9d94-595cb": 0}
1778249057
{"mqtt-broker-65c6fb9d94-b4kfz": 0, "mqtt-broker-65c6fb9d94-6wf26": 0, "mqtt-broker-65c6fb9d94-595cb": 0}
1778249062
{"mqtt-broker-65c6fb9d94-b4kfz": 1, "mqtt-broker-65c6fb9d94-6wf26": 0, "mqtt-broker-65c6fb9d94-595cb": 0}
1778249067
{"mqtt-broker-65c6fb9d94-b4kfz": 1, "mqtt-broker-65c6fb9d94-6wf26": 4, "mqtt-broker-65c6fb9d94-595cb": 0}
1778249072
{"mqtt-broker-65c6fb9d94-b4kfz": 1, "mqtt-broker-65c6fb9d94-6wf26": 4, "mqtt-broker-65c6fb9d94-595cb": 0}
1778249077
{"mqtt-broker-65c6fb9d94-b4kfz": 58, "mqtt-broker-65c6fb9d94-6wf26": 4, "mqtt-broker-65c6fb9d94-595cb": 41}
1778249082
{"mqtt-broker-65c6fb9d94-b4kfz": 58, "mqtt-broker-65c6fb9d94-6wf26": 60, "mqtt-broker-65c6fb9d94-595cb": 41}
1778249087
{"mqtt-broker-65c6fb9d94-b4kfz": 58, "mqtt-broker-65c6fb9d94-6wf26": 60, "mqtt-broker-65c6fb9d94-595cb": 41}
1778249092
{"mqtt-broker-65c6fb9d94-b4kfz": 99, "mqtt-broker-65c6fb9d94-6wf26": 60, "mqtt-broker-65c6fb9d94-595cb": 100}
1778249097
{"mqtt-broker-65c6fb9d94-b4kfz": 99, "mqtt-broker-65c6fb9d94-6wf26": 97, "mqtt-broker-65c6fb9d94-595cb": 100}
1778249102
{"mqtt-broker-65c6fb9d94-b4kfz": 99, "mqtt-broker-65c6fb9d94-6wf26": 97, "mqtt-broker-65c6fb9d94-595cb": 100}
1778249107
{"mqtt-broker-65c6fb9d94-b4kfz": 99, "mqtt-broker-65c6fb9d94-6wf26": 97, "mqtt-broker-65c6fb9d94-595cb": 104}
1778249112
{"mqtt-broker-65c6fb9d94-b4kfz": 99, "mqtt-broker-65c6fb9d94-6wf26": 97, "mqtt-broker-65c6fb9d94-595cb": 104}
1778249117
{"mqtt-broker-65c6fb9d94-b4kfz": 99, "mqtt-broker-65c6fb9d94-6wf26": 97, "mqtt-broker-65c6fb9d94-595cb": 104}
1778249123
{"mqtt-broker-65c6fb9d94-b4kfz": 99, "mqtt-broker-65c6fb9d94-6wf26": 97, "mqtt-broker-65c6fb9d94-595cb": 104}
1778249128
{"mqtt-broker-65c6fb9d94-b4kfz": 99, "mqtt-broker-65c6fb9d94-6wf26": 97, "mqtt-broker-65c6fb9d94-595cb": 104}
1778249133
{"mqtt-broker-65c6fb9d94-b4kfz": 99, "mqtt-broker-65c6fb9d94-6wf26": 97, "mqtt-broker-65c6fb9d94-595cb": 104}
1778249138
{"mqtt-broker-65c6fb9d94-b4kfz": 99, "mqtt-broker-65c6fb9d94-6wf26": 97, "mqtt-broker-65c6fb9d94-595cb": 104}
1778249143
{"mqtt-broker-65c6fb9d94-b4kfz": 99, "mqtt-broker-65c6fb9d94-6wf26": 97, "mqtt-broker-65c6fb9d94-595cb": 104}
1778249148
{"mqtt-broker-65c6fb9d94-b4kfz": 99, "mqtt-broker-65c6fb9d94-6wf26": 97, "mqtt-broker-65c6fb9d94-595cb": 104}
1778249153
{"mqtt-broker-65c6fb9d94-b4kfz": 99, "mqtt-broker-65c6fb9d94-6wf26": 97, "mqtt-broker-65c6fb9d94-595cb": 104}
1778249158
{"mqtt-broker-65c6fb9d94-b4kfz": 99, "mqtt-broker-65c6fb9d94-6wf26": 97, "mqtt-broker-65c6fb9d94-595cb": 104}
1778249163
{"mqtt-broker-65c6fb9d94-b4kfz": 99, "mqtt-broker-65c6fb9d94-6wf26": 97, "mqtt-broker-65c6fb9d94-595cb": 104}
1778249168
{"mqtt-broker-65c6fb9d94-b4kfz": 111, "mqtt-broker-65c6fb9d94-6wf26": 97, "mqtt-broker-65c6fb9d94-595cb": 108}
1778249173
{"mqtt-broker-65c6fb9d94-b4kfz": 111, "mqtt-broker-65c6fb9d94-6wf26": 21, "mqtt-broker-65c6fb9d94-595cb": 108}
1778249178
{"mqtt-broker-65c6fb9d94-b4kfz": 111, "mqtt-broker-65c6fb9d94-6wf26": 21, "mqtt-broker-65c6fb9d94-595cb": 108}
1778249183
{"mqtt-broker-65c6fb9d94-b4kfz": 138, "mqtt-broker-65c6fb9d94-6wf26": 21, "mqtt-broker-65c6fb9d94-595cb": 162}
1778249188
{"mqtt-broker-65c6fb9d94-b4kfz": 138, "mqtt-broker-65c6fb9d94-6wf26": 0, "mqtt-broker-65c6fb9d94-595cb": 162}
1778249193
{"mqtt-broker-65c6fb9d94-b4kfz": 138, "mqtt-broker-65c6fb9d94-6wf26": 0, "mqtt-broker-65c6fb9d94-595cb": 162}
1778249199
{"mqtt-broker-65c6fb9d94-b4kfz": 138, "mqtt-broker-65c6fb9d94-6wf26": 0, "mqtt-broker-65c6fb9d94-595cb": 162}
1778249204
{"mqtt-broker-65c6fb9d94-b4kfz": 138, "mqtt-broker-65c6fb9d94-6wf26": 0, "mqtt-broker-65c6fb9d94-595cb": 162}
1778249209
{"mqtt-broker-65c6fb9d94-b4kfz": 138, "mqtt-broker-65c6fb9d94-6wf26": 0, "mqtt-broker-65c6fb9d94-595cb": 162}
1778249214
{"mqtt-broker-65c6fb9d94-b4kfz": 138, "mqtt-broker-65c6fb9d94-6wf26": 0, "mqtt-broker-65c6fb9d94-595cb": 162}
1778249219
{"mqtt-broker-65c6fb9d94-b4kfz": 138, "mqtt-broker-65c6fb9d94-6wf26": 0, "mqtt-broker-65c6fb9d94-595cb": 162}
1778249224
{"mqtt-broker-65c6fb9d94-b4kfz": 138, "mqtt-broker-65c6fb9d94-6wf26": 0, "mqtt-broker-65c6fb9d94-595cb": 162}
1778249229
{"mqtt-broker-65c6fb9d94-b4kfz": 138, "mqtt-broker-65c6fb9d94-6wf26": 0, "mqtt-broker-65c6fb9d94-595cb": 162}
1778249234
{"mqtt-broker-65c6fb9d94-b4kfz": 138, "mqtt-broker-65c6fb9d94-6wf26": 0, "mqtt-broker-65c6fb9d94-595cb": 162}
1778249239
{"mqtt-broker-65c6fb9d94-b4kfz": 138, "mqtt-broker-65c6fb9d94-6wf26": 0, "mqtt-broker-65c6fb9d94-595cb": 162}
1778249244
{"mqtt-broker-65c6fb9d94-b4kfz": 138, "mqtt-broker-65c6fb9d94-6wf26": 0, "mqtt-broker-65c6fb9d94-595cb": 162}
1778249249
{"mqtt-broker-65c6fb9d94-b4kfz": 138, "mqtt-broker-65c6fb9d94-6wf26": 0, "mqtt-broker-65c6fb9d94-595cb": 162}
1778249254
{"mqtt-broker-65c6fb9d94-b4kfz": 138, "mqtt-broker-65c6fb9d94-6wf26": 0, "mqtt-broker-65c6fb9d94-595cb": 162}
1778249259
{"mqtt-broker-65c6fb9d94-b4kfz": 138, "mqtt-broker-65c6fb9d94-6wf26": 0, "mqtt-broker-65c6fb9d94-595cb": 162}
1778249264
{"mqtt-broker-65c6fb9d94-b4kfz": 138, "mqtt-broker-65c6fb9d94-6wf26": 0, "mqtt-broker-65c6fb9d94-595cb": 162}
1778249269
{"mqtt-broker-65c6fb9d94-b4kfz": 138, "mqtt-broker-65c6fb9d94-6wf26": 0, "mqtt-broker-65c6fb9d94-595cb": 162}
1778249274
{"mqtt-broker-65c6fb9d94-b4kfz": 138, "mqtt-broker-65c6fb9d94-6wf26": 0, "mqtt-broker-65c6fb9d94-595cb": 162}
1778249279
{"mqtt-broker-65c6fb9d94-b4kfz": 138, "mqtt-broker-65c6fb9d94-6wf26": 0, "mqtt-broker-65c6fb9d94-595cb": 162}
1778249284
{"mqtt-broker-65c6fb9d94-b4kfz": 138, "mqtt-broker-65c6fb9d94-6wf26": 0, "mqtt-broker-65c6fb9d94-595cb": 162}
1778249289
{"mqtt-broker-65c6fb9d94-b4kfz": 138, "mqtt-broker-65c6fb9d94-6wf26": 0, "mqtt-broker-65c6fb9d94-595cb": 162}
1778249294
{"mqtt-broker-65c6fb9d94-b4kfz": 138, "mqtt-broker-65c6fb9d94-6wf26": 0, "mqtt-broker-65c6fb9d94-595cb": 162}
1778249299
{"mqtt-broker-65c6fb9d94-b4kfz": 138, "mqtt-broker-65c6fb9d94-6wf26": 0, "mqtt-broker-65c6fb9d94-595cb": 162}
1778249304
{"mqtt-broker-65c6fb9d94-b4kfz": 138, "mqtt-broker-65c6fb9d94-6wf26": 0, "mqtt-broker-65c6fb9d94-595cb": 162}
1778249309
{"mqtt-broker-65c6fb9d94-b4kfz": 138, "mqtt-broker-65c6fb9d94-6wf26": 0, "mqtt-broker-65c6fb9d94-595cb": 162}
1778249314
{"mqtt-broker-65c6fb9d94-b4kfz": 138, "mqtt-broker-65c6fb9d94-6wf26": 0, "mqtt-broker-65c6fb9d94-595cb": 162}
1778249320
{"mqtt-broker-65c6fb9d94-b4kfz": 138, "mqtt-broker-65c6fb9d94-6wf26": 0, "mqtt-broker-65c6fb9d94-595cb": 162}
1778249325
{"mqtt-broker-65c6fb9d94-b4kfz": 138, "mqtt-broker-65c6fb9d94-6wf26": 0, "mqtt-broker-65c6fb9d94-595cb": 162}
1778249330
{"mqtt-broker-65c6fb9d94-b4kfz": 138, "mqtt-broker-65c6fb9d94-6wf26": 0, "mqtt-broker-65c6fb9d94-595cb": 162}
1778249335
{"mqtt-broker-65c6fb9d94-b4kfz": 138, "mqtt-broker-65c6fb9d94-6wf26": 0, "mqtt-broker-65c6fb9d94-595cb": 162}
1778249340
{"mqtt-broker-65c6fb9d94-b4kfz": 138, "mqtt-broker-65c6fb9d94-6wf26": 0, "mqtt-broker-65c6fb9d94-595cb": 162}
1778249345
{"mqtt-broker-65c6fb9d94-b4kfz": 138, "mqtt-broker-65c6fb9d94-6wf26": 0, "mqtt-broker-65c6fb9d94-595cb": 162}
1778249350
{"mqtt-broker-65c6fb9d94-b4kfz": 138, "mqtt-broker-65c6fb9d94-6wf26": 0, "mqtt-broker-65c6fb9d94-595cb": 162}
1778249355
{"mqtt-broker-65c6fb9d94-b4kfz": 138, "mqtt-broker-65c6fb9d94-6wf26": 0, "mqtt-broker-65c6fb9d94-595cb": 162}
1778249360
{"mqtt-broker-65c6fb9d94-b4kfz": 138, "mqtt-broker-65c6fb9d94-6wf26": 0, "mqtt-broker-65c6fb9d94-595cb": 162}
1778249365
{"mqtt-broker-65c6fb9d94-b4kfz": 138, "mqtt-broker-65c6fb9d94-6wf26": 0, "mqtt-broker-65c6fb9d94-595cb": 162}
1778249370
{"mqtt-broker-65c6fb9d94-b4kfz": 138, "mqtt-broker-65c6fb9d94-595cb": 162}
1778249375
{"mqtt-broker-65c6fb9d94-b4kfz": 138, "mqtt-broker-65c6fb9d94-595cb": 162}
1778249380
{"mqtt-broker-65c6fb9d94-b4kfz": 138, "mqtt-broker-65c6fb9d94-595cb": 162}
1778249385
{"mqtt-broker-65c6fb9d94-b4kfz": 138, "mqtt-broker-65c6fb9d94-595cb": 162}
1778249390
{"mqtt-broker-65c6fb9d94-b4kfz": 138, "mqtt-broker-65c6fb9d94-595cb": 162}
1778249395
{}
1778249400
{}
1778249405
{}
1778249410
{}
1778249415
{}
1778249420
{}
1778249425
{}
1778249430
{}
1778249435
{}
1778249441
{}
1778249446
{}
1778249451
{}
1778249456
{}
1778249461
{}
1778249466
{}
1778249471
{}
1778249476
{}
1778249481
{}
1778249486
{}
1778249491
{}
1778249496
{}
1778249501
{}
1778249506
{}
1778249511
{}
1778249516
{}
1778249521
{}
1778249527
{}
1778249532
{}
1778249537
{}
1778249542
{}
1778249547
{}
1778249552
{}
1778249557
{}
1778249562
{}
1778249567
{}
1778249572
{}
1778249577
{}
1778249582
{}
1778249587
{}
1778249592
{}
1778249597
{}
1778249602
{}
1778249607
{}
1778249613
{}
1778249618
{}
1778249623
{}
1778249628
{}
1778249633
{}
1778249638
{}
1778249643
{}
1778249648
{}
1778249653
{}
1778249658
{}
1778249663
{}
1778249668
{}
1778249673
{}
1778249678
{}
1778249683
{}
1778249688
{}
1778249693
{}
1778249698
{}
1778249703
{}
1778249708
{}
1778249713
{}
1778249719
{}
1778249724
{}
1778249729
{}
1778249734
{}
1778249739
{}
1778249744
{}
1778249749
{}
1778249754
{}
1778249759
{}
1778249764
{}
1778249769
{}
1778249774
{}
1778249779
{}
1778249784
{}
1778249789
{}
1778249794
{}
1778249799
{}
1778249804
{}
1778249809
{}
1778249814
{}
1778249819
{}
1778249824
{}
1778249830
{}
1778249835
{}
1778249840
{}
1778249845
{}
1778249850
{}
1778249855
{}
1778249860
{}
1778249865
{}
1778249870
{}
1778249875
{}
1778249880
{}
1778249885
{}
1778249890
{}
1778249895
{}
1778249900
{}
1778249905
{}
1778249910
{}
1778249915
{}
1778249920
{}
1778249925
{}
1778249930
{}
1778249936
{}
1778249941
{}
1778249946
{}
1778249951
{}
1778249956
{}
1778249961
{}
1778249966
{}
1778249971
{}
1778249976
{}
1778249981
{}
1778249986
{}
1778249991
{}
1778249996
{}
1778250001
{}
1778250006
{}
1778250011
{}
1778250016
{}
1778250021
{}
1778250026
{}
1778250032
{}
1778250037
{}
1778250042
{}
1778250047
{}
1778250052
{}
1778250057
{}
1778250062
{}
1778250067
{}
1778250072
{}
1778250077
{}
1778250082
{}
1778250087
{}
1778250092
{}
1778250097
{}
1778250102
{}
1778250107
{}
1778250113
{}
1778250118
{}
1778250123
{}
1778250128
{}
1778250133
{}
1778250138
{}
1778250143
{}
1778250148
{}
1778250153
{}
1778250158
{}
1778250163
{}
1778250168
{}
1778250173
{}
1778250178
{}
1778250183
{}
1778250188
{}
1778250194
{}
1778250199
{}
1778250204
{}
1778250209
{}
1778250214
{}
1778250219
{}
1778250224
{}
1778250229
{}
1778250234
{}
1778250239
{}
1778250244
{}
1778250249
{}
1778250254
{}
1778250259
{}
1778250264
{}
1778250269
{}
1778250274
{}
1778250279
{}
1778250284
{}
1778250290
{}
1778250295
{}
1778250300
{}
1778250305
{}
1778250310
{}
1778250315
{}
1778250320
{}
1778250325
{}
1778250330
{}
1778250335
{}
1778250340
{}
1778250345
{}
1778250350
{}
1778250355
{}
1778250360
{}
1778250365
{}
1778250370
{}
1778250375
{}
1778250381
{}
1778250386
{}
1778250391
{}
1778250396
{}
1778250401
{}
1778250406
{}
1778250411
{}
1778250416
{}
1778250421
{}
1778250426
{}
1778250431
{}
1778250436
{}
1778250441
{}
1778250446
{}
1778250451
{}
1778250457
{}
1778250462
{}
1778250467
{}
1778250472
{}
1778250477
{}
1778250482
{}
1778250487
{}
1778250492
{}
1778250497
{}
1778250502
{}
1778250507
{}
1778250512
{}
1778250517
{}
1778250522
{}
1778250527
{}
1778250532
{}
1778250537
{}
1778250543
{}
1778250548
{}
1778250553
{}
1778250558
{}
1778250563
{}
1778250568
{}
1778250573
{}
1778250578
{}
1778250583
{}
1778250588
{}
1778250593
{}
1778250598
{}
1778250603
{}
1778250608
{}
1778250613
{}
1778250618
{}
1778250623
{}
1778250629
{}
1778250634
{}
1778250639
{}
1778250644
{}
1778250649
{}
1778250654
{}
1778250659
{}
1778250664
{}
1778250669
{}
1778250674
{}
1778250679
{}
1778250684
{}
1778250689
{}
1778250694
{}
1778250699
{}
1778250705
{}
1778250710
{}
1778250715
{}
1778250720
{}
1778250725
{}
1778250730
{}
1778250735
{}
1778250740
{}
1778250745
{}
1778250750
{}
1778250755
{}
1778250760
{}
1778250765
{}
1778250771
{}
1778250776
{}
1778250781
{}
1778250786
{}
1778250791
{}
1778250796
{"mqtt-broker-65c6fb9d94-ck7tr": 0}
1778250801
{"mqtt-broker-65c6fb9d94-ck7tr": 0, "mqtt-broker-65c6fb9d94-gh6hd": 50}
1778250806
{"mqtt-broker-65c6fb9d94-ck7tr": 0, "mqtt-broker-65c6fb9d94-gh6hd": 50}
1778250811
{"mqtt-broker-65c6fb9d94-ck7tr": 123, "mqtt-broker-65c6fb9d94-gh6hd": 50}
1778250816
{"mqtt-broker-65c6fb9d94-ck7tr": 123, "mqtt-broker-65c6fb9d94-gh6hd": 166}
1778250821
{"mqtt-broker-65c6fb9d94-ck7tr": 123, "mqtt-broker-65c6fb9d94-gh6hd": 166}
1778250826
{"mqtt-broker-65c6fb9d94-ck7tr": 173, "mqtt-broker-65c6fb9d94-gh6hd": 166}
1778250831
{"mqtt-broker-65c6fb9d94-ck7tr": 173, "mqtt-broker-65c6fb9d94-gh6hd": 166}
1778250836
{"mqtt-broker-65c6fb9d94-ck7tr": 173, "mqtt-broker-65c6fb9d94-gh6hd": 166, "mqtt-broker-65c6fb9d94-mdc77": 0}
1778250841
{"mqtt-broker-65c6fb9d94-ck7tr": 173, "mqtt-broker-65c6fb9d94-gh6hd": 166, "mqtt-broker-65c6fb9d94-mdc77": 0}
1778250846
{"mqtt-broker-65c6fb9d94-ck7tr": 173, "mqtt-broker-65c6fb9d94-gh6hd": 166, "mqtt-broker-65c6fb9d94-mdc77": 0}
1778250851
{"mqtt-broker-65c6fb9d94-ck7tr": 173, "mqtt-broker-65c6fb9d94-gh6hd": 166, "mqtt-broker-65c6fb9d94-mdc77": 0}
1778250856
{"mqtt-broker-65c6fb9d94-ck7tr": 173, "mqtt-broker-65c6fb9d94-gh6hd": 166, "mqtt-broker-65c6fb9d94-mdc77": 0}
1778250861
{"mqtt-broker-65c6fb9d94-ck7tr": 173, "mqtt-broker-65c6fb9d94-gh6hd": 166, "mqtt-broker-65c6fb9d94-mdc77": 0}
1778250866
{"mqtt-broker-65c6fb9d94-ck7tr": 173, "mqtt-broker-65c6fb9d94-gh6hd": 166, "mqtt-broker-65c6fb9d94-mdc77": 0}
1778250871
{"mqtt-broker-65c6fb9d94-ck7tr": 173, "mqtt-broker-65c6fb9d94-gh6hd": 166, "mqtt-broker-65c6fb9d94-mdc77": 0}
1778250876
{"mqtt-broker-65c6fb9d94-ck7tr": 173, "mqtt-broker-65c6fb9d94-gh6hd": 166, "mqtt-broker-65c6fb9d94-mdc77": 0}
1778250881
{"mqtt-broker-65c6fb9d94-ck7tr": 173, "mqtt-broker-65c6fb9d94-gh6hd": 166, "mqtt-broker-65c6fb9d94-mdc77": 0}
1778250886
{"mqtt-broker-65c6fb9d94-ck7tr": 173, "mqtt-broker-65c6fb9d94-gh6hd": 166, "mqtt-broker-65c6fb9d94-mdc77": 0}
1778250891
{"mqtt-broker-65c6fb9d94-ck7tr": 173, "mqtt-broker-65c6fb9d94-gh6hd": 166, "mqtt-broker-65c6fb9d94-mdc77": 0}
1778250896
{"mqtt-broker-65c6fb9d94-ck7tr": 173, "mqtt-broker-65c6fb9d94-gh6hd": 166, "mqtt-broker-65c6fb9d94-mdc77": 0}
1778250901
{"mqtt-broker-65c6fb9d94-ck7tr": 173, "mqtt-broker-65c6fb9d94-gh6hd": 166, "mqtt-broker-65c6fb9d94-mdc77": 0}
1778250906
{"mqtt-broker-65c6fb9d94-ck7tr": 173, "mqtt-broker-65c6fb9d94-gh6hd": 166, "mqtt-broker-65c6fb9d94-mdc77": 0}
1778250912
{"mqtt-broker-65c6fb9d94-ck7tr": 173, "mqtt-broker-65c6fb9d94-gh6hd": 166, "mqtt-broker-65c6fb9d94-mdc77": 0}
1778250917
{"mqtt-broker-65c6fb9d94-ck7tr": 173, "mqtt-broker-65c6fb9d94-gh6hd": 166, "mqtt-broker-65c6fb9d94-mdc77": 0}
1778250922
{"mqtt-broker-65c6fb9d94-ck7tr": 173, "mqtt-broker-65c6fb9d94-gh6hd": 166, "mqtt-broker-65c6fb9d94-mdc77": 0}
1778250927
{"mqtt-broker-65c6fb9d94-ck7tr": 173, "mqtt-broker-65c6fb9d94-gh6hd": 166, "mqtt-broker-65c6fb9d94-mdc77": 0}
1778250932
{"mqtt-broker-65c6fb9d94-ck7tr": 173, "mqtt-broker-65c6fb9d94-gh6hd": 166, "mqtt-broker-65c6fb9d94-mdc77": 0}
1778250937
{"mqtt-broker-65c6fb9d94-ck7tr": 173, "mqtt-broker-65c6fb9d94-gh6hd": 166, "mqtt-broker-65c6fb9d94-mdc77": 0}
1778250942
{"mqtt-broker-65c6fb9d94-ck7tr": 173, "mqtt-broker-65c6fb9d94-gh6hd": 166, "mqtt-broker-65c6fb9d94-mdc77": 0}
1778250947
{"mqtt-broker-65c6fb9d94-ck7tr": 173, "mqtt-broker-65c6fb9d94-gh6hd": 166, "mqtt-broker-65c6fb9d94-mdc77": 0}
1778250952
{"mqtt-broker-65c6fb9d94-ck7tr": 173, "mqtt-broker-65c6fb9d94-gh6hd": 166, "mqtt-broker-65c6fb9d94-mdc77": 0}
1778250957
{"mqtt-broker-65c6fb9d94-ck7tr": 173, "mqtt-broker-65c6fb9d94-gh6hd": 166, "mqtt-broker-65c6fb9d94-mdc77": 0}
1778250962
{"mqtt-broker-65c6fb9d94-ck7tr": 173, "mqtt-broker-65c6fb9d94-gh6hd": 166, "mqtt-broker-65c6fb9d94-mdc77": 0}
1778250967
{"mqtt-broker-65c6fb9d94-ck7tr": 173, "mqtt-broker-65c6fb9d94-gh6hd": 166, "mqtt-broker-65c6fb9d94-mdc77": 0}
1778250972
{"mqtt-broker-65c6fb9d94-ck7tr": 173, "mqtt-broker-65c6fb9d94-gh6hd": 166, "mqtt-broker-65c6fb9d94-mdc77": 0}
1778250977
{"mqtt-broker-65c6fb9d94-ck7tr": 173, "mqtt-broker-65c6fb9d94-gh6hd": 166, "mqtt-broker-65c6fb9d94-mdc77": 0}
1778250982
{"mqtt-broker-65c6fb9d94-ck7tr": 173, "mqtt-broker-65c6fb9d94-gh6hd": 166, "mqtt-broker-65c6fb9d94-mdc77": 0}
1778250987
{"mqtt-broker-65c6fb9d94-ck7tr": 173, "mqtt-broker-65c6fb9d94-gh6hd": 166, "mqtt-broker-65c6fb9d94-mdc77": 0}
1778250992
{"mqtt-broker-65c6fb9d94-ck7tr": 173, "mqtt-broker-65c6fb9d94-gh6hd": 166, "mqtt-broker-65c6fb9d94-mdc77": 0}
1778250997
{"mqtt-broker-65c6fb9d94-ck7tr": 173, "mqtt-broker-65c6fb9d94-gh6hd": 166, "mqtt-broker-65c6fb9d94-mdc77": 0}
1778251002
{"mqtt-broker-65c6fb9d94-ck7tr": 173, "mqtt-broker-65c6fb9d94-gh6hd": 166, "mqtt-broker-65c6fb9d94-mdc77": 0}
1778251007
{"mqtt-broker-65c6fb9d94-ck7tr": 173, "mqtt-broker-65c6fb9d94-gh6hd": 166, "mqtt-broker-65c6fb9d94-mdc77": 0}
1778251012
{"mqtt-broker-65c6fb9d94-ck7tr": 173, "mqtt-broker-65c6fb9d94-gh6hd": 166, "mqtt-broker-65c6fb9d94-mdc77": 0}
1778251017
{"mqtt-broker-65c6fb9d94-ck7tr": 173, "mqtt-broker-65c6fb9d94-gh6hd": 166, "mqtt-broker-65c6fb9d94-mdc77": 0}
1778251022
{"mqtt-broker-65c6fb9d94-ck7tr": 173, "mqtt-broker-65c6fb9d94-gh6hd": 166, "mqtt-broker-65c6fb9d94-mdc77": 0}
1778251027
{"mqtt-broker-65c6fb9d94-ck7tr": 173, "mqtt-broker-65c6fb9d94-gh6hd": 166, "mqtt-broker-65c6fb9d94-mdc77": 0}
1778251032
{"mqtt-broker-65c6fb9d94-ck7tr": 173, "mqtt-broker-65c6fb9d94-gh6hd": 166, "mqtt-broker-65c6fb9d94-mdc77": 0}
1778251037
{"mqtt-broker-65c6fb9d94-ck7tr": 173, "mqtt-broker-65c6fb9d94-gh6hd": 166, "mqtt-broker-65c6fb9d94-mdc77": 0}
1778251042
{"mqtt-broker-65c6fb9d94-ck7tr": 173, "mqtt-broker-65c6fb9d94-gh6hd": 166, "mqtt-broker-65c6fb9d94-mdc77": 0}
1778251047
{"mqtt-broker-65c6fb9d94-ck7tr": 173, "mqtt-broker-65c6fb9d94-gh6hd": 166, "mqtt-broker-65c6fb9d94-mdc77": 0}
1778251052
{"mqtt-broker-65c6fb9d94-ck7tr": 173, "mqtt-broker-65c6fb9d94-gh6hd": 166, "mqtt-broker-65c6fb9d94-mdc77": 0}
1778251057
{"mqtt-broker-65c6fb9d94-ck7tr": 173, "mqtt-broker-65c6fb9d94-gh6hd": 166, "mqtt-broker-65c6fb9d94-mdc77": 0}
1778251063
{"mqtt-broker-65c6fb9d94-ck7tr": 173, "mqtt-broker-65c6fb9d94-gh6hd": 166, "mqtt-broker-65c6fb9d94-mdc77": 0}
1778251068
{"mqtt-broker-65c6fb9d94-ck7tr": 173, "mqtt-broker-65c6fb9d94-gh6hd": 166, "mqtt-broker-65c6fb9d94-mdc77": 0}
1778251073
{"mqtt-broker-65c6fb9d94-ck7tr": 173, "mqtt-broker-65c6fb9d94-gh6hd": 166, "mqtt-broker-65c6fb9d94-mdc77": 0}
1778251078
{"mqtt-broker-65c6fb9d94-ck7tr": 173, "mqtt-broker-65c6fb9d94-gh6hd": 166, "mqtt-broker-65c6fb9d94-mdc77": 0}
1778251083
{"mqtt-broker-65c6fb9d94-ck7tr": 173, "mqtt-broker-65c6fb9d94-gh6hd": 166, "mqtt-broker-65c6fb9d94-mdc77": 0}
1778251088
{"mqtt-broker-65c6fb9d94-ck7tr": 173, "mqtt-broker-65c6fb9d94-gh6hd": 166, "mqtt-broker-65c6fb9d94-mdc77": 0}
1778251093
{"mqtt-broker-65c6fb9d94-ck7tr": 173, "mqtt-broker-65c6fb9d94-gh6hd": 166, "mqtt-broker-65c6fb9d94-mdc77": 0}
1778251098
{"mqtt-broker-65c6fb9d94-ck7tr": 173, "mqtt-broker-65c6fb9d94-gh6hd": 166, "mqtt-broker-65c6fb9d94-mdc77": 0}
1778251103
{"mqtt-broker-65c6fb9d94-ck7tr": 173, "mqtt-broker-65c6fb9d94-gh6hd": 166, "mqtt-broker-65c6fb9d94-mdc77": 0}
1778251108
{"mqtt-broker-65c6fb9d94-ck7tr": 173, "mqtt-broker-65c6fb9d94-gh6hd": 166, "mqtt-broker-65c6fb9d94-mdc77": 0}
1778251113
{"mqtt-broker-65c6fb9d94-ck7tr": 173, "mqtt-broker-65c6fb9d94-gh6hd": 166, "mqtt-broker-65c6fb9d94-mdc77": 0}
1778251118
{"mqtt-broker-65c6fb9d94-ck7tr": 173, "mqtt-broker-65c6fb9d94-gh6hd": 166, "mqtt-broker-65c6fb9d94-mdc77": 0}
1778251123
{"mqtt-broker-65c6fb9d94-ck7tr": 173, "mqtt-broker-65c6fb9d94-gh6hd": 166, "mqtt-broker-65c6fb9d94-mdc77": 0}
1778251128
{"mqtt-broker-65c6fb9d94-ck7tr": 173, "mqtt-broker-65c6fb9d94-gh6hd": 166, "mqtt-broker-65c6fb9d94-mdc77": 0}
1778251133
{"mqtt-broker-65c6fb9d94-ck7tr": 173, "mqtt-broker-65c6fb9d94-gh6hd": 166, "mqtt-broker-65c6fb9d94-mdc77": 0}
1778251138
{"mqtt-broker-65c6fb9d94-ck7tr": 173, "mqtt-broker-65c6fb9d94-gh6hd": 166, "mqtt-broker-65c6fb9d94-mdc77": 0}
1778251143
{"mqtt-broker-65c6fb9d94-ck7tr": 173, "mqtt-broker-65c6fb9d94-gh6hd": 166, "mqtt-broker-65c6fb9d94-mdc77": 0}
1778251148
{"mqtt-broker-65c6fb9d94-ck7tr": 173, "mqtt-broker-65c6fb9d94-gh6hd": 166, "mqtt-broker-65c6fb9d94-mdc77": 0}
1778251153
{"mqtt-broker-65c6fb9d94-ck7tr": 173, "mqtt-broker-65c6fb9d94-gh6hd": 166, "mqtt-broker-65c6fb9d94-mdc77": 0}
1778251158
{"mqtt-broker-65c6fb9d94-ck7tr": 173, "mqtt-broker-65c6fb9d94-gh6hd": 166, "mqtt-broker-65c6fb9d94-mdc77": 0}
1778251163
{"mqtt-broker-65c6fb9d94-ck7tr": 173, "mqtt-broker-65c6fb9d94-gh6hd": 166, "mqtt-broker-65c6fb9d94-mdc77": 0}
1778251168
{"mqtt-broker-65c6fb9d94-ck7tr": 173, "mqtt-broker-65c6fb9d94-gh6hd": 166, "mqtt-broker-65c6fb9d94-mdc77": 0}
1778251173
{"mqtt-broker-65c6fb9d94-ck7tr": 173, "mqtt-broker-65c6fb9d94-gh6hd": 166, "mqtt-broker-65c6fb9d94-mdc77": 0}
1778251178
{"mqtt-broker-65c6fb9d94-ck7tr": 173, "mqtt-broker-65c6fb9d94-gh6hd": 166, "mqtt-broker-65c6fb9d94-mdc77": 0}
1778251183
{"mqtt-broker-65c6fb9d94-ck7tr": 173, "mqtt-broker-65c6fb9d94-gh6hd": 166, "mqtt-broker-65c6fb9d94-mdc77": 0}
1778251188
{"mqtt-broker-65c6fb9d94-ck7tr": 173, "mqtt-broker-65c6fb9d94-gh6hd": 166, "mqtt-broker-65c6fb9d94-mdc77": 0}
1778251193
{"mqtt-broker-65c6fb9d94-ck7tr": 173, "mqtt-broker-65c6fb9d94-gh6hd": 166, "mqtt-broker-65c6fb9d94-mdc77": 0}
1778251198
{"mqtt-broker-65c6fb9d94-ck7tr": 173, "mqtt-broker-65c6fb9d94-gh6hd": 166, "mqtt-broker-65c6fb9d94-mdc77": 0}
1778251203
{"mqtt-broker-65c6fb9d94-ck7tr": 173, "mqtt-broker-65c6fb9d94-gh6hd": 166, "mqtt-broker-65c6fb9d94-mdc77": 0}
1778251208
{"mqtt-broker-65c6fb9d94-ck7tr": 173, "mqtt-broker-65c6fb9d94-gh6hd": 166, "mqtt-broker-65c6fb9d94-mdc77": 0}
1778251213
{"mqtt-broker-65c6fb9d94-ck7tr": 173, "mqtt-broker-65c6fb9d94-gh6hd": 166, "mqtt-broker-65c6fb9d94-mdc77": 0}
1778251218
{"mqtt-broker-65c6fb9d94-ck7tr": 173, "mqtt-broker-65c6fb9d94-gh6hd": 166, "mqtt-broker-65c6fb9d94-mdc77": 0}
1778251224
{"mqtt-broker-65c6fb9d94-ck7tr": 173, "mqtt-broker-65c6fb9d94-gh6hd": 166, "mqtt-broker-65c6fb9d94-mdc77": 0}
1778251229
{"mqtt-broker-65c6fb9d94-ck7tr": 173, "mqtt-broker-65c6fb9d94-gh6hd": 166, "mqtt-broker-65c6fb9d94-mdc77": 0}
1778251234
{"mqtt-broker-65c6fb9d94-ck7tr": 173, "mqtt-broker-65c6fb9d94-gh6hd": 166, "mqtt-broker-65c6fb9d94-mdc77": 0}
1778251239
{"mqtt-broker-65c6fb9d94-ck7tr": 173, "mqtt-broker-65c6fb9d94-gh6hd": 166, "mqtt-broker-65c6fb9d94-mdc77": 0}
1778251244
{"mqtt-broker-65c6fb9d94-ck7tr": 173, "mqtt-broker-65c6fb9d94-gh6hd": 166, "mqtt-broker-65c6fb9d94-mdc77": 0}
1778251249
{"mqtt-broker-65c6fb9d94-ck7tr": 173, "mqtt-broker-65c6fb9d94-gh6hd": 166, "mqtt-broker-65c6fb9d94-mdc77": 0}
1778251254
{"mqtt-broker-65c6fb9d94-ck7tr": 173, "mqtt-broker-65c6fb9d94-gh6hd": 166, "mqtt-broker-65c6fb9d94-mdc77": 0}
1778251259
{"mqtt-broker-65c6fb9d94-ck7tr": 173, "mqtt-broker-65c6fb9d94-gh6hd": 166, "mqtt-broker-65c6fb9d94-mdc77": 0}
1778251264
{"mqtt-broker-65c6fb9d94-ck7tr": 173, "mqtt-broker-65c6fb9d94-gh6hd": 166, "mqtt-broker-65c6fb9d94-mdc77": 0}
1778251269
{"mqtt-broker-65c6fb9d94-ck7tr": 173, "mqtt-broker-65c6fb9d94-gh6hd": 166, "mqtt-broker-65c6fb9d94-mdc77": 0}
1778251274
{"mqtt-broker-65c6fb9d94-ck7tr": 173, "mqtt-broker-65c6fb9d94-gh6hd": 166, "mqtt-broker-65c6fb9d94-mdc77": 0}
1778251279
{"mqtt-broker-65c6fb9d94-ck7tr": 173, "mqtt-broker-65c6fb9d94-gh6hd": 166, "mqtt-broker-65c6fb9d94-mdc77": 0}
1778251284
{"mqtt-broker-65c6fb9d94-ck7tr": 173, "mqtt-broker-65c6fb9d94-gh6hd": 166, "mqtt-broker-65c6fb9d94-mdc77": 0}
1778251289
{"mqtt-broker-65c6fb9d94-ck7tr": 173, "mqtt-broker-65c6fb9d94-gh6hd": 166, "mqtt-broker-65c6fb9d94-mdc77": 0}
1778251294
{"mqtt-broker-65c6fb9d94-ck7tr": 173, "mqtt-broker-65c6fb9d94-gh6hd": 166, "mqtt-broker-65c6fb9d94-mdc77": 0}
1778251299
{"mqtt-broker-65c6fb9d94-ck7tr": 173, "mqtt-broker-65c6fb9d94-gh6hd": 166, "mqtt-broker-65c6fb9d94-mdc77": 0}
1778251304
{"mqtt-broker-65c6fb9d94-ck7tr": 173, "mqtt-broker-65c6fb9d94-gh6hd": 166, "mqtt-broker-65c6fb9d94-mdc77": 0}
1778251309
{"mqtt-broker-65c6fb9d94-ck7tr": 173, "mqtt-broker-65c6fb9d94-gh6hd": 166, "mqtt-broker-65c6fb9d94-mdc77": 0}
1778251314
{"mqtt-broker-65c6fb9d94-ck7tr": 173, "mqtt-broker-65c6fb9d94-gh6hd": 166, "mqtt-broker-65c6fb9d94-mdc77": 0}
1778251319
{"mqtt-broker-65c6fb9d94-ck7tr": 173, "mqtt-broker-65c6fb9d94-gh6hd": 166, "mqtt-broker-65c6fb9d94-mdc77": 0}
1778251324
{"mqtt-broker-65c6fb9d94-ck7tr": 173, "mqtt-broker-65c6fb9d94-gh6hd": 166, "mqtt-broker-65c6fb9d94-mdc77": 0}
1778251329
{"mqtt-broker-65c6fb9d94-ck7tr": 173, "mqtt-broker-65c6fb9d94-gh6hd": 166, "mqtt-broker-65c6fb9d94-mdc77": 0}
1778251334
{"mqtt-broker-65c6fb9d94-ck7tr": 173, "mqtt-broker-65c6fb9d94-gh6hd": 166, "mqtt-broker-65c6fb9d94-mdc77": 0}
1778251339
{"mqtt-broker-65c6fb9d94-ck7tr": 173, "mqtt-broker-65c6fb9d94-gh6hd": 166, "mqtt-broker-65c6fb9d94-mdc77": 0}
1778251344
{"mqtt-broker-65c6fb9d94-ck7tr": 173, "mqtt-broker-65c6fb9d94-gh6hd": 166, "mqtt-broker-65c6fb9d94-mdc77": 0}
1778251349
{"mqtt-broker-65c6fb9d94-ck7tr": 173, "mqtt-broker-65c6fb9d94-gh6hd": 166, "mqtt-broker-65c6fb9d94-mdc77": 0}
1778251354
{"mqtt-broker-65c6fb9d94-ck7tr": 173, "mqtt-broker-65c6fb9d94-gh6hd": 166, "mqtt-broker-65c6fb9d94-mdc77": 0}
1778251359
{"mqtt-broker-65c6fb9d94-ck7tr": 173, "mqtt-broker-65c6fb9d94-gh6hd": 166, "mqtt-broker-65c6fb9d94-mdc77": 0}
1778251364
{"mqtt-broker-65c6fb9d94-ck7tr": 173, "mqtt-broker-65c6fb9d94-gh6hd": 166, "mqtt-broker-65c6fb9d94-mdc77": 0}
1778251370
{"mqtt-broker-65c6fb9d94-ck7tr": 173, "mqtt-broker-65c6fb9d94-gh6hd": 166, "mqtt-broker-65c6fb9d94-mdc77": 0}
1778251375
{"mqtt-broker-65c6fb9d94-ck7tr": 173, "mqtt-broker-65c6fb9d94-gh6hd": 166, "mqtt-broker-65c6fb9d94-mdc77": 0}
1778251380
{"mqtt-broker-65c6fb9d94-ck7tr": 173, "mqtt-broker-65c6fb9d94-gh6hd": 166, "mqtt-broker-65c6fb9d94-mdc77": 0}
1778251385
{"mqtt-broker-65c6fb9d94-ck7tr": 173, "mqtt-broker-65c6fb9d94-gh6hd": 166, "mqtt-broker-65c6fb9d94-mdc77": 0}
1778251390
{"mqtt-broker-65c6fb9d94-ck7tr": 173, "mqtt-broker-65c6fb9d94-gh6hd": 166, "mqtt-broker-65c6fb9d94-mdc77": 0}
1778251395
{"mqtt-broker-65c6fb9d94-ck7tr": 173, "mqtt-broker-65c6fb9d94-gh6hd": 166, "mqtt-broker-65c6fb9d94-mdc77": 0}
1778251400
{"mqtt-broker-65c6fb9d94-ck7tr": 173, "mqtt-broker-65c6fb9d94-gh6hd": 166, "mqtt-broker-65c6fb9d94-mdc77": 0}
1778251405
{"mqtt-broker-65c6fb9d94-ck7tr": 173, "mqtt-broker-65c6fb9d94-gh6hd": 166, "mqtt-broker-65c6fb9d94-mdc77": 0}
1778251410
{"mqtt-broker-65c6fb9d94-ck7tr": 173, "mqtt-broker-65c6fb9d94-gh6hd": 166, "mqtt-broker-65c6fb9d94-mdc77": 0}
1778251415
{"mqtt-broker-65c6fb9d94-ck7tr": 173, "mqtt-broker-65c6fb9d94-gh6hd": 166, "mqtt-broker-65c6fb9d94-mdc77": 0}
1778251420
{"mqtt-broker-65c6fb9d94-ck7tr": 173, "mqtt-broker-65c6fb9d94-gh6hd": 166, "mqtt-broker-65c6fb9d94-mdc77": 0}
1778251425
{"mqtt-broker-65c6fb9d94-ck7tr": 173, "mqtt-broker-65c6fb9d94-gh6hd": 166, "mqtt-broker-65c6fb9d94-mdc77": 0}
1778251430
{"mqtt-broker-65c6fb9d94-ck7tr": 173, "mqtt-broker-65c6fb9d94-gh6hd": 166, "mqtt-broker-65c6fb9d94-mdc77": 0}
1778251435
{"mqtt-broker-65c6fb9d94-ck7tr": 173, "mqtt-broker-65c6fb9d94-gh6hd": 166, "mqtt-broker-65c6fb9d94-mdc77": 0}
1778251440
{"mqtt-broker-65c6fb9d94-ck7tr": 173, "mqtt-broker-65c6fb9d94-gh6hd": 166, "mqtt-broker-65c6fb9d94-mdc77": 0}
1778251445
{"mqtt-broker-65c6fb9d94-ck7tr": 173, "mqtt-broker-65c6fb9d94-gh6hd": 166, "mqtt-broker-65c6fb9d94-mdc77": 0}
1778251450
{"mqtt-broker-65c6fb9d94-ck7tr": 173, "mqtt-broker-65c6fb9d94-gh6hd": 166, "mqtt-broker-65c6fb9d94-mdc77": 0}
1778251455
{"mqtt-broker-65c6fb9d94-ck7tr": 173, "mqtt-broker-65c6fb9d94-gh6hd": 166, "mqtt-broker-65c6fb9d94-mdc77": 0}
1778251460
{"mqtt-broker-65c6fb9d94-ck7tr": 173, "mqtt-broker-65c6fb9d94-gh6hd": 166, "mqtt-broker-65c6fb9d94-mdc77": 0}
1778251465
{"mqtt-broker-65c6fb9d94-ck7tr": 173, "mqtt-broker-65c6fb9d94-gh6hd": 166, "mqtt-broker-65c6fb9d94-mdc77": 0}
1778251470
{"mqtt-broker-65c6fb9d94-ck7tr": 173, "mqtt-broker-65c6fb9d94-gh6hd": 166, "mqtt-broker-65c6fb9d94-mdc77": 0}
1778251475
{"mqtt-broker-65c6fb9d94-ck7tr": 173, "mqtt-broker-65c6fb9d94-gh6hd": 166, "mqtt-broker-65c6fb9d94-mdc77": 0}
1778251480
{"mqtt-broker-65c6fb9d94-ck7tr": 173, "mqtt-broker-65c6fb9d94-gh6hd": 166, "mqtt-broker-65c6fb9d94-mdc77": 0}
1778251485
{"mqtt-broker-65c6fb9d94-ck7tr": 173, "mqtt-broker-65c6fb9d94-gh6hd": 166, "mqtt-broker-65c6fb9d94-mdc77": 0}
1778251490
{"mqtt-broker-65c6fb9d94-ck7tr": 173, "mqtt-broker-65c6fb9d94-gh6hd": 166, "mqtt-broker-65c6fb9d94-mdc77": 0}
1778251495
{"mqtt-broker-65c6fb9d94-ck7tr": 173, "mqtt-broker-65c6fb9d94-gh6hd": 166, "mqtt-broker-65c6fb9d94-mdc77": 0}
1778251500
{"mqtt-broker-65c6fb9d94-ck7tr": 173, "mqtt-broker-65c6fb9d94-gh6hd": 166, "mqtt-broker-65c6fb9d94-mdc77": 0}
1778251505
{"mqtt-broker-65c6fb9d94-ck7tr": 173, "mqtt-broker-65c6fb9d94-gh6hd": 166, "mqtt-broker-65c6fb9d94-mdc77": 0}
1778251511
{"mqtt-broker-65c6fb9d94-ck7tr": 173, "mqtt-broker-65c6fb9d94-gh6hd": 166, "mqtt-broker-65c6fb9d94-mdc77": 0}
1778251516
{"mqtt-broker-65c6fb9d94-ck7tr": 0, "mqtt-broker-65c6fb9d94-gh6hd": 166, "mqtt-broker-65c6fb9d94-mdc77": 0}
1778251521
{"mqtt-broker-65c6fb9d94-ck7tr": 0, "mqtt-broker-65c6fb9d94-gh6hd": 0, "mqtt-broker-65c6fb9d94-mdc77": 0}
1778251526
{"mqtt-broker-65c6fb9d94-ck7tr": 0, "mqtt-broker-65c6fb9d94-gh6hd": 0, "mqtt-broker-65c6fb9d94-mdc77": 8}
1778251531
{"mqtt-broker-65c6fb9d94-ck7tr": 11, "mqtt-broker-65c6fb9d94-gh6hd": 0, "mqtt-broker-65c6fb9d94-mdc77": 8}
1778251536
{"mqtt-broker-65c6fb9d94-ck7tr": 11, "mqtt-broker-65c6fb9d94-gh6hd": 41, "mqtt-broker-65c6fb9d94-mdc77": 8}
1778251541
{"mqtt-broker-65c6fb9d94-ck7tr": 11, "mqtt-broker-65c6fb9d94-gh6hd": 41, "mqtt-broker-65c6fb9d94-mdc77": 53}
1778251546
{"mqtt-broker-65c6fb9d94-ck7tr": 65, "mqtt-broker-65c6fb9d94-gh6hd": 41, "mqtt-broker-65c6fb9d94-mdc77": 53}
1778251551
{"mqtt-broker-65c6fb9d94-ck7tr": 65, "mqtt-broker-65c6fb9d94-gh6hd": 92, "mqtt-broker-65c6fb9d94-mdc77": 53}
1778251556
{"mqtt-broker-65c6fb9d94-ck7tr": 65, "mqtt-broker-65c6fb9d94-gh6hd": 92, "mqtt-broker-65c6fb9d94-mdc77": 96}
1778251561
{"mqtt-broker-65c6fb9d94-ck7tr": 96, "mqtt-broker-65c6fb9d94-gh6hd": 92, "mqtt-broker-65c6fb9d94-mdc77": 96}
1778251566
{"mqtt-broker-65c6fb9d94-ck7tr": 96, "mqtt-broker-65c6fb9d94-gh6hd": 108, "mqtt-broker-65c6fb9d94-mdc77": 96}
1778251571
{"mqtt-broker-65c6fb9d94-ck7tr": 96, "mqtt-broker-65c6fb9d94-gh6hd": 108, "mqtt-broker-65c6fb9d94-mdc77": 96}
1778251576
{"mqtt-broker-65c6fb9d94-ck7tr": 96, "mqtt-broker-65c6fb9d94-gh6hd": 108, "mqtt-broker-65c6fb9d94-mdc77": 96}
1778251581
{"mqtt-broker-65c6fb9d94-ck7tr": 96, "mqtt-broker-65c6fb9d94-gh6hd": 108, "mqtt-broker-65c6fb9d94-mdc77": 96}
1778251586
{"mqtt-broker-65c6fb9d94-ck7tr": 96, "mqtt-broker-65c6fb9d94-gh6hd": 108, "mqtt-broker-65c6fb9d94-mdc77": 96}
1778251591
{"mqtt-broker-65c6fb9d94-ck7tr": 96, "mqtt-broker-65c6fb9d94-gh6hd": 108, "mqtt-broker-65c6fb9d94-mdc77": 96}
1778251596
{"mqtt-broker-65c6fb9d94-ck7tr": 96, "mqtt-broker-65c6fb9d94-gh6hd": 108, "mqtt-broker-65c6fb9d94-mdc77": 96}
1778251601
{"mqtt-broker-65c6fb9d94-ck7tr": 96, "mqtt-broker-65c6fb9d94-gh6hd": 108, "mqtt-broker-65c6fb9d94-mdc77": 96}
1778251606
{"mqtt-broker-65c6fb9d94-ck7tr": 96, "mqtt-broker-65c6fb9d94-gh6hd": 108, "mqtt-broker-65c6fb9d94-mdc77": 96}
1778251611
{"mqtt-broker-65c6fb9d94-ck7tr": 96, "mqtt-broker-65c6fb9d94-gh6hd": 108, "mqtt-broker-65c6fb9d94-mdc77": 96}
1778251616
{"mqtt-broker-65c6fb9d94-ck7tr": 96, "mqtt-broker-65c6fb9d94-gh6hd": 108, "mqtt-broker-65c6fb9d94-mdc77": 96}
1778251621
{"mqtt-broker-65c6fb9d94-ck7tr": 96, "mqtt-broker-65c6fb9d94-gh6hd": 108, "mqtt-broker-65c6fb9d94-mdc77": 96}
1778251626
{"mqtt-broker-65c6fb9d94-ck7tr": 96, "mqtt-broker-65c6fb9d94-gh6hd": 108, "mqtt-broker-65c6fb9d94-mdc77": 96}
1778251631
{"mqtt-broker-65c6fb9d94-ck7tr": 85, "mqtt-broker-65c6fb9d94-gh6hd": 108, "mqtt-broker-65c6fb9d94-mdc77": 96}
1778251636
{"mqtt-broker-65c6fb9d94-ck7tr": 85, "mqtt-broker-65c6fb9d94-gh6hd": 108, "mqtt-broker-65c6fb9d94-mdc77": 96}
1778251641
{"mqtt-broker-65c6fb9d94-ck7tr": 85, "mqtt-broker-65c6fb9d94-gh6hd": 145, "mqtt-broker-65c6fb9d94-mdc77": 96}
1778251646
{"mqtt-broker-65c6fb9d94-ck7tr": 0, "mqtt-broker-65c6fb9d94-gh6hd": 145, "mqtt-broker-65c6fb9d94-mdc77": 145}
1778251651
{"mqtt-broker-65c6fb9d94-ck7tr": 0, "mqtt-broker-65c6fb9d94-gh6hd": 145, "mqtt-broker-65c6fb9d94-mdc77": 145}
1778251656
{"mqtt-broker-65c6fb9d94-ck7tr": 0, "mqtt-broker-65c6fb9d94-gh6hd": 155, "mqtt-broker-65c6fb9d94-mdc77": 145}
1778251662
{"mqtt-broker-65c6fb9d94-ck7tr": 0, "mqtt-broker-65c6fb9d94-gh6hd": 155, "mqtt-broker-65c6fb9d94-mdc77": 145}
1778251667
{"mqtt-broker-65c6fb9d94-ck7tr": 0, "mqtt-broker-65c6fb9d94-gh6hd": 155, "mqtt-broker-65c6fb9d94-mdc77": 145}
1778251672
{"mqtt-broker-65c6fb9d94-ck7tr": 0, "mqtt-broker-65c6fb9d94-gh6hd": 155, "mqtt-broker-65c6fb9d94-mdc77": 145}
1778251677
{"mqtt-broker-65c6fb9d94-ck7tr": 0, "mqtt-broker-65c6fb9d94-gh6hd": 155, "mqtt-broker-65c6fb9d94-mdc77": 145}
1778251682
{"mqtt-broker-65c6fb9d94-ck7tr": 0, "mqtt-broker-65c6fb9d94-gh6hd": 155, "mqtt-broker-65c6fb9d94-mdc77": 145}
1778251687
{"mqtt-broker-65c6fb9d94-ck7tr": 0, "mqtt-broker-65c6fb9d94-gh6hd": 155, "mqtt-broker-65c6fb9d94-mdc77": 145}
1778251692
{"mqtt-broker-65c6fb9d94-ck7tr": 0, "mqtt-broker-65c6fb9d94-gh6hd": 155, "mqtt-broker-65c6fb9d94-mdc77": 145}
1778251697
{"mqtt-broker-65c6fb9d94-ck7tr": 0, "mqtt-broker-65c6fb9d94-gh6hd": 155, "mqtt-broker-65c6fb9d94-mdc77": 145}
1778251702
{"mqtt-broker-65c6fb9d94-ck7tr": 0, "mqtt-broker-65c6fb9d94-gh6hd": 155, "mqtt-broker-65c6fb9d94-mdc77": 145}
1778251707
{"mqtt-broker-65c6fb9d94-ck7tr": 0, "mqtt-broker-65c6fb9d94-gh6hd": 155, "mqtt-broker-65c6fb9d94-mdc77": 145}
1778251712
{"mqtt-broker-65c6fb9d94-ck7tr": 0, "mqtt-broker-65c6fb9d94-gh6hd": 155, "mqtt-broker-65c6fb9d94-mdc77": 145}
1778251717
{"mqtt-broker-65c6fb9d94-ck7tr": 0, "mqtt-broker-65c6fb9d94-gh6hd": 155, "mqtt-broker-65c6fb9d94-mdc77": 145}
1778251722
{"mqtt-broker-65c6fb9d94-ck7tr": 0, "mqtt-broker-65c6fb9d94-gh6hd": 155, "mqtt-broker-65c6fb9d94-mdc77": 145}
1778251727
{"mqtt-broker-65c6fb9d94-ck7tr": 0, "mqtt-broker-65c6fb9d94-gh6hd": 155, "mqtt-broker-65c6fb9d94-mdc77": 145}
1778251732
{"mqtt-broker-65c6fb9d94-ck7tr": 0, "mqtt-broker-65c6fb9d94-gh6hd": 155, "mqtt-broker-65c6fb9d94-mdc77": 145}
1778251737
{"mqtt-broker-65c6fb9d94-ck7tr": 0, "mqtt-broker-65c6fb9d94-gh6hd": 155, "mqtt-broker-65c6fb9d94-mdc77": 145}
1778251742
{"mqtt-broker-65c6fb9d94-ck7tr": 0, "mqtt-broker-65c6fb9d94-gh6hd": 155, "mqtt-broker-65c6fb9d94-mdc77": 145}
1778251747
{"mqtt-broker-65c6fb9d94-ck7tr": 0, "mqtt-broker-65c6fb9d94-gh6hd": 155, "mqtt-broker-65c6fb9d94-mdc77": 145}
1778251752
{"mqtt-broker-65c6fb9d94-ck7tr": 0, "mqtt-broker-65c6fb9d94-gh6hd": 155, "mqtt-broker-65c6fb9d94-mdc77": 145}
1778251757
{"mqtt-broker-65c6fb9d94-ck7tr": 0, "mqtt-broker-65c6fb9d94-gh6hd": 155, "mqtt-broker-65c6fb9d94-mdc77": 145}
1778251762
{"mqtt-broker-65c6fb9d94-ck7tr": 0, "mqtt-broker-65c6fb9d94-gh6hd": 155, "mqtt-broker-65c6fb9d94-mdc77": 145}
1778251767
{"mqtt-broker-65c6fb9d94-ck7tr": 0, "mqtt-broker-65c6fb9d94-gh6hd": 155, "mqtt-broker-65c6fb9d94-mdc77": 145}
1778251772
{"mqtt-broker-65c6fb9d94-ck7tr": 0, "mqtt-broker-65c6fb9d94-gh6hd": 155, "mqtt-broker-65c6fb9d94-mdc77": 145}
1778251777
{"mqtt-broker-65c6fb9d94-ck7tr": 0, "mqtt-broker-65c6fb9d94-gh6hd": 155, "mqtt-broker-65c6fb9d94-mdc77": 145}
1778251782
{"mqtt-broker-65c6fb9d94-ck7tr": 0, "mqtt-broker-65c6fb9d94-gh6hd": 155, "mqtt-broker-65c6fb9d94-mdc77": 145}
1778251787
{"mqtt-broker-65c6fb9d94-ck7tr": 0, "mqtt-broker-65c6fb9d94-gh6hd": 155, "mqtt-broker-65c6fb9d94-mdc77": 145}
1778251792
{"mqtt-broker-65c6fb9d94-ck7tr": 0, "mqtt-broker-65c6fb9d94-gh6hd": 155, "mqtt-broker-65c6fb9d94-mdc77": 145}
1778251797
{"mqtt-broker-65c6fb9d94-ck7tr": 0, "mqtt-broker-65c6fb9d94-gh6hd": 155, "mqtt-broker-65c6fb9d94-mdc77": 145}
1778251802
{"mqtt-broker-65c6fb9d94-ck7tr": 0, "mqtt-broker-65c6fb9d94-gh6hd": 155, "mqtt-broker-65c6fb9d94-mdc77": 145}
1778251807
{"mqtt-broker-65c6fb9d94-ck7tr": 0, "mqtt-broker-65c6fb9d94-gh6hd": 155, "mqtt-broker-65c6fb9d94-mdc77": 145}
1778251812
{"mqtt-broker-65c6fb9d94-ck7tr": 0, "mqtt-broker-65c6fb9d94-gh6hd": 155, "mqtt-broker-65c6fb9d94-mdc77": 145}
1778251818
{"mqtt-broker-65c6fb9d94-ck7tr": 0, "mqtt-broker-65c6fb9d94-gh6hd": 155, "mqtt-broker-65c6fb9d94-mdc77": 145}
1778251823
{"mqtt-broker-65c6fb9d94-ck7tr": 0, "mqtt-broker-65c6fb9d94-gh6hd": 155, "mqtt-broker-65c6fb9d94-mdc77": 145}
1778251828
{"mqtt-broker-65c6fb9d94-ck7tr": 0, "mqtt-broker-65c6fb9d94-gh6hd": 155, "mqtt-broker-65c6fb9d94-mdc77": 145}
1778251833
{"mqtt-broker-65c6fb9d94-ck7tr": 0, "mqtt-broker-65c6fb9d94-gh6hd": 155, "mqtt-broker-65c6fb9d94-mdc77": 145}
1778251838
{"mqtt-broker-65c6fb9d94-ck7tr": 0, "mqtt-broker-65c6fb9d94-gh6hd": 155, "mqtt-broker-65c6fb9d94-mdc77": 145}
1778251843
{"mqtt-broker-65c6fb9d94-gh6hd": 155, "mqtt-broker-65c6fb9d94-mdc77": 145}
1778251848
{"mqtt-broker-65c6fb9d94-gh6hd": 155, "mqtt-broker-65c6fb9d94-mdc77": 145}
1778251853
{"mqtt-broker-65c6fb9d94-gh6hd": 155, "mqtt-broker-65c6fb9d94-mdc77": 145}
1778251858
{}
1778251863
{}
1778251868
{}
1778251873
{}
1778251878
{}
1778251883
{}
1778251888
{}
1778251893
{}
1778251898
{}
1778251903
{}
1778251908
{}
1778251913
{}
1778251918
{}
1778251923
{}
1778251928
{}
1778251934
{}
1778251939
{}
1778251944
{}
1778251949
{}
1778251954
{}
1778251959
{}
1778251964
{}
1778251969
{}
1778251974
{}
1778251979
{}
1778251984
{}
1778251989
{}
1778251994
{}
1778251999
{}
1778252004
{}
1778252009
{}
1778252014
{}
1778252019
{}
1778252024
{}
1778252030
{}
1778252035
{}
1778252040
{}
1778252045
{}
1778252050
{}
1778252055
{}
1778252060
{}
1778252065
{}
1778252070
{}
1778252075
{}
1778252080
{}
1778252085
{}
1778252090
{}
1778252095
{}
1778252100
{}
1778252105
{}
1778252110
{}
1778252115
{}
1778252120
{}
1778252125
{}
1778252131
{}
1778252136
{}
1778252141
{}
1778252146
{}
1778252151
{}
1778252156
{}
1778252161
{}
1778252166
{}
1778252171
{}
1778252176
{}
1778252181
{}
1778252186
{}
1778252191
{}
1778252196
{}
1778252201
{}
1778252206
{}
1778252211
{}
1778252216
{}
1778252222
{}
1778252227
{}
1778252232
{}
1778252237
{}
1778252242
{}
1778252247
{}
1778252252
{}
1778252257
{}
1778252262
{}
1778252267
{}
1778252272
{}
1778252277
{}
1778252282
{}
1778252287
{}
1778252292
{}
1778252297
{}
1778252302
{}
1778252307
{}
1778252312
{}
1778252317
{}
1778252323
{}
1778252328
{}
1778252333
{}
1778252338
{}
1778252343
{}
1778252348
{}
1778252353
{}
1778252358
{}
1778252363
{}
1778252368
{}
1778252373
{}
1778252378
{}
1778252383
{}
1778252388
{}
1778252393
{}
1778252398
{}
1778252403
{}
1778252408
{}
1778252413
{}
1778252419
{}
1778252424
{}
1778252429
{}
1778252434
{}
1778252439
{}
1778252444
{}
1778252449
{}
1778252454
{}
1778252459
{}
1778252464
{}
1778252469
{}
1778252474
{}
1778252479
{}
1778252484
{}
1778252489
{}
1778252494
{}
1778252499
{}
1778252504
{}
1778252509
{}
1778252514
{}
1778252520
{}
1778252525
{}
1778252530
{}
1778252535
{}
1778252540
{}
1778252545
{}
1778252550
{}
1778252555
{}
1778252560
{}
1778252565
{}
1778252570
{}
1778252575
{}
1778252580
{}
1778252585
{}
1778252590
{}
1778252595
{}
1778252600
{}
1778252605
{}
1778252611
{}
1778252616
{}
1778252621
{}
1778252626
{}
1778252631
{}
1778252636
{}
1778252641
{}
1778252646
{}
1778252651
{}
1778252656
{}
1778252661
{}
1778252666
{}
1778252671
{}
1778252676
{}
1778252681
{}
1778252686
{}
1778252692
{}
1778252697
{}
1778252702
{}
1778252707
{}
1778252712
{}
1778252717
{}
1778252722
{}
1778252727
{}
1778252732
{}
1778252737
{}
1778252742
{}
1778252747
{}
1778252752
{}
1778252758
{}
1778252763
{}
1778252768
{}
1778252773
{}
1778252778
{}
1778252783
{}
1778252788
{}
1778252793
{}
1778252798
{}
1778252803
{}
1778252808
{}
1778252813
{}
1778252819
{}
1778252824
{}
1778252829
{}
1778252834
{}
1778252839
{}
1778252844
{}
1778252849
{}
1778252854
{}
1778252859
{}
1778252864
{}
1778252869
{}
1778252874
{}
1778252879
{}
1778252885
{}
1778252890
{}
1778252895
{}
1778252900
{}
1778252905
{}
1778252910
{}
1778252915
{}
1778252920
{}
1778252925
{}
1778252930
{}
1778252935
{}
1778252940
{}
1778252945
{}
1778252950
{}
1778252955
{}
1778252960
{}
1778252965
{}
1778252970
{}
1778252975
{}
1778252980
{}
1778252986
{}
1778252991
{}
1778252996
{}
1778253001
{}
1778253006
{}
1778253011
{}
1778253016
{}
1778253021
{}
1778253026
{}
1778253031
{}
1778253036
{}
1778253041
{}
1778253046
{}
1778253051
{}
1778253056
{}
1778253061
{}
1778253066
{}
1778253071
{}
1778253076
{}
1778253081
{}
1778253087
{}
1778253092
{}
1778253097
{}
1778253102
{}
1778253107
{}
1778253112
{}
1778253117
{}
1778253122
{}
1778253127
{}
1778253132
{}
1778253137
{}
1778253142
{}
1778253147
{}
1778253152
{}
1778253157
{}
1778253162
{}
1778253167
{}
1778253172
{}
1778253177
{}
1778253183
{}
1778253188
{}
1778253193
{}
1778253198
{}
1778253203
{}
1778253208
{}
1778253213
{}
1778253218
{}
1778253223
{}
1778253228
{}
1778253233
{}
1778253238
{}
1778253243
{}
1778253248
{}
1778253253
{}
1778253258
{}
1778253263
{}
1778253268
{}
1778253274
{}
1778253279
{}
1778253284
{}
1778253289
{}
1778253294
{}
1778253299
{}
1778253304
{}
1778253309
{}
1778253314
{}
1778253319
{}
1778253324
{}
1778253329
{}
1778253335
{}
1778253340
{}
1778253345
{}
1778253350
{}
1778253355
{}
1778253360
{}
1778253365
{}
1778253370
{}
1778253375
{}
1778253380
{}
1778253386
{}
1778253391
{}
1778253396
{}
1778253401
{}
1778253406
{}
1778253411
{}
1778253416
{}
1778253421
{}
1778253426
{}
1778253431
{}
1778253437
{}
1778253442
{}
1778253447
{}
1778253452
{}
1778253457
{}
1778253462
{}
1778253467
{}
1778253472
{}
1778253477
{}
1778253483
{}
1778253488
{}
1778253493
{}
1778253498
{}
1778253503
{}
1778253508
{}
1778253513
{}
1778253518
{}
1778253523
{}
1778253529
{}
1778253534
{}
1778253539
{}
1778253544
{}
1778253549
{}
1778253554
{}
1778253559
{}
1778253564
{}
1778253569
{}
1778253575
{}
1778253580
{}
1778253585
{}
1778253590
{}
1778253595
{}
1778253600
{}
1778253605
{}
1778253610
{}
1778253616
{}
1778253621
{}
1778253626
{}
1778253631
{}
1778253636
{}
1778253641
{}
1778253646
{}
1778253651
{}
1778253656
{}
1778253661
{}
1778253667
{}
1778253672
{}
1778253677
{}
1778253682
{}
1778253687
{}
1778253692
{}
1778253697
{}
1778253702
{}
1778253707
{}
1778253713
{}
1778253718
{}
1778253723
{}
1778253728
{}
1778253733
{}
1778253738
{}
1778253743
{}
1778253748
{}
1778253753
{}
1778253759
{}
1778253764
{}
1778253769
{}
1778253774
{}
1778253779
{}
1778253784
{}
1778253789
{}
1778253794
{}
1778253799
{}
1778253804
{}
1778253809
{}
1778253815
{}
1778253820
{}
1778253825
{}
1778253830
{}
1778253835
{}
1778253840
{}
1778253845
{}
1778253850
{}
1778253855
{}
1778253860
{}
1778253866
{}
1778253871
{}
1778253876
{}
1778253881
{}
1778253886
{}
1778253891
{}
1778253896
{}
1778253901
{}
1778253906
{}
1778253911
{}
1778253916
{}
1778253922
{}
1778253927
{}
1778253932
{}
1778253937
{}
1778253942
{}
1778253947
{}
1778253952
{}
1778253957
{}
1778253962
{}
1778253967
{}
1778253972
{}
1778253977
{}
1778253983
{}
1778253988
{}
1778253993
{}
1778253998
{}
1778254003
{}
1778254008
{}
1778254013
{}
1778254018
{}
1778254023
{}
1778254028
{}
1778254033
{}
1778254039
{}
1778254044
{}
1778254049
{}
1778254054
{}
1778254059
{}
1778254064
{}
1778254069
{}
1778254074
{}
1778254079
{}
1778254084
{}
1778254090
{}
1778254095
{}
1778254100
{}
1778254105
{}
1778254110
{}
1778254115
{}
1778254120
{}
1778254125
{}
1778254130
{}
1778254135
{}
1778254141
{}
1778254146
{}
1778254151
{}
1778254156
{}
1778254161
{}
1778254166
{}
1778254171
{}
1778254176
{}
1778254181
{}
1778254187
{}
1778254192
{}
1778254197
{}
1778254202
{}
1778254207
{}
1778254212
{}
1778254217
{}
1778254222
{}
1778254227
{}
1778254232
{}
1778254238
{}
1778254243
{}
1778254248
{}
1778254253
{}
1778254258
{}
1778254263
{}
1778254268
{}
1778254273
{}
1778254278
{}
1778254283
{}
1778254289
{}
1778254294
{}
1778254299
{}
1778254304
{}
1778254309
{}
1778254314
{}
1778254319
{}
1778254324
{}
1778254329
{}
1778254334
{}
1778254339
{}
1778254345
{}
1778254350
{}
1778254355
{}
1778254360
{}
1778254365
{}
1778254370
{}
1778254375
{}
1778254380
{}
1778254385
{}
1778254390
{}
1778254395
{}
1778254400
{}
1778254405
{}
1778254411
{}
1778254416
{}
1778254421
{}
1778254426
{}
1778254431
{}
1778254436
{}
1778254441
{}
1778254446
{}
1778254451
{}
1778254456
{}
1778254461
{}
1778254466
{}
1778254471
{}
1778254476
{}
1778254482
{}
1778254487
{}
1778254492
{}
1778254497
{}
1778254502
{}
1778254507
{}
1778254512
{}
1778254517
{}
1778254522
{}
1778254527
{}
1778254532
{}
1778254537
{}
1778254542
{}
1778254547
{}
1778254552
{}
1778254557
{}
1778254562
{}
1778254567
{}
1778254573
{}
1778254578
{}
1778254583
{}
1778254588
{}
1778254593
{}
1778254598
{}
1778254603
{}
1778254608
{}
1778254613
{}
1778254618
{}
1778254623
{}
1778254628
{}
1778254633
{}
1778254638
{}
1778254643
{}
1778254648
{}
1778254654
{}
1778254659
{}
1778254664
{}
1778254669
{}
1778254674
{}
1778254679
{}
1778254684
{}
1778254689
{}
1778254694
{}
1778254699
{}
1778254704
{}
1778254709
{}
1778254714
{}
1778254719
{}
1778254725
{}
1778254730
{}
1778254735
{}
1778254740
{}
1778254745
{}
1778254750
{}
1778254755
{}
1778254760
{}
1778254765
{}
1778254770
{}
1778254775
{}
1778254780
{}
1778254785
{}
1778254790
{}
1778254796
{}
1778254801
{}
1778254806
{}
1778254811
{}
1778254816
{}
1778254821
{}
1778254826
{}
1778254831
{}
1778254836
{}
1778254841
{}
1778254847
{}
1778254852
{}
1778254857
{}
1778254862
{}
1778254867
{}
1778254872
{}
1778254877
{}
1778254882
{}
1778254887
{}
1778254892
{}
1778254897
{}
1778254902
{}
1778254908
{}
1778254913
{}
1778254918
{}
1778254923
{}
1778254928
{}
1778254933
{}
1778254938
{}
1778254943
{}
1778254948
{}
1778254953
{}
1778254958
{}
1778254963
{}
1778254968
{}
1778254973
{}
1778254978
{}
1778254983
{}
1778254988
{}
1778254994
{}
1778254999
{}
1778255004
{}
1778255009
{}
1778255014
{}
1778255019
{}
1778255024
{}
1778255029
{}
1778255034
{}
1778255039
{}
1778255044
{}
1778255049
{}
1778255054
{}
1778255059
{}
1778255064
{}
1778255069
{}
1778255074
{}
1778255079
{}
1778255084
{}
1778255090
{}
1778255095
{}
1778255100
{}
1778255105
{}
1778255110
{}
1778255115
{}
1778255120
{}
1778255125
{}
1778255130
{}
1778255135
{}
1778255140
{}
1778255145
{}
1778255150
{}
1778255155
{}
1778255160
{}
1778255165
{}
1778255170
{}
1778255176
{}
1778255181
{}
1778255186
{}
1778255191
{}
1778255196
{}
1778255201
{}
1778255206
{}
1778255211
{}
1778255216
{}
1778255221
{}
1778255226
{}
1778255231
{}
1778255236
{}
1778255241
{}
1778255246
{}
1778255251
{}
1778255256
{}
1778255261
{}
1778255266
{}
1778255271
{}
1778255276
{}
1778255282
{}
1778255287
{}
1778255292
{}
1778255297
{}
1778255302
{}
1778255307
{}
1778255312
{}
1778255317
{}
1778255322
{}
1778255327
{}
1778255332
{}
1778255337
{}
1778255342
{}
1778255347
{}
1778255352
{}
1778255358
{}
1778255363
{}
1778255368
{}
1778255373
{}
1778255378
{}
1778255383
{}
1778255388
{}
1778255393
{}
1778255398
{}
1778255403
{}
1778255408
{}
1778255413
{}
1778255418
{}
1778255423
{}
1778255428
{}
1778255433
{}
1778255439
{}
1778255444
{}
1778255449
{}
1778255454
{}
1778255459
{}
1778255464
{}
1778255469
{}
1778255474
{}
1778255479
{}
1778255484
{}
1778255489
{}
1778255494
{}
1778255499
{}
1778255504
{}
1778255509
{}
1778255515
{}
1778255520
{}
1778255525
{}
1778255530
{}
1778255535
{}
1778255540
{}
1778255545
{}
1778255550
{}
1778255555
{}
1778255560
{}
1778255565
{}
1778255570
{}
1778255575
{}
1778255580
{}
1778255585
{}
1778255590
{}
1778255595
{}
1778255600
{}
1778255606
{}
1778255611
{}
1778255616
{}
1778255621
{}
1778255626
{}
1778255631
{}
1778255636
{}
1778255641
{}
1778255646
{}
1778255651
{}
1778255656
{}
1778255661
{}
1778255666
{}
1778255671
{}
1778255676
{}
1778255681
{}
1778255686
{}
1778255691
{}
1778255696
{}
1778255702
{}
1778255707
{}
1778255712
{}
1778255717
{}
1778255722
{}
1778255727
{}
1778255732
{}
1778255737
{}
1778255742
{}
1778255747
{}
1778255752
{}
1778255757
{}
1778255762
{}
1778255767
{}
1778255772
{}
1778255777
{}
1778255782
{}
1778255787
{}
1778255793
{}
1778255798
{}
1778255803
{}
1778255808
{}
1778255813
{}
1778255818
{}
1778255823
{}
1778255828
{}
1778255833
{}
1778255838
{}
1778255843
{}
1778255848
{}
1778255853
{}
1778255858
{}
1778255863
{}
1778255869
{}
1778255874
{}
1778255879
{}
1778255884
{}
1778255889
{}
1778255894
{}
1778255899
{}
1778255904
{}
1778255909
{}
1778255915
{}
1778255920
{}
1778255925
{}
1778255930
{}
1778255935
{}
1778255940
{}
1778255945
{}
1778255950
{}
1778255955
{}
1778255960
{}
1778255965
{}
1778255970
{}
1778255975
{}
1778255980
{}
1778255985
{}
1778255990
{}
1778255996
{}
1778256001
{}
1778256006
{}
1778256011
{}
1778256016
{}
1778256021
{}
1778256026
{}
1778256031
{}
1778256036
{}
1778256041
{}
1778256046
{}
1778256051
{}
1778256056
{}
1778256061
{}
1778256066
{}
1778256072
{}
1778256077
{}
1778256082
{}
1778256087
{}
1778256092
{}
1778256097
{}
1778256102
{}
1778256107
{}
1778256112
{}
1778256117
{}
1778256122
{}
1778256127
{}
1778256132
{}
1778256137
{}
1778256142
{}
1778256147
{}
1778256152
{}
1778256157
{}
1778256162
{}
1778256168
{}
1778256173
{}
1778256178
{}
1778256183
{}
1778256188
{}
1778256193
{}
1778256198
{}
1778256203
{}
1778256208
{}
1778256213
{}
1778256218
{}
1778256223
{}
1778256228
{}
1778256233
{}
1778256238
{}
1778256243
{}
1778256248
{}
1778256253
{}
1778256258
{}
1778256263
{}
1778256269
{}
1778256274
{}
1778256279
{}
1778256284
{}
1778256289
{}
1778256294
{}
1778256299
{}
1778256304
{}
1778256309
{}
1778256314
{}
1778256319
{}
1778256324
{}
1778256329
{}
1778256334
{}
1778256339
{}
1778256344
{}
1778256349
{}
1778256355
{}
1778256360
{}
1778256365
{}
1778256370
{}
1778256375
{}
1778256380
{}
1778256385
{}
1778256390
{}
1778256395
{}
1778256400
{}
1778256405
{}
1778256410
{}
1778256415
{}
1778256421
{}
1778256426
{}
1778256431
{}
1778256436
{}
1778256441
{}
1778256446
{}
1778256451
{}
1778256456
{}
1778256461
{}
1778256467
{}
1778256472
{}
1778256477
{}
1778256482
{}
1778256487
{}
1778256492
{}
1778256497
{}
1778256502
{}
1778256507
{}
1778256512
{}
1778256517
{}
1778256522
{}
1778256528
{}
1778256533
{}
1778256538
{}
1778256543
{}
1778256548
{}
1778256553
{}
1778256558
{}
1778256563
{}
1778256568
{}
1778256573
{}
1778256578
{}
1778256584
{}
1778256589
{}
1778256594
{}
1778256599
{}
1778256604
{}
1778256609
{}
1778256614
{}
1778256619
{}
1778256624
{}
1778256630
{}
1778256635
{}
1778256640
{}
1778256646
{}
1778256652
{}
1778256657
{}
1778256662
{}
1778256667
{}
1778256672
{}
1778256677
{}
1778256682
{}
1778256687
{}
1778256692
{}
1778256697
{}
1778256702
{}
1778256707
{}
1778256713
{}
1778256718
{}
1778256723
{}
1778256728
{}
1778256733
{}
1778256738
{}
1778256743
{}
1778256748
{}
1778256753
{}
1778256758
{}
1778256763
{}
1778256768
{}
1778256773
{}
1778256778
{}
1778256784
{}
1778256789
{}
1778256794
{}
1778256799
{}
1778256804
{}
1778256809
{}
1778256814
{}
1778256819
{}
1778256824
{}
1778256829
{}
1778256834
{}
1778256839
{}
1778256844
{}
1778256849
{}
1778256855
{}
1778256860
{}
1778256865
{}
1778256870
{}
1778256875
{}
1778256880
{}
1778256885
{}
1778256890
{}
1778256895
{}
1778256900
{}
1778256905
{}
1778256910
{}
1778256916
{}
1778256921
{}
1778256926
{}
1778256931
{}
1778256936
{}
1778256941
{}
1778256946
{}
1778256951
{}
1778256956
{}
1778256961
{}
1778256966
{}
1778256971
{}
1778256976
{}
1778256981
{}
1778256986
{}
1778256991
{}
1778256996
{}
1778257002
{}
1778257007
{}
1778257012
{}
1778257017
{}
1778257022
{}
1778257027
{}
1778257032
{}
1778257037
{}
1778257042
{}
1778257047
{}
1778257052
{}
1778257057
{}
1778257062
{}
1778257067
{}
1778257073
{}
1778257078
{}
1778257083
{}
1778257088
{}
1778257093
{}
1778257098
{}
1778257103
{}
1778257108
{}
1778257113
{}
1778257118
{}
1778257123
{}
1778257128
{}
