1778215358
mqtt-broker-58977c7947-b5fn4   1/1   Running   0     12s
1778215363
mqtt-broker-58977c7947-b5fn4   1/1   Running   0     18s
1778215369
mqtt-broker-58977c7947-b5fn4   1/1   Running   0     23s
1778215374
mqtt-broker-58977c7947-b5fn4   1/1   Running   0     28s
1778215379
mqtt-broker-58977c7947-b5fn4   1/1   Running   0     33s
1778215384
mqtt-broker-58977c7947-b5fn4   1/1   Running   0     39s
1778215390
mqtt-broker-58977c7947-b5fn4   1/1   Running   0     44s
1778215395
mqtt-broker-58977c7947-b5fn4   1/1   Running   0     49s
1778215400
mqtt-broker-58977c7947-b5fn4   1/1   Running   0     54s
1778215405
mqtt-broker-58977c7947-b5fn4   1/1   Running   0     59s
1778215410
mqtt-broker-58977c7947-b5fn4   1/1   Running   0     65s
1778215416
mqtt-broker-58977c7947-b5fn4   1/1   Running   0     70s
1778215421
mqtt-broker-58977c7947-b5fn4   1/1   Running   0     75s
1778215426
mqtt-broker-58977c7947-b5fn4   1/1   Running   0     80s
mqtt-broker-58977c7947-hjqtf   1/1   Running   0     4s
1778215431
mqtt-broker-58977c7947-b5fn4   1/1   Running   0     86s
mqtt-broker-58977c7947-hjqtf   1/1   Running   0     10s
1778215437
mqtt-broker-58977c7947-b5fn4   1/1   Running   0     91s
mqtt-broker-58977c7947-hjqtf   1/1   Running   0     15s
1778215442
mqtt-broker-58977c7947-b5fn4   1/1   Running   0     96s
mqtt-broker-58977c7947-hjqtf   1/1   Running   0     20s
1778215447
mqtt-broker-58977c7947-b5fn4   1/1   Running   0     101s
mqtt-broker-58977c7947-hjqtf   1/1   Running   0     25s
1778215452
mqtt-broker-58977c7947-b5fn4   1/1   Running   0     107s
mqtt-broker-58977c7947-hjqtf   1/1   Running   0     31s
1778215458
mqtt-broker-58977c7947-b5fn4   1/1   Running   0     112s
mqtt-broker-58977c7947-hjqtf   1/1   Running   0     36s
1778215463
mqtt-broker-58977c7947-b5fn4   1/1   Running   0     117s
mqtt-broker-58977c7947-hjqtf   1/1   Running   0     41s
1778215468
mqtt-broker-58977c7947-b5fn4   1/1   Running   0     2m2s
mqtt-broker-58977c7947-hjqtf   1/1   Running   0     46s
1778215473
mqtt-broker-58977c7947-b5fn4   1/1   Running   0     2m7s
mqtt-broker-58977c7947-hjqtf   1/1   Running   0     51s
1778215478
mqtt-broker-58977c7947-b5fn4   1/1   Running   0     2m13s
mqtt-broker-58977c7947-hjqtf   1/1   Running   0     57s
1778215484
mqtt-broker-58977c7947-b5fn4   1/1   Running   0     2m18s
mqtt-broker-58977c7947-hjqtf   1/1   Running   0     62s
1778215489
mqtt-broker-58977c7947-b5fn4   1/1   Running   0     2m23s
mqtt-broker-58977c7947-hjqtf   1/1   Running   0     67s
1778215494
mqtt-broker-58977c7947-b5fn4   1/1   Running   0     2m28s
mqtt-broker-58977c7947-hjqtf   1/1   Running   0     72s
1778215499
mqtt-broker-58977c7947-b5fn4   1/1   Running   0     2m34s
mqtt-broker-58977c7947-hjqtf   1/1   Running   0     78s
1778215505
mqtt-broker-58977c7947-b5fn4   1/1   Running   0     2m39s
mqtt-broker-58977c7947-hjqtf   1/1   Running   0     83s
1778215510
mqtt-broker-58977c7947-b5fn4   1/1   Running   0     2m44s
mqtt-broker-58977c7947-hjqtf   1/1   Running   0     88s
1778215515
mqtt-broker-58977c7947-b5fn4   1/1   Running   0     2m49s
mqtt-broker-58977c7947-hjqtf   1/1   Running   0     93s
1778215520
mqtt-broker-58977c7947-b5fn4   1/1   Running   0     2m54s
mqtt-broker-58977c7947-hjqtf   1/1   Running   0     98s
1778215525
mqtt-broker-58977c7947-b5fn4   1/1   Running   0     3m
mqtt-broker-58977c7947-hjqtf   1/1   Running   0     104s
1778215531
mqtt-broker-58977c7947-b5fn4   1/1   Running   0     3m5s
mqtt-broker-58977c7947-hjqtf   1/1   Running   0     109s
1778215536
mqtt-broker-58977c7947-b5fn4   1/1   Running   0     3m10s
mqtt-broker-58977c7947-hjqtf   1/1   Running   0     114s
1778215541
mqtt-broker-58977c7947-b5fn4   1/1   Running   0     3m15s
mqtt-broker-58977c7947-hjqtf   1/1   Running   0     119s
1778215546
mqtt-broker-58977c7947-b5fn4   1/1   Running   0     3m21s
mqtt-broker-58977c7947-hjqtf   1/1   Running   0     2m5s
1778215552
mqtt-broker-58977c7947-b5fn4   1/1   Running   0     3m26s
mqtt-broker-58977c7947-hjqtf   1/1   Running   0     2m10s
1778215557
mqtt-broker-58977c7947-b5fn4   1/1   Running   0     3m31s
mqtt-broker-58977c7947-hjqtf   1/1   Running   0     2m15s
1778215562
mqtt-broker-58977c7947-b5fn4   1/1   Running   0     3m36s
mqtt-broker-58977c7947-hjqtf   1/1   Running   0     2m20s
1778215567
mqtt-broker-58977c7947-b5fn4   1/1   Running   0     3m41s
mqtt-broker-58977c7947-hjqtf   1/1   Running   0     2m25s
1778215573
mqtt-broker-58977c7947-b5fn4   1/1   Running   0     3m47s
mqtt-broker-58977c7947-hjqtf   1/1   Running   0     2m31s
1778215578
mqtt-broker-58977c7947-b5fn4   1/1   Running   0     3m52s
mqtt-broker-58977c7947-hjqtf   1/1   Running   0     2m36s
1778215583
mqtt-broker-58977c7947-b5fn4   1/1   Running   0     3m57s
mqtt-broker-58977c7947-hjqtf   1/1   Running   0     2m41s
1778215588
mqtt-broker-58977c7947-b5fn4   1/1   Running   0     4m2s
mqtt-broker-58977c7947-hjqtf   1/1   Running   0     2m46s
1778215593
mqtt-broker-58977c7947-b5fn4   1/1   Running   0     4m7s
mqtt-broker-58977c7947-hjqtf   1/1   Running   0     2m51s
1778215598
mqtt-broker-58977c7947-b5fn4   1/1   Running   0     4m13s
mqtt-broker-58977c7947-hjqtf   1/1   Running   0     2m57s
1778215604
mqtt-broker-58977c7947-b5fn4   1/1   Running   0     4m18s
mqtt-broker-58977c7947-hjqtf   1/1   Running   0     3m2s
1778215609
mqtt-broker-58977c7947-9rrj5   0/1   ContainerCreating   0     1s
mqtt-broker-58977c7947-b5fn4   1/1   Running             0     4m23s
mqtt-broker-58977c7947-hjqtf   1/1   Running             0     3m7s
1778215614
mqtt-broker-58977c7947-9rrj5   1/1   Running   0     6s
mqtt-broker-58977c7947-b5fn4   1/1   Running   0     4m28s
mqtt-broker-58977c7947-hjqtf   1/1   Running   0     3m12s
1778215619
mqtt-broker-58977c7947-9rrj5   1/1   Running   0     11s
mqtt-broker-58977c7947-b5fn4   1/1   Running   0     4m33s
mqtt-broker-58977c7947-hjqtf   1/1   Running   0     3m17s
1778215624
mqtt-broker-58977c7947-9rrj5   1/1   Running   0     16s
mqtt-broker-58977c7947-b5fn4   1/1   Running   0     4m38s
mqtt-broker-58977c7947-hjqtf   1/1   Running   0     3m22s
1778215629
mqtt-broker-58977c7947-9rrj5   1/1   Running   0     21s
mqtt-broker-58977c7947-b5fn4   1/1   Running   0     4m43s
mqtt-broker-58977c7947-hjqtf   1/1   Running   0     3m27s
1778215634
mqtt-broker-58977c7947-9rrj5   1/1   Running   0     27s
mqtt-broker-58977c7947-b5fn4   1/1   Running   0     4m49s
mqtt-broker-58977c7947-hjqtf   1/1   Running   0     3m33s
1778215640
mqtt-broker-58977c7947-9rrj5   1/1   Running   0     32s
mqtt-broker-58977c7947-b5fn4   1/1   Running   0     4m54s
mqtt-broker-58977c7947-hjqtf   1/1   Running   0     3m38s
1778215645
mqtt-broker-58977c7947-9rrj5   1/1   Running   0     37s
mqtt-broker-58977c7947-b5fn4   1/1   Running   0     4m59s
mqtt-broker-58977c7947-hjqtf   1/1   Running   0     3m43s
1778215650
mqtt-broker-58977c7947-9rrj5   1/1   Running   0     42s
mqtt-broker-58977c7947-b5fn4   1/1   Running   0     5m4s
mqtt-broker-58977c7947-hjqtf   1/1   Running   0     3m48s
1778215655
mqtt-broker-58977c7947-9rrj5   1/1   Running   0     47s
mqtt-broker-58977c7947-b5fn4   1/1   Running   0     5m9s
mqtt-broker-58977c7947-hjqtf   1/1   Running   0     3m53s
1778215660
mqtt-broker-58977c7947-9rrj5   1/1   Running   0     52s
mqtt-broker-58977c7947-b5fn4   1/1   Running   0     5m14s
mqtt-broker-58977c7947-hjqtf   1/1   Running   0     3m58s
1778215665
mqtt-broker-58977c7947-9rrj5   1/1   Running   0     58s
mqtt-broker-58977c7947-b5fn4   1/1   Running   0     5m20s
mqtt-broker-58977c7947-hjqtf   1/1   Running   0     4m4s
1778215671
mqtt-broker-58977c7947-9rrj5   1/1   Running   0     63s
mqtt-broker-58977c7947-b5fn4   1/1   Running   0     5m25s
mqtt-broker-58977c7947-hjqtf   1/1   Running   0     4m9s
1778215676
mqtt-broker-58977c7947-9rrj5   1/1   Running   0     68s
mqtt-broker-58977c7947-b5fn4   1/1   Running   0     5m30s
mqtt-broker-58977c7947-hjqtf   1/1   Running   0     4m14s
1778215681
mqtt-broker-58977c7947-9rrj5   1/1   Running   0     73s
mqtt-broker-58977c7947-b5fn4   1/1   Running   0     5m35s
mqtt-broker-58977c7947-hjqtf   1/1   Running   0     4m19s
1778215686
mqtt-broker-58977c7947-9rrj5   1/1   Running   0     78s
mqtt-broker-58977c7947-b5fn4   1/1   Running   0     5m40s
mqtt-broker-58977c7947-hjqtf   1/1   Running   0     4m24s
1778215691
mqtt-broker-58977c7947-9rrj5   1/1   Running   0     84s
mqtt-broker-58977c7947-b5fn4   1/1   Running   0     5m46s
mqtt-broker-58977c7947-hjqtf   1/1   Running   0     4m30s
1778215697
mqtt-broker-58977c7947-9rrj5   1/1   Running   0     89s
mqtt-broker-58977c7947-b5fn4   1/1   Running   0     5m51s
mqtt-broker-58977c7947-hjqtf   1/1   Running   0     4m35s
1778215702
mqtt-broker-58977c7947-9rrj5   1/1   Running   0     94s
mqtt-broker-58977c7947-b5fn4   1/1   Running   0     5m56s
mqtt-broker-58977c7947-hjqtf   1/1   Running   0     4m40s
1778215707
mqtt-broker-58977c7947-9rrj5   1/1   Running   0     99s
mqtt-broker-58977c7947-b5fn4   1/1   Running   0     6m1s
mqtt-broker-58977c7947-hjqtf   1/1   Running   0     4m45s
1778215712
mqtt-broker-58977c7947-9rrj5   1/1   Running   0     105s
mqtt-broker-58977c7947-b5fn4   1/1   Running   0     6m7s
mqtt-broker-58977c7947-hjqtf   1/1   Running   0     4m51s
1778215718
mqtt-broker-58977c7947-9rrj5   1/1   Running   0     110s
mqtt-broker-58977c7947-b5fn4   1/1   Running   0     6m12s
mqtt-broker-58977c7947-hjqtf   1/1   Running   0     4m56s
1778215723
mqtt-broker-58977c7947-9rrj5   1/1   Running   0     115s
mqtt-broker-58977c7947-b5fn4   1/1   Running   0     6m17s
mqtt-broker-58977c7947-hjqtf   1/1   Running   0     5m1s
1778215728
mqtt-broker-58977c7947-9rrj5   1/1   Running   0     2m
mqtt-broker-58977c7947-b5fn4   1/1   Running   0     6m22s
mqtt-broker-58977c7947-hjqtf   1/1   Running   0     5m6s
1778215733
mqtt-broker-58977c7947-9rrj5   1/1   Running   0     2m5s
mqtt-broker-58977c7947-b5fn4   1/1   Running   0     6m27s
mqtt-broker-58977c7947-hjqtf   1/1   Running   0     5m11s
1778215738
mqtt-broker-58977c7947-9rrj5   1/1   Running   0     2m11s
mqtt-broker-58977c7947-b5fn4   1/1   Running   0     6m33s
mqtt-broker-58977c7947-hjqtf   1/1   Running   0     5m17s
1778215744
mqtt-broker-58977c7947-9rrj5   1/1   Running   0     2m16s
mqtt-broker-58977c7947-b5fn4   1/1   Running   0     6m38s
mqtt-broker-58977c7947-hjqtf   1/1   Running   0     5m22s
1778215749
mqtt-broker-58977c7947-9rrj5   1/1   Running   0     2m21s
mqtt-broker-58977c7947-b5fn4   1/1   Running   0     6m43s
mqtt-broker-58977c7947-hjqtf   1/1   Running   0     5m27s
1778215754
mqtt-broker-58977c7947-9rrj5   1/1   Running   0     2m26s
mqtt-broker-58977c7947-b5fn4   1/1   Running   0     6m48s
mqtt-broker-58977c7947-hjqtf   1/1   Running   0     5m32s
1778215759
mqtt-broker-58977c7947-9rrj5   1/1   Running   0     2m31s
mqtt-broker-58977c7947-b5fn4   1/1   Running   0     6m53s
mqtt-broker-58977c7947-hjqtf   1/1   Running   0     5m37s
1778215764
mqtt-broker-58977c7947-9rrj5   1/1   Running   0     2m37s
mqtt-broker-58977c7947-b5fn4   1/1   Running   0     6m59s
mqtt-broker-58977c7947-hjqtf   1/1   Running   0     5m43s
1778215770
mqtt-broker-58977c7947-9rrj5   1/1   Running   0     2m42s
mqtt-broker-58977c7947-b5fn4   1/1   Running   0     7m4s
mqtt-broker-58977c7947-hjqtf   1/1   Running   0     5m48s
1778215775
mqtt-broker-58977c7947-9rrj5   1/1   Running   0     2m47s
mqtt-broker-58977c7947-b5fn4   1/1   Running   0     7m9s
mqtt-broker-58977c7947-hjqtf   1/1   Running   0     5m53s
1778215780
mqtt-broker-58977c7947-9rrj5   1/1   Running   0     2m52s
mqtt-broker-58977c7947-b5fn4   1/1   Running   0     7m14s
mqtt-broker-58977c7947-hjqtf   1/1   Running   0     5m58s
1778215785
mqtt-broker-58977c7947-9rrj5   1/1   Running   0     2m57s
mqtt-broker-58977c7947-b5fn4   1/1   Running   0     7m19s
mqtt-broker-58977c7947-hjqtf   1/1   Running   0     6m3s
1778215790
mqtt-broker-58977c7947-9rrj5   1/1   Running   0     3m3s
mqtt-broker-58977c7947-b5fn4   1/1   Running   0     7m25s
mqtt-broker-58977c7947-hjqtf   1/1   Running   0     6m9s
1778215796
mqtt-broker-58977c7947-9rrj5   1/1   Terminating   0     3m8s
mqtt-broker-58977c7947-b5fn4   1/1   Running       0     7m30s
mqtt-broker-58977c7947-hjqtf   1/1   Terminating   0     6m14s
1778215801
mqtt-broker-58977c7947-9rrj5   1/1   Terminating   0     3m13s
mqtt-broker-58977c7947-b5fn4   1/1   Running       0     7m35s
mqtt-broker-58977c7947-hjqtf   1/1   Terminating   0     6m19s
1778215806
mqtt-broker-58977c7947-9rrj5   1/1   Terminating   0     3m18s
mqtt-broker-58977c7947-b5fn4   1/1   Running       0     7m40s
mqtt-broker-58977c7947-hjqtf   1/1   Terminating   0     6m24s
1778215811
mqtt-broker-58977c7947-9rrj5   1/1   Terminating   0     3m23s
mqtt-broker-58977c7947-b5fn4   1/1   Running       0     7m45s
mqtt-broker-58977c7947-hjqtf   1/1   Terminating   0     6m29s
1778215816
mqtt-broker-58977c7947-9rrj5   1/1   Terminating   0     3m29s
mqtt-broker-58977c7947-b5fn4   1/1   Running       0     7m51s
mqtt-broker-58977c7947-hjqtf   1/1   Terminating   0     6m35s
1778215822
mqtt-broker-58977c7947-9rrj5   1/1   Terminating   0     3m34s
mqtt-broker-58977c7947-b5fn4   1/1   Running       0     7m56s
mqtt-broker-58977c7947-hjqtf   1/1   Terminating   0     6m40s
1778215827
mqtt-broker-58977c7947-9rrj5   1/1   Terminating   0     3m39s
mqtt-broker-58977c7947-b5fn4   1/1   Running       0     8m1s
mqtt-broker-58977c7947-hjqtf   1/1   Terminating   0     6m45s
1778215832
mqtt-broker-58977c7947-9rrj5   1/1   Terminating   0     3m44s
mqtt-broker-58977c7947-b5fn4   1/1   Running       0     8m6s
mqtt-broker-58977c7947-hjqtf   1/1   Terminating   0     6m50s
1778215837
mqtt-broker-58977c7947-9rrj5   1/1   Terminating   0     3m49s
mqtt-broker-58977c7947-b5fn4   1/1   Running       0     8m11s
mqtt-broker-58977c7947-hjqtf   1/1   Terminating   0     6m55s
1778215842
mqtt-broker-58977c7947-9rrj5   1/1   Terminating   0     3m55s
mqtt-broker-58977c7947-b5fn4   1/1   Running       0     8m17s
mqtt-broker-58977c7947-hjqtf   1/1   Terminating   0     7m1s
1778215848
mqtt-broker-58977c7947-9rrj5   1/1   Terminating   0     4m
mqtt-broker-58977c7947-b5fn4   1/1   Running       0     8m22s
mqtt-broker-58977c7947-hjqtf   1/1   Terminating   0     7m6s
1778215853
mqtt-broker-58977c7947-b5fn4   1/1   Running   0     8m27s
1778215858
mqtt-broker-58977c7947-b5fn4   1/1   Running   0     8m32s
1778215863
mqtt-broker-58977c7947-b5fn4   1/1   Running   0     8m38s
1778215869
mqtt-broker-58977c7947-b5fn4   1/1   Running   0     8m43s
1778215874
mqtt-broker-58977c7947-b5fn4   1/1   Running   0     8m48s
1778215879
mqtt-broker-58977c7947-b5fn4   1/1   Running   0     8m53s
1778215884
mqtt-broker-58977c7947-b5fn4   1/1   Running   0     8m59s
1778215890
mqtt-broker-58977c7947-b5fn4   1/1   Running   0     9m4s
1778215895
mqtt-broker-58977c7947-b5fn4   1/1   Running   0     9m9s
1778215900
mqtt-broker-58977c7947-b5fn4   1/1   Running   0     9m14s
1778215905
mqtt-broker-58977c7947-b5fn4   1/1   Running   0     9m19s
1778215910
mqtt-broker-58977c7947-b5fn4   1/1   Running   0     9m25s
1778215916
mqtt-broker-58977c7947-b5fn4   1/1   Running   0     9m30s
1778215921
mqtt-broker-58977c7947-b5fn4   1/1   Running   0     9m35s
1778215926
mqtt-broker-58977c7947-b5fn4   1/1   Running   0     9m40s
1778215931
mqtt-broker-58977c7947-b5fn4   1/1   Running   0     9m45s
1778215937
mqtt-broker-58977c7947-b5fn4   1/1   Running   0     9m51s
1778215942
mqtt-broker-58977c7947-b5fn4   1/1   Running   0     9m56s
1778215947
mqtt-broker-58977c7947-b5fn4   1/1   Running   0     10m
1778215952
mqtt-broker-58977c7947-b5fn4   1/1   Running   0     10m
1778215957
mqtt-broker-58977c7947-b5fn4   1/1   Running   0     10m
1778215963
mqtt-broker-58977c7947-b5fn4   1/1   Running   0     10m
1778215968
mqtt-broker-58977c7947-b5fn4   1/1   Running   0     10m
1778215973
mqtt-broker-58977c7947-b5fn4   1/1   Running   0     10m
1778215978
mqtt-broker-58977c7947-b5fn4   1/1   Running   0     10m
1778215983
mqtt-broker-58977c7947-b5fn4   1/1   Running   0     10m
1778215989
mqtt-broker-58977c7947-b5fn4   1/1   Running   0     10m
1778215994
mqtt-broker-58977c7947-b5fn4   1/1   Running   0     10m
1778215999
mqtt-broker-58977c7947-b5fn4   1/1   Running   0     10m
1778216004
mqtt-broker-58977c7947-b5fn4   1/1   Running   0     10m
1778216010
mqtt-broker-58977c7947-b5fn4   1/1   Running   0     11m
1778216015
mqtt-broker-58977c7947-b5fn4   1/1   Running   0     11m
1778216020
mqtt-broker-58977c7947-b5fn4   1/1   Running   0     11m
1778216025
mqtt-broker-58977c7947-b5fn4   1/1   Running   0     11m
1778216030
mqtt-broker-58977c7947-b5fn4   1/1   Running   0     11m
1778216035
1778216041
1778216046
1778216051
1778216056
1778216061
1778216066
1778216071
1778216076
1778216081
1778216086
1778216091
1778216096
1778216102
1778216107
1778216112
1778216117
1778216122
1778216127
1778216132
1778216137
1778216142
1778216147
1778216152
1778216158
1778216163
1778216168
1778216173
1778216178
1778216183
1778216188
1778216193
1778216198
1778216203
1778216208
1778216213
1778216219
1778216224
1778216229
1778216234
1778216239
1778216244
1778216249
1778216254
1778216259
1778216264
1778216269
1778216275
1778216280
1778216285
1778216290
1778216295
1778216300
1778216305
1778216310
1778216315
1778216320
1778216325
1778216330
1778216336
1778216341
1778216346
1778216351
1778216356
1778216361
1778216366
1778216371
1778216376
1778216381
1778216386
1778216391
1778216396
1778216402
1778216407
1778216412
1778216417
1778216422
1778216427
1778216432
1778216437
1778216442
1778216448
1778216453
1778216458
1778216463
1778216468
1778216473
1778216479
1778216484
1778216489
1778216494
1778216499
1778216504
1778216509
1778216515
1778216520
1778216525
1778216530
1778216535
1778216540
1778216545
1778216551
1778216556
1778216561
1778216566
1778216571
1778216576
1778216581
1778216587
1778216592
1778216597
1778216602
1778216607
1778216612
1778216618
1778216623
1778216628
1778216633
1778216638
1778216643
1778216648
1778216653
1778216659
1778216664
1778216669
1778216674
1778216679
1778216684
1778216690
1778216695
1778216700
1778216705
1778216710
1778216715
1778216721
1778216726
1778216731
1778216736
1778216741
1778216746
1778216752
1778216757
1778216762
1778216767
1778216772
1778216777
1778216782
1778216787
1778216792
1778216797
1778216802
1778216807
1778216813
1778216818
1778216823
1778216828
1778216833
1778216838
1778216843
1778216848
1778216853
1778216858
1778216863
1778216869
1778216874
1778216879
1778216884
1778216889
1778216894
1778216899
1778216904
1778216909
1778216914
1778216919
1778216924
1778216929
1778216935
1778216940
1778216945
1778216950
1778216955
1778216960
1778216965
1778216970
1778216975
1778216980
1778216985
1778216990
1778216996
1778217001
1778217006
1778217011
1778217016
1778217021
1778217026
1778217031
1778217036
1778217041
1778217046
1778217051
1778217057
1778217062
1778217067
1778217072
1778217077
1778217082
1778217087
1778217092
1778217097
1778217102
1778217107
1778217113
1778217118
1778217123
1778217128
1778217133
1778217138
1778217143
1778217148
1778217153
1778217158
1778217163
1778217168
1778217173
1778217179
1778217184
1778217189
1778217194
1778217199
1778217204
1778217209
1778217214
1778217219
1778217224
1778217229
1778217234
1778217240
1778217245
1778217250
1778217255
1778217260
1778217265
1778217270
1778217275
1778217280
1778217285
1778217290
1778217295
1778217300
1778217306
1778217311
1778217316
1778217321
1778217326
1778217331
1778217336
1778217341
1778217346
1778217351
1778217356
1778217361
1778217366
1778217372
1778217377
1778217382
1778217387
1778217392
1778217397
1778217402
1778217407
1778217412
1778217418
1778217423
1778217428
1778217433
1778217438
1778217443
1778217448
1778217453
1778217458
1778217463
1778217469
1778217474
1778217479
1778217484
1778217489
1778217494
1778217499
1778217504
1778217509
1778217514
1778217519
1778217525
1778217530
1778217535
1778217540
1778217545
1778217550
1778217555
1778217560
1778217565
1778217570
1778217575
1778217581
1778217586
1778217591
1778217596
1778217601
1778217606
1778217611
1778217616
1778217621
1778217627
1778217632
1778217637
1778217642
1778217647
1778217652
1778217657
1778217663
1778217668
1778217673
1778217678
1778217683
1778217688
1778217694
1778217699
1778217704
1778217709
1778217714
1778217719
1778217725
1778217730
1778217735
1778217740
1778217745
1778217750
1778217755
1778217761
1778217766
1778217771
1778217776
1778217781
1778217787
1778217792
1778217797
1778217802
1778217807
1778217812
1778217817
1778217823
1778217828
1778217833
1778217838
1778217843
1778217848
1778217853
1778217859
1778217864
1778217869
1778217874
1778217879
1778217884
1778217890
1778217895
1778217900
1778217905
1778217910
1778217915
1778217920
1778217925
1778217931
1778217936
1778217941
1778217946
1778217951
1778217956
1778217962
1778217967
1778217972
1778217977
1778217982
1778217987
1778217993
1778217998
1778218003
1778218008
1778218013
1778218018
1778218024
1778218029
1778218034
1778218039
1778218044
1778218049
1778218055
1778218060
1778218065
1778218070
1778218075
1778218080
1778218085
1778218090
1778218096
1778218101
1778218106
1778218111
1778218116
1778218121
1778218126
1778218132
1778218137
1778218142
1778218147
1778218152
1778218157
1778218162
1778218168
1778218173
1778218178
1778218183
1778218188
1778218194
1778218199
1778218204
1778218209
1778218215
1778218220
1778218225
1778218230
1778218236
1778218241
1778218246
1778218251
1778218257
1778218262
1778218267
1778218272
1778218278
1778218283
1778218288
1778218294
1778218299
1778218304
1778218309
1778218315
1778218320
1778218325
1778218330
1778218336
1778218341
1778218346
1778218352
1778218357
1778218362
1778218368
1778218373
1778218379
1778218384
1778218390
1778218395
1778218401
1778218406
1778218412
1778218417
1778218423
1778218428
1778218434
1778218439
1778218445
1778218450
1778218455
1778218461
1778218466
1778218471
1778218477
1778218482
1778218487
1778218493
1778218498
1778218503
1778218508
mqtt-broker-58977c7947-fzchw   1/1   Running   0     2s
1778218513
mqtt-broker-58977c7947-fzchw   1/1   Running   0     8s
1778218519
mqtt-broker-58977c7947-fzchw   1/1   Running   0     13s
1778218524
mqtt-broker-58977c7947-fzchw   1/1   Running   0     18s
1778218529
mqtt-broker-58977c7947-fzchw   1/1   Running   0     23s
1778218534
mqtt-broker-58977c7947-fzchw   1/1   Running   0     28s
1778218539
mqtt-broker-58977c7947-fzchw   1/1   Running   0     33s
1778218544
mqtt-broker-58977c7947-fzchw   1/1   Running   0     39s
1778218550
mqtt-broker-58977c7947-fzchw   1/1   Running   0     44s
mqtt-broker-58977c7947-hn9xb   1/1   Running   0     3s
mqtt-broker-58977c7947-vrlz5   1/1   Running   0     3s
1778218555
mqtt-broker-58977c7947-fzchw   1/1   Running   0     49s
mqtt-broker-58977c7947-hn9xb   1/1   Running   0     8s
mqtt-broker-58977c7947-vrlz5   1/1   Running   0     8s
1778218560
mqtt-broker-58977c7947-fzchw   1/1   Running   0     54s
mqtt-broker-58977c7947-hn9xb   1/1   Running   0     13s
mqtt-broker-58977c7947-vrlz5   1/1   Running   0     13s
1778218565
mqtt-broker-58977c7947-fzchw   1/1   Running   0     59s
mqtt-broker-58977c7947-hn9xb   1/1   Running   0     18s
mqtt-broker-58977c7947-vrlz5   1/1   Running   0     18s
1778218570
mqtt-broker-58977c7947-fzchw   1/1   Running   0     65s
mqtt-broker-58977c7947-hn9xb   1/1   Running   0     24s
mqtt-broker-58977c7947-vrlz5   1/1   Running   0     24s
1778218576
mqtt-broker-58977c7947-fzchw   1/1   Running   0     70s
mqtt-broker-58977c7947-hn9xb   1/1   Running   0     29s
mqtt-broker-58977c7947-vrlz5   1/1   Running   0     29s
1778218581
mqtt-broker-58977c7947-fzchw   1/1   Running   0     75s
mqtt-broker-58977c7947-hn9xb   1/1   Running   0     34s
mqtt-broker-58977c7947-vrlz5   1/1   Running   0     34s
1778218586
mqtt-broker-58977c7947-fzchw   1/1   Running   0     80s
mqtt-broker-58977c7947-hn9xb   1/1   Running   0     39s
mqtt-broker-58977c7947-vrlz5   1/1   Running   0     39s
1778218591
mqtt-broker-58977c7947-fzchw   1/1   Running   0     85s
mqtt-broker-58977c7947-hn9xb   1/1   Running   0     44s
mqtt-broker-58977c7947-vrlz5   1/1   Running   0     44s
1778218596
mqtt-broker-58977c7947-fzchw   1/1   Running   0     91s
mqtt-broker-58977c7947-hn9xb   1/1   Running   0     50s
mqtt-broker-58977c7947-vrlz5   1/1   Running   0     50s
1778218602
mqtt-broker-58977c7947-fzchw   1/1   Running   0     96s
mqtt-broker-58977c7947-hn9xb   1/1   Running   0     55s
mqtt-broker-58977c7947-vrlz5   1/1   Running   0     55s
1778218607
mqtt-broker-58977c7947-fzchw   1/1   Running   0     101s
mqtt-broker-58977c7947-hn9xb   1/1   Running   0     60s
mqtt-broker-58977c7947-vrlz5   1/1   Running   0     60s
1778218612
mqtt-broker-58977c7947-fzchw   1/1   Running   0     106s
mqtt-broker-58977c7947-hn9xb   1/1   Running   0     65s
mqtt-broker-58977c7947-vrlz5   1/1   Running   0     65s
1778218617
mqtt-broker-58977c7947-fzchw   1/1   Running   0     111s
mqtt-broker-58977c7947-hn9xb   1/1   Running   0     70s
mqtt-broker-58977c7947-vrlz5   1/1   Running   0     70s
1778218622
mqtt-broker-58977c7947-fzchw   1/1   Running   0     116s
mqtt-broker-58977c7947-hn9xb   1/1   Running   0     75s
mqtt-broker-58977c7947-vrlz5   1/1   Running   0     75s
1778218627
mqtt-broker-58977c7947-fzchw   1/1   Running   0     2m2s
mqtt-broker-58977c7947-hn9xb   1/1   Running   0     81s
mqtt-broker-58977c7947-vrlz5   1/1   Running   0     81s
1778218633
mqtt-broker-58977c7947-fzchw   1/1   Running   0     2m7s
mqtt-broker-58977c7947-hn9xb   1/1   Running   0     86s
mqtt-broker-58977c7947-vrlz5   1/1   Running   0     86s
1778218638
mqtt-broker-58977c7947-fzchw   1/1   Running   0     2m12s
mqtt-broker-58977c7947-hn9xb   1/1   Running   0     91s
mqtt-broker-58977c7947-vrlz5   1/1   Running   0     91s
1778218643
mqtt-broker-58977c7947-fzchw   1/1   Running   0     2m17s
mqtt-broker-58977c7947-hn9xb   1/1   Running   0     96s
mqtt-broker-58977c7947-vrlz5   1/1   Running   0     96s
1778218648
mqtt-broker-58977c7947-fzchw   1/1   Running   0     2m22s
mqtt-broker-58977c7947-hn9xb   1/1   Running   0     101s
mqtt-broker-58977c7947-vrlz5   1/1   Running   0     101s
1778218653
mqtt-broker-58977c7947-fzchw   1/1   Running   0     2m28s
mqtt-broker-58977c7947-hn9xb   1/1   Running   0     107s
mqtt-broker-58977c7947-vrlz5   1/1   Running   0     107s
1778218659
mqtt-broker-58977c7947-fzchw   1/1   Running   0     2m33s
mqtt-broker-58977c7947-hn9xb   1/1   Running   0     112s
mqtt-broker-58977c7947-vrlz5   1/1   Running   0     112s
1778218664
mqtt-broker-58977c7947-fzchw   1/1   Running   0     2m38s
mqtt-broker-58977c7947-hn9xb   1/1   Running   0     117s
mqtt-broker-58977c7947-vrlz5   1/1   Running   0     117s
1778218669
mqtt-broker-58977c7947-fzchw   1/1   Running   0     2m43s
mqtt-broker-58977c7947-hn9xb   1/1   Running   0     2m2s
mqtt-broker-58977c7947-vrlz5   1/1   Running   0     2m2s
1778218674
mqtt-broker-58977c7947-fzchw   1/1   Running   0     2m48s
mqtt-broker-58977c7947-hn9xb   1/1   Running   0     2m7s
mqtt-broker-58977c7947-vrlz5   1/1   Running   0     2m7s
1778218679
mqtt-broker-58977c7947-fzchw   1/1   Running   0     2m54s
mqtt-broker-58977c7947-hn9xb   1/1   Running   0     2m13s
mqtt-broker-58977c7947-vrlz5   1/1   Running   0     2m13s
1778218685
mqtt-broker-58977c7947-fzchw   1/1   Running   0     2m59s
mqtt-broker-58977c7947-hn9xb   1/1   Running   0     2m18s
mqtt-broker-58977c7947-vrlz5   1/1   Running   0     2m18s
1778218690
mqtt-broker-58977c7947-fzchw   1/1   Running   0     3m4s
mqtt-broker-58977c7947-hn9xb   1/1   Running   0     2m23s
mqtt-broker-58977c7947-vrlz5   1/1   Running   0     2m23s
1778218695
mqtt-broker-58977c7947-fzchw   1/1   Running   0     3m9s
mqtt-broker-58977c7947-hn9xb   1/1   Running   0     2m28s
mqtt-broker-58977c7947-vrlz5   1/1   Running   0     2m28s
1778218700
mqtt-broker-58977c7947-fzchw   1/1   Running   0     3m14s
mqtt-broker-58977c7947-hn9xb   1/1   Running   0     2m33s
mqtt-broker-58977c7947-vrlz5   1/1   Running   0     2m33s
1778218705
mqtt-broker-58977c7947-fzchw   1/1   Running   0     3m19s
mqtt-broker-58977c7947-hn9xb   1/1   Running   0     2m38s
mqtt-broker-58977c7947-vrlz5   1/1   Running   0     2m38s
1778218710
mqtt-broker-58977c7947-fzchw   1/1   Running   0     3m25s
mqtt-broker-58977c7947-hn9xb   1/1   Running   0     2m44s
mqtt-broker-58977c7947-vrlz5   1/1   Running   0     2m44s
1778218716
mqtt-broker-58977c7947-fzchw   1/1   Running   0     3m30s
mqtt-broker-58977c7947-hn9xb   1/1   Running   0     2m49s
mqtt-broker-58977c7947-vrlz5   1/1   Running   0     2m49s
1778218721
mqtt-broker-58977c7947-fzchw   1/1   Running   0     3m35s
mqtt-broker-58977c7947-hn9xb   1/1   Running   0     2m54s
mqtt-broker-58977c7947-vrlz5   1/1   Running   0     2m54s
1778218726
mqtt-broker-58977c7947-fzchw   1/1   Running   0     3m40s
mqtt-broker-58977c7947-hn9xb   1/1   Running   0     2m59s
mqtt-broker-58977c7947-vrlz5   1/1   Running   0     2m59s
1778218731
mqtt-broker-58977c7947-fzchw   1/1   Running   0     3m45s
mqtt-broker-58977c7947-hn9xb   1/1   Running   0     3m4s
mqtt-broker-58977c7947-vrlz5   1/1   Running   0     3m4s
1778218736
mqtt-broker-58977c7947-fzchw   1/1   Running   0     3m51s
mqtt-broker-58977c7947-hn9xb   1/1   Running   0     3m10s
mqtt-broker-58977c7947-vrlz5   1/1   Running   0     3m10s
1778218742
mqtt-broker-58977c7947-fzchw   1/1   Running   0     3m56s
mqtt-broker-58977c7947-hn9xb   1/1   Running   0     3m15s
mqtt-broker-58977c7947-vrlz5   1/1   Running   0     3m15s
1778218747
mqtt-broker-58977c7947-fzchw   1/1   Running   0     4m1s
mqtt-broker-58977c7947-hn9xb   1/1   Running   0     3m20s
mqtt-broker-58977c7947-vrlz5   1/1   Running   0     3m20s
1778218752
mqtt-broker-58977c7947-fzchw   1/1   Running   0     4m6s
mqtt-broker-58977c7947-hn9xb   1/1   Running   0     3m25s
mqtt-broker-58977c7947-vrlz5   1/1   Running   0     3m25s
1778218757
mqtt-broker-58977c7947-fzchw   1/1   Running   0     4m12s
mqtt-broker-58977c7947-hn9xb   1/1   Running   0     3m31s
mqtt-broker-58977c7947-vrlz5   1/1   Running   0     3m31s
1778218763
mqtt-broker-58977c7947-fzchw   1/1   Running   0     4m17s
mqtt-broker-58977c7947-hn9xb   1/1   Running   0     3m36s
mqtt-broker-58977c7947-vrlz5   1/1   Running   0     3m36s
1778218768
mqtt-broker-58977c7947-fzchw   1/1   Running   0     4m22s
mqtt-broker-58977c7947-hn9xb   1/1   Running   0     3m41s
mqtt-broker-58977c7947-vrlz5   1/1   Running   0     3m41s
1778218773
mqtt-broker-58977c7947-fzchw   1/1   Running   0     4m27s
mqtt-broker-58977c7947-hn9xb   1/1   Running   0     3m46s
mqtt-broker-58977c7947-vrlz5   1/1   Running   0     3m46s
1778218778
mqtt-broker-58977c7947-fzchw   1/1   Running   0     4m32s
mqtt-broker-58977c7947-hn9xb   1/1   Running   0     3m51s
mqtt-broker-58977c7947-vrlz5   1/1   Running   0     3m51s
1778218783
mqtt-broker-58977c7947-fzchw   1/1   Running   0     4m38s
mqtt-broker-58977c7947-hn9xb   1/1   Running   0     3m57s
mqtt-broker-58977c7947-vrlz5   1/1   Running   0     3m57s
1778218789
mqtt-broker-58977c7947-fzchw   1/1   Running   0     4m43s
mqtt-broker-58977c7947-hn9xb   1/1   Running   0     4m2s
mqtt-broker-58977c7947-vrlz5   1/1   Running   0     4m2s
1778218794
mqtt-broker-58977c7947-fzchw   1/1   Running   0     4m48s
mqtt-broker-58977c7947-hn9xb   1/1   Running   0     4m7s
mqtt-broker-58977c7947-vrlz5   1/1   Running   0     4m7s
1778218799
mqtt-broker-58977c7947-fzchw   1/1   Running   0     4m53s
mqtt-broker-58977c7947-hn9xb   1/1   Running   0     4m12s
mqtt-broker-58977c7947-vrlz5   1/1   Running   0     4m12s
1778218804
mqtt-broker-58977c7947-fzchw   1/1   Running   0     4m58s
mqtt-broker-58977c7947-hn9xb   1/1   Running   0     4m17s
mqtt-broker-58977c7947-vrlz5   1/1   Running   0     4m17s
1778218809
mqtt-broker-58977c7947-fzchw   1/1   Running   0     5m3s
mqtt-broker-58977c7947-hn9xb   1/1   Running   0     4m22s
mqtt-broker-58977c7947-vrlz5   1/1   Running   0     4m22s
1778218815
mqtt-broker-58977c7947-fzchw   1/1   Running   0     5m9s
mqtt-broker-58977c7947-hn9xb   1/1   Running   0     4m28s
mqtt-broker-58977c7947-vrlz5   1/1   Running   0     4m28s
1778218820
mqtt-broker-58977c7947-fzchw   1/1   Running   0     5m14s
mqtt-broker-58977c7947-hn9xb   1/1   Running   0     4m33s
mqtt-broker-58977c7947-vrlz5   1/1   Running   0     4m33s
1778218825
mqtt-broker-58977c7947-fzchw   1/1   Running   0     5m19s
mqtt-broker-58977c7947-hn9xb   1/1   Running   0     4m38s
mqtt-broker-58977c7947-vrlz5   1/1   Running   0     4m38s
1778218830
mqtt-broker-58977c7947-fzchw   1/1   Running   0     5m24s
mqtt-broker-58977c7947-hn9xb   1/1   Running   0     4m43s
mqtt-broker-58977c7947-vrlz5   1/1   Running   0     4m43s
1778218835
mqtt-broker-58977c7947-fzchw   1/1   Running   0     5m29s
mqtt-broker-58977c7947-hn9xb   1/1   Running   0     4m48s
mqtt-broker-58977c7947-vrlz5   1/1   Running   0     4m48s
1778218840
mqtt-broker-58977c7947-fzchw   1/1   Running   0     5m35s
mqtt-broker-58977c7947-hn9xb   1/1   Running   0     4m54s
mqtt-broker-58977c7947-vrlz5   1/1   Running   0     4m54s
1778218846
mqtt-broker-58977c7947-fzchw   1/1   Running   0     5m40s
mqtt-broker-58977c7947-hn9xb   1/1   Running   0     4m59s
mqtt-broker-58977c7947-vrlz5   1/1   Running   0     4m59s
1778218851
mqtt-broker-58977c7947-fzchw   1/1   Running   0     5m45s
mqtt-broker-58977c7947-hn9xb   1/1   Running   0     5m4s
mqtt-broker-58977c7947-vrlz5   1/1   Running   0     5m4s
1778218856
mqtt-broker-58977c7947-fzchw   1/1   Running   0     5m50s
mqtt-broker-58977c7947-hn9xb   1/1   Running   0     5m9s
mqtt-broker-58977c7947-vrlz5   1/1   Running   0     5m9s
1778218861
mqtt-broker-58977c7947-fzchw   1/1   Running   0     5m55s
mqtt-broker-58977c7947-hn9xb   1/1   Running   0     5m14s
mqtt-broker-58977c7947-vrlz5   1/1   Running   0     5m14s
1778218866
mqtt-broker-58977c7947-fzchw   1/1   Running   0     6m1s
mqtt-broker-58977c7947-hn9xb   1/1   Running   0     5m20s
mqtt-broker-58977c7947-vrlz5   1/1   Running   0     5m20s
1778218872
mqtt-broker-58977c7947-fzchw   1/1   Running   0     6m6s
mqtt-broker-58977c7947-hn9xb   1/1   Running   0     5m25s
mqtt-broker-58977c7947-vrlz5   1/1   Running   0     5m25s
1778218877
mqtt-broker-58977c7947-fzchw   1/1   Running   0     6m11s
mqtt-broker-58977c7947-hn9xb   1/1   Running   0     5m30s
mqtt-broker-58977c7947-vrlz5   1/1   Running   0     5m30s
1778218882
mqtt-broker-58977c7947-fzchw   1/1   Running   0     6m16s
mqtt-broker-58977c7947-hn9xb   1/1   Running   0     5m35s
mqtt-broker-58977c7947-vrlz5   1/1   Running   0     5m35s
1778218887
mqtt-broker-58977c7947-fzchw   1/1   Running   0     6m21s
mqtt-broker-58977c7947-hn9xb   1/1   Running   0     5m40s
mqtt-broker-58977c7947-vrlz5   1/1   Running   0     5m40s
1778218892
mqtt-broker-58977c7947-fzchw   1/1   Running   0     6m27s
mqtt-broker-58977c7947-hn9xb   1/1   Running   0     5m46s
mqtt-broker-58977c7947-vrlz5   1/1   Running   0     5m46s
1778218898
mqtt-broker-58977c7947-fzchw   1/1   Running   0     6m32s
mqtt-broker-58977c7947-hn9xb   1/1   Running   0     5m51s
mqtt-broker-58977c7947-vrlz5   1/1   Running   0     5m51s
1778218903
mqtt-broker-58977c7947-fzchw   1/1   Running   0     6m37s
mqtt-broker-58977c7947-hn9xb   1/1   Running   0     5m56s
mqtt-broker-58977c7947-vrlz5   1/1   Running   0     5m56s
1778218908
mqtt-broker-58977c7947-fzchw   1/1   Running   0     6m42s
mqtt-broker-58977c7947-hn9xb   1/1   Running   0     6m1s
mqtt-broker-58977c7947-vrlz5   1/1   Running   0     6m1s
1778218913
mqtt-broker-58977c7947-fzchw   1/1   Running   0     6m48s
mqtt-broker-58977c7947-hn9xb   1/1   Running   0     6m7s
mqtt-broker-58977c7947-vrlz5   1/1   Running   0     6m7s
1778218919
mqtt-broker-58977c7947-fzchw   1/1   Running   0     6m53s
mqtt-broker-58977c7947-hn9xb   1/1   Running   0     6m12s
mqtt-broker-58977c7947-vrlz5   1/1   Running   0     6m12s
1778218924
mqtt-broker-58977c7947-fzchw   1/1   Running   0     6m58s
mqtt-broker-58977c7947-hn9xb   1/1   Running   0     6m17s
mqtt-broker-58977c7947-vrlz5   1/1   Running   0     6m17s
1778218929
mqtt-broker-58977c7947-fzchw   1/1   Running   0     7m3s
mqtt-broker-58977c7947-hn9xb   1/1   Running   0     6m22s
mqtt-broker-58977c7947-vrlz5   1/1   Running   0     6m22s
1778218934
mqtt-broker-58977c7947-fzchw   1/1   Running   0     7m8s
mqtt-broker-58977c7947-hn9xb   1/1   Running   0     6m27s
mqtt-broker-58977c7947-vrlz5   1/1   Running   0     6m27s
1778218939
mqtt-broker-58977c7947-fzchw   1/1   Running   0     7m14s
mqtt-broker-58977c7947-hn9xb   1/1   Running   0     6m33s
mqtt-broker-58977c7947-vrlz5   1/1   Running   0     6m33s
1778218945
mqtt-broker-58977c7947-fzchw   1/1   Running   0     7m19s
mqtt-broker-58977c7947-hn9xb   1/1   Running   0     6m38s
mqtt-broker-58977c7947-vrlz5   1/1   Running   0     6m38s
1778218950
mqtt-broker-58977c7947-fzchw   1/1   Running   0     7m24s
mqtt-broker-58977c7947-hn9xb   1/1   Running   0     6m43s
mqtt-broker-58977c7947-vrlz5   1/1   Running   0     6m43s
1778218955
mqtt-broker-58977c7947-fzchw   1/1   Running   0     7m29s
mqtt-broker-58977c7947-hn9xb   1/1   Running   0     6m48s
mqtt-broker-58977c7947-vrlz5   1/1   Running   0     6m48s
1778218960
mqtt-broker-58977c7947-fzchw   1/1   Running   0     7m34s
mqtt-broker-58977c7947-hn9xb   1/1   Running   0     6m53s
mqtt-broker-58977c7947-vrlz5   1/1   Running   0     6m53s
1778218965
mqtt-broker-58977c7947-fzchw   1/1   Running   0     7m40s
mqtt-broker-58977c7947-hn9xb   1/1   Running   0     6m59s
mqtt-broker-58977c7947-vrlz5   1/1   Running   0     6m59s
1778218971
mqtt-broker-58977c7947-fzchw   1/1   Running   0     7m45s
mqtt-broker-58977c7947-hn9xb   1/1   Running   0     7m4s
mqtt-broker-58977c7947-vrlz5   1/1   Running   0     7m4s
1778218976
mqtt-broker-58977c7947-fzchw   1/1   Running   0     7m50s
mqtt-broker-58977c7947-hn9xb   1/1   Running   0     7m9s
mqtt-broker-58977c7947-vrlz5   1/1   Running   0     7m9s
1778218981
mqtt-broker-58977c7947-fzchw   1/1   Running   0     7m55s
mqtt-broker-58977c7947-hn9xb   1/1   Running   0     7m14s
mqtt-broker-58977c7947-vrlz5   1/1   Running   0     7m14s
1778218986
mqtt-broker-58977c7947-fzchw   1/1   Running   0     8m
mqtt-broker-58977c7947-hn9xb   1/1   Running   0     7m19s
mqtt-broker-58977c7947-vrlz5   1/1   Running   0     7m19s
1778218991
mqtt-broker-58977c7947-fzchw   1/1   Running   0     8m6s
mqtt-broker-58977c7947-hn9xb   1/1   Running   0     7m25s
mqtt-broker-58977c7947-vrlz5   1/1   Running   0     7m25s
1778218997
mqtt-broker-58977c7947-fzchw   1/1   Running   0     8m11s
mqtt-broker-58977c7947-hn9xb   1/1   Running   0     7m30s
mqtt-broker-58977c7947-vrlz5   1/1   Running   0     7m30s
1778219002
mqtt-broker-58977c7947-fzchw   1/1   Running   0     8m16s
mqtt-broker-58977c7947-hn9xb   1/1   Running   0     7m35s
mqtt-broker-58977c7947-vrlz5   1/1   Running   0     7m35s
1778219007
mqtt-broker-58977c7947-fzchw   1/1   Running   0     8m21s
mqtt-broker-58977c7947-hn9xb   1/1   Running   0     7m40s
mqtt-broker-58977c7947-vrlz5   1/1   Running   0     7m40s
1778219012
mqtt-broker-58977c7947-fzchw   1/1   Running   0     8m26s
mqtt-broker-58977c7947-hn9xb   1/1   Running   0     7m45s
mqtt-broker-58977c7947-vrlz5   1/1   Running   0     7m45s
1778219017
mqtt-broker-58977c7947-fzchw   1/1   Running   0     8m31s
mqtt-broker-58977c7947-hn9xb   1/1   Running   0     7m50s
mqtt-broker-58977c7947-vrlz5   1/1   Running   0     7m50s
1778219022
mqtt-broker-58977c7947-fzchw   1/1   Running   0     8m37s
mqtt-broker-58977c7947-hn9xb   1/1   Running   0     7m56s
mqtt-broker-58977c7947-vrlz5   1/1   Running   0     7m56s
1778219028
mqtt-broker-58977c7947-fzchw   1/1   Running   0     8m42s
mqtt-broker-58977c7947-hn9xb   1/1   Running   0     8m1s
mqtt-broker-58977c7947-vrlz5   1/1   Running   0     8m1s
1778219033
mqtt-broker-58977c7947-fzchw   1/1   Running   0     8m47s
mqtt-broker-58977c7947-hn9xb   1/1   Running   0     8m6s
mqtt-broker-58977c7947-vrlz5   1/1   Running   0     8m6s
1778219038
mqtt-broker-58977c7947-fzchw   1/1   Running   0     8m52s
mqtt-broker-58977c7947-hn9xb   1/1   Running   0     8m11s
mqtt-broker-58977c7947-vrlz5   1/1   Running   0     8m11s
1778219043
mqtt-broker-58977c7947-fzchw   1/1   Running   0     8m57s
mqtt-broker-58977c7947-hn9xb   1/1   Running   0     8m16s
mqtt-broker-58977c7947-vrlz5   1/1   Running   0     8m16s
1778219048
mqtt-broker-58977c7947-fzchw   1/1   Running   0     9m3s
mqtt-broker-58977c7947-hn9xb   1/1   Running   0     8m22s
mqtt-broker-58977c7947-vrlz5   1/1   Running   0     8m22s
1778219054
mqtt-broker-58977c7947-fzchw   1/1   Running   0     9m8s
mqtt-broker-58977c7947-hn9xb   1/1   Running   0     8m27s
mqtt-broker-58977c7947-vrlz5   1/1   Running   0     8m27s
1778219059
mqtt-broker-58977c7947-fzchw   1/1   Running   0     9m13s
mqtt-broker-58977c7947-hn9xb   1/1   Running   0     8m32s
mqtt-broker-58977c7947-vrlz5   1/1   Running   0     8m32s
1778219064
mqtt-broker-58977c7947-fzchw   1/1   Running   0     9m18s
mqtt-broker-58977c7947-hn9xb   1/1   Running   0     8m37s
mqtt-broker-58977c7947-vrlz5   1/1   Running   0     8m37s
1778219069
mqtt-broker-58977c7947-fzchw   1/1   Running   0     9m23s
mqtt-broker-58977c7947-hn9xb   1/1   Running   0     8m42s
mqtt-broker-58977c7947-vrlz5   1/1   Running   0     8m42s
1778219074
mqtt-broker-58977c7947-fzchw   1/1   Running   0     9m29s
mqtt-broker-58977c7947-hn9xb   1/1   Running   0     8m48s
mqtt-broker-58977c7947-vrlz5   1/1   Running   0     8m48s
1778219080
mqtt-broker-58977c7947-fzchw   1/1   Running   0     9m34s
mqtt-broker-58977c7947-hn9xb   1/1   Running   0     8m53s
mqtt-broker-58977c7947-vrlz5   1/1   Running   0     8m53s
1778219085
mqtt-broker-58977c7947-fzchw   1/1   Running   0     9m39s
mqtt-broker-58977c7947-hn9xb   1/1   Running   0     8m58s
mqtt-broker-58977c7947-vrlz5   1/1   Running   0     8m58s
1778219090
mqtt-broker-58977c7947-fzchw   1/1   Running   0     9m44s
mqtt-broker-58977c7947-hn9xb   1/1   Running   0     9m3s
mqtt-broker-58977c7947-vrlz5   1/1   Running   0     9m3s
1778219095
mqtt-broker-58977c7947-fzchw   1/1   Running   0     9m49s
mqtt-broker-58977c7947-hn9xb   1/1   Running   0     9m8s
mqtt-broker-58977c7947-vrlz5   1/1   Running   0     9m8s
1778219100
mqtt-broker-58977c7947-fzchw   1/1   Running   0     9m54s
mqtt-broker-58977c7947-hn9xb   1/1   Running   0     9m13s
mqtt-broker-58977c7947-vrlz5   1/1   Running   0     9m13s
1778219105
mqtt-broker-58977c7947-fzchw   1/1   Running   0     10m
mqtt-broker-58977c7947-hn9xb   1/1   Running   0     9m19s
mqtt-broker-58977c7947-vrlz5   1/1   Running   0     9m19s
1778219111
mqtt-broker-58977c7947-fzchw   1/1   Running   0     10m
mqtt-broker-58977c7947-hn9xb   1/1   Running   0     9m24s
mqtt-broker-58977c7947-vrlz5   1/1   Running   0     9m24s
1778219116
mqtt-broker-58977c7947-fzchw   1/1   Running   0     10m
mqtt-broker-58977c7947-hn9xb   1/1   Running   0     9m29s
mqtt-broker-58977c7947-vrlz5   1/1   Running   0     9m29s
1778219121
mqtt-broker-58977c7947-fzchw   1/1   Running   0     10m
mqtt-broker-58977c7947-hn9xb   1/1   Running   0     9m34s
mqtt-broker-58977c7947-vrlz5   1/1   Running   0     9m34s
1778219126
mqtt-broker-58977c7947-fzchw   1/1   Running   0     10m
mqtt-broker-58977c7947-hn9xb   1/1   Running   0     9m40s
mqtt-broker-58977c7947-vrlz5   1/1   Running   0     9m40s
1778219132
mqtt-broker-58977c7947-fzchw   1/1   Running   0     10m
mqtt-broker-58977c7947-hn9xb   1/1   Running   0     9m45s
mqtt-broker-58977c7947-vrlz5   1/1   Running   0     9m45s
1778219137
mqtt-broker-58977c7947-fzchw   1/1   Running   0     10m
mqtt-broker-58977c7947-hn9xb   1/1   Running   0     9m50s
mqtt-broker-58977c7947-vrlz5   1/1   Running   0     9m50s
1778219142
mqtt-broker-58977c7947-fzchw   1/1   Running   0     10m
mqtt-broker-58977c7947-hn9xb   1/1   Running   0     9m55s
mqtt-broker-58977c7947-vrlz5   1/1   Running   0     9m55s
1778219147
mqtt-broker-58977c7947-fzchw   1/1   Running   0     10m
mqtt-broker-58977c7947-hn9xb   1/1   Running   0     10m
mqtt-broker-58977c7947-vrlz5   1/1   Running   0     10m
1778219152
mqtt-broker-58977c7947-fzchw   1/1   Terminating   0     10m
mqtt-broker-58977c7947-hn9xb   1/1   Running       0     10m
mqtt-broker-58977c7947-vrlz5   1/1   Running       0     10m
1778219158
mqtt-broker-58977c7947-fzchw   1/1   Terminating   0     10m
mqtt-broker-58977c7947-hn9xb   1/1   Running       0     10m
mqtt-broker-58977c7947-vrlz5   1/1   Terminating   0     10m
1778219163
mqtt-broker-58977c7947-fzchw   1/1   Terminating   0     10m
mqtt-broker-58977c7947-hn9xb   1/1   Running       0     10m
mqtt-broker-58977c7947-vrlz5   1/1   Terminating   0     10m
1778219168
mqtt-broker-58977c7947-fzchw   1/1   Terminating   0     11m
mqtt-broker-58977c7947-hn9xb   1/1   Running       0     10m
mqtt-broker-58977c7947-vrlz5   1/1   Terminating   0     10m
1778219173
mqtt-broker-58977c7947-fzchw   1/1   Terminating   0     11m
mqtt-broker-58977c7947-hn9xb   1/1   Running       0     10m
mqtt-broker-58977c7947-vrlz5   1/1   Terminating   0     10m
1778219178
mqtt-broker-58977c7947-fzchw   1/1   Terminating   0     11m
mqtt-broker-58977c7947-hn9xb   1/1   Running       0     10m
mqtt-broker-58977c7947-vrlz5   1/1   Terminating   0     10m
1778219183
mqtt-broker-58977c7947-fzchw   1/1   Terminating   0     11m
mqtt-broker-58977c7947-hn9xb   1/1   Running       0     10m
mqtt-broker-58977c7947-vrlz5   1/1   Terminating   0     10m
1778219189
mqtt-broker-58977c7947-fzchw   1/1   Terminating   0     11m
mqtt-broker-58977c7947-hn9xb   1/1   Running       0     10m
mqtt-broker-58977c7947-vrlz5   1/1   Terminating   0     10m
1778219194
mqtt-broker-58977c7947-fzchw   1/1   Terminating   0     11m
mqtt-broker-58977c7947-hn9xb   1/1   Running       0     10m
mqtt-broker-58977c7947-vrlz5   1/1   Terminating   0     10m
1778219199
mqtt-broker-58977c7947-fzchw   1/1   Terminating   0     11m
mqtt-broker-58977c7947-hn9xb   1/1   Running       0     10m
mqtt-broker-58977c7947-vrlz5   1/1   Terminating   0     10m
1778219204
mqtt-broker-58977c7947-fzchw   1/1   Terminating   0     11m
mqtt-broker-58977c7947-hn9xb   1/1   Running       0     10m
mqtt-broker-58977c7947-vrlz5   1/1   Terminating   0     10m
1778219209
mqtt-broker-58977c7947-fzchw   1/1   Terminating   0     11m
mqtt-broker-58977c7947-hn9xb   1/1   Running       0     11m
mqtt-broker-58977c7947-vrlz5   1/1   Terminating   0     11m
1778219215
mqtt-broker-58977c7947-hn9xb   1/1   Running       0     11m
mqtt-broker-58977c7947-vrlz5   1/1   Terminating   0     11m
1778219220
mqtt-broker-58977c7947-hn9xb   1/1   Running   0     11m
1778219225
mqtt-broker-58977c7947-hn9xb   1/1   Running   0     11m
1778219230
mqtt-broker-58977c7947-hn9xb   1/1   Running   0     11m
1778219235
mqtt-broker-58977c7947-hn9xb   1/1   Running   0     11m
1778219241
mqtt-broker-58977c7947-hn9xb   1/1   Running   0     11m
1778219246
mqtt-broker-58977c7947-hn9xb   1/1   Running   0     11m
1778219251
mqtt-broker-58977c7947-hn9xb   1/1   Running   0     11m
1778219256
mqtt-broker-58977c7947-hn9xb   1/1   Running   0     11m
1778219261
mqtt-broker-58977c7947-hn9xb   1/1   Running   0     11m
1778219267
mqtt-broker-58977c7947-hn9xb   1/1   Running   0     12m
1778219272
mqtt-broker-58977c7947-hn9xb   1/1   Running   0     12m
1778219277
mqtt-broker-58977c7947-hn9xb   1/1   Running   0     12m
1778219282
mqtt-broker-58977c7947-hn9xb   1/1   Running   0     12m
1778219287
mqtt-broker-58977c7947-hn9xb   1/1   Running   0     12m
1778219292
mqtt-broker-58977c7947-hn9xb   1/1   Running   0     12m
1778219298
mqtt-broker-58977c7947-hn9xb   1/1   Running   0     12m
1778219303
mqtt-broker-58977c7947-hn9xb   1/1   Running   0     12m
1778219308
mqtt-broker-58977c7947-hn9xb   1/1   Running   0     12m
1778219313
mqtt-broker-58977c7947-hn9xb   1/1   Running   0     12m
1778219318
mqtt-broker-58977c7947-hn9xb   1/1   Running   0     12m
1778219324
mqtt-broker-58977c7947-hn9xb   1/1   Running   0     12m
1778219329
mqtt-broker-58977c7947-hn9xb   1/1   Running   0     13m
1778219334
mqtt-broker-58977c7947-hn9xb   1/1   Running   0     13m
1778219339
1778219344
1778219349
1778219354
1778219359
1778219365
1778219370
1778219375
1778219380
1778219385
1778219390
1778219395
1778219400
1778219405
1778219410
1778219415
1778219420
1778219425
1778219430
1778219436
1778219441
1778219446
1778219451
1778219456
1778219461
1778219466
1778219471
1778219476
1778219481
1778219486
1778219491
1778219496
1778219501
1778219506
1778219511
1778219517
1778219522
1778219527
1778219532
1778219537
1778219542
1778219547
1778219552
1778219557
1778219562
1778219568
1778219573
1778219578
1778219583
1778219588
1778219593
1778219598
1778219603
1778219608
1778219613
1778219618
1778219623
1778219629
1778219634
1778219639
1778219644
1778219649
1778219654
1778219659
1778219664
1778219669
1778219674
1778219679
1778219684
1778219689
1778219695
1778219700
1778219705
1778219710
1778219715
1778219720
1778219725
1778219730
1778219735
1778219740
1778219745
1778219751
1778219756
1778219761
1778219766
1778219771
1778219776
1778219781
1778219786
1778219791
1778219796
1778219801
1778219807
1778219812
1778219817
1778219822
1778219827
1778219832
1778219837
1778219842
1778219847
1778219852
1778219857
1778219862
1778219867
1778219872
1778219877
1778219882
1778219887
1778219893
1778219898
1778219903
1778219908
1778219913
1778219918
1778219923
1778219928
1778219933
1778219938
1778219943
1778219948
1778219953
1778219959
1778219964
1778219969
1778219974
1778219979
1778219984
1778219989
1778219994
1778219999
1778220004
1778220010
1778220015
1778220020
1778220025
1778220030
1778220035
1778220040
1778220045
1778220050
1778220055
1778220060
1778220066
1778220071
1778220076
1778220081
1778220086
1778220091
1778220096
1778220101
1778220106
1778220111
1778220116
1778220121
1778220126
1778220132
1778220137
1778220142
1778220147
1778220152
1778220157
1778220162
1778220167
1778220172
1778220177
1778220182
1778220188
1778220193
1778220198
1778220203
1778220208
1778220213
1778220218
1778220223
1778220228
1778220233
1778220238
1778220243
1778220249
1778220254
1778220259
1778220264
1778220269
1778220274
1778220279
1778220284
1778220289
1778220294
1778220299
1778220304
1778220309
1778220315
1778220320
1778220325
1778220330
1778220335
1778220340
1778220345
1778220350
1778220355
1778220360
1778220365
1778220371
1778220376
1778220381
1778220386
1778220391
1778220396
1778220401
1778220406
1778220411
1778220416
1778220421
1778220426
1778220431
1778220437
1778220442
1778220447
1778220452
1778220457
1778220462
1778220467
1778220472
1778220477
1778220482
1778220487
1778220492
1778220498
1778220503
1778220508
1778220513
1778220518
1778220523
1778220528
1778220533
1778220538
1778220543
1778220548
1778220553
1778220559
1778220564
1778220569
1778220574
1778220579
1778220584
1778220589
1778220594
1778220599
1778220604
1778220609
1778220614
1778220620
1778220625
1778220630
1778220635
1778220640
1778220645
1778220650
1778220655
1778220660
1778220665
1778220670
1778220675
1778220680
1778220686
1778220691
1778220696
1778220701
1778220706
1778220711
1778220716
1778220721
1778220726
1778220731
1778220736
1778220741
1778220747
1778220752
1778220757
1778220762
1778220767
1778220772
1778220777
1778220782
1778220787
1778220792
1778220797
1778220802
1778220808
1778220813
1778220818
1778220823
1778220828
1778220833
1778220838
1778220843
1778220848
1778220853
1778220858
1778220863
1778220869
1778220874
1778220879
1778220884
1778220889
1778220894
1778220899
1778220904
1778220909
1778220914
1778220919
1778220924
1778220930
1778220935
1778220940
1778220945
1778220950
1778220955
1778220960
1778220965
1778220970
1778220975
1778220980
1778220986
1778220991
1778220996
1778221001
1778221006
1778221011
1778221016
1778221021
1778221026
1778221031
1778221036
1778221042
1778221047
1778221052
1778221057
1778221062
1778221067
1778221072
1778221077
1778221082
1778221087
1778221092
1778221097
1778221102
1778221108
1778221113
1778221118
1778221123
1778221128
1778221133
1778221138
1778221143
1778221148
1778221153
1778221158
1778221163
1778221169
1778221174
1778221179
1778221184
1778221189
1778221194
1778221199
1778221204
1778221209
1778221214
1778221219
1778221225
1778221230
1778221235
1778221240
1778221245
1778221250
1778221255
1778221260
1778221265
1778221270
1778221275
1778221280
1778221286
1778221291
1778221296
1778221301
1778221306
1778221311
1778221316
1778221321
1778221326
1778221331
1778221337
1778221342
1778221347
1778221352
1778221357
1778221362
1778221367
1778221372
1778221377
1778221382
1778221387
1778221392
1778221398
1778221403
1778221408
1778221413
1778221418
1778221423
1778221428
1778221433
1778221438
1778221443
1778221448
1778221453
1778221459
1778221464
1778221469
1778221474
1778221479
1778221484
1778221489
1778221494
1778221499
1778221504
1778221509
1778221514
1778221519
1778221525
1778221530
1778221535
1778221540
1778221545
1778221550
1778221555
1778221560
1778221565
1778221570
1778221576
1778221581
1778221586
1778221591
1778221596
1778221601
1778221606
1778221611
1778221616
1778221621
1778221626
1778221631
1778221636
1778221641
1778221646
1778221651
1778221657
1778221662
1778221667
1778221672
1778221677
1778221682
1778221687
1778221692
1778221697
1778221702
1778221707
1778221712
1778221717
1778221722
1778221727
1778221732
1778221737
1778221742
1778221747
1778221753
1778221758
1778221763
1778221768
1778221773
1778221778
1778221783
1778221788
1778221793
1778221798
1778221803
1778221808
1778221813
1778221818
1778221823
1778221828
1778221833
1778221838
1778221843
1778221849
1778221854
1778221859
1778221864
1778221869
1778221874
1778221879
1778221884
1778221889
1778221894
1778221899
1778221904
1778221909
1778221914
1778221919
1778221924
1778221929
1778221934
1778221939
1778221944
1778221950
1778221955
1778221960
1778221965
1778221970
1778221975
1778221980
1778221985
1778221990
1778221995
1778222000
1778222005
1778222010
1778222015
1778222020
1778222025
1778222030
1778222035
1778222040
1778222045
1778222051
1778222056
1778222061
1778222066
1778222071
1778222076
1778222081
1778222086
1778222091
1778222096
1778222101
1778222106
1778222111
1778222116
1778222121
1778222126
1778222131
1778222136
1778222141
1778222147
1778222152
1778222157
1778222162
1778222167
1778222172
1778222177
1778222182
1778222187
1778222192
1778222197
1778222202
1778222207
1778222213
1778222218
1778222223
1778222228
1778222233
1778222238
1778222243
1778222248
1778222253
1778222258
1778222263
1778222268
1778222273
1778222279
1778222284
1778222289
1778222294
1778222299
1778222304
1778222309
1778222314
1778222319
1778222324
1778222329
1778222335
1778222340
1778222345
1778222350
1778222355
1778222360
1778222365
1778222370
1778222375
1778222380
1778222385
1778222390
1778222396
1778222401
1778222406
1778222411
1778222416
1778222421
1778222426
1778222431
1778222436
1778222441
1778222446
1778222451
1778222457
1778222462
1778222467
1778222472
1778222477
1778222482
1778222487
1778222492
1778222497
1778222502
1778222508
1778222513
1778222518
1778222523
1778222528
1778222533
1778222538
1778222543
1778222548
1778222553
1778222558
1778222563
1778222568
1778222573
1778222578
1778222583
1778222589
1778222594
1778222599
1778222604
1778222609
1778222614
1778222620
1778222625
1778222630
1778222635
1778222641
1778222646
1778222651
1778222656
1778222662
1778222667
1778222672
1778222677
1778222682
1778222688
1778222693
1778222698
1778222703
1778222708
1778222714
1778222719
1778222724
1778222730
1778222735
1778222740
mqtt-broker-657c5bf55b-fxjwd   1/1   Running   0     4s
1778222745
mqtt-broker-657c5bf55b-fxjwd   1/1   Running   0     9s
1778222750
mqtt-broker-657c5bf55b-fxjwd   1/1   Running   0     14s
1778222755
mqtt-broker-657c5bf55b-fxjwd   1/1   Running   0     20s
1778222761
mqtt-broker-657c5bf55b-fxjwd   1/1   Running   0     25s
1778222766
mqtt-broker-657c5bf55b-fxjwd   1/1   Running   0     30s
1778222771
mqtt-broker-657c5bf55b-fxjwd   1/1   Running   0     35s
1778222776
mqtt-broker-657c5bf55b-fxjwd   1/1   Running   0     40s
1778222781
mqtt-broker-657c5bf55b-fxjwd   1/1   Running   0     46s
1778222787
mqtt-broker-657c5bf55b-6dnsk   1/1   Running   0     5s
mqtt-broker-657c5bf55b-fxjwd   1/1   Running   0     51s
1778222792
mqtt-broker-657c5bf55b-6dnsk   1/1   Running   0     10s
mqtt-broker-657c5bf55b-fxjwd   1/1   Running   0     56s
1778222797
mqtt-broker-657c5bf55b-6dnsk   1/1   Running   0     15s
mqtt-broker-657c5bf55b-fxjwd   1/1   Running   0     61s
1778222802
mqtt-broker-657c5bf55b-6dnsk   1/1   Running   0     20s
mqtt-broker-657c5bf55b-fxjwd   1/1   Running   0     66s
1778222807
mqtt-broker-657c5bf55b-6dnsk   1/1   Running   0     25s
mqtt-broker-657c5bf55b-fxjwd   1/1   Running   0     71s
1778222812
mqtt-broker-657c5bf55b-6dnsk   1/1   Running             0     31s
mqtt-broker-657c5bf55b-fxjwd   1/1   Running             0     77s
mqtt-broker-657c5bf55b-tjtx4   0/1   ContainerCreating   0     1s
1778222818
mqtt-broker-657c5bf55b-6dnsk   1/1   Running   0     36s
mqtt-broker-657c5bf55b-fxjwd   1/1   Running   0     82s
mqtt-broker-657c5bf55b-tjtx4   1/1   Running   0     6s
1778222823
mqtt-broker-657c5bf55b-6dnsk   1/1   Running   0     41s
mqtt-broker-657c5bf55b-fxjwd   1/1   Running   0     87s
mqtt-broker-657c5bf55b-tjtx4   1/1   Running   0     11s
1778222828
mqtt-broker-657c5bf55b-6dnsk   1/1   Running   0     46s
mqtt-broker-657c5bf55b-fxjwd   1/1   Running   0     92s
mqtt-broker-657c5bf55b-tjtx4   1/1   Running   0     16s
1778222833
mqtt-broker-657c5bf55b-6dnsk   1/1   Running   0     52s
mqtt-broker-657c5bf55b-fxjwd   1/1   Running   0     98s
mqtt-broker-657c5bf55b-tjtx4   1/1   Running   0     22s
1778222839
mqtt-broker-657c5bf55b-6dnsk   1/1   Running   0     57s
mqtt-broker-657c5bf55b-fxjwd   1/1   Running   0     103s
mqtt-broker-657c5bf55b-tjtx4   1/1   Running   0     27s
1778222844
mqtt-broker-657c5bf55b-6dnsk   1/1   Running   0     62s
mqtt-broker-657c5bf55b-fxjwd   1/1   Running   0     108s
mqtt-broker-657c5bf55b-tjtx4   1/1   Running   0     32s
1778222849
mqtt-broker-657c5bf55b-6dnsk   1/1   Running   0     67s
mqtt-broker-657c5bf55b-fxjwd   1/1   Running   0     113s
mqtt-broker-657c5bf55b-tjtx4   1/1   Running   0     37s
1778222854
mqtt-broker-657c5bf55b-6dnsk   1/1   Running   0     72s
mqtt-broker-657c5bf55b-fxjwd   1/1   Running   0     118s
mqtt-broker-657c5bf55b-tjtx4   1/1   Running   0     42s
1778222859
mqtt-broker-657c5bf55b-6dnsk   1/1   Running   0     78s
mqtt-broker-657c5bf55b-fxjwd   1/1   Running   0     2m4s
mqtt-broker-657c5bf55b-tjtx4   1/1   Running   0     48s
1778222865
mqtt-broker-657c5bf55b-6dnsk   1/1   Running   0     83s
mqtt-broker-657c5bf55b-fxjwd   1/1   Running   0     2m9s
mqtt-broker-657c5bf55b-tjtx4   1/1   Running   0     53s
1778222870
mqtt-broker-657c5bf55b-6dnsk   1/1   Running   0     88s
mqtt-broker-657c5bf55b-fxjwd   1/1   Running   0     2m14s
mqtt-broker-657c5bf55b-tjtx4   1/1   Running   0     58s
1778222875
mqtt-broker-657c5bf55b-6dnsk   1/1   Running   0     93s
mqtt-broker-657c5bf55b-fxjwd   1/1   Running   0     2m19s
mqtt-broker-657c5bf55b-tjtx4   1/1   Running   0     63s
1778222880
mqtt-broker-657c5bf55b-6dnsk   1/1   Running   0     98s
mqtt-broker-657c5bf55b-fxjwd   1/1   Running   0     2m24s
mqtt-broker-657c5bf55b-tjtx4   1/1   Running   0     68s
1778222885
mqtt-broker-657c5bf55b-6dnsk   1/1   Running   0     104s
mqtt-broker-657c5bf55b-fxjwd   1/1   Running   0     2m30s
mqtt-broker-657c5bf55b-tjtx4   1/1   Running   0     74s
1778222891
mqtt-broker-657c5bf55b-6dnsk   1/1   Running   0     109s
mqtt-broker-657c5bf55b-fxjwd   1/1   Running   0     2m35s
mqtt-broker-657c5bf55b-tjtx4   1/1   Running   0     79s
1778222896
mqtt-broker-657c5bf55b-6dnsk   1/1   Running   0     114s
mqtt-broker-657c5bf55b-fxjwd   1/1   Running   0     2m40s
mqtt-broker-657c5bf55b-tjtx4   1/1   Running   0     84s
1778222901
mqtt-broker-657c5bf55b-6dnsk   1/1   Running   0     119s
mqtt-broker-657c5bf55b-fxjwd   1/1   Running   0     2m45s
mqtt-broker-657c5bf55b-tjtx4   1/1   Running   0     89s
1778222906
mqtt-broker-657c5bf55b-6dnsk   1/1   Running   0     2m4s
mqtt-broker-657c5bf55b-fxjwd   1/1   Running   0     2m50s
mqtt-broker-657c5bf55b-tjtx4   1/1   Running   0     94s
1778222911
mqtt-broker-657c5bf55b-6dnsk   1/1   Running   0     2m10s
mqtt-broker-657c5bf55b-fxjwd   1/1   Running   0     2m56s
mqtt-broker-657c5bf55b-tjtx4   1/1   Running   0     100s
1778222917
mqtt-broker-657c5bf55b-6dnsk   1/1   Running   0     2m15s
mqtt-broker-657c5bf55b-fxjwd   1/1   Running   0     3m1s
mqtt-broker-657c5bf55b-tjtx4   1/1   Running   0     105s
1778222922
mqtt-broker-657c5bf55b-6dnsk   1/1   Running   0     2m20s
mqtt-broker-657c5bf55b-fxjwd   1/1   Running   0     3m6s
mqtt-broker-657c5bf55b-tjtx4   1/1   Running   0     110s
1778222927
mqtt-broker-657c5bf55b-6dnsk   1/1   Running   0     2m25s
mqtt-broker-657c5bf55b-fxjwd   1/1   Running   0     3m11s
mqtt-broker-657c5bf55b-tjtx4   1/1   Running   0     115s
1778222932
mqtt-broker-657c5bf55b-6dnsk   1/1   Running   0     2m30s
mqtt-broker-657c5bf55b-fxjwd   1/1   Running   0     3m16s
mqtt-broker-657c5bf55b-tjtx4   1/1   Running   0     2m
1778222937
mqtt-broker-657c5bf55b-6dnsk   1/1   Running   0     2m36s
mqtt-broker-657c5bf55b-fxjwd   1/1   Running   0     3m22s
mqtt-broker-657c5bf55b-tjtx4   1/1   Running   0     2m6s
1778222943
mqtt-broker-657c5bf55b-6dnsk   1/1   Running   0     2m41s
mqtt-broker-657c5bf55b-fxjwd   1/1   Running   0     3m27s
mqtt-broker-657c5bf55b-tjtx4   1/1   Running   0     2m11s
1778222948
mqtt-broker-657c5bf55b-6dnsk   1/1   Running   0     2m46s
mqtt-broker-657c5bf55b-fxjwd   1/1   Running   0     3m32s
mqtt-broker-657c5bf55b-tjtx4   1/1   Running   0     2m16s
1778222953
mqtt-broker-657c5bf55b-6dnsk   1/1   Running   0     2m51s
mqtt-broker-657c5bf55b-fxjwd   1/1   Running   0     3m37s
mqtt-broker-657c5bf55b-tjtx4   1/1   Running   0     2m21s
1778222958
mqtt-broker-657c5bf55b-6dnsk   1/1   Running   0     2m56s
mqtt-broker-657c5bf55b-fxjwd   1/1   Running   0     3m42s
mqtt-broker-657c5bf55b-tjtx4   1/1   Running   0     2m26s
1778222963
mqtt-broker-657c5bf55b-6dnsk   1/1   Running   0     3m2s
mqtt-broker-657c5bf55b-fxjwd   1/1   Running   0     3m48s
mqtt-broker-657c5bf55b-tjtx4   1/1   Running   0     2m32s
1778222969
mqtt-broker-657c5bf55b-6dnsk   1/1   Running   0     3m7s
mqtt-broker-657c5bf55b-fxjwd   1/1   Running   0     3m53s
mqtt-broker-657c5bf55b-tjtx4   1/1   Running   0     2m37s
1778222974
mqtt-broker-657c5bf55b-6dnsk   1/1   Running   0     3m12s
mqtt-broker-657c5bf55b-fxjwd   1/1   Running   0     3m58s
mqtt-broker-657c5bf55b-tjtx4   1/1   Running   0     2m42s
1778222979
mqtt-broker-657c5bf55b-6dnsk   1/1   Running   0     3m17s
mqtt-broker-657c5bf55b-fxjwd   1/1   Running   0     4m3s
mqtt-broker-657c5bf55b-tjtx4   1/1   Running   0     2m47s
1778222984
mqtt-broker-657c5bf55b-6dnsk   1/1   Running   0     3m23s
mqtt-broker-657c5bf55b-fxjwd   1/1   Running   0     4m9s
mqtt-broker-657c5bf55b-tjtx4   1/1   Running   0     2m53s
1778222990
mqtt-broker-657c5bf55b-6dnsk   1/1   Running   0     3m28s
mqtt-broker-657c5bf55b-fxjwd   1/1   Running   0     4m14s
mqtt-broker-657c5bf55b-tjtx4   1/1   Running   0     2m58s
1778222995
mqtt-broker-657c5bf55b-6dnsk   1/1   Running   0     3m33s
mqtt-broker-657c5bf55b-fxjwd   1/1   Running   0     4m19s
mqtt-broker-657c5bf55b-tjtx4   1/1   Running   0     3m3s
1778223000
mqtt-broker-657c5bf55b-6dnsk   1/1   Running   0     3m38s
mqtt-broker-657c5bf55b-fxjwd   1/1   Running   0     4m24s
mqtt-broker-657c5bf55b-tjtx4   1/1   Running   0     3m8s
1778223005
mqtt-broker-657c5bf55b-6dnsk   1/1   Running   0     3m43s
mqtt-broker-657c5bf55b-fxjwd   1/1   Running   0     4m29s
mqtt-broker-657c5bf55b-tjtx4   1/1   Running   0     3m13s
1778223010
mqtt-broker-657c5bf55b-6dnsk   1/1   Running   0     3m49s
mqtt-broker-657c5bf55b-fxjwd   1/1   Running   0     4m35s
mqtt-broker-657c5bf55b-tjtx4   1/1   Running   0     3m19s
1778223016
mqtt-broker-657c5bf55b-6dnsk   1/1   Running   0     3m54s
mqtt-broker-657c5bf55b-fxjwd   1/1   Running   0     4m40s
mqtt-broker-657c5bf55b-tjtx4   1/1   Running   0     3m24s
1778223021
mqtt-broker-657c5bf55b-6dnsk   1/1   Running   0     3m59s
mqtt-broker-657c5bf55b-fxjwd   1/1   Running   0     4m45s
mqtt-broker-657c5bf55b-tjtx4   1/1   Running   0     3m29s
1778223026
mqtt-broker-657c5bf55b-6dnsk   1/1   Running   0     4m4s
mqtt-broker-657c5bf55b-fxjwd   1/1   Running   0     4m50s
mqtt-broker-657c5bf55b-tjtx4   1/1   Running   0     3m34s
1778223031
mqtt-broker-657c5bf55b-6dnsk   1/1   Running   0     4m9s
mqtt-broker-657c5bf55b-fxjwd   1/1   Running   0     4m55s
mqtt-broker-657c5bf55b-tjtx4   1/1   Running   0     3m39s
1778223036
mqtt-broker-657c5bf55b-6dnsk   1/1   Running   0     4m15s
mqtt-broker-657c5bf55b-fxjwd   1/1   Running   0     5m1s
mqtt-broker-657c5bf55b-tjtx4   1/1   Running   0     3m45s
1778223042
mqtt-broker-657c5bf55b-6dnsk   1/1   Running   0     4m20s
mqtt-broker-657c5bf55b-fxjwd   1/1   Running   0     5m6s
mqtt-broker-657c5bf55b-tjtx4   1/1   Running   0     3m50s
1778223047
mqtt-broker-657c5bf55b-6dnsk   1/1   Running   0     4m25s
mqtt-broker-657c5bf55b-fxjwd   1/1   Running   0     5m11s
mqtt-broker-657c5bf55b-tjtx4   1/1   Running   0     3m55s
1778223052
mqtt-broker-657c5bf55b-6dnsk   1/1   Running   0     4m30s
mqtt-broker-657c5bf55b-fxjwd   1/1   Running   0     5m16s
mqtt-broker-657c5bf55b-tjtx4   1/1   Running   0     4m
1778223057
mqtt-broker-657c5bf55b-6dnsk   1/1   Running   0     4m35s
mqtt-broker-657c5bf55b-fxjwd   1/1   Running   0     5m21s
mqtt-broker-657c5bf55b-tjtx4   1/1   Running   0     4m5s
1778223062
mqtt-broker-657c5bf55b-6dnsk   1/1   Running   0     4m41s
mqtt-broker-657c5bf55b-fxjwd   1/1   Running   0     5m27s
mqtt-broker-657c5bf55b-tjtx4   1/1   Running   0     4m11s
1778223068
mqtt-broker-657c5bf55b-6dnsk   1/1   Running   0     4m46s
mqtt-broker-657c5bf55b-fxjwd   1/1   Running   0     5m32s
mqtt-broker-657c5bf55b-tjtx4   1/1   Running   0     4m16s
1778223073
mqtt-broker-657c5bf55b-6dnsk   1/1   Running   0     4m51s
mqtt-broker-657c5bf55b-fxjwd   1/1   Running   0     5m37s
mqtt-broker-657c5bf55b-tjtx4   1/1   Running   0     4m21s
1778223078
mqtt-broker-657c5bf55b-6dnsk   1/1   Running   0     4m56s
mqtt-broker-657c5bf55b-fxjwd   1/1   Running   0     5m42s
mqtt-broker-657c5bf55b-tjtx4   1/1   Running   0     4m26s
1778223083
mqtt-broker-657c5bf55b-6dnsk   1/1   Running   0     5m1s
mqtt-broker-657c5bf55b-fxjwd   1/1   Running   0     5m47s
mqtt-broker-657c5bf55b-tjtx4   1/1   Running   0     4m31s
1778223088
mqtt-broker-657c5bf55b-6dnsk   1/1   Running   0     5m7s
mqtt-broker-657c5bf55b-fxjwd   1/1   Running   0     5m53s
mqtt-broker-657c5bf55b-tjtx4   1/1   Running   0     4m37s
1778223094
mqtt-broker-657c5bf55b-6dnsk   1/1   Running   0     5m12s
mqtt-broker-657c5bf55b-fxjwd   1/1   Running   0     5m58s
mqtt-broker-657c5bf55b-tjtx4   1/1   Running   0     4m42s
1778223099
mqtt-broker-657c5bf55b-6dnsk   1/1   Running   0     5m17s
mqtt-broker-657c5bf55b-fxjwd   1/1   Running   0     6m3s
mqtt-broker-657c5bf55b-tjtx4   1/1   Running   0     4m47s
1778223104
mqtt-broker-657c5bf55b-6dnsk   1/1   Running   0     5m22s
mqtt-broker-657c5bf55b-fxjwd   1/1   Running   0     6m8s
mqtt-broker-657c5bf55b-tjtx4   1/1   Running   0     4m52s
1778223109
mqtt-broker-657c5bf55b-6dnsk   1/1   Running   0     5m27s
mqtt-broker-657c5bf55b-fxjwd   1/1   Running   0     6m13s
mqtt-broker-657c5bf55b-tjtx4   1/1   Running   0     4m57s
1778223114
mqtt-broker-657c5bf55b-6dnsk   1/1   Running   0     5m33s
mqtt-broker-657c5bf55b-fxjwd   1/1   Running   0     6m19s
mqtt-broker-657c5bf55b-tjtx4   1/1   Running   0     5m3s
1778223120
mqtt-broker-657c5bf55b-6dnsk   1/1   Running   0     5m38s
mqtt-broker-657c5bf55b-fxjwd   1/1   Running   0     6m24s
mqtt-broker-657c5bf55b-tjtx4   1/1   Running   0     5m8s
1778223125
mqtt-broker-657c5bf55b-6dnsk   1/1   Running   0     5m43s
mqtt-broker-657c5bf55b-fxjwd   1/1   Running   0     6m29s
mqtt-broker-657c5bf55b-tjtx4   1/1   Running   0     5m13s
1778223130
mqtt-broker-657c5bf55b-6dnsk   1/1   Running   0     5m48s
mqtt-broker-657c5bf55b-fxjwd   1/1   Running   0     6m34s
mqtt-broker-657c5bf55b-tjtx4   1/1   Running   0     5m18s
1778223135
mqtt-broker-657c5bf55b-6dnsk   1/1   Running   0     5m53s
mqtt-broker-657c5bf55b-fxjwd   1/1   Running   0     6m39s
mqtt-broker-657c5bf55b-tjtx4   1/1   Running   0     5m23s
1778223140
mqtt-broker-657c5bf55b-6dnsk   1/1   Running   0     5m59s
mqtt-broker-657c5bf55b-fxjwd   1/1   Running   0     6m45s
mqtt-broker-657c5bf55b-tjtx4   1/1   Running   0     5m29s
1778223146
mqtt-broker-657c5bf55b-6dnsk   1/1   Running   0     6m4s
mqtt-broker-657c5bf55b-fxjwd   1/1   Running   0     6m50s
mqtt-broker-657c5bf55b-tjtx4   1/1   Running   0     5m34s
1778223151
mqtt-broker-657c5bf55b-6dnsk   1/1   Running   0     6m9s
mqtt-broker-657c5bf55b-fxjwd   1/1   Running   0     6m55s
mqtt-broker-657c5bf55b-tjtx4   1/1   Running   0     5m39s
1778223156
mqtt-broker-657c5bf55b-6dnsk   1/1   Running   0     6m14s
mqtt-broker-657c5bf55b-fxjwd   1/1   Running   0     7m
mqtt-broker-657c5bf55b-tjtx4   1/1   Running   0     5m44s
1778223161
mqtt-broker-657c5bf55b-6dnsk   1/1   Running   0     6m19s
mqtt-broker-657c5bf55b-fxjwd   1/1   Running   0     7m5s
mqtt-broker-657c5bf55b-tjtx4   1/1   Running   0     5m49s
1778223166
mqtt-broker-657c5bf55b-6dnsk   1/1   Running   0     6m25s
mqtt-broker-657c5bf55b-fxjwd   1/1   Running   0     7m11s
mqtt-broker-657c5bf55b-tjtx4   1/1   Running   0     5m55s
1778223172
mqtt-broker-657c5bf55b-6dnsk   1/1   Running   0     6m30s
mqtt-broker-657c5bf55b-fxjwd   1/1   Running   0     7m16s
mqtt-broker-657c5bf55b-tjtx4   1/1   Running   0     6m
1778223177
mqtt-broker-657c5bf55b-6dnsk   1/1   Running   0     6m35s
mqtt-broker-657c5bf55b-fxjwd   1/1   Running   0     7m21s
mqtt-broker-657c5bf55b-tjtx4   1/1   Running   0     6m5s
1778223182
mqtt-broker-657c5bf55b-6dnsk   1/1   Running   0     6m40s
mqtt-broker-657c5bf55b-fxjwd   1/1   Running   0     7m26s
mqtt-broker-657c5bf55b-tjtx4   1/1   Running   0     6m10s
1778223187
mqtt-broker-657c5bf55b-6dnsk   1/1   Running   0     6m45s
mqtt-broker-657c5bf55b-fxjwd   1/1   Running   0     7m31s
mqtt-broker-657c5bf55b-tjtx4   1/1   Running   0     6m15s
1778223192
mqtt-broker-657c5bf55b-6dnsk   1/1   Running   0     6m51s
mqtt-broker-657c5bf55b-fxjwd   1/1   Running   0     7m37s
mqtt-broker-657c5bf55b-tjtx4   1/1   Running   0     6m21s
1778223198
mqtt-broker-657c5bf55b-6dnsk   1/1   Running   0     6m56s
mqtt-broker-657c5bf55b-fxjwd   1/1   Running   0     7m42s
mqtt-broker-657c5bf55b-tjtx4   1/1   Running   0     6m26s
1778223203
mqtt-broker-657c5bf55b-6dnsk   1/1   Running   0     7m1s
mqtt-broker-657c5bf55b-fxjwd   1/1   Running   0     7m47s
mqtt-broker-657c5bf55b-tjtx4   1/1   Running   0     6m31s
1778223208
mqtt-broker-657c5bf55b-6dnsk   1/1   Running   0     7m6s
mqtt-broker-657c5bf55b-fxjwd   1/1   Running   0     7m52s
mqtt-broker-657c5bf55b-tjtx4   1/1   Running   0     6m36s
1778223213
mqtt-broker-657c5bf55b-6dnsk   1/1   Running   0     7m11s
mqtt-broker-657c5bf55b-fxjwd   1/1   Running   0     7m57s
mqtt-broker-657c5bf55b-tjtx4   1/1   Running   0     6m41s
1778223218
mqtt-broker-657c5bf55b-6dnsk   1/1   Running   0     7m17s
mqtt-broker-657c5bf55b-fxjwd   1/1   Running   0     8m3s
mqtt-broker-657c5bf55b-tjtx4   1/1   Running   0     6m47s
1778223224
mqtt-broker-657c5bf55b-6dnsk   1/1   Running   0     7m22s
mqtt-broker-657c5bf55b-fxjwd   1/1   Running   0     8m8s
mqtt-broker-657c5bf55b-tjtx4   1/1   Running   0     6m52s
1778223229
mqtt-broker-657c5bf55b-6dnsk   1/1   Running   0     7m27s
mqtt-broker-657c5bf55b-fxjwd   1/1   Running   0     8m13s
mqtt-broker-657c5bf55b-tjtx4   1/1   Running   0     6m57s
1778223234
mqtt-broker-657c5bf55b-6dnsk   1/1   Running   0     7m32s
mqtt-broker-657c5bf55b-fxjwd   1/1   Running   0     8m18s
mqtt-broker-657c5bf55b-tjtx4   1/1   Running   0     7m2s
1778223239
mqtt-broker-657c5bf55b-6dnsk   1/1   Running   0     7m37s
mqtt-broker-657c5bf55b-fxjwd   1/1   Running   0     8m23s
mqtt-broker-657c5bf55b-tjtx4   1/1   Running   0     7m7s
1778223244
mqtt-broker-657c5bf55b-6dnsk   1/1   Running   0     7m43s
mqtt-broker-657c5bf55b-fxjwd   1/1   Running   0     8m29s
mqtt-broker-657c5bf55b-tjtx4   1/1   Running   0     7m13s
1778223250
mqtt-broker-657c5bf55b-6dnsk   1/1   Running   0     7m48s
mqtt-broker-657c5bf55b-fxjwd   1/1   Running   0     8m34s
mqtt-broker-657c5bf55b-tjtx4   1/1   Running   0     7m18s
1778223255
mqtt-broker-657c5bf55b-6dnsk   1/1   Running   0     7m53s
mqtt-broker-657c5bf55b-fxjwd   1/1   Running   0     8m39s
mqtt-broker-657c5bf55b-tjtx4   1/1   Running   0     7m23s
1778223260
mqtt-broker-657c5bf55b-6dnsk   1/1   Running   0     7m58s
mqtt-broker-657c5bf55b-fxjwd   1/1   Running   0     8m44s
mqtt-broker-657c5bf55b-tjtx4   1/1   Running   0     7m28s
1778223265
mqtt-broker-657c5bf55b-6dnsk   1/1   Running   0     8m3s
mqtt-broker-657c5bf55b-fxjwd   1/1   Running   0     8m49s
mqtt-broker-657c5bf55b-tjtx4   1/1   Running   0     7m33s
1778223270
mqtt-broker-657c5bf55b-6dnsk   1/1   Running   0     8m9s
mqtt-broker-657c5bf55b-fxjwd   1/1   Running   0     8m55s
mqtt-broker-657c5bf55b-tjtx4   1/1   Running   0     7m39s
1778223276
mqtt-broker-657c5bf55b-6dnsk   1/1   Running   0     8m14s
mqtt-broker-657c5bf55b-fxjwd   1/1   Running   0     9m
mqtt-broker-657c5bf55b-tjtx4   1/1   Running   0     7m44s
1778223281
mqtt-broker-657c5bf55b-6dnsk   1/1   Running   0     8m19s
mqtt-broker-657c5bf55b-fxjwd   1/1   Running   0     9m5s
mqtt-broker-657c5bf55b-tjtx4   1/1   Running   0     7m49s
1778223286
mqtt-broker-657c5bf55b-6dnsk   1/1   Running   0     8m24s
mqtt-broker-657c5bf55b-fxjwd   1/1   Running   0     9m10s
mqtt-broker-657c5bf55b-tjtx4   1/1   Running   0     7m54s
1778223291
mqtt-broker-657c5bf55b-6dnsk   1/1   Running   0     8m29s
mqtt-broker-657c5bf55b-fxjwd   1/1   Running   0     9m15s
mqtt-broker-657c5bf55b-tjtx4   1/1   Running   0     7m59s
1778223296
mqtt-broker-657c5bf55b-6dnsk   1/1   Running   0     8m35s
mqtt-broker-657c5bf55b-fxjwd   1/1   Running   0     9m21s
mqtt-broker-657c5bf55b-tjtx4   1/1   Running   0     8m5s
1778223302
mqtt-broker-657c5bf55b-6dnsk   1/1   Running   0     8m40s
mqtt-broker-657c5bf55b-fxjwd   1/1   Running   0     9m26s
mqtt-broker-657c5bf55b-tjtx4   1/1   Running   0     8m10s
1778223307
mqtt-broker-657c5bf55b-6dnsk   1/1   Running   0     8m45s
mqtt-broker-657c5bf55b-fxjwd   1/1   Running   0     9m31s
mqtt-broker-657c5bf55b-tjtx4   1/1   Running   0     8m15s
1778223312
mqtt-broker-657c5bf55b-6dnsk   1/1   Running   0     8m50s
mqtt-broker-657c5bf55b-fxjwd   1/1   Running   0     9m36s
mqtt-broker-657c5bf55b-tjtx4   1/1   Running   0     8m20s
1778223317
mqtt-broker-657c5bf55b-6dnsk   1/1   Running   0     8m55s
mqtt-broker-657c5bf55b-fxjwd   1/1   Running   0     9m41s
mqtt-broker-657c5bf55b-tjtx4   1/1   Running   0     8m25s
1778223322
mqtt-broker-657c5bf55b-6dnsk   1/1   Running   0     9m
mqtt-broker-657c5bf55b-fxjwd   1/1   Running   0     9m46s
mqtt-broker-657c5bf55b-tjtx4   1/1   Running   0     8m30s
1778223327
mqtt-broker-657c5bf55b-6dnsk   1/1   Running   0     9m6s
mqtt-broker-657c5bf55b-fxjwd   1/1   Running   0     9m52s
mqtt-broker-657c5bf55b-tjtx4   1/1   Running   0     8m36s
1778223333
mqtt-broker-657c5bf55b-6dnsk   1/1   Running   0     9m11s
mqtt-broker-657c5bf55b-fxjwd   1/1   Running   0     9m57s
mqtt-broker-657c5bf55b-tjtx4   1/1   Running   0     8m41s
1778223338
mqtt-broker-657c5bf55b-6dnsk   1/1   Running   0     9m16s
mqtt-broker-657c5bf55b-fxjwd   1/1   Running   0     10m
mqtt-broker-657c5bf55b-tjtx4   1/1   Running   0     8m46s
1778223343
mqtt-broker-657c5bf55b-6dnsk   1/1   Running   0     9m21s
mqtt-broker-657c5bf55b-fxjwd   1/1   Running   0     10m
mqtt-broker-657c5bf55b-tjtx4   1/1   Running   0     8m51s
1778223348
mqtt-broker-657c5bf55b-6dnsk   1/1   Running   0     9m26s
mqtt-broker-657c5bf55b-fxjwd   1/1   Running   0     10m
mqtt-broker-657c5bf55b-tjtx4   1/1   Running   0     8m56s
1778223353
mqtt-broker-657c5bf55b-6dnsk   1/1   Running   0     9m31s
mqtt-broker-657c5bf55b-fxjwd   1/1   Running   0     10m
mqtt-broker-657c5bf55b-tjtx4   1/1   Running   0     9m1s
1778223358
mqtt-broker-657c5bf55b-6dnsk   1/1   Running   0     9m37s
mqtt-broker-657c5bf55b-fxjwd   1/1   Running   0     10m
mqtt-broker-657c5bf55b-tjtx4   1/1   Running   0     9m7s
1778223364
mqtt-broker-657c5bf55b-6dnsk   1/1   Running   0     9m42s
mqtt-broker-657c5bf55b-fxjwd   1/1   Running   0     10m
mqtt-broker-657c5bf55b-tjtx4   1/1   Running   0     9m12s
1778223369
mqtt-broker-657c5bf55b-6dnsk   1/1   Running   0     9m47s
mqtt-broker-657c5bf55b-fxjwd   1/1   Running   0     10m
mqtt-broker-657c5bf55b-tjtx4   1/1   Running   0     9m17s
1778223374
mqtt-broker-657c5bf55b-6dnsk   1/1   Running   0     9m52s
mqtt-broker-657c5bf55b-fxjwd   1/1   Running   0     10m
mqtt-broker-657c5bf55b-tjtx4   1/1   Running   0     9m22s
1778223379
mqtt-broker-657c5bf55b-6dnsk   1/1   Running   0     9m57s
mqtt-broker-657c5bf55b-fxjwd   1/1   Running   0     10m
mqtt-broker-657c5bf55b-tjtx4   1/1   Running   0     9m27s
1778223384
mqtt-broker-657c5bf55b-6dnsk   1/1   Running   0     10m
mqtt-broker-657c5bf55b-fxjwd   1/1   Running   0     10m
mqtt-broker-657c5bf55b-tjtx4   1/1   Running   0     9m33s
1778223390
mqtt-broker-657c5bf55b-6dnsk   1/1   Running   0     10m
mqtt-broker-657c5bf55b-fxjwd   1/1   Running   0     10m
mqtt-broker-657c5bf55b-tjtx4   1/1   Running   0     9m38s
1778223395
mqtt-broker-657c5bf55b-6dnsk   1/1   Running   0     10m
mqtt-broker-657c5bf55b-fxjwd   1/1   Running   0     10m
mqtt-broker-657c5bf55b-tjtx4   1/1   Running   0     9m43s
1778223400
mqtt-broker-657c5bf55b-6dnsk   1/1   Running   0     10m
mqtt-broker-657c5bf55b-fxjwd   1/1   Running   0     11m
mqtt-broker-657c5bf55b-tjtx4   1/1   Running   0     9m48s
1778223405
mqtt-broker-657c5bf55b-6dnsk   1/1   Running   0     10m
mqtt-broker-657c5bf55b-fxjwd   1/1   Running   0     11m
mqtt-broker-657c5bf55b-tjtx4   1/1   Running   0     9m53s
1778223410
mqtt-broker-657c5bf55b-6dnsk   1/1   Running   0     10m
mqtt-broker-657c5bf55b-fxjwd   1/1   Running   0     11m
mqtt-broker-657c5bf55b-tjtx4   1/1   Running   0     9m58s
1778223415
mqtt-broker-657c5bf55b-6dnsk   1/1   Running   0     10m
mqtt-broker-657c5bf55b-fxjwd   1/1   Running   0     11m
mqtt-broker-657c5bf55b-tjtx4   1/1   Running   0     10m
1778223421
mqtt-broker-657c5bf55b-6dnsk   1/1   Running   0     10m
mqtt-broker-657c5bf55b-fxjwd   1/1   Running   0     11m
mqtt-broker-657c5bf55b-tjtx4   1/1   Running   0     10m
1778223426
mqtt-broker-657c5bf55b-6dnsk   1/1   Running   0     10m
mqtt-broker-657c5bf55b-fxjwd   1/1   Running   0     11m
mqtt-broker-657c5bf55b-tjtx4   1/1   Running   0     10m
1778223431
mqtt-broker-657c5bf55b-6dnsk   1/1   Running   0     10m
mqtt-broker-657c5bf55b-fxjwd   1/1   Running   0     11m
mqtt-broker-657c5bf55b-tjtx4   1/1   Running   0     10m
1778223436
mqtt-broker-657c5bf55b-6dnsk   1/1   Running   0     10m
mqtt-broker-657c5bf55b-fxjwd   1/1   Running   0     11m
mqtt-broker-657c5bf55b-tjtx4   1/1   Running   0     10m
1778223442
mqtt-broker-657c5bf55b-6dnsk   1/1   Running   0     11m
mqtt-broker-657c5bf55b-fxjwd   1/1   Running   0     11m
mqtt-broker-657c5bf55b-tjtx4   1/1   Running   0     10m
1778223447
mqtt-broker-657c5bf55b-6dnsk   1/1   Running   0     11m
mqtt-broker-657c5bf55b-fxjwd   1/1   Running   0     11m
mqtt-broker-657c5bf55b-tjtx4   1/1   Running   0     10m
1778223452
mqtt-broker-657c5bf55b-6dnsk   1/1   Running   0     11m
mqtt-broker-657c5bf55b-fxjwd   1/1   Running   0     11m
mqtt-broker-657c5bf55b-tjtx4   1/1   Running   0     10m
1778223457
mqtt-broker-657c5bf55b-6dnsk   1/1   Terminating   0     11m
mqtt-broker-657c5bf55b-fxjwd   1/1   Running       0     12m
mqtt-broker-657c5bf55b-tjtx4   1/1   Terminating   0     10m
1778223462
mqtt-broker-657c5bf55b-6dnsk   1/1   Terminating   0     11m
mqtt-broker-657c5bf55b-fxjwd   1/1   Running       0     12m
mqtt-broker-657c5bf55b-tjtx4   1/1   Terminating   0     10m
1778223468
mqtt-broker-657c5bf55b-6dnsk   1/1   Terminating   0     11m
mqtt-broker-657c5bf55b-fxjwd   1/1   Running       0     12m
mqtt-broker-657c5bf55b-tjtx4   1/1   Terminating   0     10m
1778223473
mqtt-broker-657c5bf55b-6dnsk   1/1   Terminating   0     11m
mqtt-broker-657c5bf55b-fxjwd   1/1   Running       0     12m
mqtt-broker-657c5bf55b-tjtx4   1/1   Terminating   0     11m
1778223478
mqtt-broker-657c5bf55b-6dnsk   1/1   Terminating   0     11m
mqtt-broker-657c5bf55b-fxjwd   1/1   Running       0     12m
mqtt-broker-657c5bf55b-tjtx4   1/1   Terminating   0     11m
1778223483
mqtt-broker-657c5bf55b-6dnsk   1/1   Terminating   0     11m
mqtt-broker-657c5bf55b-fxjwd   1/1   Running       0     12m
mqtt-broker-657c5bf55b-tjtx4   1/1   Terminating   0     11m
1778223488
mqtt-broker-657c5bf55b-6dnsk   1/1   Terminating   0     11m
mqtt-broker-657c5bf55b-fxjwd   1/1   Running       0     12m
mqtt-broker-657c5bf55b-tjtx4   1/1   Terminating   0     11m
1778223493
mqtt-broker-657c5bf55b-6dnsk   1/1   Terminating   0     11m
mqtt-broker-657c5bf55b-fxjwd   1/1   Running       0     12m
mqtt-broker-657c5bf55b-tjtx4   1/1   Terminating   0     11m
1778223499
mqtt-broker-657c5bf55b-6dnsk   1/1   Terminating   0     11m
mqtt-broker-657c5bf55b-fxjwd   1/1   Running       0     12m
mqtt-broker-657c5bf55b-tjtx4   1/1   Terminating   0     11m
1778223504
mqtt-broker-657c5bf55b-6dnsk   1/1   Terminating   0     12m
mqtt-broker-657c5bf55b-fxjwd   1/1   Running       0     12m
mqtt-broker-657c5bf55b-tjtx4   1/1   Terminating   0     11m
1778223509
mqtt-broker-657c5bf55b-6dnsk   1/1   Terminating   0     12m
mqtt-broker-657c5bf55b-fxjwd   1/1   Running       0     12m
mqtt-broker-657c5bf55b-tjtx4   1/1   Terminating   0     11m
1778223514
mqtt-broker-657c5bf55b-6dnsk   1/1   Terminating   0     12m
mqtt-broker-657c5bf55b-fxjwd   1/1   Running       0     12m
1778223520
mqtt-broker-657c5bf55b-fxjwd   1/1   Running   0     13m
1778223525
mqtt-broker-657c5bf55b-fxjwd   1/1   Running   0     13m
1778223530
mqtt-broker-657c5bf55b-fxjwd   1/1   Running   0     13m
1778223535
mqtt-broker-657c5bf55b-fxjwd   1/1   Running   0     13m
1778223540
mqtt-broker-657c5bf55b-fxjwd   1/1   Running   0     13m
1778223546
mqtt-broker-657c5bf55b-fxjwd   1/1   Running   0     13m
1778223551
mqtt-broker-657c5bf55b-fxjwd   1/1   Running   0     13m
1778223556
mqtt-broker-657c5bf55b-fxjwd   1/1   Running   0     13m
1778223561
mqtt-broker-657c5bf55b-fxjwd   1/1   Running   0     13m
1778223566
mqtt-broker-657c5bf55b-fxjwd   1/1   Running   0     13m
1778223572
mqtt-broker-657c5bf55b-fxjwd   1/1   Running   0     13m
1778223577
mqtt-broker-657c5bf55b-fxjwd   1/1   Running   0     14m
1778223582
mqtt-broker-657c5bf55b-fxjwd   1/1   Running   0     14m
1778223587
mqtt-broker-657c5bf55b-fxjwd   1/1   Running   0     14m
1778223592
mqtt-broker-657c5bf55b-fxjwd   1/1   Running   0     14m
1778223598
mqtt-broker-657c5bf55b-fxjwd   1/1   Running   0     14m
1778223603
mqtt-broker-657c5bf55b-fxjwd   1/1   Running   0     14m
1778223608
mqtt-broker-657c5bf55b-fxjwd   1/1   Running   0     14m
1778223614
mqtt-broker-657c5bf55b-fxjwd   1/1   Running   0     14m
1778223619
mqtt-broker-657c5bf55b-fxjwd   1/1   Running   0     14m
1778223624
mqtt-broker-657c5bf55b-fxjwd   1/1   Running   0     14m
1778223629
mqtt-broker-657c5bf55b-fxjwd   1/1   Running   0     14m
1778223634
mqtt-broker-657c5bf55b-fxjwd   1/1   Running   0     14m
1778223639
mqtt-broker-657c5bf55b-fxjwd   1/1   Running   0     15m
1778223645
mqtt-broker-657c5bf55b-fxjwd   1/1   Running   0     15m
1778223650
mqtt-broker-657c5bf55b-fxjwd   1/1   Running   0     15m
1778223655
mqtt-broker-657c5bf55b-fxjwd   1/1   Running   0     15m
1778223660
mqtt-broker-657c5bf55b-fxjwd   1/1   Running   0     15m
1778223665
mqtt-broker-657c5bf55b-fxjwd   1/1   Running   0     15m
1778223671
mqtt-broker-657c5bf55b-fxjwd   1/1   Running   0     15m
1778223676
mqtt-broker-657c5bf55b-fxjwd   1/1   Running   0     15m
1778223681
mqtt-broker-657c5bf55b-fxjwd   1/1   Running   0     15m
1778223686
mqtt-broker-657c5bf55b-fxjwd   1/1   Running   0     15m
1778223691
mqtt-broker-657c5bf55b-fxjwd   1/1   Running   0     15m
1778223697
1778223702
1778223707
1778223712
1778223717
1778223722
1778223727
1778223732
1778223737
1778223742
1778223748
1778223753
1778223758
1778223763
1778223768
1778223773
1778223778
1778223783
1778223788
1778223793
1778223798
1778223803
1778223809
1778223814
1778223819
1778223824
1778223829
1778223834
1778223839
1778223844
1778223849
1778223854
1778223859
1778223864
1778223869
1778223875
1778223880
1778223885
1778223890
1778223895
1778223900
1778223905
1778223911
1778223916
1778223921
1778223926
1778223932
1778223937
1778223942
1778223947
1778223952
1778223957
1778223963
1778223968
1778223973
1778223978
1778223983
1778223988
1778223994
1778223999
1778224004
1778224009
1778224015
1778224020
1778224025
1778224031
1778224036
1778224042
1778224047
1778224052
1778224057
mqtt-broker-657c5bf55b-pt69q   1/1   Running   0     4s
1778224062
mqtt-broker-657c5bf55b-pt69q   1/1   Running   0     10s
1778224068
mqtt-broker-657c5bf55b-pt69q   1/1   Running   0     15s
1778224073
mqtt-broker-657c5bf55b-pt69q   1/1   Running   0     20s
1778224078
mqtt-broker-657c5bf55b-pt69q   1/1   Running   0     25s
1778224083
mqtt-broker-657c5bf55b-pt69q   1/1   Running   0     31s
1778224089
mqtt-broker-657c5bf55b-pt69q   1/1   Running   0     36s
1778224094
mqtt-broker-657c5bf55b-pt69q   1/1   Running   0     41s
1778224099
mqtt-broker-657c5bf55b-pt69q   1/1   Running   0     46s
1778224104
mqtt-broker-657c5bf55b-pt69q   1/1   Running   0     51s
1778224109
mqtt-broker-657c5bf55b-pt69q   1/1   Running             0     57s
mqtt-broker-657c5bf55b-ts7j5   0/1   ContainerCreating   0     1s
1778224115
mqtt-broker-657c5bf55b-pt69q   1/1   Running   0     62s
mqtt-broker-657c5bf55b-ts7j5   1/1   Running   0     6s
1778224120
mqtt-broker-657c5bf55b-pt69q   1/1   Running   0     67s
mqtt-broker-657c5bf55b-ts7j5   1/1   Running   0     11s
1778224125
mqtt-broker-657c5bf55b-mcpdw   1/1   Running   0     1s
mqtt-broker-657c5bf55b-pt69q   1/1   Running   0     72s
mqtt-broker-657c5bf55b-ts7j5   1/1   Running   0     16s
1778224130
mqtt-broker-657c5bf55b-mcpdw   1/1   Running   0     7s
mqtt-broker-657c5bf55b-pt69q   1/1   Running   0     78s
mqtt-broker-657c5bf55b-ts7j5   1/1   Running   0     22s
1778224136
mqtt-broker-657c5bf55b-mcpdw   1/1   Running   0     12s
mqtt-broker-657c5bf55b-pt69q   1/1   Running   0     83s
mqtt-broker-657c5bf55b-ts7j5   1/1   Running   0     27s
1778224141
mqtt-broker-657c5bf55b-mcpdw   1/1   Running   0     17s
mqtt-broker-657c5bf55b-pt69q   1/1   Running   0     88s
mqtt-broker-657c5bf55b-ts7j5   1/1   Running   0     32s
1778224146
mqtt-broker-657c5bf55b-mcpdw   1/1   Running   0     22s
mqtt-broker-657c5bf55b-pt69q   1/1   Running   0     93s
mqtt-broker-657c5bf55b-ts7j5   1/1   Running   0     37s
1778224151
mqtt-broker-657c5bf55b-mcpdw   1/1   Running   0     28s
mqtt-broker-657c5bf55b-pt69q   1/1   Running   0     99s
mqtt-broker-657c5bf55b-ts7j5   1/1   Running   0     43s
1778224157
mqtt-broker-657c5bf55b-mcpdw   1/1   Running   0     33s
mqtt-broker-657c5bf55b-pt69q   1/1   Running   0     104s
mqtt-broker-657c5bf55b-ts7j5   1/1   Running   0     48s
1778224162
mqtt-broker-657c5bf55b-mcpdw   1/1   Running   0     38s
mqtt-broker-657c5bf55b-pt69q   1/1   Running   0     109s
mqtt-broker-657c5bf55b-ts7j5   1/1   Running   0     53s
1778224167
mqtt-broker-657c5bf55b-mcpdw   1/1   Running   0     43s
mqtt-broker-657c5bf55b-pt69q   1/1   Running   0     114s
mqtt-broker-657c5bf55b-ts7j5   1/1   Running   0     58s
1778224172
mqtt-broker-657c5bf55b-mcpdw   1/1   Running   0     48s
mqtt-broker-657c5bf55b-pt69q   1/1   Running   0     119s
mqtt-broker-657c5bf55b-ts7j5   1/1   Running   0     63s
1778224177
mqtt-broker-657c5bf55b-mcpdw   1/1   Running   0     54s
mqtt-broker-657c5bf55b-pt69q   1/1   Running   0     2m5s
mqtt-broker-657c5bf55b-ts7j5   1/1   Running   0     69s
1778224183
mqtt-broker-657c5bf55b-mcpdw   1/1   Running   0     59s
mqtt-broker-657c5bf55b-pt69q   1/1   Running   0     2m10s
mqtt-broker-657c5bf55b-ts7j5   1/1   Running   0     74s
1778224188
mqtt-broker-657c5bf55b-mcpdw   1/1   Running   0     64s
mqtt-broker-657c5bf55b-pt69q   1/1   Running   0     2m15s
mqtt-broker-657c5bf55b-ts7j5   1/1   Running   0     79s
1778224193
mqtt-broker-657c5bf55b-mcpdw   1/1   Running   0     69s
mqtt-broker-657c5bf55b-pt69q   1/1   Running   0     2m20s
mqtt-broker-657c5bf55b-ts7j5   1/1   Running   0     84s
1778224198
mqtt-broker-657c5bf55b-mcpdw   1/1   Running   0     74s
mqtt-broker-657c5bf55b-pt69q   1/1   Running   0     2m25s
mqtt-broker-657c5bf55b-ts7j5   1/1   Running   0     89s
1778224203
mqtt-broker-657c5bf55b-mcpdw   1/1   Running   0     80s
mqtt-broker-657c5bf55b-pt69q   1/1   Running   0     2m31s
mqtt-broker-657c5bf55b-ts7j5   1/1   Running   0     95s
1778224209
mqtt-broker-657c5bf55b-mcpdw   1/1   Running   0     85s
mqtt-broker-657c5bf55b-pt69q   1/1   Running   0     2m36s
mqtt-broker-657c5bf55b-ts7j5   1/1   Running   0     100s
1778224214
mqtt-broker-657c5bf55b-mcpdw   1/1   Running   0     90s
mqtt-broker-657c5bf55b-pt69q   1/1   Running   0     2m41s
mqtt-broker-657c5bf55b-ts7j5   1/1   Running   0     105s
1778224219
mqtt-broker-657c5bf55b-mcpdw   1/1   Running   0     95s
mqtt-broker-657c5bf55b-pt69q   1/1   Running   0     2m46s
mqtt-broker-657c5bf55b-ts7j5   1/1   Running   0     110s
1778224224
mqtt-broker-657c5bf55b-mcpdw   1/1   Running   0     100s
mqtt-broker-657c5bf55b-pt69q   1/1   Running   0     2m51s
mqtt-broker-657c5bf55b-ts7j5   1/1   Running   0     115s
1778224229
mqtt-broker-657c5bf55b-mcpdw   1/1   Running   0     106s
mqtt-broker-657c5bf55b-pt69q   1/1   Running   0     2m57s
mqtt-broker-657c5bf55b-ts7j5   1/1   Running   0     2m1s
1778224235
mqtt-broker-657c5bf55b-mcpdw   1/1   Running   0     111s
mqtt-broker-657c5bf55b-pt69q   1/1   Running   0     3m2s
mqtt-broker-657c5bf55b-ts7j5   1/1   Running   0     2m6s
1778224240
mqtt-broker-657c5bf55b-mcpdw   1/1   Running   0     116s
mqtt-broker-657c5bf55b-pt69q   1/1   Running   0     3m7s
mqtt-broker-657c5bf55b-ts7j5   1/1   Running   0     2m11s
1778224245
mqtt-broker-657c5bf55b-mcpdw   1/1   Running   0     2m1s
mqtt-broker-657c5bf55b-pt69q   1/1   Running   0     3m12s
mqtt-broker-657c5bf55b-ts7j5   1/1   Running   0     2m16s
1778224250
mqtt-broker-657c5bf55b-mcpdw   1/1   Running   0     2m6s
mqtt-broker-657c5bf55b-pt69q   1/1   Running   0     3m17s
mqtt-broker-657c5bf55b-ts7j5   1/1   Running   0     2m21s
1778224255
mqtt-broker-657c5bf55b-mcpdw   1/1   Running   0     2m12s
mqtt-broker-657c5bf55b-pt69q   1/1   Running   0     3m23s
mqtt-broker-657c5bf55b-ts7j5   1/1   Running   0     2m27s
1778224261
mqtt-broker-657c5bf55b-mcpdw   1/1   Running   0     2m17s
mqtt-broker-657c5bf55b-pt69q   1/1   Running   0     3m28s
mqtt-broker-657c5bf55b-ts7j5   1/1   Running   0     2m32s
1778224266
mqtt-broker-657c5bf55b-mcpdw   1/1   Running   0     2m22s
mqtt-broker-657c5bf55b-pt69q   1/1   Running   0     3m33s
mqtt-broker-657c5bf55b-ts7j5   1/1   Running   0     2m37s
1778224271
mqtt-broker-657c5bf55b-mcpdw   1/1   Running   0     2m27s
mqtt-broker-657c5bf55b-pt69q   1/1   Running   0     3m38s
mqtt-broker-657c5bf55b-ts7j5   1/1   Running   0     2m42s
1778224276
mqtt-broker-657c5bf55b-mcpdw   1/1   Running   0     2m32s
mqtt-broker-657c5bf55b-pt69q   1/1   Running   0     3m43s
mqtt-broker-657c5bf55b-ts7j5   1/1   Running   0     2m47s
1778224281
mqtt-broker-657c5bf55b-mcpdw   1/1   Running   0     2m38s
mqtt-broker-657c5bf55b-pt69q   1/1   Running   0     3m49s
mqtt-broker-657c5bf55b-ts7j5   1/1   Running   0     2m53s
1778224287
mqtt-broker-657c5bf55b-mcpdw   1/1   Running   0     2m43s
mqtt-broker-657c5bf55b-pt69q   1/1   Running   0     3m54s
mqtt-broker-657c5bf55b-ts7j5   1/1   Running   0     2m58s
1778224292
mqtt-broker-657c5bf55b-mcpdw   1/1   Running   0     2m48s
mqtt-broker-657c5bf55b-pt69q   1/1   Running   0     3m59s
mqtt-broker-657c5bf55b-ts7j5   1/1   Running   0     3m3s
1778224297
mqtt-broker-657c5bf55b-mcpdw   1/1   Running   0     2m53s
mqtt-broker-657c5bf55b-pt69q   1/1   Running   0     4m4s
mqtt-broker-657c5bf55b-ts7j5   1/1   Running   0     3m8s
1778224302
mqtt-broker-657c5bf55b-mcpdw   1/1   Running   0     2m58s
mqtt-broker-657c5bf55b-pt69q   1/1   Running   0     4m9s
mqtt-broker-657c5bf55b-ts7j5   1/1   Running   0     3m13s
1778224307
mqtt-broker-657c5bf55b-mcpdw   1/1   Running   0     3m4s
mqtt-broker-657c5bf55b-pt69q   1/1   Running   0     4m15s
mqtt-broker-657c5bf55b-ts7j5   1/1   Running   0     3m19s
1778224313
mqtt-broker-657c5bf55b-mcpdw   1/1   Running   0     3m9s
mqtt-broker-657c5bf55b-pt69q   1/1   Running   0     4m20s
mqtt-broker-657c5bf55b-ts7j5   1/1   Running   0     3m24s
1778224318
mqtt-broker-657c5bf55b-mcpdw   1/1   Running   0     3m14s
mqtt-broker-657c5bf55b-pt69q   1/1   Running   0     4m25s
mqtt-broker-657c5bf55b-ts7j5   1/1   Running   0     3m29s
1778224323
mqtt-broker-657c5bf55b-mcpdw   1/1   Running   0     3m19s
mqtt-broker-657c5bf55b-pt69q   1/1   Running   0     4m30s
mqtt-broker-657c5bf55b-ts7j5   1/1   Running   0     3m34s
1778224328
mqtt-broker-657c5bf55b-mcpdw   1/1   Running   0     3m24s
mqtt-broker-657c5bf55b-pt69q   1/1   Running   0     4m35s
mqtt-broker-657c5bf55b-ts7j5   1/1   Running   0     3m39s
1778224333
mqtt-broker-657c5bf55b-mcpdw   1/1   Running   0     3m30s
mqtt-broker-657c5bf55b-pt69q   1/1   Running   0     4m41s
mqtt-broker-657c5bf55b-ts7j5   1/1   Running   0     3m45s
1778224339
mqtt-broker-657c5bf55b-mcpdw   1/1   Running   0     3m35s
mqtt-broker-657c5bf55b-pt69q   1/1   Running   0     4m46s
mqtt-broker-657c5bf55b-ts7j5   1/1   Running   0     3m50s
1778224344
mqtt-broker-657c5bf55b-mcpdw   1/1   Running   0     3m40s
mqtt-broker-657c5bf55b-pt69q   1/1   Running   0     4m51s
mqtt-broker-657c5bf55b-ts7j5   1/1   Running   0     3m55s
1778224349
mqtt-broker-657c5bf55b-mcpdw   1/1   Running   0     3m45s
mqtt-broker-657c5bf55b-pt69q   1/1   Running   0     4m56s
mqtt-broker-657c5bf55b-ts7j5   1/1   Running   0     4m
1778224354
mqtt-broker-657c5bf55b-mcpdw   1/1   Running   0     3m50s
mqtt-broker-657c5bf55b-pt69q   1/1   Running   0     5m1s
mqtt-broker-657c5bf55b-ts7j5   1/1   Running   0     4m5s
1778224359
mqtt-broker-657c5bf55b-mcpdw   1/1   Running   0     3m56s
mqtt-broker-657c5bf55b-pt69q   1/1   Running   0     5m7s
mqtt-broker-657c5bf55b-ts7j5   1/1   Running   0     4m11s
1778224365
mqtt-broker-657c5bf55b-mcpdw   1/1   Running   0     4m1s
mqtt-broker-657c5bf55b-pt69q   1/1   Running   0     5m12s
mqtt-broker-657c5bf55b-ts7j5   1/1   Running   0     4m16s
1778224370
mqtt-broker-657c5bf55b-mcpdw   1/1   Running   0     4m6s
mqtt-broker-657c5bf55b-pt69q   1/1   Running   0     5m17s
mqtt-broker-657c5bf55b-ts7j5   1/1   Running   0     4m21s
1778224375
mqtt-broker-657c5bf55b-mcpdw   1/1   Running   0     4m11s
mqtt-broker-657c5bf55b-pt69q   1/1   Running   0     5m22s
mqtt-broker-657c5bf55b-ts7j5   1/1   Running   0     4m26s
1778224380
mqtt-broker-657c5bf55b-mcpdw   1/1   Running   0     4m16s
mqtt-broker-657c5bf55b-pt69q   1/1   Running   0     5m27s
mqtt-broker-657c5bf55b-ts7j5   1/1   Running   0     4m31s
1778224385
mqtt-broker-657c5bf55b-mcpdw   1/1   Running   0     4m22s
mqtt-broker-657c5bf55b-pt69q   1/1   Running   0     5m33s
mqtt-broker-657c5bf55b-ts7j5   1/1   Running   0     4m37s
1778224391
mqtt-broker-657c5bf55b-mcpdw   1/1   Running   0     4m27s
mqtt-broker-657c5bf55b-pt69q   1/1   Running   0     5m38s
mqtt-broker-657c5bf55b-ts7j5   1/1   Running   0     4m42s
1778224396
mqtt-broker-657c5bf55b-mcpdw   1/1   Running   0     4m32s
mqtt-broker-657c5bf55b-pt69q   1/1   Running   0     5m43s
mqtt-broker-657c5bf55b-ts7j5   1/1   Running   0     4m47s
1778224401
mqtt-broker-657c5bf55b-mcpdw   1/1   Running   0     4m37s
mqtt-broker-657c5bf55b-pt69q   1/1   Running   0     5m48s
mqtt-broker-657c5bf55b-ts7j5   1/1   Running   0     4m52s
1778224406
mqtt-broker-657c5bf55b-mcpdw   1/1   Running   0     4m42s
mqtt-broker-657c5bf55b-pt69q   1/1   Running   0     5m53s
mqtt-broker-657c5bf55b-ts7j5   1/1   Running   0     4m57s
1778224411
mqtt-broker-657c5bf55b-mcpdw   1/1   Running   0     4m47s
mqtt-broker-657c5bf55b-pt69q   1/1   Running   0     5m58s
mqtt-broker-657c5bf55b-ts7j5   1/1   Running   0     5m2s
1778224416
mqtt-broker-657c5bf55b-mcpdw   1/1   Running   0     4m53s
mqtt-broker-657c5bf55b-pt69q   1/1   Running   0     6m4s
mqtt-broker-657c5bf55b-ts7j5   1/1   Running   0     5m8s
1778224422
mqtt-broker-657c5bf55b-mcpdw   1/1   Running   0     4m58s
mqtt-broker-657c5bf55b-pt69q   1/1   Running   0     6m9s
mqtt-broker-657c5bf55b-ts7j5   1/1   Running   0     5m13s
1778224427
mqtt-broker-657c5bf55b-mcpdw   1/1   Running   0     5m3s
mqtt-broker-657c5bf55b-pt69q   1/1   Running   0     6m14s
mqtt-broker-657c5bf55b-ts7j5   1/1   Running   0     5m18s
1778224432
mqtt-broker-657c5bf55b-mcpdw   1/1   Running   0     5m8s
mqtt-broker-657c5bf55b-pt69q   1/1   Running   0     6m19s
mqtt-broker-657c5bf55b-ts7j5   1/1   Running   0     5m23s
1778224437
mqtt-broker-657c5bf55b-mcpdw   1/1   Running   0     5m13s
mqtt-broker-657c5bf55b-pt69q   1/1   Running   0     6m24s
mqtt-broker-657c5bf55b-ts7j5   1/1   Running   0     5m28s
1778224442
mqtt-broker-657c5bf55b-mcpdw   1/1   Running   0     5m19s
mqtt-broker-657c5bf55b-pt69q   1/1   Running   0     6m30s
mqtt-broker-657c5bf55b-ts7j5   1/1   Running   0     5m34s
1778224448
mqtt-broker-657c5bf55b-mcpdw   1/1   Running   0     5m24s
mqtt-broker-657c5bf55b-pt69q   1/1   Running   0     6m35s
mqtt-broker-657c5bf55b-ts7j5   1/1   Running   0     5m39s
1778224453
mqtt-broker-657c5bf55b-mcpdw   1/1   Running   0     5m29s
mqtt-broker-657c5bf55b-pt69q   1/1   Running   0     6m40s
mqtt-broker-657c5bf55b-ts7j5   1/1   Running   0     5m44s
1778224458
mqtt-broker-657c5bf55b-mcpdw   1/1   Running   0     5m34s
mqtt-broker-657c5bf55b-pt69q   1/1   Running   0     6m45s
mqtt-broker-657c5bf55b-ts7j5   1/1   Running   0     5m49s
1778224463
mqtt-broker-657c5bf55b-mcpdw   1/1   Running   0     5m39s
mqtt-broker-657c5bf55b-pt69q   1/1   Running   0     6m50s
mqtt-broker-657c5bf55b-ts7j5   1/1   Running   0     5m54s
1778224468
mqtt-broker-657c5bf55b-mcpdw   1/1   Running   0     5m45s
mqtt-broker-657c5bf55b-pt69q   1/1   Running   0     6m56s
mqtt-broker-657c5bf55b-ts7j5   1/1   Running   0     6m
1778224474
mqtt-broker-657c5bf55b-mcpdw   1/1   Running   0     5m50s
mqtt-broker-657c5bf55b-pt69q   1/1   Running   0     7m1s
mqtt-broker-657c5bf55b-ts7j5   1/1   Running   0     6m5s
1778224479
mqtt-broker-657c5bf55b-mcpdw   1/1   Running   0     5m55s
mqtt-broker-657c5bf55b-pt69q   1/1   Running   0     7m6s
mqtt-broker-657c5bf55b-ts7j5   1/1   Running   0     6m10s
1778224484
mqtt-broker-657c5bf55b-mcpdw   1/1   Running   0     6m
mqtt-broker-657c5bf55b-pt69q   1/1   Running   0     7m11s
mqtt-broker-657c5bf55b-ts7j5   1/1   Running   0     6m15s
1778224489
mqtt-broker-657c5bf55b-mcpdw   1/1   Running   0     6m5s
mqtt-broker-657c5bf55b-pt69q   1/1   Running   0     7m16s
mqtt-broker-657c5bf55b-ts7j5   1/1   Running   0     6m20s
1778224494
mqtt-broker-657c5bf55b-mcpdw   1/1   Running   0     6m11s
mqtt-broker-657c5bf55b-pt69q   1/1   Running   0     7m22s
mqtt-broker-657c5bf55b-ts7j5   1/1   Running   0     6m26s
1778224500
mqtt-broker-657c5bf55b-mcpdw   1/1   Running   0     6m16s
mqtt-broker-657c5bf55b-pt69q   1/1   Running   0     7m27s
mqtt-broker-657c5bf55b-ts7j5   1/1   Running   0     6m31s
1778224505
mqtt-broker-657c5bf55b-mcpdw   1/1   Running   0     6m21s
mqtt-broker-657c5bf55b-pt69q   1/1   Running   0     7m32s
mqtt-broker-657c5bf55b-ts7j5   1/1   Running   0     6m36s
1778224510
mqtt-broker-657c5bf55b-mcpdw   1/1   Running   0     6m26s
mqtt-broker-657c5bf55b-pt69q   1/1   Running   0     7m37s
mqtt-broker-657c5bf55b-ts7j5   1/1   Running   0     6m41s
1778224515
mqtt-broker-657c5bf55b-mcpdw   1/1   Running   0     6m31s
mqtt-broker-657c5bf55b-pt69q   1/1   Running   0     7m42s
mqtt-broker-657c5bf55b-ts7j5   1/1   Running   0     6m46s
1778224520
mqtt-broker-657c5bf55b-mcpdw   1/1   Running   0     6m37s
mqtt-broker-657c5bf55b-pt69q   1/1   Running   0     7m48s
mqtt-broker-657c5bf55b-ts7j5   1/1   Running   0     6m52s
1778224526
mqtt-broker-657c5bf55b-mcpdw   1/1   Running   0     6m42s
mqtt-broker-657c5bf55b-pt69q   1/1   Running   0     7m53s
mqtt-broker-657c5bf55b-ts7j5   1/1   Running   0     6m57s
1778224531
mqtt-broker-657c5bf55b-mcpdw   1/1   Running   0     6m47s
mqtt-broker-657c5bf55b-pt69q   1/1   Running   0     7m58s
mqtt-broker-657c5bf55b-ts7j5   1/1   Running   0     7m2s
1778224536
mqtt-broker-657c5bf55b-mcpdw   1/1   Running   0     6m52s
mqtt-broker-657c5bf55b-pt69q   1/1   Running   0     8m3s
mqtt-broker-657c5bf55b-ts7j5   1/1   Running   0     7m7s
1778224541
mqtt-broker-657c5bf55b-mcpdw   1/1   Running   0     6m58s
mqtt-broker-657c5bf55b-pt69q   1/1   Running   0     8m9s
mqtt-broker-657c5bf55b-ts7j5   1/1   Running   0     7m13s
1778224547
mqtt-broker-657c5bf55b-mcpdw   1/1   Running   0     7m3s
mqtt-broker-657c5bf55b-pt69q   1/1   Running   0     8m14s
mqtt-broker-657c5bf55b-ts7j5   1/1   Running   0     7m18s
1778224552
mqtt-broker-657c5bf55b-mcpdw   1/1   Running   0     7m8s
mqtt-broker-657c5bf55b-pt69q   1/1   Running   0     8m19s
mqtt-broker-657c5bf55b-ts7j5   1/1   Running   0     7m23s
1778224557
mqtt-broker-657c5bf55b-mcpdw   1/1   Running   0     7m13s
mqtt-broker-657c5bf55b-pt69q   1/1   Running   0     8m24s
mqtt-broker-657c5bf55b-ts7j5   1/1   Running   0     7m28s
1778224562
mqtt-broker-657c5bf55b-mcpdw   1/1   Running   0     7m18s
mqtt-broker-657c5bf55b-pt69q   1/1   Running   0     8m29s
mqtt-broker-657c5bf55b-ts7j5   1/1   Running   0     7m33s
1778224567
mqtt-broker-657c5bf55b-mcpdw   1/1   Running   0     7m24s
mqtt-broker-657c5bf55b-pt69q   1/1   Running   0     8m35s
mqtt-broker-657c5bf55b-ts7j5   1/1   Running   0     7m39s
1778224573
mqtt-broker-657c5bf55b-mcpdw   1/1   Running   0     7m29s
mqtt-broker-657c5bf55b-pt69q   1/1   Running   0     8m40s
mqtt-broker-657c5bf55b-ts7j5   1/1   Running   0     7m44s
1778224578
mqtt-broker-657c5bf55b-mcpdw   1/1   Running   0     7m34s
mqtt-broker-657c5bf55b-pt69q   1/1   Running   0     8m45s
mqtt-broker-657c5bf55b-ts7j5   1/1   Running   0     7m49s
1778224583
mqtt-broker-657c5bf55b-mcpdw   1/1   Running   0     7m39s
mqtt-broker-657c5bf55b-pt69q   1/1   Running   0     8m50s
mqtt-broker-657c5bf55b-ts7j5   1/1   Running   0     7m54s
1778224588
mqtt-broker-657c5bf55b-mcpdw   1/1   Running   0     7m44s
mqtt-broker-657c5bf55b-pt69q   1/1   Running   0     8m55s
mqtt-broker-657c5bf55b-ts7j5   1/1   Running   0     7m59s
1778224593
mqtt-broker-657c5bf55b-mcpdw   1/1   Running   0     7m50s
mqtt-broker-657c5bf55b-pt69q   1/1   Running   0     9m1s
mqtt-broker-657c5bf55b-ts7j5   1/1   Running   0     8m5s
1778224599
mqtt-broker-657c5bf55b-mcpdw   1/1   Running   0     7m55s
mqtt-broker-657c5bf55b-pt69q   1/1   Running   0     9m6s
mqtt-broker-657c5bf55b-ts7j5   1/1   Running   0     8m10s
1778224604
mqtt-broker-657c5bf55b-mcpdw   1/1   Running   0     8m
mqtt-broker-657c5bf55b-pt69q   1/1   Running   0     9m11s
mqtt-broker-657c5bf55b-ts7j5   1/1   Running   0     8m15s
1778224609
mqtt-broker-657c5bf55b-mcpdw   1/1   Running   0     8m5s
mqtt-broker-657c5bf55b-pt69q   1/1   Running   0     9m16s
mqtt-broker-657c5bf55b-ts7j5   1/1   Running   0     8m20s
1778224614
mqtt-broker-657c5bf55b-mcpdw   1/1   Running   0     8m10s
mqtt-broker-657c5bf55b-pt69q   1/1   Running   0     9m21s
mqtt-broker-657c5bf55b-ts7j5   1/1   Running   0     8m25s
1778224620
mqtt-broker-657c5bf55b-mcpdw   1/1   Running   0     8m16s
mqtt-broker-657c5bf55b-pt69q   1/1   Running   0     9m27s
mqtt-broker-657c5bf55b-ts7j5   1/1   Running   0     8m31s
1778224625
mqtt-broker-657c5bf55b-mcpdw   1/1   Running   0     8m21s
mqtt-broker-657c5bf55b-pt69q   1/1   Running   0     9m32s
mqtt-broker-657c5bf55b-ts7j5   1/1   Running   0     8m36s
1778224630
mqtt-broker-657c5bf55b-mcpdw   1/1   Running   0     8m26s
mqtt-broker-657c5bf55b-pt69q   1/1   Running   0     9m37s
mqtt-broker-657c5bf55b-ts7j5   1/1   Running   0     8m41s
1778224635
mqtt-broker-657c5bf55b-mcpdw   1/1   Running   0     8m31s
mqtt-broker-657c5bf55b-pt69q   1/1   Running   0     9m42s
mqtt-broker-657c5bf55b-ts7j5   1/1   Running   0     8m46s
1778224640
mqtt-broker-657c5bf55b-mcpdw   1/1   Running   0     8m37s
mqtt-broker-657c5bf55b-pt69q   1/1   Running   0     9m48s
mqtt-broker-657c5bf55b-ts7j5   1/1   Running   0     8m52s
1778224646
mqtt-broker-657c5bf55b-mcpdw   1/1   Running   0     8m42s
mqtt-broker-657c5bf55b-pt69q   1/1   Running   0     9m53s
mqtt-broker-657c5bf55b-ts7j5   1/1   Running   0     8m57s
1778224651
mqtt-broker-657c5bf55b-mcpdw   1/1   Running   0     8m47s
mqtt-broker-657c5bf55b-pt69q   1/1   Running   0     9m58s
mqtt-broker-657c5bf55b-ts7j5   1/1   Running   0     9m2s
1778224656
mqtt-broker-657c5bf55b-mcpdw   1/1   Running   0     8m52s
mqtt-broker-657c5bf55b-pt69q   1/1   Running   0     10m
mqtt-broker-657c5bf55b-ts7j5   1/1   Running   0     9m7s
1778224661
mqtt-broker-657c5bf55b-mcpdw   1/1   Running   0     8m57s
mqtt-broker-657c5bf55b-pt69q   1/1   Running   0     10m
mqtt-broker-657c5bf55b-ts7j5   1/1   Running   0     9m12s
1778224666
mqtt-broker-657c5bf55b-mcpdw   1/1   Running   0     9m3s
mqtt-broker-657c5bf55b-pt69q   1/1   Running   0     10m
mqtt-broker-657c5bf55b-ts7j5   1/1   Running   0     9m18s
1778224672
mqtt-broker-657c5bf55b-mcpdw   1/1   Running   0     9m8s
mqtt-broker-657c5bf55b-pt69q   1/1   Running   0     10m
mqtt-broker-657c5bf55b-ts7j5   1/1   Running   0     9m23s
1778224677
mqtt-broker-657c5bf55b-mcpdw   1/1   Running   0     9m13s
mqtt-broker-657c5bf55b-pt69q   1/1   Running   0     10m
mqtt-broker-657c5bf55b-ts7j5   1/1   Running   0     9m28s
1778224682
mqtt-broker-657c5bf55b-mcpdw   1/1   Running   0     9m18s
mqtt-broker-657c5bf55b-pt69q   1/1   Running   0     10m
mqtt-broker-657c5bf55b-ts7j5   1/1   Running   0     9m33s
1778224687
mqtt-broker-657c5bf55b-mcpdw   1/1   Running   0     9m23s
mqtt-broker-657c5bf55b-pt69q   1/1   Running   0     10m
mqtt-broker-657c5bf55b-ts7j5   1/1   Running   0     9m38s
1778224692
mqtt-broker-657c5bf55b-mcpdw   1/1   Running   0     9m28s
mqtt-broker-657c5bf55b-pt69q   1/1   Running   0     10m
mqtt-broker-657c5bf55b-ts7j5   1/1   Running   0     9m43s
1778224697
mqtt-broker-657c5bf55b-mcpdw   1/1   Running   0     9m34s
mqtt-broker-657c5bf55b-pt69q   1/1   Running   0     10m
mqtt-broker-657c5bf55b-ts7j5   1/1   Running   0     9m49s
1778224703
mqtt-broker-657c5bf55b-mcpdw   1/1   Running   0     9m39s
mqtt-broker-657c5bf55b-pt69q   1/1   Running   0     10m
mqtt-broker-657c5bf55b-ts7j5   1/1   Running   0     9m54s
1778224708
mqtt-broker-657c5bf55b-mcpdw   1/1   Running   0     9m44s
mqtt-broker-657c5bf55b-pt69q   1/1   Running   0     10m
mqtt-broker-657c5bf55b-ts7j5   1/1   Running   0     9m59s
1778224713
mqtt-broker-657c5bf55b-mcpdw   1/1   Running   0     9m49s
mqtt-broker-657c5bf55b-pt69q   1/1   Running   0     11m
mqtt-broker-657c5bf55b-ts7j5   1/1   Running   0     10m
1778224718
mqtt-broker-657c5bf55b-mcpdw   1/1   Running   0     9m55s
mqtt-broker-657c5bf55b-pt69q   1/1   Running   0     11m
mqtt-broker-657c5bf55b-ts7j5   1/1   Running   0     10m
1778224724
mqtt-broker-657c5bf55b-mcpdw   1/1   Running   0     10m
mqtt-broker-657c5bf55b-pt69q   1/1   Running   0     11m
mqtt-broker-657c5bf55b-ts7j5   1/1   Running   0     10m
1778224729
mqtt-broker-657c5bf55b-mcpdw   1/1   Running   0     10m
mqtt-broker-657c5bf55b-pt69q   1/1   Running   0     11m
mqtt-broker-657c5bf55b-ts7j5   1/1   Running   0     10m
1778224734
mqtt-broker-657c5bf55b-mcpdw   1/1   Running   0     10m
mqtt-broker-657c5bf55b-pt69q   1/1   Running   0     11m
mqtt-broker-657c5bf55b-ts7j5   1/1   Running   0     10m
1778224739
mqtt-broker-657c5bf55b-mcpdw   1/1   Running   0     10m
mqtt-broker-657c5bf55b-pt69q   1/1   Running   0     11m
mqtt-broker-657c5bf55b-ts7j5   1/1   Running   0     10m
1778224744
mqtt-broker-657c5bf55b-mcpdw   1/1   Running   0     10m
mqtt-broker-657c5bf55b-pt69q   1/1   Running   0     11m
mqtt-broker-657c5bf55b-ts7j5   1/1   Running   0     10m
1778224750
mqtt-broker-657c5bf55b-mcpdw   1/1   Running   0     10m
mqtt-broker-657c5bf55b-pt69q   1/1   Running   0     11m
mqtt-broker-657c5bf55b-ts7j5   1/1   Running   0     10m
1778224755
mqtt-broker-657c5bf55b-mcpdw   1/1   Running   0     10m
mqtt-broker-657c5bf55b-pt69q   1/1   Running   0     11m
mqtt-broker-657c5bf55b-ts7j5   1/1   Running   0     10m
1778224760
mqtt-broker-657c5bf55b-mcpdw   1/1   Running   0     10m
mqtt-broker-657c5bf55b-pt69q   1/1   Running   0     11m
mqtt-broker-657c5bf55b-ts7j5   1/1   Running   0     10m
1778224765
mqtt-broker-657c5bf55b-mcpdw   1/1   Running   0     10m
mqtt-broker-657c5bf55b-pt69q   1/1   Running   0     11m
mqtt-broker-657c5bf55b-ts7j5   1/1   Running   0     10m
1778224770
mqtt-broker-657c5bf55b-mcpdw   1/1   Running   0     10m
mqtt-broker-657c5bf55b-pt69q   1/1   Running   0     11m
mqtt-broker-657c5bf55b-ts7j5   1/1   Running   0     11m
1778224776
mqtt-broker-657c5bf55b-mcpdw   1/1   Running   0     10m
mqtt-broker-657c5bf55b-pt69q   1/1   Running   0     12m
mqtt-broker-657c5bf55b-ts7j5   1/1   Running   0     11m
1778224781
mqtt-broker-657c5bf55b-mcpdw   1/1   Running       0     10m
mqtt-broker-657c5bf55b-pt69q   1/1   Running       0     12m
mqtt-broker-657c5bf55b-ts7j5   1/1   Terminating   0     11m
1778224786
mqtt-broker-657c5bf55b-mcpdw   1/1   Running       0     11m
mqtt-broker-657c5bf55b-pt69q   1/1   Terminating   0     12m
mqtt-broker-657c5bf55b-ts7j5   1/1   Terminating   0     11m
1778224791
mqtt-broker-657c5bf55b-mcpdw   1/1   Running       0     11m
mqtt-broker-657c5bf55b-pt69q   1/1   Terminating   0     12m
mqtt-broker-657c5bf55b-ts7j5   1/1   Terminating   0     11m
1778224797
mqtt-broker-657c5bf55b-mcpdw   1/1   Running       0     11m
mqtt-broker-657c5bf55b-pt69q   1/1   Terminating   0     12m
mqtt-broker-657c5bf55b-ts7j5   1/1   Terminating   0     11m
1778224802
mqtt-broker-657c5bf55b-mcpdw   1/1   Running       0     11m
mqtt-broker-657c5bf55b-pt69q   1/1   Terminating   0     12m
mqtt-broker-657c5bf55b-ts7j5   1/1   Terminating   0     11m
1778224807
mqtt-broker-657c5bf55b-mcpdw   1/1   Running       0     11m
mqtt-broker-657c5bf55b-pt69q   1/1   Terminating   0     12m
mqtt-broker-657c5bf55b-ts7j5   1/1   Terminating   0     11m
1778224812
mqtt-broker-657c5bf55b-mcpdw   1/1   Running       0     11m
mqtt-broker-657c5bf55b-pt69q   1/1   Terminating   0     12m
mqtt-broker-657c5bf55b-ts7j5   1/1   Terminating   0     11m
1778224817
mqtt-broker-657c5bf55b-mcpdw   1/1   Running       0     11m
mqtt-broker-657c5bf55b-pt69q   1/1   Terminating   0     12m
mqtt-broker-657c5bf55b-ts7j5   1/1   Terminating   0     11m
1778224823
mqtt-broker-657c5bf55b-mcpdw   1/1   Running       0     11m
mqtt-broker-657c5bf55b-pt69q   1/1   Terminating   0     12m
mqtt-broker-657c5bf55b-ts7j5   1/1   Terminating   0     11m
1778224828
mqtt-broker-657c5bf55b-mcpdw   1/1   Running       0     11m
mqtt-broker-657c5bf55b-pt69q   1/1   Terminating   0     12m
mqtt-broker-657c5bf55b-ts7j5   1/1   Terminating   0     11m
1778224833
mqtt-broker-657c5bf55b-mcpdw   1/1   Running       0     11m
mqtt-broker-657c5bf55b-pt69q   1/1   Terminating   0     13m
mqtt-broker-657c5bf55b-ts7j5   1/1   Terminating   0     12m
1778224838
mqtt-broker-657c5bf55b-mcpdw   1/1   Running       0     11m
mqtt-broker-657c5bf55b-pt69q   1/1   Terminating   0     13m
mqtt-broker-657c5bf55b-ts7j5   1/1   Terminating   0     12m
1778224843
mqtt-broker-657c5bf55b-mcpdw   1/1   Running       0     12m
mqtt-broker-657c5bf55b-pt69q   1/1   Terminating   0     13m
1778224849
mqtt-broker-657c5bf55b-mcpdw   1/1   Running   0     12m
1778224854
mqtt-broker-657c5bf55b-mcpdw   1/1   Running   0     12m
1778224859
mqtt-broker-657c5bf55b-mcpdw   1/1   Running   0     12m
1778224864
mqtt-broker-657c5bf55b-mcpdw   1/1   Running   0     12m
1778224869
mqtt-broker-657c5bf55b-mcpdw   1/1   Running   0     12m
1778224874
mqtt-broker-657c5bf55b-mcpdw   1/1   Running   0     12m
1778224880
mqtt-broker-657c5bf55b-mcpdw   1/1   Running   0     12m
1778224885
mqtt-broker-657c5bf55b-mcpdw   1/1   Running   0     12m
1778224890
mqtt-broker-657c5bf55b-mcpdw   1/1   Running   0     12m
1778224895
mqtt-broker-657c5bf55b-mcpdw   1/1   Running   0     12m
1778224900
mqtt-broker-657c5bf55b-mcpdw   1/1   Running   0     12m
1778224906
mqtt-broker-657c5bf55b-mcpdw   1/1   Running   0     13m
1778224911
mqtt-broker-657c5bf55b-mcpdw   1/1   Running   0     13m
1778224916
mqtt-broker-657c5bf55b-mcpdw   1/1   Running   0     13m
1778224921
mqtt-broker-657c5bf55b-mcpdw   1/1   Running   0     13m
1778224926
mqtt-broker-657c5bf55b-mcpdw   1/1   Running   0     13m
1778224932
mqtt-broker-657c5bf55b-mcpdw   1/1   Running   0     13m
1778224937
mqtt-broker-657c5bf55b-mcpdw   1/1   Running   0     13m
1778224942
mqtt-broker-657c5bf55b-mcpdw   1/1   Running   0     13m
1778224947
mqtt-broker-657c5bf55b-mcpdw   1/1   Running   0     13m
1778224952
mqtt-broker-657c5bf55b-mcpdw   1/1   Running   0     13m
1778224958
mqtt-broker-657c5bf55b-mcpdw   1/1   Running   0     13m
1778224963
mqtt-broker-657c5bf55b-mcpdw   1/1   Running   0     13m
1778224968
mqtt-broker-657c5bf55b-mcpdw   1/1   Running   0     14m
1778224973
mqtt-broker-657c5bf55b-mcpdw   1/1   Running   0     14m
1778224978
mqtt-broker-657c5bf55b-mcpdw   1/1   Running   0     14m
1778224984
mqtt-broker-657c5bf55b-mcpdw   1/1   Running   0     14m
1778224989
mqtt-broker-657c5bf55b-mcpdw   1/1   Running   0     14m
1778224994
mqtt-broker-657c5bf55b-mcpdw   1/1   Running   0     14m
1778224999
mqtt-broker-657c5bf55b-mcpdw   1/1   Running   0     14m
1778225004
mqtt-broker-657c5bf55b-mcpdw   1/1   Running   0     14m
1778225010
1778225015
1778225020
1778225025
1778225030
1778225035
1778225040
1778225045
1778225050
1778225055
1778225060
1778225065
1778225071
1778225076
1778225081
1778225086
1778225091
1778225096
1778225101
1778225106
1778225111
1778225116
1778225121
1778225126
1778225132
1778225137
1778225142
1778225147
1778225152
1778225157
1778225162
1778225167
1778225172
1778225177
1778225182
1778225187
1778225192
1778225198
1778225203
1778225208
1778225213
1778225218
1778225223
1778225228
1778225233
1778225238
1778225244
1778225249
1778225254
1778225259
1778225264
1778225269
1778225274
1778225280
1778225285
1778225290
1778225295
1778225300
1778225305
1778225310
1778225315
1778225320
1778225325
1778225330
1778225335
1778225340
1778225345
1778225350
1778225355
1778225360
1778225365
1778225371
1778225376
1778225381
1778225386
1778225391
1778225396
1778225401
1778225406
1778225411
1778225416
1778225421
1778225426
1778225431
1778225436
1778225441
1778225446
1778225451
1778225456
1778225461
1778225466
1778225472
1778225477
1778225482
1778225487
1778225492
1778225497
1778225502
1778225507
1778225512
1778225517
1778225522
1778225527
1778225532
1778225537
1778225542
1778225547
1778225552
1778225557
1778225562
1778225567
1778225573
1778225578
1778225583
1778225588
1778225593
1778225598
1778225603
1778225608
1778225613
1778225618
1778225623
1778225628
1778225634
1778225639
1778225644
1778225649
1778225654
1778225659
1778225664
1778225669
1778225674
1778225679
1778225684
1778225689
1778225695
1778225700
1778225705
1778225710
1778225715
1778225720
1778225725
1778225730
1778225735
1778225740
1778225745
1778225750
1778225755
1778225761
1778225766
1778225771
1778225776
1778225781
1778225786
1778225791
1778225796
1778225801
1778225806
1778225811
1778225816
1778225821
1778225826
1778225831
1778225836
1778225842
1778225847
1778225852
1778225857
1778225862
1778225867
1778225872
1778225877
1778225882
1778225887
1778225892
1778225897
1778225903
1778225908
1778225913
1778225918
1778225923
1778225928
1778225933
1778225938
1778225943
1778225948
1778225953
1778225958
1778225963
1778225968
1778225973
1778225979
1778225984
1778225989
1778225994
1778225999
1778226004
1778226009
1778226014
1778226019
1778226024
1778226029
1778226034
1778226039
1778226045
1778226050
1778226055
1778226060
1778226065
1778226070
1778226075
1778226080
1778226085
1778226090
1778226095
1778226100
1778226105
1778226111
1778226116
1778226121
1778226126
1778226131
1778226136
1778226141
1778226146
1778226151
1778226156
1778226161
1778226166
1778226171
1778226176
1778226181
1778226187
1778226192
1778226197
1778226202
1778226207
1778226212
1778226217
1778226222
1778226227
1778226232
1778226237
1778226242
1778226247
1778226252
1778226258
1778226263
1778226268
1778226273
1778226278
1778226283
1778226288
1778226293
1778226298
1778226303
1778226308
1778226313
1778226318
1778226323
1778226329
1778226334
1778226339
1778226344
1778226349
1778226354
1778226359
1778226364
1778226369
1778226374
1778226379
1778226384
1778226389
1778226394
1778226399
1778226404
1778226409
1778226415
1778226420
1778226425
1778226430
1778226435
1778226440
1778226445
1778226450
1778226455
1778226460
1778226465
1778226470
1778226475
1778226480
1778226485
1778226490
1778226495
1778226500
1778226505
1778226510
1778226515
1778226521
1778226526
1778226531
1778226536
1778226541
1778226546
1778226551
1778226556
1778226561
1778226566
1778226571
1778226576
1778226581
1778226587
1778226592
1778226597
1778226602
1778226607
1778226612
1778226617
1778226622
1778226627
1778226632
1778226637
1778226642
1778226647
1778226652
1778226657
1778226662
1778226667
1778226672
1778226677
1778226683
1778226688
1778226693
1778226698
1778226703
1778226708
1778226713
1778226718
1778226723
1778226728
1778226733
1778226738
1778226743
1778226748
1778226753
1778226759
1778226764
1778226769
1778226774
1778226779
1778226784
1778226789
1778226794
1778226799
1778226804
1778226809
1778226814
1778226819
1778226824
1778226829
1778226834
1778226840
1778226845
1778226850
1778226855
1778226860
1778226865
1778226870
1778226875
1778226880
1778226885
1778226890
1778226895
1778226900
1778226905
1778226911
1778226916
1778226921
1778226926
1778226931
1778226936
1778226941
1778226946
1778226951
1778226956
1778226961
1778226966
1778226971
1778226977
1778226982
1778226987
1778226992
1778226997
1778227002
1778227007
1778227012
1778227017
1778227022
1778227027
1778227032
1778227037
1778227043
1778227048
1778227053
1778227058
1778227063
1778227068
1778227073
1778227078
1778227083
1778227088
1778227093
1778227098
1778227103
1778227108
1778227114
1778227119
1778227124
1778227129
1778227134
1778227139
1778227144
1778227149
1778227154
1778227159
1778227164
1778227169
1778227174
1778227180
1778227185
1778227190
1778227195
1778227200
1778227205
1778227210
1778227215
1778227220
1778227225
1778227230
1778227236
1778227241
1778227246
1778227251
1778227256
1778227261
1778227266
1778227271
1778227276
1778227281
1778227287
1778227292
1778227297
1778227302
1778227307
1778227312
1778227317
1778227322
1778227327
1778227332
1778227337
1778227342
1778227347
1778227352
1778227358
1778227363
1778227368
1778227373
1778227378
1778227383
1778227388
1778227393
1778227398
1778227403
1778227408
1778227413
1778227419
1778227424
1778227429
1778227434
1778227439
1778227444
1778227449
1778227454
1778227459
1778227464
1778227469
1778227474
1778227479
1778227485
1778227490
1778227495
1778227500
1778227505
1778227510
1778227515
1778227520
1778227525
1778227530
1778227535
1778227540
1778227546
1778227551
1778227556
1778227561
1778227566
1778227571
1778227576
1778227581
1778227586
1778227591
1778227596
1778227601
1778227607
1778227612
1778227617
1778227622
1778227627
1778227632
1778227637
1778227642
1778227647
1778227652
1778227657
1778227662
1778227668
1778227673
1778227678
1778227683
1778227688
1778227693
1778227698
1778227703
1778227708
1778227713
1778227718
1778227723
1778227728
1778227734
1778227739
1778227744
1778227749
1778227754
1778227759
1778227764
1778227769
1778227774
1778227779
1778227784
1778227789
1778227794
1778227800
1778227805
1778227810
1778227815
1778227820
1778227825
1778227830
1778227835
1778227840
1778227845
1778227850
1778227855
1778227861
1778227866
1778227871
1778227876
1778227881
1778227886
1778227891
1778227896
1778227901
1778227906
1778227911
1778227916
1778227922
1778227927
1778227932
1778227937
1778227942
1778227947
1778227952
1778227957
1778227962
1778227967
1778227972
1778227977
1778227982
1778227988
1778227993
1778227998
1778228003
1778228008
1778228013
1778228018
1778228023
1778228028
1778228033
1778228038
1778228043
1778228049
1778228054
1778228059
1778228064
1778228069
1778228074
1778228079
1778228084
1778228089
1778228094
1778228099
1778228104
1778228110
1778228115
1778228120
1778228125
1778228130
1778228135
1778228140
1778228145
1778228150
1778228155
1778228160
1778228165
1778228170
1778228175
1778228180
1778228185
1778228191
1778228196
1778228201
1778228206
1778228211
1778228216
1778228221
1778228226
1778228231
1778228237
1778228242
1778228247
1778228252
1778228257
1778228262
1778228268
1778228273
1778228278
1778228283
1778228288
1778228293
1778228298
1778228304
1778228309
1778228314
1778228319
1778228324
1778228330
1778228335
mqtt-broker-58977c7947-v6qcl   1/1   Running   0     3s
1778228340
mqtt-broker-58977c7947-v6qcl   1/1   Running   0     8s
1778228345
mqtt-broker-58977c7947-v6qcl   1/1   Running   0     13s
1778228350
mqtt-broker-58977c7947-v6qcl   1/1   Running   0     18s
1778228355
mqtt-broker-58977c7947-v6qcl   1/1   Running   0     23s
1778228360
mqtt-broker-58977c7947-v6qcl   1/1   Running   0     29s
1778228366
mqtt-broker-58977c7947-v6qcl   1/1   Running   0     34s
1778228371
mqtt-broker-58977c7947-v6qcl   1/1   Running   0     39s
1778228376
mqtt-broker-58977c7947-v6qcl   1/1   Running   0     44s
1778228381
mqtt-broker-58977c7947-v6qcl   1/1   Running   0     49s
1778228386
mqtt-broker-58977c7947-8pq2j   1/1   Running   0     4s
mqtt-broker-58977c7947-v6qcl   1/1   Running   0     54s
1778228391
mqtt-broker-58977c7947-8pq2j   1/1   Running   0     9s
mqtt-broker-58977c7947-v6qcl   1/1   Running   0     59s
1778228396
mqtt-broker-58977c7947-8pq2j   1/1   Running   0     14s
mqtt-broker-58977c7947-v6qcl   1/1   Running   0     64s
1778228401
mqtt-broker-58977c7947-8pq2j   1/1   Running   0     20s
mqtt-broker-58977c7947-ltksm   1/1   Running   0     5s
mqtt-broker-58977c7947-v6qcl   1/1   Running   0     70s
1778228407
mqtt-broker-58977c7947-8pq2j   1/1   Running   0     25s
mqtt-broker-58977c7947-ltksm   1/1   Running   0     10s
mqtt-broker-58977c7947-v6qcl   1/1   Running   0     75s
1778228412
mqtt-broker-58977c7947-8pq2j   1/1   Running   0     30s
mqtt-broker-58977c7947-ltksm   1/1   Running   0     15s
mqtt-broker-58977c7947-v6qcl   1/1   Running   0     80s
1778228417
mqtt-broker-58977c7947-8pq2j   1/1   Running   0     35s
mqtt-broker-58977c7947-ltksm   1/1   Running   0     20s
mqtt-broker-58977c7947-v6qcl   1/1   Running   0     85s
1778228422
mqtt-broker-58977c7947-8pq2j   1/1   Running   0     40s
mqtt-broker-58977c7947-ltksm   1/1   Running   0     25s
mqtt-broker-58977c7947-v6qcl   1/1   Running   0     90s
1778228427
mqtt-broker-58977c7947-8pq2j   1/1   Running   0     45s
mqtt-broker-58977c7947-ltksm   1/1   Running   0     30s
mqtt-broker-58977c7947-v6qcl   1/1   Running   0     95s
1778228432
mqtt-broker-58977c7947-8pq2j   1/1   Running   0     51s
mqtt-broker-58977c7947-ltksm   1/1   Running   0     36s
mqtt-broker-58977c7947-v6qcl   1/1   Running   0     101s
1778228438
mqtt-broker-58977c7947-8pq2j   1/1   Running   0     56s
mqtt-broker-58977c7947-ltksm   1/1   Running   0     41s
mqtt-broker-58977c7947-v6qcl   1/1   Running   0     106s
1778228443
mqtt-broker-58977c7947-8pq2j   1/1   Running   0     61s
mqtt-broker-58977c7947-ltksm   1/1   Running   0     46s
mqtt-broker-58977c7947-v6qcl   1/1   Running   0     111s
1778228448
mqtt-broker-58977c7947-8pq2j   1/1   Running   0     66s
mqtt-broker-58977c7947-ltksm   1/1   Running   0     51s
mqtt-broker-58977c7947-v6qcl   1/1   Running   0     116s
1778228453
mqtt-broker-58977c7947-8pq2j   1/1   Running   0     72s
mqtt-broker-58977c7947-ltksm   1/1   Running   0     57s
mqtt-broker-58977c7947-v6qcl   1/1   Running   0     2m2s
1778228459
mqtt-broker-58977c7947-8pq2j   1/1   Running   0     77s
mqtt-broker-58977c7947-ltksm   1/1   Running   0     62s
mqtt-broker-58977c7947-v6qcl   1/1   Running   0     2m7s
1778228464
mqtt-broker-58977c7947-8pq2j   1/1   Running   0     82s
mqtt-broker-58977c7947-ltksm   1/1   Running   0     67s
mqtt-broker-58977c7947-v6qcl   1/1   Running   0     2m12s
1778228469
mqtt-broker-58977c7947-8pq2j   1/1   Running   0     87s
mqtt-broker-58977c7947-ltksm   1/1   Running   0     72s
mqtt-broker-58977c7947-v6qcl   1/1   Running   0     2m17s
1778228474
mqtt-broker-58977c7947-8pq2j   1/1   Running   0     92s
mqtt-broker-58977c7947-ltksm   1/1   Running   0     77s
mqtt-broker-58977c7947-v6qcl   1/1   Running   0     2m22s
1778228479
mqtt-broker-58977c7947-8pq2j   1/1   Running   0     98s
mqtt-broker-58977c7947-ltksm   1/1   Running   0     83s
mqtt-broker-58977c7947-v6qcl   1/1   Running   0     2m28s
1778228485
mqtt-broker-58977c7947-8pq2j   1/1   Running   0     103s
mqtt-broker-58977c7947-ltksm   1/1   Running   0     88s
mqtt-broker-58977c7947-v6qcl   1/1   Running   0     2m33s
1778228490
mqtt-broker-58977c7947-8pq2j   1/1   Running   0     108s
mqtt-broker-58977c7947-ltksm   1/1   Running   0     93s
mqtt-broker-58977c7947-v6qcl   1/1   Running   0     2m38s
1778228495
mqtt-broker-58977c7947-8pq2j   1/1   Running   0     113s
mqtt-broker-58977c7947-ltksm   1/1   Running   0     98s
mqtt-broker-58977c7947-v6qcl   1/1   Running   0     2m43s
1778228500
mqtt-broker-58977c7947-8pq2j   1/1   Running   0     118s
mqtt-broker-58977c7947-ltksm   1/1   Running   0     103s
mqtt-broker-58977c7947-v6qcl   1/1   Running   0     2m48s
1778228505
mqtt-broker-58977c7947-8pq2j   1/1   Running   0     2m4s
mqtt-broker-58977c7947-ltksm   1/1   Running   0     109s
mqtt-broker-58977c7947-v6qcl   1/1   Running   0     2m54s
1778228511
mqtt-broker-58977c7947-8pq2j   1/1   Running   0     2m9s
mqtt-broker-58977c7947-ltksm   1/1   Running   0     114s
mqtt-broker-58977c7947-v6qcl   1/1   Running   0     2m59s
1778228516
mqtt-broker-58977c7947-8pq2j   1/1   Running   0     2m14s
mqtt-broker-58977c7947-ltksm   1/1   Running   0     119s
mqtt-broker-58977c7947-v6qcl   1/1   Running   0     3m4s
1778228521
mqtt-broker-58977c7947-8pq2j   1/1   Running   0     2m19s
mqtt-broker-58977c7947-ltksm   1/1   Running   0     2m4s
mqtt-broker-58977c7947-v6qcl   1/1   Running   0     3m9s
1778228526
mqtt-broker-58977c7947-8pq2j   1/1   Running   0     2m25s
mqtt-broker-58977c7947-ltksm   1/1   Running   0     2m10s
mqtt-broker-58977c7947-v6qcl   1/1   Running   0     3m15s
1778228532
mqtt-broker-58977c7947-8pq2j   1/1   Running   0     2m30s
mqtt-broker-58977c7947-ltksm   1/1   Running   0     2m15s
mqtt-broker-58977c7947-v6qcl   1/1   Running   0     3m20s
1778228537
mqtt-broker-58977c7947-8pq2j   1/1   Running   0     2m35s
mqtt-broker-58977c7947-ltksm   1/1   Running   0     2m20s
mqtt-broker-58977c7947-v6qcl   1/1   Running   0     3m25s
1778228542
mqtt-broker-58977c7947-8pq2j   1/1   Running   0     2m40s
mqtt-broker-58977c7947-ltksm   1/1   Running   0     2m25s
mqtt-broker-58977c7947-v6qcl   1/1   Running   0     3m30s
1778228547
mqtt-broker-58977c7947-8pq2j   1/1   Running   0     2m45s
mqtt-broker-58977c7947-ltksm   1/1   Running   0     2m30s
mqtt-broker-58977c7947-v6qcl   1/1   Running   0     3m35s
1778228552
mqtt-broker-58977c7947-8pq2j   1/1   Running   0     2m51s
mqtt-broker-58977c7947-ltksm   1/1   Running   0     2m36s
mqtt-broker-58977c7947-v6qcl   1/1   Running   0     3m41s
1778228558
mqtt-broker-58977c7947-8pq2j   1/1   Running   0     2m56s
mqtt-broker-58977c7947-ltksm   1/1   Running   0     2m41s
mqtt-broker-58977c7947-v6qcl   1/1   Running   0     3m46s
1778228563
mqtt-broker-58977c7947-8pq2j   1/1   Running   0     3m1s
mqtt-broker-58977c7947-ltksm   1/1   Running   0     2m46s
mqtt-broker-58977c7947-v6qcl   1/1   Running   0     3m51s
1778228568
mqtt-broker-58977c7947-8pq2j   1/1   Running   0     3m6s
mqtt-broker-58977c7947-ltksm   1/1   Running   0     2m51s
mqtt-broker-58977c7947-v6qcl   1/1   Running   0     3m56s
1778228573
mqtt-broker-58977c7947-8pq2j   1/1   Running   0     3m11s
mqtt-broker-58977c7947-ltksm   1/1   Running   0     2m56s
mqtt-broker-58977c7947-v6qcl   1/1   Running   0     4m1s
1778228578
mqtt-broker-58977c7947-8pq2j   1/1   Running   0     3m17s
mqtt-broker-58977c7947-ltksm   1/1   Running   0     3m2s
mqtt-broker-58977c7947-v6qcl   1/1   Running   0     4m7s
1778228584
mqtt-broker-58977c7947-8pq2j   1/1   Running   0     3m22s
mqtt-broker-58977c7947-ltksm   1/1   Running   0     3m7s
mqtt-broker-58977c7947-v6qcl   1/1   Running   0     4m12s
1778228589
mqtt-broker-58977c7947-8pq2j   1/1   Running   0     3m27s
mqtt-broker-58977c7947-ltksm   1/1   Running   0     3m12s
mqtt-broker-58977c7947-v6qcl   1/1   Running   0     4m17s
1778228594
mqtt-broker-58977c7947-8pq2j   1/1   Running   0     3m32s
mqtt-broker-58977c7947-ltksm   1/1   Running   0     3m17s
mqtt-broker-58977c7947-v6qcl   1/1   Running   0     4m22s
1778228599
mqtt-broker-58977c7947-8pq2j   1/1   Running   0     3m37s
mqtt-broker-58977c7947-ltksm   1/1   Running   0     3m22s
mqtt-broker-58977c7947-v6qcl   1/1   Running   0     4m27s
1778228604
mqtt-broker-58977c7947-8pq2j   1/1   Running   0     3m43s
mqtt-broker-58977c7947-ltksm   1/1   Running   0     3m28s
mqtt-broker-58977c7947-v6qcl   1/1   Running   0     4m33s
1778228610
mqtt-broker-58977c7947-8pq2j   1/1   Running   0     3m48s
mqtt-broker-58977c7947-ltksm   1/1   Running   0     3m33s
mqtt-broker-58977c7947-v6qcl   1/1   Running   0     4m38s
1778228615
mqtt-broker-58977c7947-8pq2j   1/1   Running   0     3m53s
mqtt-broker-58977c7947-ltksm   1/1   Running   0     3m38s
mqtt-broker-58977c7947-v6qcl   1/1   Running   0     4m43s
1778228620
mqtt-broker-58977c7947-8pq2j   1/1   Running   0     3m58s
mqtt-broker-58977c7947-ltksm   1/1   Running   0     3m43s
mqtt-broker-58977c7947-v6qcl   1/1   Running   0     4m48s
1778228625
mqtt-broker-58977c7947-8pq2j   1/1   Running   0     4m4s
mqtt-broker-58977c7947-ltksm   1/1   Running   0     3m49s
mqtt-broker-58977c7947-v6qcl   1/1   Running   0     4m54s
1778228631
mqtt-broker-58977c7947-8pq2j   1/1   Running   0     4m9s
mqtt-broker-58977c7947-ltksm   1/1   Running   0     3m54s
mqtt-broker-58977c7947-v6qcl   1/1   Running   0     4m59s
1778228636
mqtt-broker-58977c7947-8pq2j   1/1   Running   0     4m14s
mqtt-broker-58977c7947-ltksm   1/1   Running   0     3m59s
mqtt-broker-58977c7947-v6qcl   1/1   Running   0     5m4s
1778228641
mqtt-broker-58977c7947-8pq2j   1/1   Running   0     4m19s
mqtt-broker-58977c7947-ltksm   1/1   Running   0     4m4s
mqtt-broker-58977c7947-v6qcl   1/1   Running   0     5m9s
1778228646
mqtt-broker-58977c7947-8pq2j   1/1   Running   0     4m24s
mqtt-broker-58977c7947-ltksm   1/1   Running   0     4m9s
mqtt-broker-58977c7947-v6qcl   1/1   Running   0     5m14s
1778228651
mqtt-broker-58977c7947-8pq2j   1/1   Running   0     4m30s
mqtt-broker-58977c7947-ltksm   1/1   Running   0     4m15s
mqtt-broker-58977c7947-v6qcl   1/1   Running   0     5m20s
1778228657
mqtt-broker-58977c7947-8pq2j   1/1   Running   0     4m35s
mqtt-broker-58977c7947-ltksm   1/1   Running   0     4m20s
mqtt-broker-58977c7947-v6qcl   1/1   Running   0     5m25s
1778228662
mqtt-broker-58977c7947-8pq2j   1/1   Running   0     4m40s
mqtt-broker-58977c7947-ltksm   1/1   Running   0     4m25s
mqtt-broker-58977c7947-v6qcl   1/1   Running   0     5m30s
1778228667
mqtt-broker-58977c7947-8pq2j   1/1   Running   0     4m45s
mqtt-broker-58977c7947-ltksm   1/1   Running   0     4m30s
mqtt-broker-58977c7947-v6qcl   1/1   Running   0     5m35s
1778228672
mqtt-broker-58977c7947-8pq2j   1/1   Running   0     4m50s
mqtt-broker-58977c7947-ltksm   1/1   Running   0     4m35s
mqtt-broker-58977c7947-v6qcl   1/1   Running   0     5m40s
1778228677
mqtt-broker-58977c7947-8pq2j   1/1   Running   0     4m56s
mqtt-broker-58977c7947-ltksm   1/1   Running   0     4m41s
mqtt-broker-58977c7947-v6qcl   1/1   Running   0     5m46s
1778228683
mqtt-broker-58977c7947-8pq2j   1/1   Running   0     5m1s
mqtt-broker-58977c7947-ltksm   1/1   Running   0     4m46s
mqtt-broker-58977c7947-v6qcl   1/1   Running   0     5m51s
1778228688
mqtt-broker-58977c7947-8pq2j   1/1   Running   0     5m6s
mqtt-broker-58977c7947-ltksm   1/1   Running   0     4m51s
mqtt-broker-58977c7947-v6qcl   1/1   Running   0     5m56s
1778228693
mqtt-broker-58977c7947-8pq2j   1/1   Running   0     5m11s
mqtt-broker-58977c7947-ltksm   1/1   Running   0     4m56s
mqtt-broker-58977c7947-v6qcl   1/1   Running   0     6m1s
1778228698
mqtt-broker-58977c7947-8pq2j   1/1   Running   0     5m16s
mqtt-broker-58977c7947-ltksm   1/1   Running   0     5m1s
mqtt-broker-58977c7947-v6qcl   1/1   Running   0     6m6s
1778228703
mqtt-broker-58977c7947-8pq2j   1/1   Running   0     5m22s
mqtt-broker-58977c7947-ltksm   1/1   Running   0     5m7s
mqtt-broker-58977c7947-v6qcl   1/1   Running   0     6m12s
1778228709
mqtt-broker-58977c7947-8pq2j   1/1   Running   0     5m27s
mqtt-broker-58977c7947-ltksm   1/1   Running   0     5m12s
mqtt-broker-58977c7947-v6qcl   1/1   Running   0     6m17s
1778228714
mqtt-broker-58977c7947-8pq2j   1/1   Running   0     5m32s
mqtt-broker-58977c7947-ltksm   1/1   Running   0     5m17s
mqtt-broker-58977c7947-v6qcl   1/1   Running   0     6m22s
1778228719
mqtt-broker-58977c7947-8pq2j   1/1   Running   0     5m37s
mqtt-broker-58977c7947-ltksm   1/1   Running   0     5m22s
mqtt-broker-58977c7947-v6qcl   1/1   Running   0     6m27s
1778228724
mqtt-broker-58977c7947-8pq2j   1/1   Running   0     5m42s
mqtt-broker-58977c7947-ltksm   1/1   Running   0     5m27s
mqtt-broker-58977c7947-v6qcl   1/1   Running   0     6m32s
1778228729
mqtt-broker-58977c7947-8pq2j   1/1   Running   0     5m48s
mqtt-broker-58977c7947-ltksm   1/1   Running   0     5m33s
mqtt-broker-58977c7947-v6qcl   1/1   Running   0     6m38s
1778228735
mqtt-broker-58977c7947-8pq2j   1/1   Running   0     5m53s
mqtt-broker-58977c7947-ltksm   1/1   Running   0     5m38s
mqtt-broker-58977c7947-v6qcl   1/1   Running   0     6m43s
1778228740
mqtt-broker-58977c7947-8pq2j   1/1   Running   0     5m58s
mqtt-broker-58977c7947-ltksm   1/1   Running   0     5m43s
mqtt-broker-58977c7947-v6qcl   1/1   Running   0     6m48s
1778228745
mqtt-broker-58977c7947-8pq2j   1/1   Running   0     6m3s
mqtt-broker-58977c7947-ltksm   1/1   Running   0     5m48s
mqtt-broker-58977c7947-v6qcl   1/1   Running   0     6m53s
1778228750
mqtt-broker-58977c7947-8pq2j   1/1   Running   0     6m8s
mqtt-broker-58977c7947-ltksm   1/1   Running   0     5m53s
mqtt-broker-58977c7947-v6qcl   1/1   Running   0     6m58s
1778228755
mqtt-broker-58977c7947-8pq2j   1/1   Running   0     6m14s
mqtt-broker-58977c7947-ltksm   1/1   Running   0     5m59s
mqtt-broker-58977c7947-v6qcl   1/1   Running   0     7m4s
1778228761
mqtt-broker-58977c7947-8pq2j   1/1   Running   0     6m19s
mqtt-broker-58977c7947-ltksm   1/1   Running   0     6m4s
mqtt-broker-58977c7947-v6qcl   1/1   Running   0     7m9s
1778228766
mqtt-broker-58977c7947-8pq2j   1/1   Running   0     6m24s
mqtt-broker-58977c7947-ltksm   1/1   Running   0     6m9s
mqtt-broker-58977c7947-v6qcl   1/1   Running   0     7m14s
1778228771
mqtt-broker-58977c7947-8pq2j   1/1   Running   0     6m29s
mqtt-broker-58977c7947-ltksm   1/1   Running   0     6m14s
mqtt-broker-58977c7947-v6qcl   1/1   Running   0     7m19s
1778228776
mqtt-broker-58977c7947-8pq2j   1/1   Running   0     6m34s
mqtt-broker-58977c7947-ltksm   1/1   Running   0     6m19s
mqtt-broker-58977c7947-v6qcl   1/1   Running   0     7m24s
1778228781
mqtt-broker-58977c7947-8pq2j   1/1   Running   0     6m40s
mqtt-broker-58977c7947-ltksm   1/1   Running   0     6m25s
mqtt-broker-58977c7947-v6qcl   1/1   Running   0     7m30s
1778228787
mqtt-broker-58977c7947-8pq2j   1/1   Running   0     6m45s
mqtt-broker-58977c7947-ltksm   1/1   Running   0     6m30s
mqtt-broker-58977c7947-v6qcl   1/1   Running   0     7m35s
1778228792
mqtt-broker-58977c7947-8pq2j   1/1   Running   0     6m50s
mqtt-broker-58977c7947-ltksm   1/1   Running   0     6m35s
mqtt-broker-58977c7947-v6qcl   1/1   Running   0     7m40s
1778228797
mqtt-broker-58977c7947-8pq2j   1/1   Running   0     6m55s
mqtt-broker-58977c7947-ltksm   1/1   Running   0     6m40s
mqtt-broker-58977c7947-v6qcl   1/1   Running   0     7m45s
1778228802
mqtt-broker-58977c7947-8pq2j   1/1   Running   0     7m
mqtt-broker-58977c7947-ltksm   1/1   Running   0     6m45s
mqtt-broker-58977c7947-v6qcl   1/1   Running   0     7m50s
1778228807
mqtt-broker-58977c7947-8pq2j   1/1   Running   0     7m6s
mqtt-broker-58977c7947-ltksm   1/1   Running   0     6m51s
mqtt-broker-58977c7947-v6qcl   1/1   Running   0     7m56s
1778228813
mqtt-broker-58977c7947-8pq2j   1/1   Running   0     7m11s
mqtt-broker-58977c7947-ltksm   1/1   Running   0     6m56s
mqtt-broker-58977c7947-v6qcl   1/1   Running   0     8m1s
1778228818
mqtt-broker-58977c7947-8pq2j   1/1   Running   0     7m16s
mqtt-broker-58977c7947-ltksm   1/1   Running   0     7m1s
mqtt-broker-58977c7947-v6qcl   1/1   Running   0     8m6s
1778228823
mqtt-broker-58977c7947-8pq2j   1/1   Running   0     7m21s
mqtt-broker-58977c7947-ltksm   1/1   Running   0     7m6s
mqtt-broker-58977c7947-v6qcl   1/1   Running   0     8m11s
1778228828
mqtt-broker-58977c7947-8pq2j   1/1   Running   0     7m26s
mqtt-broker-58977c7947-ltksm   1/1   Running   0     7m11s
mqtt-broker-58977c7947-v6qcl   1/1   Running   0     8m16s
1778228833
mqtt-broker-58977c7947-8pq2j   1/1   Running   0     7m32s
mqtt-broker-58977c7947-ltksm   1/1   Running   0     7m17s
mqtt-broker-58977c7947-v6qcl   1/1   Running   0     8m22s
1778228839
mqtt-broker-58977c7947-8pq2j   1/1   Running   0     7m37s
mqtt-broker-58977c7947-ltksm   1/1   Running   0     7m22s
mqtt-broker-58977c7947-v6qcl   1/1   Running   0     8m27s
1778228844
mqtt-broker-58977c7947-8pq2j   1/1   Running   0     7m42s
mqtt-broker-58977c7947-ltksm   1/1   Running   0     7m27s
mqtt-broker-58977c7947-v6qcl   1/1   Running   0     8m32s
1778228849
mqtt-broker-58977c7947-8pq2j   1/1   Running   0     7m48s
mqtt-broker-58977c7947-ltksm   1/1   Running   0     7m33s
mqtt-broker-58977c7947-v6qcl   1/1   Running   0     8m38s
1778228855
mqtt-broker-58977c7947-8pq2j   1/1   Running   0     7m53s
mqtt-broker-58977c7947-ltksm   1/1   Running   0     7m38s
mqtt-broker-58977c7947-v6qcl   1/1   Running   0     8m43s
1778228860
mqtt-broker-58977c7947-8pq2j   1/1   Running   0     7m58s
mqtt-broker-58977c7947-ltksm   1/1   Running   0     7m43s
mqtt-broker-58977c7947-v6qcl   1/1   Running   0     8m48s
1778228865
mqtt-broker-58977c7947-8pq2j   1/1   Running   0     8m3s
mqtt-broker-58977c7947-ltksm   1/1   Running   0     7m48s
mqtt-broker-58977c7947-v6qcl   1/1   Running   0     8m53s
1778228870
mqtt-broker-58977c7947-8pq2j   1/1   Running   0     8m8s
mqtt-broker-58977c7947-ltksm   1/1   Running   0     7m53s
mqtt-broker-58977c7947-v6qcl   1/1   Running   0     8m58s
1778228875
mqtt-broker-58977c7947-8pq2j   1/1   Running   0     8m14s
mqtt-broker-58977c7947-ltksm   1/1   Running   0     7m59s
mqtt-broker-58977c7947-v6qcl   1/1   Running   0     9m4s
1778228881
mqtt-broker-58977c7947-8pq2j   1/1   Running   0     8m19s
mqtt-broker-58977c7947-ltksm   1/1   Running   0     8m4s
mqtt-broker-58977c7947-v6qcl   1/1   Running   0     9m9s
1778228886
mqtt-broker-58977c7947-8pq2j   1/1   Running   0     8m24s
mqtt-broker-58977c7947-ltksm   1/1   Running   0     8m9s
mqtt-broker-58977c7947-v6qcl   1/1   Running   0     9m14s
1778228891
mqtt-broker-58977c7947-8pq2j   1/1   Running   0     8m29s
mqtt-broker-58977c7947-ltksm   1/1   Running   0     8m14s
mqtt-broker-58977c7947-v6qcl   1/1   Running   0     9m19s
1778228896
mqtt-broker-58977c7947-8pq2j   1/1   Running   0     8m34s
mqtt-broker-58977c7947-ltksm   1/1   Running   0     8m19s
mqtt-broker-58977c7947-v6qcl   1/1   Running   0     9m24s
1778228901
mqtt-broker-58977c7947-8pq2j   1/1   Running   0     8m40s
mqtt-broker-58977c7947-ltksm   1/1   Running   0     8m25s
mqtt-broker-58977c7947-v6qcl   1/1   Running   0     9m30s
1778228907
mqtt-broker-58977c7947-8pq2j   1/1   Running   0     8m45s
mqtt-broker-58977c7947-ltksm   1/1   Running   0     8m30s
mqtt-broker-58977c7947-v6qcl   1/1   Running   0     9m35s
1778228912
mqtt-broker-58977c7947-8pq2j   1/1   Running   0     8m50s
mqtt-broker-58977c7947-ltksm   1/1   Running   0     8m35s
mqtt-broker-58977c7947-v6qcl   1/1   Running   0     9m40s
1778228917
mqtt-broker-58977c7947-8pq2j   1/1   Running   0     8m55s
mqtt-broker-58977c7947-ltksm   1/1   Running   0     8m40s
mqtt-broker-58977c7947-v6qcl   1/1   Running   0     9m45s
1778228922
mqtt-broker-58977c7947-8pq2j   1/1   Running   0     9m
mqtt-broker-58977c7947-ltksm   1/1   Running   0     8m45s
mqtt-broker-58977c7947-v6qcl   1/1   Running   0     9m50s
1778228927
mqtt-broker-58977c7947-8pq2j   1/1   Running   0     9m6s
mqtt-broker-58977c7947-ltksm   1/1   Running   0     8m51s
mqtt-broker-58977c7947-v6qcl   1/1   Running   0     9m56s
1778228933
mqtt-broker-58977c7947-8pq2j   1/1   Running   0     9m11s
mqtt-broker-58977c7947-ltksm   1/1   Running   0     8m56s
mqtt-broker-58977c7947-v6qcl   1/1   Running   0     10m
1778228938
mqtt-broker-58977c7947-8pq2j   1/1   Running   0     9m16s
mqtt-broker-58977c7947-ltksm   1/1   Running   0     9m1s
mqtt-broker-58977c7947-v6qcl   1/1   Running   0     10m
1778228943
mqtt-broker-58977c7947-8pq2j   1/1   Running   0     9m21s
mqtt-broker-58977c7947-ltksm   1/1   Running   0     9m6s
mqtt-broker-58977c7947-v6qcl   1/1   Running   0     10m
1778228948
mqtt-broker-58977c7947-8pq2j   1/1   Running   0     9m26s
mqtt-broker-58977c7947-ltksm   1/1   Running   0     9m11s
mqtt-broker-58977c7947-v6qcl   1/1   Running   0     10m
1778228953
mqtt-broker-58977c7947-8pq2j   1/1   Running   0     9m32s
mqtt-broker-58977c7947-ltksm   1/1   Running   0     9m17s
mqtt-broker-58977c7947-v6qcl   1/1   Running   0     10m
1778228959
mqtt-broker-58977c7947-8pq2j   1/1   Running   0     9m37s
mqtt-broker-58977c7947-ltksm   1/1   Running   0     9m22s
mqtt-broker-58977c7947-v6qcl   1/1   Running   0     10m
1778228964
mqtt-broker-58977c7947-8pq2j   1/1   Running   0     9m42s
mqtt-broker-58977c7947-ltksm   1/1   Running   0     9m27s
mqtt-broker-58977c7947-v6qcl   1/1   Running   0     10m
1778228969
mqtt-broker-58977c7947-8pq2j   1/1   Running   0     9m47s
mqtt-broker-58977c7947-ltksm   1/1   Running   0     9m32s
mqtt-broker-58977c7947-v6qcl   1/1   Running   0     10m
1778228974
mqtt-broker-58977c7947-8pq2j   1/1   Running   0     9m52s
mqtt-broker-58977c7947-ltksm   1/1   Running   0     9m37s
mqtt-broker-58977c7947-v6qcl   1/1   Running   0     10m
1778228979
mqtt-broker-58977c7947-8pq2j   1/1   Running   0     9m58s
mqtt-broker-58977c7947-ltksm   1/1   Running   0     9m43s
mqtt-broker-58977c7947-v6qcl   1/1   Running   0     10m
1778228985
mqtt-broker-58977c7947-8pq2j   1/1   Running   0     10m
mqtt-broker-58977c7947-ltksm   1/1   Running   0     9m48s
mqtt-broker-58977c7947-v6qcl   1/1   Running   0     10m
1778228990
mqtt-broker-58977c7947-8pq2j   1/1   Running   0     10m
mqtt-broker-58977c7947-ltksm   1/1   Running   0     9m53s
mqtt-broker-58977c7947-v6qcl   1/1   Running   0     10m
1778228995
mqtt-broker-58977c7947-8pq2j   1/1   Terminating   0     10m
mqtt-broker-58977c7947-ltksm   1/1   Running       0     9m58s
mqtt-broker-58977c7947-v6qcl   1/1   Running       0     11m
1778229000
mqtt-broker-58977c7947-8pq2j   1/1   Terminating   0     10m
mqtt-broker-58977c7947-ltksm   1/1   Terminating   0     10m
mqtt-broker-58977c7947-v6qcl   1/1   Running       0     11m
1778229005
mqtt-broker-58977c7947-8pq2j   1/1   Terminating   0     10m
mqtt-broker-58977c7947-ltksm   1/1   Terminating   0     10m
mqtt-broker-58977c7947-v6qcl   1/1   Running       0     11m
1778229011
mqtt-broker-58977c7947-8pq2j   1/1   Terminating   0     10m
mqtt-broker-58977c7947-ltksm   1/1   Terminating   0     10m
mqtt-broker-58977c7947-v6qcl   1/1   Running       0     11m
1778229016
mqtt-broker-58977c7947-8pq2j   1/1   Terminating   0     10m
mqtt-broker-58977c7947-ltksm   1/1   Terminating   0     10m
mqtt-broker-58977c7947-v6qcl   1/1   Running       0     11m
1778229021
mqtt-broker-58977c7947-8pq2j   1/1   Terminating   0     10m
mqtt-broker-58977c7947-ltksm   1/1   Terminating   0     10m
mqtt-broker-58977c7947-v6qcl   1/1   Running       0     11m
1778229026
mqtt-broker-58977c7947-8pq2j   1/1   Terminating   0     10m
mqtt-broker-58977c7947-ltksm   1/1   Terminating   0     10m
mqtt-broker-58977c7947-v6qcl   1/1   Running       0     11m
1778229031
mqtt-broker-58977c7947-8pq2j   1/1   Terminating   0     10m
mqtt-broker-58977c7947-ltksm   1/1   Terminating   0     10m
mqtt-broker-58977c7947-v6qcl   1/1   Running       0     11m
1778229036
mqtt-broker-58977c7947-8pq2j   1/1   Terminating   0     10m
mqtt-broker-58977c7947-ltksm   1/1   Terminating   0     10m
mqtt-broker-58977c7947-v6qcl   1/1   Running       0     11m
1778229042
mqtt-broker-58977c7947-8pq2j   1/1   Terminating   0     11m
mqtt-broker-58977c7947-ltksm   1/1   Terminating   0     10m
mqtt-broker-58977c7947-v6qcl   1/1   Running       0     11m
1778229047
mqtt-broker-58977c7947-8pq2j   1/1   Terminating   0     11m
mqtt-broker-58977c7947-ltksm   1/1   Terminating   0     10m
mqtt-broker-58977c7947-v6qcl   1/1   Running       0     11m
1778229052
mqtt-broker-58977c7947-8pq2j   1/1   Terminating   0     11m
mqtt-broker-58977c7947-ltksm   1/1   Terminating   0     10m
mqtt-broker-58977c7947-v6qcl   1/1   Running       0     12m
1778229057
mqtt-broker-58977c7947-ltksm   1/1   Terminating   0     11m
mqtt-broker-58977c7947-v6qcl   1/1   Running       0     12m
1778229063
mqtt-broker-58977c7947-v6qcl   1/1   Running   0     12m
1778229068
mqtt-broker-58977c7947-v6qcl   1/1   Running   0     12m
1778229073
mqtt-broker-58977c7947-v6qcl   1/1   Running   0     12m
1778229078
mqtt-broker-58977c7947-v6qcl   1/1   Running   0     12m
1778229083
mqtt-broker-58977c7947-v6qcl   1/1   Running   0     12m
1778229089
mqtt-broker-58977c7947-v6qcl   1/1   Running   0     12m
1778229094
mqtt-broker-58977c7947-v6qcl   1/1   Running   0     12m
1778229099
mqtt-broker-58977c7947-v6qcl   1/1   Running   0     12m
1778229104
mqtt-broker-58977c7947-v6qcl   1/1   Running   0     12m
1778229109
mqtt-broker-58977c7947-v6qcl   1/1   Running   0     12m
1778229115
mqtt-broker-58977c7947-v6qcl   1/1   Running   0     13m
1778229120
mqtt-broker-58977c7947-v6qcl   1/1   Running   0     13m
1778229125
mqtt-broker-58977c7947-v6qcl   1/1   Running   0     13m
1778229130
mqtt-broker-58977c7947-v6qcl   1/1   Running   0     13m
1778229135
mqtt-broker-58977c7947-v6qcl   1/1   Running   0     13m
1778229141
mqtt-broker-58977c7947-v6qcl   1/1   Running   0     13m
1778229146
mqtt-broker-58977c7947-v6qcl   1/1   Running   0     13m
1778229151
mqtt-broker-58977c7947-v6qcl   1/1   Running   0     13m
1778229156
mqtt-broker-58977c7947-v6qcl   1/1   Running   0     13m
1778229161
mqtt-broker-58977c7947-v6qcl   1/1   Running   0     13m
1778229166
mqtt-broker-58977c7947-v6qcl   1/1   Running   0     13m
1778229172
mqtt-broker-58977c7947-v6qcl   1/1   Running   0     14m
1778229177
mqtt-broker-58977c7947-v6qcl   1/1   Running   0     14m
1778229182
1778229187
1778229193
1778229198
1778229203
1778229208
1778229213
1778229218
1778229223
1778229228
1778229233
1778229238
1778229243
1778229248
1778229254
1778229259
1778229264
1778229269
1778229274
1778229279
1778229284
1778229289
1778229294
1778229299
1778229304
1778229309
1778229315
1778229320
1778229325
1778229330
1778229335
1778229340
1778229345
1778229350
1778229355
1778229360
1778229365
1778229370
1778229376
1778229381
1778229386
1778229391
1778229396
1778229401
1778229406
1778229411
1778229416
1778229421
1778229426
1778229431
1778229436
1778229442
1778229447
1778229452
1778229457
1778229462
1778229467
1778229472
1778229477
1778229482
1778229487
1778229492
1778229497
1778229502
1778229508
1778229513
1778229518
1778229523
1778229528
1778229533
1778229538
1778229543
1778229548
1778229553
1778229558
1778229563
1778229568
1778229574
1778229579
1778229584
1778229589
1778229594
1778229599
1778229604
1778229609
1778229614
1778229619
1778229624
1778229629
1778229635
1778229640
1778229645
1778229650
1778229655
1778229660
1778229665
1778229670
1778229675
1778229680
1778229685
1778229690
1778229695
1778229701
1778229706
1778229711
1778229716
1778229721
1778229726
1778229731
1778229736
1778229741
1778229746
1778229751
1778229756
1778229761
1778229767
1778229772
1778229777
1778229782
1778229787
1778229792
1778229797
1778229802
1778229807
1778229812
1778229817
1778229822
1778229827
1778229833
1778229838
1778229843
1778229848
1778229853
1778229858
1778229863
1778229868
1778229873
1778229878
1778229883
1778229888
1778229893
1778229899
1778229904
1778229909
1778229914
1778229919
1778229924
1778229929
1778229934
1778229939
1778229944
1778229949
1778229954
1778229960
1778229965
1778229970
1778229975
1778229980
1778229985
1778229990
1778229995
1778230000
1778230005
1778230010
1778230016
1778230021
1778230026
1778230031
1778230036
1778230041
1778230046
1778230051
1778230056
1778230061
1778230066
1778230072
1778230077
1778230082
1778230087
1778230092
1778230097
1778230102
1778230107
1778230112
1778230117
1778230122
1778230127
1778230132
1778230138
1778230143
1778230148
1778230153
1778230158
1778230163
1778230168
1778230173
1778230178
1778230183
1778230188
1778230193
1778230198
1778230204
1778230209
1778230214
1778230219
1778230224
1778230229
1778230234
1778230239
1778230244
1778230249
1778230254
1778230259
1778230264
1778230270
1778230275
1778230280
1778230285
1778230290
1778230295
1778230300
1778230305
1778230310
1778230315
1778230320
1778230325
1778230330
1778230336
1778230341
1778230346
1778230351
1778230356
1778230361
1778230366
1778230371
1778230376
1778230381
1778230386
1778230391
1778230396
1778230402
1778230407
1778230412
1778230417
1778230422
1778230427
1778230432
1778230437
1778230442
1778230447
1778230452
1778230457
1778230463
1778230468
1778230473
1778230478
1778230483
1778230488
1778230493
1778230498
1778230503
1778230508
1778230513
1778230518
1778230523
1778230529
1778230534
1778230539
1778230544
1778230549
1778230554
1778230559
1778230564
1778230569
1778230574
1778230579
1778230585
1778230590
1778230595
1778230600
1778230605
1778230610
1778230615
1778230620
1778230625
1778230630
1778230635
1778230640
1778230646
1778230651
1778230656
1778230661
1778230666
1778230671
1778230676
1778230681
1778230686
1778230691
1778230696
1778230701
1778230706
1778230711
1778230716
1778230721
1778230726
1778230732
1778230737
1778230742
1778230747
1778230752
1778230757
1778230762
1778230767
1778230772
1778230777
1778230782
1778230787
1778230792
1778230798
1778230803
1778230808
1778230813
1778230818
1778230823
1778230828
1778230833
1778230838
1778230843
1778230848
1778230853
1778230858
1778230864
1778230869
1778230874
1778230879
1778230884
1778230889
1778230894
1778230899
1778230904
1778230909
1778230914
1778230919
1778230924
1778230930
1778230935
1778230940
1778230945
1778230950
1778230955
1778230960
1778230965
1778230970
1778230975
1778230980
1778230985
1778230990
1778230995
1778231001
1778231006
1778231011
1778231016
1778231021
1778231026
1778231031
1778231036
1778231041
1778231046
1778231051
1778231056
1778231061
1778231067
1778231072
1778231077
1778231082
1778231087
1778231092
1778231097
1778231102
1778231107
1778231112
1778231117
1778231122
1778231127
1778231133
1778231138
1778231143
1778231148
1778231153
1778231158
1778231163
1778231168
1778231173
1778231178
1778231183
1778231189
1778231194
1778231199
1778231204
1778231209
1778231214
1778231219
1778231224
1778231229
1778231234
1778231240
1778231245
1778231250
1778231255
1778231260
1778231265
1778231270
1778231275
1778231280
1778231286
1778231291
1778231296
1778231301
1778231306
1778231311
1778231316
1778231321
1778231326
1778231331
1778231336
1778231341
1778231347
1778231352
1778231357
1778231362
1778231367
1778231372
1778231377
1778231382
1778231387
1778231392
1778231397
1778231402
1778231407
1778231413
1778231418
1778231423
1778231428
1778231433
1778231438
1778231443
1778231448
1778231453
1778231458
1778231463
1778231468
1778231474
1778231479
1778231484
1778231489
1778231494
1778231499
1778231504
1778231509
1778231514
1778231519
1778231524
1778231529
1778231535
1778231540
1778231545
1778231550
1778231555
1778231560
1778231565
1778231570
1778231575
1778231580
1778231585
1778231590
1778231596
1778231601
1778231606
1778231611
1778231616
1778231621
1778231626
1778231631
1778231636
1778231641
1778231646
1778231652
1778231657
1778231662
1778231667
1778231672
1778231677
1778231682
1778231687
1778231692
1778231697
1778231702
1778231707
1778231713
1778231718
1778231723
1778231728
1778231733
1778231738
1778231743
1778231748
1778231753
1778231758
1778231763
1778231769
1778231774
1778231779
1778231784
1778231789
1778231794
1778231799
1778231804
1778231809
1778231814
1778231819
1778231825
1778231830
1778231835
1778231840
1778231845
1778231850
1778231855
1778231860
1778231865
1778231870
1778231875
1778231880
1778231886
1778231891
1778231896
1778231901
1778231906
1778231911
1778231916
1778231921
1778231926
1778231931
1778231936
1778231942
1778231947
1778231952
1778231957
1778231962
1778231967
1778231972
1778231977
1778231982
1778231987
1778231992
1778231997
1778232003
1778232008
1778232013
1778232018
1778232023
1778232028
1778232033
1778232038
1778232043
1778232048
1778232053
1778232058
1778232064
1778232069
1778232074
1778232079
1778232084
1778232089
1778232094
1778232099
1778232104
1778232109
1778232114
1778232119
1778232124
1778232130
1778232135
1778232140
1778232145
1778232150
1778232155
1778232160
1778232165
1778232170
1778232175
1778232180
1778232186
1778232191
1778232196
1778232201
1778232206
1778232211
1778232216
1778232221
1778232226
1778232231
1778232236
1778232242
1778232247
1778232252
1778232257
1778232262
1778232267
1778232272
1778232277
1778232282
1778232288
1778232293
1778232298
1778232303
1778232308
1778232313
1778232318
1778232323
1778232328
1778232333
1778232338
1778232343
1778232348
1778232353
1778232358
1778232363
1778232368
1778232374
1778232379
1778232384
1778232389
1778232394
1778232399
1778232404
1778232409
1778232414
1778232419
1778232424
1778232429
1778232434
1778232440
1778232445
1778232450
1778232455
1778232460
1778232465
1778232470
1778232475
1778232480
1778232485
1778232490
1778232495
1778232501
1778232506
1778232511
1778232516
1778232521
1778232526
1778232531
1778232536
1778232541
1778232546
1778232551
1778232557
1778232562
1778232567
1778232572
1778232577
1778232582
1778232587
1778232592
1778232597
1778232602
1778232607
1778232612
1778232618
1778232623
1778232628
1778232633
1778232638
1778232643
1778232648
1778232653
1778232658
1778232663
1778232668
1778232673
1778232678
1778232684
1778232689
1778232694
1778232699
1778232704
1778232709
1778232714
1778232719
1778232724
1778232729
1778232734
1778232740
1778232745
1778232750
1778232755
1778232760
1778232765
1778232770
1778232775
1778232780
1778232785
1778232790
1778232795
1778232801
1778232806
1778232811
1778232816
1778232821
1778232826
1778232831
1778232836
1778232841
1778232846
1778232851
1778232856
1778232861
1778232867
1778232872
1778232877
1778232882
1778232887
1778232892
1778232897
1778232902
1778232907
1778232913
1778232918
1778232923
1778232928
1778232933
1778232938
1778232943
1778232948
1778232953
1778232958
1778232963
1778232968
1778232973
1778232979
1778232984
1778232989
1778232994
1778232999
1778233004
1778233009
1778233014
1778233019
1778233024
1778233029
1778233034
1778233039
1778233045
1778233050
1778233055
1778233060
1778233065
1778233070
1778233075
1778233080
1778233085
1778233090
1778233095
1778233100
1778233106
1778233111
1778233116
1778233121
1778233126
1778233131
1778233136
1778233141
1778233146
1778233151
1778233156
1778233162
1778233167
1778233172
1778233177
1778233182
1778233187
1778233192
1778233197
1778233202
1778233207
1778233212
1778233217
1778233222
1778233228
1778233233
1778233238
1778233243
1778233248
1778233253
1778233258
1778233263
1778233268
1778233273
1778233278
1778233283
1778233289
1778233294
1778233299
1778233304
1778233309
1778233314
1778233319
1778233324
1778233329
1778233335
1778233340
1778233345
1778233350
1778233355
1778233360
1778233365
1778233370
1778233375
1778233380
1778233385
1778233390
1778233395
1778233400
1778233406
1778233411
1778233416
1778233421
1778233426
1778233431
1778233436
1778233441
1778233446
1778233451
1778233456
1778233461
1778233466
1778233471
1778233476
1778233481
1778233486
1778233491
1778233496
1778233502
1778233507
1778233512
1778233517
1778233522
1778233527
1778233532
1778233537
1778233542
1778233547
1778233552
1778233557
1778233562
1778233567
1778233572
1778233578
1778233583
1778233588
1778233593
1778233598
1778233603
1778233608
1778233613
1778233618
1778233623
1778233628
1778233633
1778233638
1778233643
1778233648
1778233654
1778233659
1778233664
1778233669
1778233674
1778233679
1778233685
1778233690
1778233695
1778233700
1778233705
1778233710
1778233715
1778233720
1778233725
1778233730
1778233735
1778233740
1778233746
1778233751
1778233756
1778233761
1778233766
1778233771
1778233776
1778233781
1778233786
1778233791
1778233796
1778233801
1778233806
1778233811
1778233816
1778233821
1778233826
1778233832
1778233837
1778233842
1778233847
1778233852
1778233857
1778233862
1778233867
1778233872
1778233877
1778233882
1778233887
1778233892
1778233897
1778233903
1778233908
1778233913
1778233918
1778233923
1778233929
1778233934
1778233939
1778233944
1778233949
1778233954
1778233959
1778233964
1778233970
1778233975
1778233980
1778233985
1778233990
1778233995
1778234000
1778234006
1778234011
1778234016
1778234021
1778234026
mqtt-broker-58977c7947-tszbt   1/1   Running   0     1s
1778234031
mqtt-broker-58977c7947-tszbt   1/1   Running   0     7s
1778234037
mqtt-broker-58977c7947-tszbt   1/1   Running   0     12s
1778234042
mqtt-broker-58977c7947-tszbt   1/1   Running   0     17s
1778234047
mqtt-broker-58977c7947-tszbt   1/1   Running   0     22s
1778234052
mqtt-broker-58977c7947-tszbt   1/1   Running   0     27s
1778234057
mqtt-broker-58977c7947-tszbt   1/1   Running   0     32s
1778234062
mqtt-broker-58977c7947-tszbt   1/1   Running   0     37s
1778234067
mqtt-broker-58977c7947-tszbt   1/1   Running   0     43s
1778234073
mqtt-broker-58977c7947-mpq8z   1/1   Running   0     2s
mqtt-broker-58977c7947-tszbt   1/1   Running   0     48s
1778234078
mqtt-broker-58977c7947-mpq8z   1/1   Running   0     7s
mqtt-broker-58977c7947-tszbt   1/1   Running   0     53s
1778234083
mqtt-broker-58977c7947-mpq8z   1/1   Running   0     12s
mqtt-broker-58977c7947-tszbt   1/1   Running   0     58s
1778234088
mqtt-broker-58977c7947-c24gj   1/1   Running   0     2s
mqtt-broker-58977c7947-mpq8z   1/1   Running   0     17s
mqtt-broker-58977c7947-tszbt   1/1   Running   0     63s
1778234093
mqtt-broker-58977c7947-c24gj   1/1   Running   0     7s
mqtt-broker-58977c7947-mpq8z   1/1   Running   0     22s
mqtt-broker-58977c7947-tszbt   1/1   Running   0     68s
1778234098
mqtt-broker-58977c7947-c24gj   1/1   Running   0     12s
mqtt-broker-58977c7947-mpq8z   1/1   Running   0     27s
mqtt-broker-58977c7947-tszbt   1/1   Running   0     73s
1778234103
mqtt-broker-58977c7947-c24gj   1/1   Running   0     18s
mqtt-broker-58977c7947-mpq8z   1/1   Running   0     33s
mqtt-broker-58977c7947-tszbt   1/1   Running   0     79s
1778234109
mqtt-broker-58977c7947-c24gj   1/1   Running   0     23s
mqtt-broker-58977c7947-mpq8z   1/1   Running   0     38s
mqtt-broker-58977c7947-tszbt   1/1   Running   0     84s
1778234114
mqtt-broker-58977c7947-c24gj   1/1   Running   0     28s
mqtt-broker-58977c7947-mpq8z   1/1   Running   0     43s
mqtt-broker-58977c7947-tszbt   1/1   Running   0     89s
1778234119
mqtt-broker-58977c7947-c24gj   1/1   Running   0     33s
mqtt-broker-58977c7947-mpq8z   1/1   Running   0     48s
mqtt-broker-58977c7947-tszbt   1/1   Running   0     94s
1778234124
mqtt-broker-58977c7947-c24gj   1/1   Running   0     38s
mqtt-broker-58977c7947-mpq8z   1/1   Running   0     53s
mqtt-broker-58977c7947-tszbt   1/1   Running   0     99s
1778234129
mqtt-broker-58977c7947-c24gj   1/1   Running   0     43s
mqtt-broker-58977c7947-mpq8z   1/1   Running   0     58s
mqtt-broker-58977c7947-tszbt   1/1   Running   0     104s
1778234134
mqtt-broker-58977c7947-c24gj   1/1   Running   0     48s
mqtt-broker-58977c7947-mpq8z   1/1   Running   0     63s
mqtt-broker-58977c7947-tszbt   1/1   Running   0     109s
1778234139
mqtt-broker-58977c7947-c24gj   1/1   Running   0     53s
mqtt-broker-58977c7947-mpq8z   1/1   Running   0     68s
mqtt-broker-58977c7947-tszbt   1/1   Running   0     114s
1778234144
mqtt-broker-58977c7947-c24gj   1/1   Running   0     59s
mqtt-broker-58977c7947-mpq8z   1/1   Running   0     74s
mqtt-broker-58977c7947-tszbt   1/1   Running   0     2m
1778234150
mqtt-broker-58977c7947-c24gj   1/1   Running   0     64s
mqtt-broker-58977c7947-mpq8z   1/1   Running   0     79s
mqtt-broker-58977c7947-tszbt   1/1   Running   0     2m5s
1778234155
mqtt-broker-58977c7947-c24gj   1/1   Running   0     69s
mqtt-broker-58977c7947-mpq8z   1/1   Running   0     84s
mqtt-broker-58977c7947-tszbt   1/1   Running   0     2m10s
1778234160
mqtt-broker-58977c7947-c24gj   1/1   Running   0     74s
mqtt-broker-58977c7947-mpq8z   1/1   Running   0     89s
mqtt-broker-58977c7947-tszbt   1/1   Running   0     2m15s
1778234165
mqtt-broker-58977c7947-c24gj   1/1   Running   0     79s
mqtt-broker-58977c7947-mpq8z   1/1   Running   0     94s
mqtt-broker-58977c7947-tszbt   1/1   Running   0     2m20s
1778234170
mqtt-broker-58977c7947-c24gj   1/1   Running   0     84s
mqtt-broker-58977c7947-mpq8z   1/1   Running   0     99s
mqtt-broker-58977c7947-tszbt   1/1   Running   0     2m25s
1778234175
mqtt-broker-58977c7947-c24gj   1/1   Running   0     89s
mqtt-broker-58977c7947-mpq8z   1/1   Running   0     104s
mqtt-broker-58977c7947-tszbt   1/1   Running   0     2m30s
1778234180
mqtt-broker-58977c7947-c24gj   1/1   Running   0     94s
mqtt-broker-58977c7947-mpq8z   1/1   Running   0     109s
mqtt-broker-58977c7947-tszbt   1/1   Running   0     2m35s
1778234185
mqtt-broker-58977c7947-c24gj   1/1   Running   0     100s
mqtt-broker-58977c7947-mpq8z   1/1   Running   0     115s
mqtt-broker-58977c7947-tszbt   1/1   Running   0     2m41s
1778234191
mqtt-broker-58977c7947-c24gj   1/1   Running   0     105s
mqtt-broker-58977c7947-mpq8z   1/1   Running   0     2m
mqtt-broker-58977c7947-tszbt   1/1   Running   0     2m46s
1778234196
mqtt-broker-58977c7947-c24gj   1/1   Running   0     110s
mqtt-broker-58977c7947-mpq8z   1/1   Running   0     2m5s
mqtt-broker-58977c7947-tszbt   1/1   Running   0     2m51s
1778234201
mqtt-broker-58977c7947-c24gj   1/1   Running   0     115s
mqtt-broker-58977c7947-mpq8z   1/1   Running   0     2m10s
mqtt-broker-58977c7947-tszbt   1/1   Running   0     2m56s
1778234206
mqtt-broker-58977c7947-c24gj   1/1   Running   0     2m
mqtt-broker-58977c7947-mpq8z   1/1   Running   0     2m15s
mqtt-broker-58977c7947-tszbt   1/1   Running   0     3m1s
1778234211
mqtt-broker-58977c7947-c24gj   1/1   Running   0     2m5s
mqtt-broker-58977c7947-mpq8z   1/1   Running   0     2m20s
mqtt-broker-58977c7947-tszbt   1/1   Running   0     3m6s
1778234216
mqtt-broker-58977c7947-c24gj   1/1   Running   0     2m10s
mqtt-broker-58977c7947-mpq8z   1/1   Running   0     2m25s
mqtt-broker-58977c7947-tszbt   1/1   Running   0     3m11s
1778234221
mqtt-broker-58977c7947-c24gj   1/1   Running   0     2m16s
mqtt-broker-58977c7947-mpq8z   1/1   Running   0     2m31s
mqtt-broker-58977c7947-tszbt   1/1   Running   0     3m17s
1778234227
mqtt-broker-58977c7947-c24gj   1/1   Running   0     2m21s
mqtt-broker-58977c7947-mpq8z   1/1   Running   0     2m36s
mqtt-broker-58977c7947-tszbt   1/1   Running   0     3m22s
1778234232
mqtt-broker-58977c7947-c24gj   1/1   Running   0     2m26s
mqtt-broker-58977c7947-mpq8z   1/1   Running   0     2m41s
mqtt-broker-58977c7947-tszbt   1/1   Running   0     3m27s
1778234237
mqtt-broker-58977c7947-c24gj   1/1   Running   0     2m31s
mqtt-broker-58977c7947-mpq8z   1/1   Running   0     2m46s
mqtt-broker-58977c7947-tszbt   1/1   Running   0     3m32s
1778234242
mqtt-broker-58977c7947-c24gj   1/1   Running   0     2m36s
mqtt-broker-58977c7947-mpq8z   1/1   Running   0     2m51s
mqtt-broker-58977c7947-tszbt   1/1   Running   0     3m37s
1778234247
mqtt-broker-58977c7947-c24gj   1/1   Running   0     2m41s
mqtt-broker-58977c7947-mpq8z   1/1   Running   0     2m56s
mqtt-broker-58977c7947-tszbt   1/1   Running   0     3m42s
1778234252
mqtt-broker-58977c7947-c24gj   1/1   Running   0     2m46s
mqtt-broker-58977c7947-mpq8z   1/1   Running   0     3m1s
mqtt-broker-58977c7947-tszbt   1/1   Running   0     3m47s
1778234257
mqtt-broker-58977c7947-c24gj   1/1   Running   0     2m51s
mqtt-broker-58977c7947-mpq8z   1/1   Running   0     3m6s
mqtt-broker-58977c7947-tszbt   1/1   Running   0     3m52s
1778234262
mqtt-broker-58977c7947-c24gj   1/1   Running   0     2m56s
mqtt-broker-58977c7947-mpq8z   1/1   Running   0     3m11s
mqtt-broker-58977c7947-tszbt   1/1   Running   0     3m57s
1778234267
mqtt-broker-58977c7947-c24gj   1/1   Running   0     3m2s
mqtt-broker-58977c7947-mpq8z   1/1   Running   0     3m17s
mqtt-broker-58977c7947-tszbt   1/1   Running   0     4m3s
1778234273
mqtt-broker-58977c7947-c24gj   1/1   Running   0     3m7s
mqtt-broker-58977c7947-mpq8z   1/1   Running   0     3m22s
mqtt-broker-58977c7947-tszbt   1/1   Running   0     4m8s
1778234278
mqtt-broker-58977c7947-c24gj   1/1   Running   0     3m12s
mqtt-broker-58977c7947-mpq8z   1/1   Running   0     3m27s
mqtt-broker-58977c7947-tszbt   1/1   Running   0     4m13s
1778234283
mqtt-broker-58977c7947-c24gj   1/1   Running   0     3m17s
mqtt-broker-58977c7947-mpq8z   1/1   Running   0     3m32s
mqtt-broker-58977c7947-tszbt   1/1   Running   0     4m18s
1778234288
mqtt-broker-58977c7947-c24gj   1/1   Running   0     3m22s
mqtt-broker-58977c7947-mpq8z   1/1   Running   0     3m37s
mqtt-broker-58977c7947-tszbt   1/1   Running   0     4m23s
1778234293
mqtt-broker-58977c7947-c24gj   1/1   Running   0     3m27s
mqtt-broker-58977c7947-mpq8z   1/1   Running   0     3m42s
mqtt-broker-58977c7947-tszbt   1/1   Running   0     4m28s
1778234298
mqtt-broker-58977c7947-c24gj   1/1   Running   0     3m32s
mqtt-broker-58977c7947-mpq8z   1/1   Running   0     3m47s
mqtt-broker-58977c7947-tszbt   1/1   Running   0     4m33s
1778234303
mqtt-broker-58977c7947-c24gj   1/1   Running   0     3m37s
mqtt-broker-58977c7947-mpq8z   1/1   Running   0     3m52s
mqtt-broker-58977c7947-tszbt   1/1   Running   0     4m38s
1778234308
mqtt-broker-58977c7947-c24gj   1/1   Running   0     3m43s
mqtt-broker-58977c7947-mpq8z   1/1   Running   0     3m58s
mqtt-broker-58977c7947-tszbt   1/1   Running   0     4m44s
1778234314
mqtt-broker-58977c7947-c24gj   1/1   Running   0     3m48s
mqtt-broker-58977c7947-mpq8z   1/1   Running   0     4m3s
mqtt-broker-58977c7947-tszbt   1/1   Running   0     4m49s
1778234319
mqtt-broker-58977c7947-c24gj   1/1   Running   0     3m53s
mqtt-broker-58977c7947-mpq8z   1/1   Running   0     4m8s
mqtt-broker-58977c7947-tszbt   1/1   Running   0     4m54s
1778234324
mqtt-broker-58977c7947-c24gj   1/1   Running   0     3m58s
mqtt-broker-58977c7947-mpq8z   1/1   Running   0     4m13s
mqtt-broker-58977c7947-tszbt   1/1   Running   0     4m59s
1778234329
mqtt-broker-58977c7947-c24gj   1/1   Running   0     4m3s
mqtt-broker-58977c7947-mpq8z   1/1   Running   0     4m18s
mqtt-broker-58977c7947-tszbt   1/1   Running   0     5m4s
1778234334
mqtt-broker-58977c7947-c24gj   1/1   Running   0     4m8s
mqtt-broker-58977c7947-mpq8z   1/1   Running   0     4m23s
mqtt-broker-58977c7947-tszbt   1/1   Running   0     5m9s
1778234339
mqtt-broker-58977c7947-c24gj   1/1   Running   0     4m13s
mqtt-broker-58977c7947-mpq8z   1/1   Running   0     4m28s
mqtt-broker-58977c7947-tszbt   1/1   Running   0     5m14s
1778234344
mqtt-broker-58977c7947-c24gj   1/1   Running   0     4m18s
mqtt-broker-58977c7947-mpq8z   1/1   Running   0     4m33s
mqtt-broker-58977c7947-tszbt   1/1   Running   0     5m19s
1778234349
mqtt-broker-58977c7947-c24gj   1/1   Running   0     4m24s
mqtt-broker-58977c7947-mpq8z   1/1   Running   0     4m39s
mqtt-broker-58977c7947-tszbt   1/1   Running   0     5m25s
1778234355
mqtt-broker-58977c7947-c24gj   1/1   Running   0     4m29s
mqtt-broker-58977c7947-mpq8z   1/1   Running   0     4m44s
mqtt-broker-58977c7947-tszbt   1/1   Running   0     5m30s
1778234360
mqtt-broker-58977c7947-c24gj   1/1   Running   0     4m34s
mqtt-broker-58977c7947-mpq8z   1/1   Running   0     4m49s
mqtt-broker-58977c7947-tszbt   1/1   Running   0     5m35s
1778234365
mqtt-broker-58977c7947-c24gj   1/1   Running   0     4m39s
mqtt-broker-58977c7947-mpq8z   1/1   Running   0     4m54s
mqtt-broker-58977c7947-tszbt   1/1   Running   0     5m40s
1778234370
mqtt-broker-58977c7947-c24gj   1/1   Running   0     4m44s
mqtt-broker-58977c7947-mpq8z   1/1   Running   0     4m59s
mqtt-broker-58977c7947-tszbt   1/1   Running   0     5m45s
1778234375
mqtt-broker-58977c7947-c24gj   1/1   Running   0     4m49s
mqtt-broker-58977c7947-mpq8z   1/1   Running   0     5m4s
mqtt-broker-58977c7947-tszbt   1/1   Running   0     5m50s
1778234380
mqtt-broker-58977c7947-c24gj   1/1   Running   0     4m54s
mqtt-broker-58977c7947-mpq8z   1/1   Running   0     5m9s
mqtt-broker-58977c7947-tszbt   1/1   Running   0     5m55s
1778234385
mqtt-broker-58977c7947-c24gj   1/1   Running   0     4m59s
mqtt-broker-58977c7947-mpq8z   1/1   Running   0     5m14s
mqtt-broker-58977c7947-tszbt   1/1   Running   0     6m
1778234390
mqtt-broker-58977c7947-c24gj   1/1   Running   0     5m5s
mqtt-broker-58977c7947-mpq8z   1/1   Running   0     5m20s
mqtt-broker-58977c7947-tszbt   1/1   Running   0     6m6s
1778234396
mqtt-broker-58977c7947-c24gj   1/1   Running   0     5m10s
mqtt-broker-58977c7947-mpq8z   1/1   Running   0     5m25s
mqtt-broker-58977c7947-tszbt   1/1   Running   0     6m11s
1778234401
mqtt-broker-58977c7947-c24gj   1/1   Running   0     5m15s
mqtt-broker-58977c7947-mpq8z   1/1   Running   0     5m30s
mqtt-broker-58977c7947-tszbt   1/1   Running   0     6m16s
1778234406
mqtt-broker-58977c7947-c24gj   1/1   Running   0     5m20s
mqtt-broker-58977c7947-mpq8z   1/1   Running   0     5m35s
mqtt-broker-58977c7947-tszbt   1/1   Running   0     6m21s
1778234411
mqtt-broker-58977c7947-c24gj   1/1   Running   0     5m25s
mqtt-broker-58977c7947-mpq8z   1/1   Running   0     5m40s
mqtt-broker-58977c7947-tszbt   1/1   Running   0     6m26s
1778234416
mqtt-broker-58977c7947-c24gj   1/1   Running   0     5m30s
mqtt-broker-58977c7947-mpq8z   1/1   Running   0     5m45s
mqtt-broker-58977c7947-tszbt   1/1   Running   0     6m31s
1778234421
mqtt-broker-58977c7947-c24gj   1/1   Running   0     5m35s
mqtt-broker-58977c7947-mpq8z   1/1   Running   0     5m50s
mqtt-broker-58977c7947-tszbt   1/1   Running   0     6m36s
1778234426
mqtt-broker-58977c7947-c24gj   1/1   Running   0     5m40s
mqtt-broker-58977c7947-mpq8z   1/1   Running   0     5m55s
mqtt-broker-58977c7947-tszbt   1/1   Running   0     6m41s
1778234431
mqtt-broker-58977c7947-c24gj   1/1   Running   0     5m46s
mqtt-broker-58977c7947-mpq8z   1/1   Running   0     6m1s
mqtt-broker-58977c7947-tszbt   1/1   Running   0     6m47s
1778234437
mqtt-broker-58977c7947-c24gj   1/1   Running   0     5m51s
mqtt-broker-58977c7947-mpq8z   1/1   Running   0     6m6s
mqtt-broker-58977c7947-tszbt   1/1   Running   0     6m52s
1778234442
mqtt-broker-58977c7947-c24gj   1/1   Running   0     5m56s
mqtt-broker-58977c7947-mpq8z   1/1   Running   0     6m11s
mqtt-broker-58977c7947-tszbt   1/1   Running   0     6m57s
1778234447
mqtt-broker-58977c7947-c24gj   1/1   Running   0     6m1s
mqtt-broker-58977c7947-mpq8z   1/1   Running   0     6m16s
mqtt-broker-58977c7947-tszbt   1/1   Running   0     7m2s
1778234452
mqtt-broker-58977c7947-c24gj   1/1   Running   0     6m6s
mqtt-broker-58977c7947-mpq8z   1/1   Running   0     6m21s
mqtt-broker-58977c7947-tszbt   1/1   Running   0     7m7s
1778234457
mqtt-broker-58977c7947-c24gj   1/1   Running   0     6m11s
mqtt-broker-58977c7947-mpq8z   1/1   Running   0     6m26s
mqtt-broker-58977c7947-tszbt   1/1   Running   0     7m12s
1778234462
mqtt-broker-58977c7947-c24gj   1/1   Running   0     6m16s
mqtt-broker-58977c7947-mpq8z   1/1   Running   0     6m31s
mqtt-broker-58977c7947-tszbt   1/1   Running   0     7m17s
1778234467
mqtt-broker-58977c7947-c24gj   1/1   Running   0     6m21s
mqtt-broker-58977c7947-mpq8z   1/1   Running   0     6m36s
mqtt-broker-58977c7947-tszbt   1/1   Running   0     7m22s
1778234472
mqtt-broker-58977c7947-c24gj   1/1   Running   0     6m26s
mqtt-broker-58977c7947-mpq8z   1/1   Running   0     6m41s
mqtt-broker-58977c7947-tszbt   1/1   Running   0     7m27s
1778234477
mqtt-broker-58977c7947-c24gj   1/1   Running   0     6m32s
mqtt-broker-58977c7947-mpq8z   1/1   Running   0     6m47s
mqtt-broker-58977c7947-tszbt   1/1   Running   0     7m33s
1778234483
mqtt-broker-58977c7947-c24gj   1/1   Running   0     6m37s
mqtt-broker-58977c7947-mpq8z   1/1   Running   0     6m52s
mqtt-broker-58977c7947-tszbt   1/1   Running   0     7m38s
1778234488
mqtt-broker-58977c7947-c24gj   1/1   Running   0     6m42s
mqtt-broker-58977c7947-mpq8z   1/1   Running   0     6m57s
mqtt-broker-58977c7947-tszbt   1/1   Running   0     7m43s
1778234493
mqtt-broker-58977c7947-c24gj   1/1   Running   0     6m47s
mqtt-broker-58977c7947-mpq8z   1/1   Running   0     7m2s
mqtt-broker-58977c7947-tszbt   1/1   Running   0     7m48s
1778234498
mqtt-broker-58977c7947-c24gj   1/1   Running   0     6m52s
mqtt-broker-58977c7947-mpq8z   1/1   Running   0     7m7s
mqtt-broker-58977c7947-tszbt   1/1   Running   0     7m53s
1778234503
mqtt-broker-58977c7947-c24gj   1/1   Running   0     6m57s
mqtt-broker-58977c7947-mpq8z   1/1   Running   0     7m12s
mqtt-broker-58977c7947-tszbt   1/1   Running   0     7m58s
1778234508
mqtt-broker-58977c7947-c24gj   1/1   Running   0     7m2s
mqtt-broker-58977c7947-mpq8z   1/1   Running   0     7m17s
mqtt-broker-58977c7947-tszbt   1/1   Running   0     8m3s
1778234513
mqtt-broker-58977c7947-c24gj   1/1   Running   0     7m7s
mqtt-broker-58977c7947-mpq8z   1/1   Running   0     7m22s
mqtt-broker-58977c7947-tszbt   1/1   Running   0     8m8s
1778234518
mqtt-broker-58977c7947-c24gj   1/1   Running   0     7m13s
mqtt-broker-58977c7947-mpq8z   1/1   Running   0     7m28s
mqtt-broker-58977c7947-tszbt   1/1   Running   0     8m14s
1778234524
mqtt-broker-58977c7947-c24gj   1/1   Running   0     7m18s
mqtt-broker-58977c7947-mpq8z   1/1   Running   0     7m33s
mqtt-broker-58977c7947-tszbt   1/1   Running   0     8m19s
1778234529
mqtt-broker-58977c7947-c24gj   1/1   Running   0     7m23s
mqtt-broker-58977c7947-mpq8z   1/1   Running   0     7m38s
mqtt-broker-58977c7947-tszbt   1/1   Running   0     8m24s
1778234534
mqtt-broker-58977c7947-c24gj   1/1   Running   0     7m28s
mqtt-broker-58977c7947-mpq8z   1/1   Running   0     7m43s
mqtt-broker-58977c7947-tszbt   1/1   Running   0     8m29s
1778234539
mqtt-broker-58977c7947-c24gj   1/1   Running   0     7m33s
mqtt-broker-58977c7947-mpq8z   1/1   Running   0     7m48s
mqtt-broker-58977c7947-tszbt   1/1   Running   0     8m34s
1778234544
mqtt-broker-58977c7947-c24gj   1/1   Running   0     7m38s
mqtt-broker-58977c7947-mpq8z   1/1   Running   0     7m53s
mqtt-broker-58977c7947-tszbt   1/1   Running   0     8m39s
1778234549
mqtt-broker-58977c7947-c24gj   1/1   Running   0     7m43s
mqtt-broker-58977c7947-mpq8z   1/1   Running   0     7m58s
mqtt-broker-58977c7947-tszbt   1/1   Running   0     8m44s
1778234554
mqtt-broker-58977c7947-c24gj   1/1   Running   0     7m48s
mqtt-broker-58977c7947-mpq8z   1/1   Running   0     8m3s
mqtt-broker-58977c7947-tszbt   1/1   Running   0     8m49s
1778234559
mqtt-broker-58977c7947-c24gj   1/1   Running   0     7m53s
mqtt-broker-58977c7947-mpq8z   1/1   Running   0     8m8s
mqtt-broker-58977c7947-tszbt   1/1   Running   0     8m54s
1778234564
mqtt-broker-58977c7947-c24gj   1/1   Running   0     7m59s
mqtt-broker-58977c7947-mpq8z   1/1   Running   0     8m14s
mqtt-broker-58977c7947-tszbt   1/1   Running   0     9m
1778234570
mqtt-broker-58977c7947-c24gj   1/1   Running   0     8m4s
mqtt-broker-58977c7947-mpq8z   1/1   Running   0     8m19s
mqtt-broker-58977c7947-tszbt   1/1   Running   0     9m5s
1778234575
mqtt-broker-58977c7947-c24gj   1/1   Running   0     8m9s
mqtt-broker-58977c7947-mpq8z   1/1   Running   0     8m24s
mqtt-broker-58977c7947-tszbt   1/1   Running   0     9m10s
1778234580
mqtt-broker-58977c7947-c24gj   1/1   Running   0     8m14s
mqtt-broker-58977c7947-mpq8z   1/1   Running   0     8m29s
mqtt-broker-58977c7947-tszbt   1/1   Running   0     9m15s
1778234585
mqtt-broker-58977c7947-c24gj   1/1   Running   0     8m19s
mqtt-broker-58977c7947-mpq8z   1/1   Running   0     8m34s
mqtt-broker-58977c7947-tszbt   1/1   Running   0     9m20s
1778234590
mqtt-broker-58977c7947-c24gj   1/1   Running   0     8m24s
mqtt-broker-58977c7947-mpq8z   1/1   Running   0     8m39s
mqtt-broker-58977c7947-tszbt   1/1   Running   0     9m25s
1778234595
mqtt-broker-58977c7947-c24gj   1/1   Running   0     8m29s
mqtt-broker-58977c7947-mpq8z   1/1   Running   0     8m44s
mqtt-broker-58977c7947-tszbt   1/1   Running   0     9m30s
1778234600
mqtt-broker-58977c7947-c24gj   1/1   Running   0     8m34s
mqtt-broker-58977c7947-mpq8z   1/1   Running   0     8m49s
mqtt-broker-58977c7947-tszbt   1/1   Running   0     9m35s
1778234605
mqtt-broker-58977c7947-c24gj   1/1   Running   0     8m40s
mqtt-broker-58977c7947-mpq8z   1/1   Running   0     8m55s
mqtt-broker-58977c7947-tszbt   1/1   Running   0     9m41s
1778234611
mqtt-broker-58977c7947-c24gj   1/1   Running   0     8m45s
mqtt-broker-58977c7947-mpq8z   1/1   Running   0     9m
mqtt-broker-58977c7947-tszbt   1/1   Running   0     9m46s
1778234616
mqtt-broker-58977c7947-c24gj   1/1   Running   0     8m50s
mqtt-broker-58977c7947-mpq8z   1/1   Running   0     9m5s
mqtt-broker-58977c7947-tszbt   1/1   Running   0     9m51s
1778234621
mqtt-broker-58977c7947-c24gj   1/1   Running   0     8m55s
mqtt-broker-58977c7947-mpq8z   1/1   Running   0     9m10s
mqtt-broker-58977c7947-tszbt   1/1   Running   0     9m56s
1778234626
mqtt-broker-58977c7947-c24gj   1/1   Running   0     9m
mqtt-broker-58977c7947-mpq8z   1/1   Running   0     9m15s
mqtt-broker-58977c7947-tszbt   1/1   Running   0     10m
1778234631
mqtt-broker-58977c7947-c24gj   1/1   Running   0     9m5s
mqtt-broker-58977c7947-mpq8z   1/1   Running   0     9m20s
mqtt-broker-58977c7947-tszbt   1/1   Running   0     10m
1778234636
mqtt-broker-58977c7947-c24gj   1/1   Running   0     9m10s
mqtt-broker-58977c7947-mpq8z   1/1   Running   0     9m25s
mqtt-broker-58977c7947-tszbt   1/1   Running   0     10m
1778234641
mqtt-broker-58977c7947-c24gj   1/1   Running   0     9m15s
mqtt-broker-58977c7947-mpq8z   1/1   Running   0     9m30s
mqtt-broker-58977c7947-tszbt   1/1   Running   0     10m
1778234646
mqtt-broker-58977c7947-c24gj   1/1   Running   0     9m20s
mqtt-broker-58977c7947-mpq8z   1/1   Running   0     9m35s
mqtt-broker-58977c7947-tszbt   1/1   Running   0     10m
1778234651
mqtt-broker-58977c7947-c24gj   1/1   Running   0     9m26s
mqtt-broker-58977c7947-mpq8z   1/1   Running   0     9m41s
mqtt-broker-58977c7947-tszbt   1/1   Running   0     10m
1778234657
mqtt-broker-58977c7947-c24gj   1/1   Running   0     9m31s
mqtt-broker-58977c7947-mpq8z   1/1   Running   0     9m46s
mqtt-broker-58977c7947-tszbt   1/1   Running   0     10m
1778234662
mqtt-broker-58977c7947-c24gj   1/1   Running   0     9m36s
mqtt-broker-58977c7947-mpq8z   1/1   Running   0     9m51s
mqtt-broker-58977c7947-tszbt   1/1   Running   0     10m
1778234667
mqtt-broker-58977c7947-c24gj   1/1   Running   0     9m41s
mqtt-broker-58977c7947-mpq8z   1/1   Running   0     9m56s
mqtt-broker-58977c7947-tszbt   1/1   Running   0     10m
1778234672
mqtt-broker-58977c7947-c24gj   1/1   Running   0     9m46s
mqtt-broker-58977c7947-mpq8z   1/1   Running   0     10m
mqtt-broker-58977c7947-tszbt   1/1   Running   0     10m
1778234677
mqtt-broker-58977c7947-c24gj   1/1   Running   0     9m51s
mqtt-broker-58977c7947-mpq8z   1/1   Running   0     10m
mqtt-broker-58977c7947-tszbt   1/1   Running   0     10m
1778234682
mqtt-broker-58977c7947-c24gj   1/1   Running       0     9m56s
mqtt-broker-58977c7947-mpq8z   1/1   Terminating   0     10m
mqtt-broker-58977c7947-tszbt   1/1   Running       0     10m
1778234687
mqtt-broker-58977c7947-c24gj   1/1   Running       0     10m
mqtt-broker-58977c7947-mpq8z   1/1   Terminating   0     10m
mqtt-broker-58977c7947-tszbt   1/1   Terminating   0     11m
1778234692
mqtt-broker-58977c7947-c24gj   1/1   Running       0     10m
mqtt-broker-58977c7947-mpq8z   1/1   Terminating   0     10m
mqtt-broker-58977c7947-tszbt   1/1   Terminating   0     11m
1778234698
mqtt-broker-58977c7947-c24gj   1/1   Running       0     10m
mqtt-broker-58977c7947-mpq8z   1/1   Terminating   0     10m
mqtt-broker-58977c7947-tszbt   1/1   Terminating   0     11m
1778234703
mqtt-broker-58977c7947-c24gj   1/1   Running       0     10m
mqtt-broker-58977c7947-mpq8z   1/1   Terminating   0     10m
mqtt-broker-58977c7947-tszbt   1/1   Terminating   0     11m
1778234708
mqtt-broker-58977c7947-c24gj   1/1   Running       0     10m
mqtt-broker-58977c7947-mpq8z   1/1   Terminating   0     10m
mqtt-broker-58977c7947-tszbt   1/1   Terminating   0     11m
1778234713
mqtt-broker-58977c7947-c24gj   1/1   Running       0     10m
mqtt-broker-58977c7947-mpq8z   1/1   Terminating   0     10m
mqtt-broker-58977c7947-tszbt   1/1   Terminating   0     11m
1778234718
mqtt-broker-58977c7947-c24gj   1/1   Running       0     10m
mqtt-broker-58977c7947-mpq8z   1/1   Terminating   0     10m
mqtt-broker-58977c7947-tszbt   1/1   Terminating   0     11m
1778234723
mqtt-broker-58977c7947-c24gj   1/1   Running       0     10m
mqtt-broker-58977c7947-mpq8z   1/1   Terminating   0     10m
mqtt-broker-58977c7947-tszbt   1/1   Terminating   0     11m
1778234728
mqtt-broker-58977c7947-c24gj   1/1   Running       0     10m
mqtt-broker-58977c7947-mpq8z   1/1   Terminating   0     10m
mqtt-broker-58977c7947-tszbt   1/1   Terminating   0     11m
1778234733
mqtt-broker-58977c7947-c24gj   1/1   Running       0     10m
mqtt-broker-58977c7947-mpq8z   1/1   Terminating   0     11m
mqtt-broker-58977c7947-tszbt   1/1   Terminating   0     11m
1778234738
mqtt-broker-58977c7947-c24gj   1/1   Running       0     10m
mqtt-broker-58977c7947-mpq8z   1/1   Terminating   0     11m
mqtt-broker-58977c7947-tszbt   1/1   Terminating   0     11m
1778234744
mqtt-broker-58977c7947-c24gj   1/1   Running       0     10m
mqtt-broker-58977c7947-tszbt   1/1   Terminating   0     11m
1778234749
mqtt-broker-58977c7947-c24gj   1/1   Running   0     11m
1778234754
mqtt-broker-58977c7947-c24gj   1/1   Running   0     11m
1778234759
mqtt-broker-58977c7947-c24gj   1/1   Running   0     11m
1778234764
mqtt-broker-58977c7947-c24gj   1/1   Running   0     11m
1778234769
mqtt-broker-58977c7947-c24gj   1/1   Running   0     11m
1778234774
mqtt-broker-58977c7947-c24gj   1/1   Running   0     11m
1778234779
mqtt-broker-58977c7947-c24gj   1/1   Running   0     11m
1778234784
mqtt-broker-58977c7947-c24gj   1/1   Running   0     11m
1778234790
mqtt-broker-58977c7947-c24gj   1/1   Running   0     11m
1778234795
mqtt-broker-58977c7947-c24gj   1/1   Running   0     11m
1778234800
mqtt-broker-58977c7947-c24gj   1/1   Running   0     11m
1778234805
mqtt-broker-58977c7947-c24gj   1/1   Running   0     11m
1778234810
mqtt-broker-58977c7947-c24gj   1/1   Running   0     12m
1778234815
mqtt-broker-58977c7947-c24gj   1/1   Running   0     12m
1778234820
mqtt-broker-58977c7947-c24gj   1/1   Running   0     12m
1778234825
mqtt-broker-58977c7947-c24gj   1/1   Running   0     12m
1778234831
mqtt-broker-58977c7947-c24gj   1/1   Running   0     12m
1778234836
mqtt-broker-58977c7947-c24gj   1/1   Running   0     12m
1778234841
mqtt-broker-58977c7947-c24gj   1/1   Running   0     12m
1778234846
mqtt-broker-58977c7947-c24gj   1/1   Running   0     12m
1778234851
mqtt-broker-58977c7947-c24gj   1/1   Running   0     12m
1778234856
mqtt-broker-58977c7947-c24gj   1/1   Running   0     12m
1778234861
mqtt-broker-58977c7947-c24gj   1/1   Running   0     12m
1778234866
1778234871
1778234876
1778234882
1778234887
1778234892
1778234897
1778234902
1778234907
1778234912
1778234917
1778234922
1778234927
1778234932
1778234937
1778234942
1778234947
1778234952
1778234957
1778234962
1778234967
1778234972
1778234977
1778234982
1778234988
1778234993
1778234998
1778235003
1778235008
1778235013
1778235018
1778235023
1778235028
1778235033
1778235038
1778235043
1778235048
1778235053
1778235058
1778235063
1778235068
1778235073
1778235078
1778235083
1778235089
1778235094
1778235099
1778235104
1778235109
1778235114
1778235119
1778235124
1778235129
1778235134
1778235139
1778235144
1778235149
1778235154
1778235159
1778235164
1778235169
1778235174
1778235179
1778235184
1778235189
1778235195
1778235200
1778235205
1778235210
1778235215
1778235220
1778235225
1778235230
1778235235
1778235240
1778235245
1778235250
1778235255
1778235260
1778235265
1778235270
1778235275
1778235280
1778235285
1778235290
1778235296
1778235301
1778235306
1778235311
1778235316
1778235321
1778235326
1778235331
1778235336
1778235341
1778235346
1778235351
1778235356
1778235361
1778235366
1778235371
1778235376
1778235381
1778235386
1778235391
1778235397
1778235402
1778235407
1778235412
1778235417
1778235422
1778235427
1778235432
1778235437
1778235442
1778235447
1778235452
1778235457
1778235462
1778235467
1778235472
1778235477
1778235482
1778235487
1778235492
1778235498
1778235503
1778235508
1778235513
1778235518
1778235523
1778235528
1778235533
1778235538
1778235543
1778235548
1778235553
1778235558
1778235563
1778235568
1778235573
1778235578
1778235584
1778235589
1778235594
1778235599
1778235604
1778235609
1778235614
1778235619
1778235624
1778235629
1778235634
1778235639
1778235644
1778235650
1778235655
1778235660
1778235665
1778235670
1778235675
1778235680
1778235685
1778235690
1778235695
1778235700
1778235705
1778235710
1778235715
1778235720
1778235725
1778235730
1778235735
1778235740
1778235745
1778235751
1778235756
1778235761
1778235766
1778235771
1778235776
1778235781
1778235786
1778235791
1778235796
1778235801
1778235806
1778235811
1778235816
1778235821
1778235826
1778235831
1778235836
1778235842
1778235847
1778235852
1778235857
1778235862
1778235867
1778235872
1778235877
1778235882
1778235887
1778235892
1778235897
1778235902
1778235907
1778235912
1778235917
1778235922
1778235927
1778235932
1778235937
1778235943
1778235948
1778235953
1778235958
1778235963
1778235968
1778235973
1778235978
1778235983
1778235988
1778235993
1778235998
1778236003
1778236008
1778236013
1778236018
1778236023
1778236028
1778236033
1778236038
1778236044
1778236049
1778236054
1778236059
1778236064
1778236069
1778236074
1778236079
1778236084
1778236089
1778236094
1778236099
1778236104
1778236109
1778236114
1778236119
1778236124
1778236129
1778236134
1778236140
1778236145
1778236150
1778236155
1778236160
1778236165
1778236170
1778236175
1778236180
1778236185
1778236190
1778236195
1778236200
1778236205
1778236210
1778236215
1778236221
1778236226
1778236231
1778236236
1778236241
1778236246
1778236251
1778236256
1778236261
1778236266
1778236271
1778236276
1778236281
1778236286
1778236291
1778236297
1778236302
1778236307
1778236312
1778236317
1778236322
1778236327
1778236332
1778236337
1778236342
1778236347
1778236352
1778236357
1778236362
1778236367
1778236372
1778236377
1778236382
1778236387
1778236393
1778236398
1778236403
1778236408
1778236413
1778236418
1778236423
1778236428
1778236433
1778236438
1778236443
1778236448
1778236453
1778236458
1778236463
1778236468
1778236473
1778236478
1778236483
1778236488
1778236493
1778236499
1778236504
1778236509
1778236514
1778236519
1778236524
1778236529
1778236534
1778236539
1778236544
1778236549
1778236554
1778236559
1778236564
1778236569
1778236574
1778236579
1778236584
1778236589
1778236594
1778236599
1778236605
1778236610
1778236615
1778236620
1778236625
1778236630
1778236635
1778236640
1778236645
1778236650
1778236655
1778236660
1778236665
1778236670
1778236675
1778236680
1778236685
1778236690
1778236695
1778236700
1778236705
1778236711
1778236716
1778236721
1778236726
1778236731
1778236736
1778236741
1778236746
1778236751
1778236756
1778236761
1778236766
1778236771
1778236776
1778236781
1778236786
1778236791
1778236796
1778236801
1778236806
1778236811
1778236817
1778236822
1778236827
1778236832
1778236837
1778236842
1778236847
1778236852
1778236857
1778236862
1778236867
1778236872
1778236877
1778236882
1778236887
1778236892
1778236897
1778236902
1778236907
1778236912
1778236918
1778236923
1778236928
1778236933
1778236938
1778236943
1778236948
1778236953
1778236958
1778236963
1778236968
1778236973
1778236978
1778236983
1778236988
1778236993
1778236998
1778237003
1778237008
1778237013
1778237018
1778237024
1778237029
1778237034
1778237039
1778237044
1778237049
1778237054
1778237059
1778237064
1778237069
1778237074
1778237079
1778237084
1778237089
1778237094
1778237099
1778237104
1778237109
1778237114
1778237119
1778237124
1778237130
1778237135
1778237140
1778237145
1778237150
1778237155
1778237160
1778237165
1778237170
1778237175
1778237180
1778237185
1778237190
1778237195
1778237200
1778237205
1778237210
1778237215
1778237220
1778237226
1778237231
1778237236
1778237241
1778237246
1778237251
1778237256
1778237261
1778237266
1778237271
1778237276
1778237281
1778237286
1778237291
1778237296
1778237301
1778237306
1778237311
1778237316
1778237321
1778237327
1778237332
1778237337
1778237342
1778237347
1778237352
1778237357
1778237362
1778237367
1778237372
1778237377
1778237382
1778237387
1778237392
1778237397
1778237402
1778237407
1778237412
1778237418
1778237423
1778237428
1778237433
1778237438
1778237443
1778237448
1778237453
1778237458
1778237463
1778237468
1778237473
1778237478
1778237483
1778237488
1778237493
1778237498
1778237503
1778237509
1778237514
1778237519
1778237524
1778237529
1778237534
1778237539
1778237544
1778237549
1778237554
1778237559
1778237564
1778237569
1778237574
1778237579
1778237584
1778237589
1778237594
1778237600
1778237605
1778237610
1778237615
1778237620
1778237625
1778237630
1778237635
1778237640
1778237645
1778237650
1778237655
1778237660
1778237665
1778237670
1778237675
1778237680
1778237685
1778237690
1778237695
1778237701
1778237706
1778237711
1778237716
1778237721
1778237726
1778237731
1778237736
1778237741
1778237746
1778237751
1778237756
1778237761
1778237766
1778237771
1778237776
1778237781
1778237786
1778237791
1778237796
1778237801
1778237807
1778237812
1778237817
1778237822
1778237827
1778237832
1778237837
1778237842
1778237847
1778237852
1778237857
1778237862
1778237867
1778237872
1778237877
1778237882
1778237887
1778237892
1778237897
1778237902
1778237908
1778237913
1778237918
1778237923
1778237928
1778237933
1778237938
1778237943
1778237948
1778237953
1778237958
1778237963
1778237968
1778237973
1778237978
1778237983
1778237988
1778237993
1778237998
1778238003
1778238008
1778238014
1778238019
1778238024
1778238029
1778238034
1778238039
1778238044
1778238049
1778238054
1778238059
1778238064
1778238069
1778238074
1778238079
1778238084
1778238089
1778238094
1778238099
1778238104
1778238109
1778238115
1778238120
1778238125
1778238130
1778238135
1778238140
1778238145
1778238150
1778238155
1778238160
1778238165
1778238170
1778238175
1778238180
1778238185
1778238190
1778238195
1778238200
1778238205
1778238211
1778238216
1778238221
1778238226
1778238231
1778238236
1778238241
1778238246
1778238251
1778238256
1778238261
1778238266
1778238271
1778238276
1778238281
1778238286
1778238291
1778238296
1778238301
1778238306
1778238311
1778238317
1778238322
1778238327
1778238332
1778238337
1778238342
1778238347
1778238352
1778238357
1778238362
1778238367
1778238372
1778238377
1778238382
1778238387
1778238392
1778238397
1778238402
1778238407
1778238412
1778238417
1778238423
1778238428
1778238433
1778238438
1778238443
1778238448
1778238453
1778238458
1778238463
1778238468
1778238473
1778238478
1778238483
1778238488
1778238493
1778238498
1778238503
1778238508
1778238513
1778238518
1778238523
1778238529
1778238534
1778238539
1778238544
1778238549
1778238554
1778238559
1778238564
1778238569
1778238574
1778238579
1778238584
1778238589
1778238594
1778238599
1778238604
1778238609
1778238614
1778238619
1778238624
1778238630
1778238635
1778238640
1778238645
1778238650
1778238655
1778238660
1778238665
1778238670
1778238675
1778238680
1778238685
1778238690
1778238695
1778238700
1778238705
1778238710
1778238715
1778238720
1778238725
1778238730
1778238736
1778238741
1778238746
1778238751
1778238756
1778238761
1778238766
1778238771
1778238776
1778238781
1778238786
1778238791
1778238796
1778238801
1778238806
1778238811
1778238816
1778238821
1778238826
1778238831
1778238837
1778238842
1778238847
1778238852
1778238857
1778238862
1778238867
1778238872
1778238877
1778238882
1778238887
1778238892
1778238897
1778238902
1778238907
1778238912
1778238917
1778238922
1778238927
1778238932
1778238938
1778238943
1778238948
1778238953
1778238958
1778238963
1778238968
1778238973
1778238978
1778238983
1778238988
1778238993
1778238998
1778239003
1778239008
1778239013
1778239018
1778239023
1778239028
1778239034
1778239039
1778239044
1778239049
1778239054
1778239059
1778239064
1778239069
1778239074
1778239079
1778239084
1778239089
1778239094
1778239099
1778239104
1778239109
1778239114
1778239119
1778239124
1778239129
1778239135
1778239140
1778239145
1778239150
1778239155
1778239160
1778239165
1778239170
1778239175
1778239180
1778239185
1778239190
1778239195
1778239200
1778239205
1778239210
1778239215
1778239220
1778239225
1778239231
1778239236
1778239241
1778239246
1778239251
1778239256
1778239261
1778239266
1778239271
1778239276
1778239281
1778239286
1778239291
1778239296
1778239301
1778239306
1778239311
1778239317
1778239322
1778239327
1778239332
1778239337
1778239342
1778239347
1778239352
1778239357
1778239362
1778239367
1778239372
1778239377
1778239382
1778239387
1778239392
1778239398
1778239403
1778239408
1778239413
1778239418
1778239423
1778239428
1778239433
1778239438
1778239443
1778239448
1778239453
1778239458
1778239463
1778239468
1778239473
1778239478
1778239483
1778239489
1778239494
1778239499
1778239504
1778239509
1778239514
1778239519
1778239524
1778239529
1778239534
1778239539
1778239544
1778239549
1778239554
1778239559
1778239564
1778239569
1778239574
1778239579
1778239584
1778239590
1778239595
1778239600
1778239605
1778239610
1778239615
1778239620
1778239625
1778239630
1778239635
1778239640
1778239645
1778239650
1778239655
1778239660
1778239665
1778239670
1778239675
1778239680
1778239685
1778239691
1778239696
1778239701
1778239706
1778239711
1778239716
1778239721
1778239726
1778239731
1778239736
1778239741
1778239746
1778239751
1778239756
1778239761
1778239766
1778239771
1778239776
1778239781
1778239787
1778239792
1778239797
1778239802
1778239807
1778239812
1778239817
1778239822
1778239827
1778239832
1778239837
1778239842
1778239847
1778239852
1778239857
1778239862
1778239867
1778239872
1778239877
1778239882
1778239888
1778239893
1778239898
1778239903
1778239908
1778239913
1778239918
1778239923
1778239928
1778239933
1778239938
1778239943
1778239948
1778239953
1778239958
1778239963
1778239968
1778239973
1778239978
1778239983
1778239989
1778239994
1778239999
1778240004
1778240009
1778240014
1778240019
1778240024
1778240029
1778240034
1778240039
1778240044
1778240049
1778240054
1778240059
1778240064
1778240069
1778240074
1778240079
1778240084
1778240090
1778240095
1778240100
1778240105
1778240110
1778240115
1778240120
1778240125
1778240130
1778240135
1778240140
1778240145
1778240150
1778240155
1778240160
1778240165
1778240170
1778240176
1778240181
1778240186
1778240191
1778240196
1778240201
1778240206
1778240211
1778240216
1778240221
1778240226
1778240231
1778240236
1778240241
1778240246
1778240251
1778240256
1778240262
1778240267
1778240272
1778240277
1778240282
1778240287
1778240292
1778240297
1778240302
1778240307
1778240312
1778240317
1778240322
1778240327
1778240332
1778240337
1778240342
1778240347
1778240352
1778240357
1778240363
1778240368
1778240373
1778240378
1778240383
1778240388
1778240393
1778240398
1778240403
1778240408
1778240413
1778240418
1778240423
1778240428
1778240433
1778240438
1778240443
1778240448
1778240453
1778240459
1778240464
1778240469
1778240474
1778240479
1778240484
1778240489
1778240494
1778240499
1778240504
1778240509
1778240514
1778240519
1778240524
1778240529
1778240534
1778240539
1778240544
1778240549
1778240554
1778240560
1778240565
1778240570
1778240575
1778240580
1778240585
1778240590
1778240595
1778240600
1778240605
1778240610
1778240615
1778240620
1778240625
1778240630
1778240635
1778240640
1778240645
1778240651
1778240656
1778240661
1778240666
1778240671
1778240676
1778240681
1778240686
1778240691
1778240696
1778240701
1778240706
1778240711
1778240716
1778240721
1778240726
1778240731
1778240736
1778240741
1778240747
1778240752
1778240757
1778240762
1778240767
1778240772
1778240777
1778240782
1778240787
1778240792
1778240797
1778240802
1778240807
1778240812
1778240817
1778240822
1778240827
1778240832
1778240837
1778240843
1778240848
1778240853
1778240858
1778240863
1778240868
1778240873
1778240878
1778240883
1778240888
1778240893
1778240898
1778240903
1778240908
1778240913
1778240919
1778240924
1778240929
1778240934
1778240939
1778240944
1778240949
1778240954
1778240959
1778240964
1778240969
1778240974
1778240979
1778240984
1778240989
1778240994
1778240999
1778241004
1778241009
1778241014
1778241020
1778241025
1778241030
1778241035
1778241040
1778241045
1778241050
1778241055
1778241060
1778241065
1778241070
1778241075
1778241080
1778241085
1778241090
1778241095
1778241100
1778241105
1778241110
1778241116
1778241121
1778241126
1778241131
1778241136
1778241141
1778241146
1778241151
1778241156
1778241161
1778241166
1778241171
1778241176
1778241181
1778241186
1778241191
1778241196
1778241201
1778241206
1778241211
1778241217
1778241222
1778241227
1778241232
1778241237
1778241242
1778241247
1778241252
1778241257
1778241262
1778241267
1778241272
1778241277
1778241282
1778241287
1778241292
1778241297
1778241302
1778241307
1778241313
1778241318
1778241323
1778241328
1778241333
1778241338
1778241343
1778241348
1778241353
1778241358
1778241363
1778241368
1778241373
1778241378
1778241383
1778241389
1778241394
1778241399
1778241404
1778241409
1778241414
1778241419
1778241424
1778241429
1778241434
1778241439
1778241444
1778241449
1778241454
1778241459
1778241464
1778241469
1778241474
1778241479
1778241485
1778241490
1778241495
1778241500
1778241505
1778241510
1778241515
1778241520
1778241525
1778241530
1778241535
1778241540
1778241545
1778241550
1778241555
1778241561
1778241566
1778241571
1778241576
1778241581
1778241586
1778241591
1778241596
1778241601
1778241606
1778241611
1778241616
1778241621
1778241626
1778241631
1778241636
1778241641
1778241646
1778241651
1778241656
1778241662
1778241667
1778241672
1778241677
1778241682
1778241687
1778241692
1778241697
1778241702
1778241707
1778241712
1778241717
1778241722
1778241727
1778241732
1778241737
1778241742
1778241747
1778241752
1778241758
1778241763
1778241768
1778241773
1778241778
1778241783
1778241788
1778241793
1778241798
1778241803
1778241808
1778241813
1778241818
1778241823
1778241828
1778241833
1778241839
1778241844
1778241849
1778241854
1778241859
1778241864
1778241869
1778241874
1778241879
1778241884
1778241889
1778241894
1778241899
1778241905
1778241910
1778241915
1778241920
1778241925
1778241930
1778241935
1778241940
1778241945
1778241950
1778241955
1778241960
1778241965
1778241970
1778241975
1778241980
1778241985
1778241990
1778241995
1778242001
1778242006
1778242011
1778242016
1778242021
1778242026
1778242031
1778242036
1778242041
1778242046
1778242051
1778242056
1778242061
1778242066
1778242071
1778242076
1778242081
1778242086
1778242091
1778242096
1778242102
1778242107
1778242112
1778242117
1778242122
1778242127
1778242132
1778242137
1778242142
1778242147
1778242152
1778242157
1778242162
1778242167
1778242172
1778242177
1778242182
1778242187
1778242192
1778242197
1778242203
1778242208
1778242213
1778242218
1778242223
1778242228
1778242233
1778242238
1778242243
1778242248
1778242253
1778242258
1778242263
1778242268
1778242273
1778242278
1778242283
1778242288
1778242293
1778242298
1778242304
1778242309
1778242314
1778242319
1778242324
1778242329
1778242334
1778242339
1778242344
1778242349
1778242354
1778242359
1778242364
1778242369
1778242374
1778242379
1778242384
1778242389
1778242394
1778242399
1778242405
1778242410
1778242415
1778242420
1778242425
1778242430
1778242435
1778242440
1778242445
1778242450
1778242455
1778242460
1778242465
1778242470
1778242475
1778242480
1778242485
1778242490
1778242495
1778242501
1778242506
1778242511
1778242516
1778242521
1778242527
1778242533
1778242538
1778242543
1778242549
1778242554
1778242559
1778242564
1778242569
1778242574
1778242580
1778242585
1778242590
1778242595
1778242600
1778242605
1778242610
1778242615
1778242620
1778242625
1778242630
1778242635
1778242640
1778242645
1778242650
1778242655
1778242660
1778242665
1778242671
1778242676
1778242681
1778242686
1778242691
1778242696
1778242701
1778242706
1778242711
1778242716
1778242721
1778242726
1778242731
1778242736
1778242741
1778242746
1778242751
1778242757
1778242762
1778242767
1778242773
1778242778
1778242783
1778242789
1778242794
1778242800
1778242805
1778242811
1778242816
1778242821
1778242826
1778242831
1778242836
1778242842
1778242847
1778242852
1778242857
1778242862
1778242867
1778242872
1778242877
1778242882
1778242887
1778242892
1778242897
1778242902
1778242907
1778242913
1778242918
1778242923
1778242928
1778242933
1778242938
1778242943
1778242948
1778242953
1778242958
1778242963
1778242968
1778242973
1778242978
1778242983
1778242988
1778242993
1778242999
1778243004
1778243009
1778243014
1778243019
1778243024
1778243029
1778243034
1778243039
1778243044
1778243049
1778243054
1778243059
1778243064
1778243069
1778243074
1778243079
1778243084
1778243089
1778243094
1778243100
1778243105
1778243110
1778243115
1778243120
1778243125
1778243130
1778243135
1778243140
1778243145
1778243150
1778243155
1778243160
1778243165
1778243170
1778243175
1778243180
1778243185
1778243190
1778243195
1778243201
1778243206
1778243211
1778243216
1778243221
1778243226
1778243231
1778243236
1778243241
1778243246
1778243251
1778243256
1778243261
1778243266
1778243271
1778243276
1778243281
1778243286
1778243292
1778243297
1778243302
1778243307
1778243312
1778243317
1778243322
1778243327
1778243332
1778243337
1778243342
1778243347
1778243352
1778243357
1778243362
1778243367
1778243372
1778243377
1778243383
1778243388
1778243393
1778243398
1778243403
1778243408
1778243413
1778243418
1778243423
1778243428
1778243433
1778243438
1778243443
1778243448
1778243453
1778243458
1778243463
1778243468
1778243473
1778243479
1778243484
1778243489
1778243494
1778243499
1778243504
1778243509
1778243514
1778243519
1778243524
1778243529
1778243534
1778243539
1778243544
1778243549
1778243554
1778243559
1778243564
1778243569
1778243574
1778243580
1778243585
1778243590
1778243595
1778243600
1778243605
1778243610
1778243615
1778243620
1778243625
1778243630
1778243635
1778243640
1778243645
1778243650
1778243655
1778243660
1778243665
1778243670
1778243675
1778243681
1778243686
1778243691
1778243696
1778243701
1778243706
1778243711
1778243716
1778243721
1778243726
1778243731
1778243736
1778243741
1778243746
1778243751
1778243756
1778243761
1778243766
1778243771
1778243776
1778243781
1778243787
1778243792
1778243797
1778243802
1778243807
1778243812
1778243817
1778243822
1778243827
1778243832
1778243837
1778243842
1778243847
1778243852
1778243857
1778243862
1778243868
1778243873
1778243878
1778243883
1778243888
1778243893
1778243898
1778243903
1778243908
1778243914
1778243919
1778243924
1778243929
1778243934
1778243939
1778243944
1778243949
1778243954
1778243960
1778243965
1778243970
1778243975
1778243980
1778243986
1778243991
1778243997
1778244002
1778244007
1778244013
1778244018
1778244024
1778244029
1778244035
1778244040
1778244046
1778244051
1778244056
1778244062
1778244067
1778244073
1778244078
1778244083
1778244088
1778244093
1778244099
1778244104
1778244109
mqtt-broker-65c6fb9d94-cmxnl   1/1   Running   0     4s
mqtt-broker-65c6fb9d94-k9fnp   1/1   Running   0     5s
1778244114
mqtt-broker-65c6fb9d94-cmxnl   1/1   Running   0     9s
mqtt-broker-65c6fb9d94-k9fnp   1/1   Running   0     10s
1778244119
mqtt-broker-65c6fb9d94-cmxnl   1/1   Running   0     14s
mqtt-broker-65c6fb9d94-k9fnp   1/1   Running   0     15s
1778244124
mqtt-broker-65c6fb9d94-cmxnl   1/1   Running   0     19s
mqtt-broker-65c6fb9d94-k9fnp   1/1   Running   0     20s
1778244129
mqtt-broker-65c6fb9d94-cmxnl   1/1   Running   0     25s
mqtt-broker-65c6fb9d94-k9fnp   1/1   Running   0     26s
1778244135
mqtt-broker-65c6fb9d94-cmxnl   1/1   Running   0     30s
mqtt-broker-65c6fb9d94-k9fnp   1/1   Running   0     31s
1778244140
mqtt-broker-65c6fb9d94-cmxnl   1/1   Running   0     35s
mqtt-broker-65c6fb9d94-k9fnp   1/1   Running   0     36s
1778244145
mqtt-broker-65c6fb9d94-cmxnl   1/1   Running   0     40s
mqtt-broker-65c6fb9d94-k9fnp   1/1   Running   0     41s
mqtt-broker-65c6fb9d94-nrtbj   1/1   Running   0     5s
1778244150
mqtt-broker-65c6fb9d94-cmxnl   1/1   Running   0     45s
mqtt-broker-65c6fb9d94-k9fnp   1/1   Running   0     46s
mqtt-broker-65c6fb9d94-nrtbj   1/1   Running   0     10s
1778244155
mqtt-broker-65c6fb9d94-cmxnl   1/1   Running   0     50s
mqtt-broker-65c6fb9d94-k9fnp   1/1   Running   0     51s
mqtt-broker-65c6fb9d94-nrtbj   1/1   Running   0     15s
1778244160
mqtt-broker-65c6fb9d94-cmxnl   1/1   Running   0     56s
mqtt-broker-65c6fb9d94-k9fnp   1/1   Running   0     57s
mqtt-broker-65c6fb9d94-nrtbj   1/1   Running   0     21s
1778244166
mqtt-broker-65c6fb9d94-cmxnl   1/1   Running   0     61s
mqtt-broker-65c6fb9d94-k9fnp   1/1   Running   0     62s
mqtt-broker-65c6fb9d94-nrtbj   1/1   Running   0     26s
1778244171
mqtt-broker-65c6fb9d94-cmxnl   1/1   Running   0     66s
mqtt-broker-65c6fb9d94-k9fnp   1/1   Running   0     67s
mqtt-broker-65c6fb9d94-nrtbj   1/1   Running   0     31s
1778244176
mqtt-broker-65c6fb9d94-cmxnl   1/1   Running   0     71s
mqtt-broker-65c6fb9d94-k9fnp   1/1   Running   0     72s
mqtt-broker-65c6fb9d94-nrtbj   1/1   Running   0     36s
1778244181
mqtt-broker-65c6fb9d94-cmxnl   1/1   Running   0     76s
mqtt-broker-65c6fb9d94-k9fnp   1/1   Running   0     77s
mqtt-broker-65c6fb9d94-nrtbj   1/1   Running   0     41s
1778244186
mqtt-broker-65c6fb9d94-cmxnl   1/1   Running   0     81s
mqtt-broker-65c6fb9d94-k9fnp   1/1   Running   0     82s
mqtt-broker-65c6fb9d94-nrtbj   1/1   Running   0     46s
1778244191
mqtt-broker-65c6fb9d94-cmxnl   1/1   Running   0     86s
mqtt-broker-65c6fb9d94-k9fnp   1/1   Running   0     87s
mqtt-broker-65c6fb9d94-nrtbj   1/1   Running   0     51s
1778244196
mqtt-broker-65c6fb9d94-cmxnl   1/1   Running   0     92s
mqtt-broker-65c6fb9d94-k9fnp   1/1   Running   0     93s
mqtt-broker-65c6fb9d94-nrtbj   1/1   Running   0     57s
1778244202
mqtt-broker-65c6fb9d94-cmxnl   1/1   Running   0     97s
mqtt-broker-65c6fb9d94-k9fnp   1/1   Running   0     98s
mqtt-broker-65c6fb9d94-nrtbj   1/1   Running   0     62s
1778244207
mqtt-broker-65c6fb9d94-cmxnl   1/1   Running   0     102s
mqtt-broker-65c6fb9d94-k9fnp   1/1   Running   0     103s
mqtt-broker-65c6fb9d94-nrtbj   1/1   Running   0     67s
1778244212
mqtt-broker-65c6fb9d94-cmxnl   1/1   Running   0     107s
mqtt-broker-65c6fb9d94-k9fnp   1/1   Running   0     108s
mqtt-broker-65c6fb9d94-nrtbj   1/1   Running   0     72s
1778244217
mqtt-broker-65c6fb9d94-cmxnl   1/1   Running   0     112s
mqtt-broker-65c6fb9d94-k9fnp   1/1   Running   0     113s
mqtt-broker-65c6fb9d94-nrtbj   1/1   Running   0     77s
1778244222
mqtt-broker-65c6fb9d94-cmxnl   1/1   Running   0     117s
mqtt-broker-65c6fb9d94-k9fnp   1/1   Running   0     118s
mqtt-broker-65c6fb9d94-nrtbj   1/1   Running   0     82s
1778244227
mqtt-broker-65c6fb9d94-cmxnl   1/1   Running   0     2m2s
mqtt-broker-65c6fb9d94-k9fnp   1/1   Running   0     2m3s
mqtt-broker-65c6fb9d94-nrtbj   1/1   Running   0     87s
1778244232
mqtt-broker-65c6fb9d94-cmxnl   1/1   Running   0     2m8s
mqtt-broker-65c6fb9d94-k9fnp   1/1   Running   0     2m9s
mqtt-broker-65c6fb9d94-nrtbj   1/1   Running   0     93s
1778244238
mqtt-broker-65c6fb9d94-cmxnl   1/1   Running   0     2m13s
mqtt-broker-65c6fb9d94-k9fnp   1/1   Running   0     2m14s
mqtt-broker-65c6fb9d94-nrtbj   1/1   Running   0     98s
1778244243
mqtt-broker-65c6fb9d94-cmxnl   1/1   Running   0     2m18s
mqtt-broker-65c6fb9d94-k9fnp   1/1   Running   0     2m19s
mqtt-broker-65c6fb9d94-nrtbj   1/1   Running   0     103s
1778244248
mqtt-broker-65c6fb9d94-cmxnl   1/1   Running   0     2m23s
mqtt-broker-65c6fb9d94-k9fnp   1/1   Running   0     2m24s
mqtt-broker-65c6fb9d94-nrtbj   1/1   Running   0     108s
1778244253
mqtt-broker-65c6fb9d94-cmxnl   1/1   Running   0     2m28s
mqtt-broker-65c6fb9d94-k9fnp   1/1   Running   0     2m29s
mqtt-broker-65c6fb9d94-nrtbj   1/1   Running   0     113s
1778244258
mqtt-broker-65c6fb9d94-cmxnl   1/1   Running   0     2m33s
mqtt-broker-65c6fb9d94-k9fnp   1/1   Running   0     2m34s
mqtt-broker-65c6fb9d94-nrtbj   1/1   Running   0     118s
1778244263
mqtt-broker-65c6fb9d94-cmxnl   1/1   Running   0     2m38s
mqtt-broker-65c6fb9d94-k9fnp   1/1   Running   0     2m39s
mqtt-broker-65c6fb9d94-nrtbj   1/1   Running   0     2m3s
1778244268
mqtt-broker-65c6fb9d94-cmxnl   1/1   Running   0     2m43s
mqtt-broker-65c6fb9d94-k9fnp   1/1   Running   0     2m44s
mqtt-broker-65c6fb9d94-nrtbj   1/1   Running   0     2m8s
1778244273
mqtt-broker-65c6fb9d94-cmxnl   1/1   Running   0     2m49s
mqtt-broker-65c6fb9d94-k9fnp   1/1   Running   0     2m50s
mqtt-broker-65c6fb9d94-nrtbj   1/1   Running   0     2m14s
1778244279
mqtt-broker-65c6fb9d94-cmxnl   1/1   Running   0     2m54s
mqtt-broker-65c6fb9d94-k9fnp   1/1   Running   0     2m55s
mqtt-broker-65c6fb9d94-nrtbj   1/1   Running   0     2m19s
1778244284
mqtt-broker-65c6fb9d94-cmxnl   1/1   Running   0     2m59s
mqtt-broker-65c6fb9d94-k9fnp   1/1   Running   0     3m
mqtt-broker-65c6fb9d94-nrtbj   1/1   Running   0     2m24s
1778244289
mqtt-broker-65c6fb9d94-cmxnl   1/1   Running   0     3m4s
mqtt-broker-65c6fb9d94-k9fnp   1/1   Running   0     3m5s
mqtt-broker-65c6fb9d94-nrtbj   1/1   Running   0     2m29s
1778244294
mqtt-broker-65c6fb9d94-cmxnl   1/1   Running   0     3m9s
mqtt-broker-65c6fb9d94-k9fnp   1/1   Running   0     3m10s
mqtt-broker-65c6fb9d94-nrtbj   1/1   Running   0     2m34s
1778244299
mqtt-broker-65c6fb9d94-cmxnl   1/1   Running   0     3m14s
mqtt-broker-65c6fb9d94-k9fnp   1/1   Running   0     3m15s
mqtt-broker-65c6fb9d94-nrtbj   1/1   Running   0     2m39s
1778244304
mqtt-broker-65c6fb9d94-cmxnl   1/1   Running   0     3m19s
mqtt-broker-65c6fb9d94-k9fnp   1/1   Running   0     3m20s
mqtt-broker-65c6fb9d94-nrtbj   1/1   Running   0     2m44s
1778244309
mqtt-broker-65c6fb9d94-cmxnl   1/1   Running   0     3m24s
mqtt-broker-65c6fb9d94-k9fnp   1/1   Running   0     3m25s
mqtt-broker-65c6fb9d94-nrtbj   1/1   Running   0     2m49s
1778244315
mqtt-broker-65c6fb9d94-cmxnl   1/1   Running   0     3m30s
mqtt-broker-65c6fb9d94-k9fnp   1/1   Running   0     3m31s
mqtt-broker-65c6fb9d94-nrtbj   1/1   Running   0     2m55s
1778244320
mqtt-broker-65c6fb9d94-cmxnl   1/1   Running   0     3m35s
mqtt-broker-65c6fb9d94-k9fnp   1/1   Running   0     3m36s
mqtt-broker-65c6fb9d94-nrtbj   1/1   Running   0     3m
1778244325
mqtt-broker-65c6fb9d94-cmxnl   1/1   Running   0     3m40s
mqtt-broker-65c6fb9d94-k9fnp   1/1   Running   0     3m41s
mqtt-broker-65c6fb9d94-nrtbj   1/1   Running   0     3m5s
1778244330
mqtt-broker-65c6fb9d94-cmxnl   1/1   Running   0     3m45s
mqtt-broker-65c6fb9d94-k9fnp   1/1   Running   0     3m46s
mqtt-broker-65c6fb9d94-nrtbj   1/1   Running   0     3m10s
1778244335
mqtt-broker-65c6fb9d94-cmxnl   1/1   Running   0     3m50s
mqtt-broker-65c6fb9d94-k9fnp   1/1   Running   0     3m51s
mqtt-broker-65c6fb9d94-nrtbj   1/1   Running   0     3m15s
1778244340
mqtt-broker-65c6fb9d94-cmxnl   1/1   Running   0     3m55s
mqtt-broker-65c6fb9d94-k9fnp   1/1   Running   0     3m56s
mqtt-broker-65c6fb9d94-nrtbj   1/1   Running   0     3m20s
1778244345
mqtt-broker-65c6fb9d94-cmxnl   1/1   Running   0     4m
mqtt-broker-65c6fb9d94-k9fnp   1/1   Running   0     4m1s
mqtt-broker-65c6fb9d94-nrtbj   1/1   Running   0     3m25s
1778244350
mqtt-broker-65c6fb9d94-cmxnl   1/1   Running   0     4m5s
mqtt-broker-65c6fb9d94-k9fnp   1/1   Running   0     4m6s
mqtt-broker-65c6fb9d94-nrtbj   1/1   Running   0     3m30s
1778244355
mqtt-broker-65c6fb9d94-cmxnl   1/1   Running   0     4m11s
mqtt-broker-65c6fb9d94-k9fnp   1/1   Running   0     4m12s
mqtt-broker-65c6fb9d94-nrtbj   1/1   Running   0     3m36s
1778244361
mqtt-broker-65c6fb9d94-cmxnl   1/1   Running   0     4m16s
mqtt-broker-65c6fb9d94-k9fnp   1/1   Running   0     4m17s
mqtt-broker-65c6fb9d94-nrtbj   1/1   Running   0     3m41s
1778244366
mqtt-broker-65c6fb9d94-cmxnl   1/1   Running   0     4m21s
mqtt-broker-65c6fb9d94-k9fnp   1/1   Running   0     4m22s
mqtt-broker-65c6fb9d94-nrtbj   1/1   Running   0     3m46s
1778244371
mqtt-broker-65c6fb9d94-cmxnl   1/1   Running   0     4m26s
mqtt-broker-65c6fb9d94-k9fnp   1/1   Running   0     4m27s
mqtt-broker-65c6fb9d94-nrtbj   1/1   Running   0     3m51s
1778244376
mqtt-broker-65c6fb9d94-cmxnl   1/1   Running   0     4m31s
mqtt-broker-65c6fb9d94-k9fnp   1/1   Running   0     4m32s
mqtt-broker-65c6fb9d94-nrtbj   1/1   Running   0     3m56s
1778244381
mqtt-broker-65c6fb9d94-cmxnl   1/1   Running   0     4m36s
mqtt-broker-65c6fb9d94-k9fnp   1/1   Running   0     4m37s
mqtt-broker-65c6fb9d94-nrtbj   1/1   Running   0     4m1s
1778244386
mqtt-broker-65c6fb9d94-cmxnl   1/1   Running   0     4m41s
mqtt-broker-65c6fb9d94-k9fnp   1/1   Running   0     4m42s
mqtt-broker-65c6fb9d94-nrtbj   1/1   Running   0     4m6s
1778244391
mqtt-broker-65c6fb9d94-cmxnl   1/1   Running   0     4m46s
mqtt-broker-65c6fb9d94-k9fnp   1/1   Running   0     4m47s
mqtt-broker-65c6fb9d94-nrtbj   1/1   Running   0     4m11s
1778244396
mqtt-broker-65c6fb9d94-cmxnl   1/1   Running   0     4m52s
mqtt-broker-65c6fb9d94-k9fnp   1/1   Running   0     4m53s
mqtt-broker-65c6fb9d94-nrtbj   1/1   Running   0     4m17s
1778244402
mqtt-broker-65c6fb9d94-cmxnl   1/1   Running   0     4m57s
mqtt-broker-65c6fb9d94-k9fnp   1/1   Running   0     4m58s
mqtt-broker-65c6fb9d94-nrtbj   1/1   Running   0     4m22s
1778244407
mqtt-broker-65c6fb9d94-cmxnl   1/1   Running   0     5m2s
mqtt-broker-65c6fb9d94-k9fnp   1/1   Running   0     5m3s
mqtt-broker-65c6fb9d94-nrtbj   1/1   Running   0     4m27s
1778244412
mqtt-broker-65c6fb9d94-cmxnl   1/1   Running   0     5m7s
mqtt-broker-65c6fb9d94-k9fnp   1/1   Running   0     5m8s
mqtt-broker-65c6fb9d94-nrtbj   1/1   Running   0     4m32s
1778244417
mqtt-broker-65c6fb9d94-cmxnl   1/1   Running   0     5m12s
mqtt-broker-65c6fb9d94-k9fnp   1/1   Running   0     5m13s
mqtt-broker-65c6fb9d94-nrtbj   1/1   Running   0     4m37s
1778244422
mqtt-broker-65c6fb9d94-cmxnl   1/1   Running   0     5m17s
mqtt-broker-65c6fb9d94-k9fnp   1/1   Running   0     5m18s
mqtt-broker-65c6fb9d94-nrtbj   1/1   Running   0     4m42s
1778244427
mqtt-broker-65c6fb9d94-cmxnl   1/1   Running   0     5m22s
mqtt-broker-65c6fb9d94-k9fnp   1/1   Running   0     5m23s
mqtt-broker-65c6fb9d94-nrtbj   1/1   Running   0     4m47s
1778244432
mqtt-broker-65c6fb9d94-cmxnl   1/1   Running   0     5m27s
mqtt-broker-65c6fb9d94-k9fnp   1/1   Running   0     5m28s
mqtt-broker-65c6fb9d94-nrtbj   1/1   Running   0     4m52s
1778244437
mqtt-broker-65c6fb9d94-cmxnl   1/1   Running   0     5m33s
mqtt-broker-65c6fb9d94-k9fnp   1/1   Running   0     5m34s
mqtt-broker-65c6fb9d94-nrtbj   1/1   Running   0     4m58s
1778244443
mqtt-broker-65c6fb9d94-cmxnl   1/1   Running   0     5m38s
mqtt-broker-65c6fb9d94-k9fnp   1/1   Running   0     5m39s
mqtt-broker-65c6fb9d94-nrtbj   1/1   Running   0     5m3s
1778244448
mqtt-broker-65c6fb9d94-cmxnl   1/1   Running   0     5m43s
mqtt-broker-65c6fb9d94-k9fnp   1/1   Running   0     5m44s
mqtt-broker-65c6fb9d94-nrtbj   1/1   Running   0     5m8s
1778244453
mqtt-broker-65c6fb9d94-cmxnl   1/1   Running   0     5m48s
mqtt-broker-65c6fb9d94-k9fnp   1/1   Running   0     5m49s
mqtt-broker-65c6fb9d94-nrtbj   1/1   Running   0     5m13s
1778244458
mqtt-broker-65c6fb9d94-cmxnl   1/1   Running   0     5m53s
mqtt-broker-65c6fb9d94-k9fnp   1/1   Running   0     5m54s
mqtt-broker-65c6fb9d94-nrtbj   1/1   Running   0     5m18s
1778244463
mqtt-broker-65c6fb9d94-cmxnl   1/1   Running   0     5m58s
mqtt-broker-65c6fb9d94-k9fnp   1/1   Running   0     5m59s
mqtt-broker-65c6fb9d94-nrtbj   1/1   Running   0     5m23s
1778244468
mqtt-broker-65c6fb9d94-cmxnl   1/1   Running   0     6m3s
mqtt-broker-65c6fb9d94-k9fnp   1/1   Running   0     6m4s
mqtt-broker-65c6fb9d94-nrtbj   1/1   Running   0     5m28s
1778244473
mqtt-broker-65c6fb9d94-cmxnl   1/1   Running   0     6m8s
mqtt-broker-65c6fb9d94-k9fnp   1/1   Running   0     6m9s
mqtt-broker-65c6fb9d94-nrtbj   1/1   Running   0     5m33s
1778244478
mqtt-broker-65c6fb9d94-cmxnl   1/1   Running   0     6m14s
mqtt-broker-65c6fb9d94-k9fnp   1/1   Running   0     6m15s
mqtt-broker-65c6fb9d94-nrtbj   1/1   Running   0     5m39s
1778244484
mqtt-broker-65c6fb9d94-cmxnl   1/1   Running   0     6m19s
mqtt-broker-65c6fb9d94-k9fnp   1/1   Running   0     6m20s
mqtt-broker-65c6fb9d94-nrtbj   1/1   Running   0     5m44s
1778244489
mqtt-broker-65c6fb9d94-cmxnl   1/1   Running   0     6m24s
mqtt-broker-65c6fb9d94-k9fnp   1/1   Running   0     6m25s
mqtt-broker-65c6fb9d94-nrtbj   1/1   Running   0     5m49s
1778244494
mqtt-broker-65c6fb9d94-cmxnl   1/1   Running   0     6m29s
mqtt-broker-65c6fb9d94-k9fnp   1/1   Running   0     6m30s
mqtt-broker-65c6fb9d94-nrtbj   1/1   Running   0     5m54s
1778244499
mqtt-broker-65c6fb9d94-cmxnl   1/1   Running   0     6m34s
mqtt-broker-65c6fb9d94-k9fnp   1/1   Running   0     6m35s
mqtt-broker-65c6fb9d94-nrtbj   1/1   Running   0     5m59s
1778244504
mqtt-broker-65c6fb9d94-cmxnl   1/1   Running   0     6m39s
mqtt-broker-65c6fb9d94-k9fnp   1/1   Running   0     6m40s
mqtt-broker-65c6fb9d94-nrtbj   1/1   Running   0     6m4s
1778244509
mqtt-broker-65c6fb9d94-cmxnl   1/1   Running   0     6m44s
mqtt-broker-65c6fb9d94-k9fnp   1/1   Running   0     6m45s
mqtt-broker-65c6fb9d94-nrtbj   1/1   Running   0     6m9s
1778244514
mqtt-broker-65c6fb9d94-cmxnl   1/1   Running   0     6m49s
mqtt-broker-65c6fb9d94-k9fnp   1/1   Running   0     6m50s
mqtt-broker-65c6fb9d94-nrtbj   1/1   Running   0     6m14s
1778244519
mqtt-broker-65c6fb9d94-cmxnl   1/1   Running   0     6m55s
mqtt-broker-65c6fb9d94-k9fnp   1/1   Running   0     6m56s
mqtt-broker-65c6fb9d94-nrtbj   1/1   Running   0     6m20s
1778244525
mqtt-broker-65c6fb9d94-cmxnl   1/1   Running   0     7m
mqtt-broker-65c6fb9d94-k9fnp   1/1   Running   0     7m1s
mqtt-broker-65c6fb9d94-nrtbj   1/1   Running   0     6m25s
1778244530
mqtt-broker-65c6fb9d94-cmxnl   1/1   Running   0     7m5s
mqtt-broker-65c6fb9d94-k9fnp   1/1   Running   0     7m6s
mqtt-broker-65c6fb9d94-nrtbj   1/1   Running   0     6m30s
1778244535
mqtt-broker-65c6fb9d94-cmxnl   1/1   Running   0     7m10s
mqtt-broker-65c6fb9d94-k9fnp   1/1   Running   0     7m11s
mqtt-broker-65c6fb9d94-nrtbj   1/1   Running   0     6m35s
1778244540
mqtt-broker-65c6fb9d94-cmxnl   1/1   Running   0     7m15s
mqtt-broker-65c6fb9d94-k9fnp   1/1   Running   0     7m16s
mqtt-broker-65c6fb9d94-nrtbj   1/1   Running   0     6m40s
1778244545
mqtt-broker-65c6fb9d94-cmxnl   1/1   Running   0     7m20s
mqtt-broker-65c6fb9d94-k9fnp   1/1   Running   0     7m21s
mqtt-broker-65c6fb9d94-nrtbj   1/1   Running   0     6m45s
1778244550
mqtt-broker-65c6fb9d94-cmxnl   1/1   Running   0     7m25s
mqtt-broker-65c6fb9d94-k9fnp   1/1   Running   0     7m26s
mqtt-broker-65c6fb9d94-nrtbj   1/1   Running   0     6m50s
1778244555
mqtt-broker-65c6fb9d94-cmxnl   1/1   Running   0     7m30s
mqtt-broker-65c6fb9d94-k9fnp   1/1   Running   0     7m31s
mqtt-broker-65c6fb9d94-nrtbj   1/1   Running   0     6m55s
1778244560
mqtt-broker-65c6fb9d94-cmxnl   1/1   Running   0     7m36s
mqtt-broker-65c6fb9d94-k9fnp   1/1   Running   0     7m37s
mqtt-broker-65c6fb9d94-nrtbj   1/1   Running   0     7m1s
1778244566
mqtt-broker-65c6fb9d94-cmxnl   1/1   Running   0     7m41s
mqtt-broker-65c6fb9d94-k9fnp   1/1   Running   0     7m42s
mqtt-broker-65c6fb9d94-nrtbj   1/1   Running   0     7m6s
1778244571
mqtt-broker-65c6fb9d94-cmxnl   1/1   Running   0     7m46s
mqtt-broker-65c6fb9d94-k9fnp   1/1   Running   0     7m47s
mqtt-broker-65c6fb9d94-nrtbj   1/1   Running   0     7m11s
1778244576
mqtt-broker-65c6fb9d94-cmxnl   1/1   Running   0     7m51s
mqtt-broker-65c6fb9d94-k9fnp   1/1   Running   0     7m52s
mqtt-broker-65c6fb9d94-nrtbj   1/1   Running   0     7m16s
1778244581
mqtt-broker-65c6fb9d94-cmxnl   1/1   Running   0     7m56s
mqtt-broker-65c6fb9d94-k9fnp   1/1   Running   0     7m57s
mqtt-broker-65c6fb9d94-nrtbj   1/1   Running   0     7m21s
1778244586
mqtt-broker-65c6fb9d94-cmxnl   1/1   Running   0     8m1s
mqtt-broker-65c6fb9d94-k9fnp   1/1   Running   0     8m2s
mqtt-broker-65c6fb9d94-nrtbj   1/1   Running   0     7m26s
1778244591
mqtt-broker-65c6fb9d94-cmxnl   1/1   Running   0     8m6s
mqtt-broker-65c6fb9d94-k9fnp   1/1   Running   0     8m7s
mqtt-broker-65c6fb9d94-nrtbj   1/1   Running   0     7m31s
1778244596
mqtt-broker-65c6fb9d94-cmxnl   1/1   Running   0     8m11s
mqtt-broker-65c6fb9d94-k9fnp   1/1   Running   0     8m12s
mqtt-broker-65c6fb9d94-nrtbj   1/1   Running   0     7m36s
1778244601
mqtt-broker-65c6fb9d94-cmxnl   1/1   Running   0     8m17s
mqtt-broker-65c6fb9d94-k9fnp   1/1   Running   0     8m18s
mqtt-broker-65c6fb9d94-nrtbj   1/1   Running   0     7m42s
1778244607
mqtt-broker-65c6fb9d94-cmxnl   1/1   Running   0     8m22s
mqtt-broker-65c6fb9d94-k9fnp   1/1   Running   0     8m23s
mqtt-broker-65c6fb9d94-nrtbj   1/1   Running   0     7m47s
1778244612
mqtt-broker-65c6fb9d94-cmxnl   1/1   Running   0     8m27s
mqtt-broker-65c6fb9d94-k9fnp   1/1   Running   0     8m28s
mqtt-broker-65c6fb9d94-nrtbj   1/1   Running   0     7m52s
1778244617
mqtt-broker-65c6fb9d94-cmxnl   1/1   Running   0     8m32s
mqtt-broker-65c6fb9d94-k9fnp   1/1   Running   0     8m33s
mqtt-broker-65c6fb9d94-nrtbj   1/1   Running   0     7m57s
1778244622
mqtt-broker-65c6fb9d94-cmxnl   1/1   Running   0     8m37s
mqtt-broker-65c6fb9d94-k9fnp   1/1   Running   0     8m38s
mqtt-broker-65c6fb9d94-nrtbj   1/1   Running   0     8m2s
1778244627
mqtt-broker-65c6fb9d94-cmxnl   1/1   Running   0     8m42s
mqtt-broker-65c6fb9d94-k9fnp   1/1   Running   0     8m43s
mqtt-broker-65c6fb9d94-nrtbj   1/1   Running   0     8m7s
1778244632
mqtt-broker-65c6fb9d94-cmxnl   1/1   Running   0     8m47s
mqtt-broker-65c6fb9d94-k9fnp   1/1   Running   0     8m48s
mqtt-broker-65c6fb9d94-nrtbj   1/1   Running   0     8m12s
1778244637
mqtt-broker-65c6fb9d94-cmxnl   1/1   Running   0     8m52s
mqtt-broker-65c6fb9d94-k9fnp   1/1   Running   0     8m53s
mqtt-broker-65c6fb9d94-nrtbj   1/1   Running   0     8m17s
1778244642
mqtt-broker-65c6fb9d94-cmxnl   1/1   Running   0     8m57s
mqtt-broker-65c6fb9d94-k9fnp   1/1   Running   0     8m58s
mqtt-broker-65c6fb9d94-nrtbj   1/1   Running   0     8m22s
1778244647
mqtt-broker-65c6fb9d94-cmxnl   1/1   Running   0     9m3s
mqtt-broker-65c6fb9d94-k9fnp   1/1   Running   0     9m4s
mqtt-broker-65c6fb9d94-nrtbj   1/1   Running   0     8m28s
1778244653
mqtt-broker-65c6fb9d94-cmxnl   1/1   Running   0     9m8s
mqtt-broker-65c6fb9d94-k9fnp   1/1   Running   0     9m9s
mqtt-broker-65c6fb9d94-nrtbj   1/1   Running   0     8m33s
1778244658
mqtt-broker-65c6fb9d94-cmxnl   1/1   Running   0     9m13s
mqtt-broker-65c6fb9d94-k9fnp   1/1   Running   0     9m14s
mqtt-broker-65c6fb9d94-nrtbj   1/1   Running   0     8m38s
1778244663
mqtt-broker-65c6fb9d94-cmxnl   1/1   Running   0     9m18s
mqtt-broker-65c6fb9d94-k9fnp   1/1   Running   0     9m19s
mqtt-broker-65c6fb9d94-nrtbj   1/1   Running   0     8m43s
1778244668
mqtt-broker-65c6fb9d94-cmxnl   1/1   Running   0     9m23s
mqtt-broker-65c6fb9d94-k9fnp   1/1   Running   0     9m24s
mqtt-broker-65c6fb9d94-nrtbj   1/1   Running   0     8m48s
1778244673
mqtt-broker-65c6fb9d94-cmxnl   1/1   Running   0     9m28s
mqtt-broker-65c6fb9d94-k9fnp   1/1   Running   0     9m29s
mqtt-broker-65c6fb9d94-nrtbj   1/1   Running   0     8m53s
1778244678
mqtt-broker-65c6fb9d94-cmxnl   1/1   Running   0     9m33s
mqtt-broker-65c6fb9d94-k9fnp   1/1   Running   0     9m34s
mqtt-broker-65c6fb9d94-nrtbj   1/1   Running   0     8m58s
1778244683
mqtt-broker-65c6fb9d94-cmxnl   1/1   Running   0     9m38s
mqtt-broker-65c6fb9d94-k9fnp   1/1   Running   0     9m39s
mqtt-broker-65c6fb9d94-nrtbj   1/1   Running   0     9m3s
1778244688
mqtt-broker-65c6fb9d94-cmxnl   1/1   Running   0     9m44s
mqtt-broker-65c6fb9d94-k9fnp   1/1   Running   0     9m45s
mqtt-broker-65c6fb9d94-nrtbj   1/1   Running   0     9m9s
1778244694
mqtt-broker-65c6fb9d94-cmxnl   1/1   Running   0     9m49s
mqtt-broker-65c6fb9d94-k9fnp   1/1   Running   0     9m50s
mqtt-broker-65c6fb9d94-nrtbj   1/1   Running   0     9m14s
1778244699
mqtt-broker-65c6fb9d94-cmxnl   1/1   Running   0     9m54s
mqtt-broker-65c6fb9d94-k9fnp   1/1   Running   0     9m55s
mqtt-broker-65c6fb9d94-nrtbj   1/1   Running   0     9m19s
1778244704
mqtt-broker-65c6fb9d94-cmxnl   1/1   Running   0     9m59s
mqtt-broker-65c6fb9d94-k9fnp   1/1   Running   0     10m
mqtt-broker-65c6fb9d94-nrtbj   1/1   Running   0     9m24s
1778244709
mqtt-broker-65c6fb9d94-cmxnl   1/1   Running   0     10m
mqtt-broker-65c6fb9d94-k9fnp   1/1   Running   0     10m
mqtt-broker-65c6fb9d94-nrtbj   1/1   Running   0     9m29s
1778244714
mqtt-broker-65c6fb9d94-cmxnl   1/1   Running   0     10m
mqtt-broker-65c6fb9d94-k9fnp   1/1   Running   0     10m
mqtt-broker-65c6fb9d94-nrtbj   1/1   Running   0     9m34s
1778244719
mqtt-broker-65c6fb9d94-cmxnl   1/1   Running   0     10m
mqtt-broker-65c6fb9d94-k9fnp   1/1   Running   0     10m
mqtt-broker-65c6fb9d94-nrtbj   1/1   Running   0     9m39s
1778244724
mqtt-broker-65c6fb9d94-cmxnl   1/1   Running   0     10m
mqtt-broker-65c6fb9d94-k9fnp   1/1   Running   0     10m
mqtt-broker-65c6fb9d94-nrtbj   1/1   Running   0     9m44s
1778244729
mqtt-broker-65c6fb9d94-cmxnl   1/1   Running   0     10m
mqtt-broker-65c6fb9d94-k9fnp   1/1   Running   0     10m
mqtt-broker-65c6fb9d94-nrtbj   1/1   Running   0     9m49s
1778244734
mqtt-broker-65c6fb9d94-cmxnl   1/1   Running   0     10m
mqtt-broker-65c6fb9d94-k9fnp   1/1   Running   0     10m
mqtt-broker-65c6fb9d94-nrtbj   1/1   Running   0     9m55s
1778244740
mqtt-broker-65c6fb9d94-cmxnl   1/1   Running   0     10m
mqtt-broker-65c6fb9d94-k9fnp   1/1   Running   0     10m
mqtt-broker-65c6fb9d94-nrtbj   1/1   Running   0     10m
1778244745
mqtt-broker-65c6fb9d94-cmxnl   1/1   Running   0     10m
mqtt-broker-65c6fb9d94-k9fnp   1/1   Running   0     10m
mqtt-broker-65c6fb9d94-nrtbj   1/1   Running   0     10m
1778244750
mqtt-broker-65c6fb9d94-cmxnl   1/1   Running   0     10m
mqtt-broker-65c6fb9d94-k9fnp   1/1   Running   0     10m
mqtt-broker-65c6fb9d94-nrtbj   1/1   Running   0     10m
1778244755
mqtt-broker-65c6fb9d94-cmxnl   1/1   Running   0     10m
mqtt-broker-65c6fb9d94-k9fnp   1/1   Running   0     10m
mqtt-broker-65c6fb9d94-nrtbj   1/1   Running   0     10m
1778244760
mqtt-broker-65c6fb9d94-cmxnl   1/1   Running   0     10m
mqtt-broker-65c6fb9d94-k9fnp   1/1   Running   0     10m
mqtt-broker-65c6fb9d94-nrtbj   1/1   Running   0     10m
1778244765
mqtt-broker-65c6fb9d94-cmxnl   1/1   Running   0     11m
mqtt-broker-65c6fb9d94-k9fnp   1/1   Running   0     11m
mqtt-broker-65c6fb9d94-nrtbj   1/1   Running   0     10m
1778244770
mqtt-broker-65c6fb9d94-cmxnl   1/1   Running   0     11m
mqtt-broker-65c6fb9d94-k9fnp   1/1   Running   0     11m
mqtt-broker-65c6fb9d94-nrtbj   1/1   Running   0     10m
1778244775
mqtt-broker-65c6fb9d94-cmxnl   1/1   Running   0     11m
mqtt-broker-65c6fb9d94-k9fnp   1/1   Running   0     11m
mqtt-broker-65c6fb9d94-nrtbj   1/1   Running   0     10m
1778244781
mqtt-broker-65c6fb9d94-cmxnl   1/1   Running   0     11m
mqtt-broker-65c6fb9d94-k9fnp   1/1   Running   0     11m
mqtt-broker-65c6fb9d94-nrtbj   1/1   Running   0     10m
1778244786
mqtt-broker-65c6fb9d94-cmxnl   1/1   Running   0     11m
mqtt-broker-65c6fb9d94-k9fnp   1/1   Running   0     11m
mqtt-broker-65c6fb9d94-nrtbj   1/1   Running   0     10m
1778244791
mqtt-broker-65c6fb9d94-cmxnl   1/1   Running   0     11m
mqtt-broker-65c6fb9d94-k9fnp   1/1   Running   0     11m
mqtt-broker-65c6fb9d94-nrtbj   1/1   Running   0     10m
1778244796
mqtt-broker-65c6fb9d94-cmxnl   1/1   Running   0     11m
mqtt-broker-65c6fb9d94-k9fnp   1/1   Running   0     11m
mqtt-broker-65c6fb9d94-nrtbj   1/1   Running   0     10m
1778244801
mqtt-broker-65c6fb9d94-cmxnl   1/1   Running   0     11m
mqtt-broker-65c6fb9d94-k9fnp   1/1   Running   0     11m
mqtt-broker-65c6fb9d94-nrtbj   1/1   Running   0     11m
1778244806
mqtt-broker-65c6fb9d94-cmxnl   1/1   Running   0     11m
mqtt-broker-65c6fb9d94-k9fnp   1/1   Running   0     11m
mqtt-broker-65c6fb9d94-nrtbj   1/1   Running   0     11m
1778244811
mqtt-broker-65c6fb9d94-cmxnl   1/1   Running   0     11m
mqtt-broker-65c6fb9d94-k9fnp   1/1   Running   0     11m
mqtt-broker-65c6fb9d94-nrtbj   1/1   Running   0     11m
1778244816
mqtt-broker-65c6fb9d94-cmxnl   1/1   Running   0     11m
mqtt-broker-65c6fb9d94-k9fnp   1/1   Running   0     11m
mqtt-broker-65c6fb9d94-nrtbj   1/1   Running   0     11m
1778244822
mqtt-broker-65c6fb9d94-cmxnl   1/1   Running   0     11m
mqtt-broker-65c6fb9d94-k9fnp   1/1   Running   0     11m
mqtt-broker-65c6fb9d94-nrtbj   1/1   Running   0     11m
1778244827
mqtt-broker-65c6fb9d94-cmxnl   1/1   Running   0     12m
mqtt-broker-65c6fb9d94-k9fnp   1/1   Running   0     12m
mqtt-broker-65c6fb9d94-nrtbj   1/1   Running   0     11m
1778244832
mqtt-broker-65c6fb9d94-cmxnl   1/1   Running   0     12m
mqtt-broker-65c6fb9d94-k9fnp   1/1   Running   0     12m
mqtt-broker-65c6fb9d94-nrtbj   1/1   Running   0     11m
1778244837
mqtt-broker-65c6fb9d94-cmxnl   1/1   Running   0     12m
mqtt-broker-65c6fb9d94-k9fnp   1/1   Running   0     12m
mqtt-broker-65c6fb9d94-nrtbj   1/1   Running   0     11m
1778244842
mqtt-broker-65c6fb9d94-cmxnl   1/1   Running   0     12m
mqtt-broker-65c6fb9d94-k9fnp   1/1   Running   0     12m
mqtt-broker-65c6fb9d94-nrtbj   1/1   Running   0     11m
1778244847
mqtt-broker-65c6fb9d94-cmxnl   1/1   Running   0     12m
mqtt-broker-65c6fb9d94-k9fnp   1/1   Running   0     12m
mqtt-broker-65c6fb9d94-nrtbj   1/1   Running   0     11m
1778244852
mqtt-broker-65c6fb9d94-cmxnl   1/1   Running   0     12m
mqtt-broker-65c6fb9d94-k9fnp   1/1   Running   0     12m
mqtt-broker-65c6fb9d94-nrtbj   1/1   Running   0     11m
1778244857
mqtt-broker-65c6fb9d94-cmxnl   1/1   Running   0     12m
mqtt-broker-65c6fb9d94-k9fnp   1/1   Running   0     12m
mqtt-broker-65c6fb9d94-nrtbj   1/1   Running   0     11m
1778244863
mqtt-broker-65c6fb9d94-cmxnl   1/1   Running   0     12m
mqtt-broker-65c6fb9d94-k9fnp   1/1   Running   0     12m
mqtt-broker-65c6fb9d94-nrtbj   1/1   Running   0     12m
1778244868
mqtt-broker-65c6fb9d94-cmxnl   1/1   Running   0     12m
mqtt-broker-65c6fb9d94-k9fnp   1/1   Running   0     12m
mqtt-broker-65c6fb9d94-nrtbj   1/1   Running   0     12m
1778244873
mqtt-broker-65c6fb9d94-cmxnl   1/1   Running   0     12m
mqtt-broker-65c6fb9d94-k9fnp   1/1   Running   0     12m
mqtt-broker-65c6fb9d94-nrtbj   1/1   Running   0     12m
1778244878
mqtt-broker-65c6fb9d94-cmxnl   1/1   Running   0     12m
mqtt-broker-65c6fb9d94-k9fnp   1/1   Running   0     12m
mqtt-broker-65c6fb9d94-nrtbj   1/1   Running   0     12m
1778244883
mqtt-broker-65c6fb9d94-cmxnl   1/1   Running   0     12m
mqtt-broker-65c6fb9d94-k9fnp   1/1   Running   0     12m
mqtt-broker-65c6fb9d94-nrtbj   1/1   Running   0     12m
1778244888
mqtt-broker-65c6fb9d94-cmxnl   1/1   Running   0     13m
mqtt-broker-65c6fb9d94-k9fnp   1/1   Running   0     13m
mqtt-broker-65c6fb9d94-nrtbj   1/1   Running   0     12m
1778244893
mqtt-broker-65c6fb9d94-cmxnl   1/1   Running   0     13m
mqtt-broker-65c6fb9d94-k9fnp   1/1   Running   0     13m
mqtt-broker-65c6fb9d94-nrtbj   1/1   Running   0     12m
1778244898
mqtt-broker-65c6fb9d94-cmxnl   1/1   Running   0     13m
mqtt-broker-65c6fb9d94-k9fnp   1/1   Running   0     13m
mqtt-broker-65c6fb9d94-nrtbj   1/1   Running   0     12m
1778244904
mqtt-broker-65c6fb9d94-cmxnl   1/1   Running   0     13m
mqtt-broker-65c6fb9d94-k9fnp   1/1   Running   0     13m
mqtt-broker-65c6fb9d94-nrtbj   1/1   Running   0     12m
1778244909
mqtt-broker-65c6fb9d94-cmxnl   1/1   Running   0     13m
mqtt-broker-65c6fb9d94-k9fnp   1/1   Running   0     13m
mqtt-broker-65c6fb9d94-nrtbj   1/1   Running   0     12m
1778244914
mqtt-broker-65c6fb9d94-cmxnl   1/1   Running   0     13m
mqtt-broker-65c6fb9d94-k9fnp   1/1   Running   0     13m
mqtt-broker-65c6fb9d94-nrtbj   1/1   Running   0     12m
1778244919
mqtt-broker-65c6fb9d94-cmxnl   1/1   Running   0     13m
mqtt-broker-65c6fb9d94-k9fnp   1/1   Running   0     13m
mqtt-broker-65c6fb9d94-nrtbj   1/1   Running   0     12m
1778244924
mqtt-broker-65c6fb9d94-cmxnl   1/1   Running   0     13m
mqtt-broker-65c6fb9d94-k9fnp   1/1   Running   0     13m
mqtt-broker-65c6fb9d94-nrtbj   1/1   Running   0     13m
1778244929
mqtt-broker-65c6fb9d94-cmxnl   1/1   Running   0     13m
mqtt-broker-65c6fb9d94-k9fnp   1/1   Running   0     13m
mqtt-broker-65c6fb9d94-nrtbj   1/1   Running   0     13m
1778244934
mqtt-broker-65c6fb9d94-cmxnl   1/1   Running   0     13m
mqtt-broker-65c6fb9d94-k9fnp   1/1   Running   0     13m
mqtt-broker-65c6fb9d94-nrtbj   1/1   Running   0     13m
1778244939
mqtt-broker-65c6fb9d94-cmxnl   1/1   Running   0     13m
mqtt-broker-65c6fb9d94-k9fnp   1/1   Running   0     13m
mqtt-broker-65c6fb9d94-nrtbj   1/1   Running   0     13m
1778244945
mqtt-broker-65c6fb9d94-cmxnl   1/1   Running   0     14m
mqtt-broker-65c6fb9d94-k9fnp   1/1   Running   0     14m
mqtt-broker-65c6fb9d94-nrtbj   1/1   Running   0     13m
1778244950
mqtt-broker-65c6fb9d94-cmxnl   1/1   Running   0     14m
mqtt-broker-65c6fb9d94-k9fnp   1/1   Running   0     14m
mqtt-broker-65c6fb9d94-nrtbj   1/1   Running   0     13m
1778244955
mqtt-broker-65c6fb9d94-cmxnl   1/1   Running   0     14m
mqtt-broker-65c6fb9d94-k9fnp   1/1   Running   0     14m
mqtt-broker-65c6fb9d94-nrtbj   0/1   Running   0     13m
1778244960
mqtt-broker-65c6fb9d94-cmxnl   1/1   Running   0     14m
mqtt-broker-65c6fb9d94-k9fnp   1/1   Running   0     14m
mqtt-broker-65c6fb9d94-nrtbj   0/1   Running   0     13m
1778244965
mqtt-broker-65c6fb9d94-cmxnl   1/1   Running   0     14m
mqtt-broker-65c6fb9d94-k9fnp   1/1   Running   0     14m
mqtt-broker-65c6fb9d94-nrtbj   0/1   Running   0     13m
1778244970
mqtt-broker-65c6fb9d94-cmxnl   1/1   Running   0     14m
mqtt-broker-65c6fb9d94-k9fnp   1/1   Running   0     14m
mqtt-broker-65c6fb9d94-nrtbj   0/1   Running   0     13m
1778244975
mqtt-broker-65c6fb9d94-cmxnl   1/1   Running   0     14m
mqtt-broker-65c6fb9d94-k9fnp   1/1   Running   0     14m
mqtt-broker-65c6fb9d94-nrtbj   0/1   Running   0     13m
1778244980
mqtt-broker-65c6fb9d94-cmxnl   1/1   Running   0     14m
mqtt-broker-65c6fb9d94-k9fnp   1/1   Running   0     14m
mqtt-broker-65c6fb9d94-nrtbj   0/1   Running   0     14m
1778244985
mqtt-broker-65c6fb9d94-cmxnl   1/1   Running   0     14m
mqtt-broker-65c6fb9d94-k9fnp   1/1   Running   0     14m
mqtt-broker-65c6fb9d94-nrtbj   0/1   Running   0     14m
1778244991
mqtt-broker-65c6fb9d94-cmxnl   1/1   Running   0     14m
mqtt-broker-65c6fb9d94-k9fnp   1/1   Running   0     14m
mqtt-broker-65c6fb9d94-nrtbj   0/1   Running   0     14m
1778244996
mqtt-broker-65c6fb9d94-cmxnl   1/1   Running   0     14m
mqtt-broker-65c6fb9d94-k9fnp   1/1   Running   0     14m
mqtt-broker-65c6fb9d94-nrtbj   0/1   Running   0     14m
1778245001
mqtt-broker-65c6fb9d94-cmxnl   1/1   Running   0     14m
mqtt-broker-65c6fb9d94-k9fnp   1/1   Running   0     14m
mqtt-broker-65c6fb9d94-nrtbj   0/1   Running   0     14m
1778245006
mqtt-broker-65c6fb9d94-cmxnl   1/1   Running   0     15m
mqtt-broker-65c6fb9d94-k9fnp   1/1   Running   0     15m
mqtt-broker-65c6fb9d94-nrtbj   0/1   Running   0     14m
1778245011
mqtt-broker-65c6fb9d94-cmxnl   1/1   Running   0     15m
mqtt-broker-65c6fb9d94-k9fnp   1/1   Running   0     15m
mqtt-broker-65c6fb9d94-nrtbj   0/1   Running   0     14m
1778245016
mqtt-broker-65c6fb9d94-cmxnl   1/1   Running   0     15m
mqtt-broker-65c6fb9d94-k9fnp   1/1   Running   0     15m
mqtt-broker-65c6fb9d94-nrtbj   0/1   Running   0     14m
1778245021
mqtt-broker-65c6fb9d94-cmxnl   1/1   Running   0     15m
mqtt-broker-65c6fb9d94-k9fnp   1/1   Running   0     15m
mqtt-broker-65c6fb9d94-nrtbj   0/1   Running   0     14m
1778245026
mqtt-broker-65c6fb9d94-cmxnl   1/1   Running   0     15m
mqtt-broker-65c6fb9d94-k9fnp   1/1   Running   0     15m
mqtt-broker-65c6fb9d94-nrtbj   0/1   Running   0     14m
1778245031
mqtt-broker-65c6fb9d94-cmxnl   1/1   Running   0     15m
mqtt-broker-65c6fb9d94-k9fnp   1/1   Running   0     15m
mqtt-broker-65c6fb9d94-nrtbj   0/1   Running   0     14m
1778245037
mqtt-broker-65c6fb9d94-cmxnl   1/1   Running   0     15m
mqtt-broker-65c6fb9d94-k9fnp   1/1   Running   0     15m
mqtt-broker-65c6fb9d94-nrtbj   0/1   Running   0     14m
1778245042
mqtt-broker-65c6fb9d94-cmxnl   1/1   Running   0     15m
mqtt-broker-65c6fb9d94-k9fnp   1/1   Running   0     15m
mqtt-broker-65c6fb9d94-nrtbj   0/1   Running   0     15m
1778245047
mqtt-broker-65c6fb9d94-cmxnl   1/1   Running   0     15m
mqtt-broker-65c6fb9d94-k9fnp   1/1   Running   0     15m
mqtt-broker-65c6fb9d94-nrtbj   0/1   Running   0     15m
1778245052
mqtt-broker-65c6fb9d94-cmxnl   1/1   Running   0     15m
mqtt-broker-65c6fb9d94-k9fnp   1/1   Running   0     15m
mqtt-broker-65c6fb9d94-nrtbj   0/1   Running   0     15m
1778245057
mqtt-broker-65c6fb9d94-cmxnl   1/1   Running   0     15m
mqtt-broker-65c6fb9d94-k9fnp   1/1   Running   0     15m
mqtt-broker-65c6fb9d94-nrtbj   0/1   Running   0     15m
1778245062
mqtt-broker-65c6fb9d94-cmxnl   1/1   Running   0     15m
mqtt-broker-65c6fb9d94-k9fnp   1/1   Running   0     15m
mqtt-broker-65c6fb9d94-nrtbj   0/1   Running   0     15m
1778245067
mqtt-broker-65c6fb9d94-cmxnl   1/1   Running   0     16m
mqtt-broker-65c6fb9d94-k9fnp   1/1   Running   0     16m
mqtt-broker-65c6fb9d94-nrtbj   0/1   Running   0     15m
1778245073
mqtt-broker-65c6fb9d94-cmxnl   1/1   Running   0     16m
mqtt-broker-65c6fb9d94-k9fnp   1/1   Running   0     16m
mqtt-broker-65c6fb9d94-nrtbj   0/1   Running   0     15m
1778245078
mqtt-broker-65c6fb9d94-cmxnl   1/1   Running   0     16m
mqtt-broker-65c6fb9d94-k9fnp   1/1   Running   0     16m
mqtt-broker-65c6fb9d94-nrtbj   0/1   Running   0     15m
1778245083
mqtt-broker-65c6fb9d94-cmxnl   1/1   Running   0     16m
mqtt-broker-65c6fb9d94-k9fnp   1/1   Running   0     16m
mqtt-broker-65c6fb9d94-nrtbj   0/1   Running   0     15m
1778245088
mqtt-broker-65c6fb9d94-cmxnl   1/1   Running       0     16m
mqtt-broker-65c6fb9d94-k9fnp   1/1   Running       0     16m
mqtt-broker-65c6fb9d94-nrtbj   0/1   Terminating   0     15m
1778245093
mqtt-broker-65c6fb9d94-cmxnl   1/1   Running       0     16m
mqtt-broker-65c6fb9d94-k9fnp   1/1   Running       0     16m
mqtt-broker-65c6fb9d94-nrtbj   0/1   Terminating   0     15m
1778245098
mqtt-broker-65c6fb9d94-cmxnl   1/1   Running       0     16m
mqtt-broker-65c6fb9d94-k9fnp   1/1   Running       0     16m
mqtt-broker-65c6fb9d94-nrtbj   0/1   Terminating   0     15m
1778245103
mqtt-broker-65c6fb9d94-cmxnl   1/1   Running       0     16m
mqtt-broker-65c6fb9d94-k9fnp   1/1   Running       0     16m
mqtt-broker-65c6fb9d94-nrtbj   0/1   Terminating   0     16m
1778245108
mqtt-broker-65c6fb9d94-cmxnl   1/1   Running       0     16m
mqtt-broker-65c6fb9d94-k9fnp   1/1   Running       0     16m
mqtt-broker-65c6fb9d94-nrtbj   0/1   Terminating   0     16m
1778245113
mqtt-broker-65c6fb9d94-cmxnl   1/1   Running       0     16m
mqtt-broker-65c6fb9d94-k9fnp   1/1   Running       0     16m
mqtt-broker-65c6fb9d94-nrtbj   0/1   Terminating   0     16m
1778245119
mqtt-broker-65c6fb9d94-cmxnl   1/1   Running       0     16m
mqtt-broker-65c6fb9d94-k9fnp   1/1   Running       0     16m
mqtt-broker-65c6fb9d94-nrtbj   0/1   Terminating   0     16m
1778245124
mqtt-broker-65c6fb9d94-cmxnl   1/1   Running       0     16m
mqtt-broker-65c6fb9d94-k9fnp   1/1   Running       0     17m
mqtt-broker-65c6fb9d94-nrtbj   0/1   Terminating   0     16m
1778245129
mqtt-broker-65c6fb9d94-cmxnl   1/1   Running       0     17m
mqtt-broker-65c6fb9d94-k9fnp   1/1   Running       0     17m
mqtt-broker-65c6fb9d94-nrtbj   0/1   Terminating   0     16m
1778245134
mqtt-broker-65c6fb9d94-cmxnl   1/1   Running       0     17m
mqtt-broker-65c6fb9d94-k9fnp   1/1   Running       0     17m
mqtt-broker-65c6fb9d94-nrtbj   0/1   Terminating   0     16m
1778245139
mqtt-broker-65c6fb9d94-cmxnl   1/1   Running       0     17m
mqtt-broker-65c6fb9d94-k9fnp   1/1   Running       0     17m
mqtt-broker-65c6fb9d94-nrtbj   0/1   Terminating   0     16m
1778245144
mqtt-broker-65c6fb9d94-cmxnl   1/1   Running   0     17m
mqtt-broker-65c6fb9d94-k9fnp   1/1   Running   0     17m
mqtt-broker-65c6fb9d94-nrtbj   0/1   Error     0     16m
1778245149
mqtt-broker-65c6fb9d94-cmxnl   1/1   Running   0     17m
mqtt-broker-65c6fb9d94-k9fnp   1/1   Running   0     17m
1778245154
mqtt-broker-65c6fb9d94-cmxnl   1/1   Running   0     17m
mqtt-broker-65c6fb9d94-k9fnp   1/1   Running   0     17m
1778245160
mqtt-broker-65c6fb9d94-cmxnl   1/1   Running   0     17m
mqtt-broker-65c6fb9d94-k9fnp   1/1   Running   0     17m
1778245165
mqtt-broker-65c6fb9d94-cmxnl   1/1   Running   0     17m
mqtt-broker-65c6fb9d94-k9fnp   1/1   Running   0     17m
1778245170
mqtt-broker-65c6fb9d94-cmxnl   1/1   Running   0     17m
mqtt-broker-65c6fb9d94-k9fnp   1/1   Running   0     17m
1778245175
1778245180
1778245185
1778245190
1778245195
1778245200
1778245205
1778245210
1778245215
1778245220
1778245225
1778245231
1778245236
1778245241
1778245246
1778245251
1778245256
1778245261
1778245266
1778245271
1778245276
1778245281
1778245286
1778245291
1778245296
1778245301
1778245306
1778245311
1778245316
1778245321
1778245326
1778245331
1778245337
1778245342
1778245347
1778245352
1778245357
1778245362
1778245367
1778245372
1778245377
1778245382
1778245387
1778245392
1778245397
1778245402
1778245407
1778245412
1778245417
1778245422
1778245427
1778245432
1778245438
1778245443
1778245448
1778245453
1778245458
1778245463
1778245468
1778245473
1778245478
1778245483
1778245488
1778245493
1778245498
1778245503
1778245508
1778245513
1778245518
1778245523
1778245528
1778245534
1778245539
1778245544
1778245549
1778245554
1778245559
1778245564
1778245569
1778245574
1778245579
1778245584
1778245589
1778245594
1778245599
1778245604
1778245609
1778245614
1778245619
1778245625
1778245630
1778245635
1778245640
1778245645
1778245650
1778245655
1778245660
1778245665
1778245670
1778245675
1778245680
1778245685
1778245690
1778245695
1778245700
1778245705
1778245710
1778245716
1778245721
1778245726
1778245731
1778245736
1778245741
1778245746
1778245751
1778245756
1778245761
1778245766
1778245771
1778245776
1778245781
1778245786
1778245791
1778245796
1778245802
1778245807
1778245812
1778245817
1778245822
1778245827
1778245832
1778245837
1778245842
1778245847
1778245852
1778245857
1778245862
1778245867
1778245872
1778245877
1778245882
1778245887
1778245892
1778245897
1778245903
1778245908
1778245913
1778245918
1778245923
1778245928
1778245933
1778245938
1778245943
1778245948
1778245953
1778245958
1778245963
1778245968
1778245973
1778245978
1778245984
1778245989
1778245994
1778245999
1778246004
1778246009
1778246014
1778246019
1778246024
1778246029
1778246034
1778246039
1778246044
1778246049
1778246054
1778246059
1778246064
1778246069
1778246074
1778246080
1778246085
1778246090
1778246095
1778246100
1778246105
1778246110
1778246115
1778246120
1778246125
1778246130
1778246135
1778246140
1778246145
1778246150
1778246155
1778246160
1778246166
1778246171
1778246176
1778246181
1778246186
1778246191
1778246196
1778246201
1778246206
1778246211
1778246217
1778246222
1778246227
1778246232
1778246237
1778246242
1778246247
1778246252
1778246258
1778246263
1778246268
1778246273
1778246278
1778246283
1778246289
1778246294
1778246299
1778246304
mqtt-broker-65c6fb9d94-ctkvr   1/1   Running             0     2s
mqtt-broker-65c6fb9d94-l4cmq   0/1   ContainerCreating   0     1s
1778246309
mqtt-broker-65c6fb9d94-ctkvr   1/1   Running   0     7s
mqtt-broker-65c6fb9d94-l4cmq   1/1   Running   0     6s
1778246314
mqtt-broker-65c6fb9d94-ctkvr   1/1   Running   0     13s
mqtt-broker-65c6fb9d94-l4cmq   1/1   Running   0     12s
1778246320
mqtt-broker-65c6fb9d94-ctkvr   1/1   Running   0     18s
mqtt-broker-65c6fb9d94-l4cmq   1/1   Running   0     17s
1778246325
mqtt-broker-65c6fb9d94-ctkvr   1/1   Running   0     23s
mqtt-broker-65c6fb9d94-l4cmq   1/1   Running   0     22s
1778246330
mqtt-broker-65c6fb9d94-ctkvr   1/1   Running   0     28s
mqtt-broker-65c6fb9d94-l4cmq   1/1   Running   0     27s
1778246335
mqtt-broker-65c6fb9d94-ctkvr   1/1   Running   0     33s
mqtt-broker-65c6fb9d94-l4cmq   1/1   Running   0     32s
1778246340
mqtt-broker-65c6fb9d94-ctkvr   1/1   Running   0     38s
mqtt-broker-65c6fb9d94-l4cmq   1/1   Running   0     37s
1778246345
mqtt-broker-65c6fb9d94-ctkvr   1/1   Running   0     43s
mqtt-broker-65c6fb9d94-l4cmq   1/1   Running   0     42s
mqtt-broker-65c6fb9d94-vcpxf   1/1   Running   0     2s
1778246350
mqtt-broker-65c6fb9d94-ctkvr   1/1   Running   0     48s
mqtt-broker-65c6fb9d94-l4cmq   1/1   Running   0     47s
mqtt-broker-65c6fb9d94-vcpxf   1/1   Running   0     7s
1778246355
mqtt-broker-65c6fb9d94-ctkvr   1/1   Running   0     54s
mqtt-broker-65c6fb9d94-l4cmq   1/1   Running   0     53s
mqtt-broker-65c6fb9d94-vcpxf   1/1   Running   0     13s
1778246361
mqtt-broker-65c6fb9d94-ctkvr   1/1   Running   0     59s
mqtt-broker-65c6fb9d94-l4cmq   1/1   Running   0     58s
mqtt-broker-65c6fb9d94-vcpxf   1/1   Running   0     18s
1778246366
mqtt-broker-65c6fb9d94-ctkvr   1/1   Running   0     64s
mqtt-broker-65c6fb9d94-l4cmq   1/1   Running   0     63s
mqtt-broker-65c6fb9d94-vcpxf   1/1   Running   0     23s
1778246371
mqtt-broker-65c6fb9d94-ctkvr   1/1   Running   0     69s
mqtt-broker-65c6fb9d94-l4cmq   1/1   Running   0     68s
mqtt-broker-65c6fb9d94-vcpxf   1/1   Running   0     28s
1778246376
mqtt-broker-65c6fb9d94-ctkvr   1/1   Running   0     74s
mqtt-broker-65c6fb9d94-l4cmq   1/1   Running   0     73s
mqtt-broker-65c6fb9d94-vcpxf   1/1   Running   0     33s
1778246381
mqtt-broker-65c6fb9d94-ctkvr   1/1   Running   0     79s
mqtt-broker-65c6fb9d94-l4cmq   1/1   Running   0     78s
mqtt-broker-65c6fb9d94-vcpxf   1/1   Running   0     38s
1778246386
mqtt-broker-65c6fb9d94-ctkvr   1/1   Running   0     84s
mqtt-broker-65c6fb9d94-l4cmq   1/1   Running   0     83s
mqtt-broker-65c6fb9d94-vcpxf   1/1   Running   0     43s
1778246391
mqtt-broker-65c6fb9d94-ctkvr   1/1   Running   0     90s
mqtt-broker-65c6fb9d94-l4cmq   1/1   Running   0     89s
mqtt-broker-65c6fb9d94-vcpxf   1/1   Running   0     49s
1778246397
mqtt-broker-65c6fb9d94-ctkvr   1/1   Running   0     95s
mqtt-broker-65c6fb9d94-l4cmq   1/1   Running   0     94s
mqtt-broker-65c6fb9d94-vcpxf   1/1   Running   0     54s
1778246402
mqtt-broker-65c6fb9d94-ctkvr   1/1   Running   0     100s
mqtt-broker-65c6fb9d94-l4cmq   1/1   Running   0     99s
mqtt-broker-65c6fb9d94-vcpxf   1/1   Running   0     59s
1778246407
mqtt-broker-65c6fb9d94-ctkvr   1/1   Running   0     105s
mqtt-broker-65c6fb9d94-l4cmq   1/1   Running   0     104s
mqtt-broker-65c6fb9d94-vcpxf   1/1   Running   0     64s
1778246412
mqtt-broker-65c6fb9d94-ctkvr   1/1   Running   0     110s
mqtt-broker-65c6fb9d94-l4cmq   1/1   Running   0     109s
mqtt-broker-65c6fb9d94-vcpxf   1/1   Running   0     69s
1778246417
mqtt-broker-65c6fb9d94-ctkvr   1/1   Running   0     115s
mqtt-broker-65c6fb9d94-l4cmq   1/1   Running   0     114s
mqtt-broker-65c6fb9d94-vcpxf   1/1   Running   0     74s
1778246422
mqtt-broker-65c6fb9d94-ctkvr   1/1   Running   0     2m
mqtt-broker-65c6fb9d94-l4cmq   1/1   Running   0     119s
mqtt-broker-65c6fb9d94-vcpxf   1/1   Running   0     79s
1778246427
mqtt-broker-65c6fb9d94-ctkvr   1/1   Running   0     2m5s
mqtt-broker-65c6fb9d94-l4cmq   1/1   Running   0     2m4s
mqtt-broker-65c6fb9d94-vcpxf   1/1   Running   0     84s
1778246432
mqtt-broker-65c6fb9d94-ctkvr   1/1   Running   0     2m11s
mqtt-broker-65c6fb9d94-l4cmq   1/1   Running   0     2m10s
mqtt-broker-65c6fb9d94-vcpxf   1/1   Running   0     90s
1778246438
mqtt-broker-65c6fb9d94-ctkvr   1/1   Running   0     2m16s
mqtt-broker-65c6fb9d94-l4cmq   1/1   Running   0     2m15s
mqtt-broker-65c6fb9d94-vcpxf   1/1   Running   0     95s
1778246443
mqtt-broker-65c6fb9d94-ctkvr   1/1   Running   0     2m21s
mqtt-broker-65c6fb9d94-l4cmq   1/1   Running   0     2m20s
mqtt-broker-65c6fb9d94-vcpxf   1/1   Running   0     100s
1778246448
mqtt-broker-65c6fb9d94-ctkvr   1/1   Running   0     2m26s
mqtt-broker-65c6fb9d94-l4cmq   1/1   Running   0     2m25s
mqtt-broker-65c6fb9d94-vcpxf   1/1   Running   0     105s
1778246453
mqtt-broker-65c6fb9d94-ctkvr   1/1   Running   0     2m31s
mqtt-broker-65c6fb9d94-l4cmq   1/1   Running   0     2m30s
mqtt-broker-65c6fb9d94-vcpxf   1/1   Running   0     110s
1778246458
mqtt-broker-65c6fb9d94-ctkvr   1/1   Running   0     2m36s
mqtt-broker-65c6fb9d94-l4cmq   1/1   Running   0     2m35s
mqtt-broker-65c6fb9d94-vcpxf   1/1   Running   0     115s
1778246463
mqtt-broker-65c6fb9d94-ctkvr   1/1   Running   0     2m41s
mqtt-broker-65c6fb9d94-l4cmq   1/1   Running   0     2m40s
mqtt-broker-65c6fb9d94-vcpxf   1/1   Running   0     2m
1778246468
mqtt-broker-65c6fb9d94-ctkvr   1/1   Running   0     2m46s
mqtt-broker-65c6fb9d94-l4cmq   1/1   Running   0     2m45s
mqtt-broker-65c6fb9d94-vcpxf   1/1   Running   0     2m5s
1778246473
mqtt-broker-65c6fb9d94-ctkvr   1/1   Running   0     2m52s
mqtt-broker-65c6fb9d94-l4cmq   1/1   Running   0     2m51s
mqtt-broker-65c6fb9d94-vcpxf   1/1   Running   0     2m11s
1778246479
mqtt-broker-65c6fb9d94-ctkvr   1/1   Running   0     2m57s
mqtt-broker-65c6fb9d94-l4cmq   1/1   Running   0     2m56s
mqtt-broker-65c6fb9d94-vcpxf   1/1   Running   0     2m16s
1778246484
mqtt-broker-65c6fb9d94-ctkvr   1/1   Running   0     3m2s
mqtt-broker-65c6fb9d94-l4cmq   1/1   Running   0     3m1s
mqtt-broker-65c6fb9d94-vcpxf   1/1   Running   0     2m21s
1778246489
mqtt-broker-65c6fb9d94-ctkvr   1/1   Running   0     3m7s
mqtt-broker-65c6fb9d94-l4cmq   1/1   Running   0     3m6s
mqtt-broker-65c6fb9d94-vcpxf   1/1   Running   0     2m26s
1778246494
mqtt-broker-65c6fb9d94-ctkvr   1/1   Running   0     3m12s
mqtt-broker-65c6fb9d94-l4cmq   1/1   Running   0     3m11s
mqtt-broker-65c6fb9d94-vcpxf   1/1   Running   0     2m31s
1778246499
mqtt-broker-65c6fb9d94-ctkvr   1/1   Running   0     3m17s
mqtt-broker-65c6fb9d94-l4cmq   1/1   Running   0     3m16s
mqtt-broker-65c6fb9d94-vcpxf   1/1   Running   0     2m36s
1778246504
mqtt-broker-65c6fb9d94-ctkvr   1/1   Running   0     3m22s
mqtt-broker-65c6fb9d94-l4cmq   1/1   Running   0     3m21s
mqtt-broker-65c6fb9d94-vcpxf   1/1   Running   0     2m41s
1778246509
mqtt-broker-65c6fb9d94-ctkvr   1/1   Running   0     3m27s
mqtt-broker-65c6fb9d94-l4cmq   1/1   Running   0     3m26s
mqtt-broker-65c6fb9d94-vcpxf   1/1   Running   0     2m46s
1778246514
mqtt-broker-65c6fb9d94-ctkvr   1/1   Running   0     3m33s
mqtt-broker-65c6fb9d94-l4cmq   1/1   Running   0     3m32s
mqtt-broker-65c6fb9d94-vcpxf   1/1   Running   0     2m52s
1778246520
mqtt-broker-65c6fb9d94-ctkvr   1/1   Running   0     3m38s
mqtt-broker-65c6fb9d94-l4cmq   1/1   Running   0     3m37s
mqtt-broker-65c6fb9d94-vcpxf   1/1   Running   0     2m57s
1778246525
mqtt-broker-65c6fb9d94-ctkvr   1/1   Running   0     3m43s
mqtt-broker-65c6fb9d94-l4cmq   1/1   Running   0     3m42s
mqtt-broker-65c6fb9d94-vcpxf   1/1   Running   0     3m2s
1778246530
mqtt-broker-65c6fb9d94-ctkvr   1/1   Running   0     3m48s
mqtt-broker-65c6fb9d94-l4cmq   1/1   Running   0     3m47s
mqtt-broker-65c6fb9d94-vcpxf   1/1   Running   0     3m7s
1778246535
mqtt-broker-65c6fb9d94-ctkvr   1/1   Running   0     3m53s
mqtt-broker-65c6fb9d94-l4cmq   1/1   Running   0     3m52s
mqtt-broker-65c6fb9d94-vcpxf   1/1   Running   0     3m12s
1778246540
mqtt-broker-65c6fb9d94-ctkvr   1/1   Running   0     3m58s
mqtt-broker-65c6fb9d94-l4cmq   1/1   Running   0     3m57s
mqtt-broker-65c6fb9d94-vcpxf   1/1   Running   0     3m17s
1778246545
mqtt-broker-65c6fb9d94-ctkvr   1/1   Running   0     4m3s
mqtt-broker-65c6fb9d94-l4cmq   1/1   Running   0     4m2s
mqtt-broker-65c6fb9d94-vcpxf   1/1   Running   0     3m22s
1778246550
mqtt-broker-65c6fb9d94-ctkvr   1/1   Running   0     4m8s
mqtt-broker-65c6fb9d94-l4cmq   1/1   Running   0     4m7s
mqtt-broker-65c6fb9d94-vcpxf   1/1   Running   0     3m27s
1778246555
mqtt-broker-65c6fb9d94-ctkvr   1/1   Running   0     4m14s
mqtt-broker-65c6fb9d94-l4cmq   1/1   Running   0     4m13s
mqtt-broker-65c6fb9d94-vcpxf   1/1   Running   0     3m33s
1778246561
mqtt-broker-65c6fb9d94-ctkvr   1/1   Running   0     4m19s
mqtt-broker-65c6fb9d94-l4cmq   1/1   Running   0     4m18s
mqtt-broker-65c6fb9d94-vcpxf   1/1   Running   0     3m38s
1778246566
mqtt-broker-65c6fb9d94-ctkvr   1/1   Running   0     4m24s
mqtt-broker-65c6fb9d94-l4cmq   1/1   Running   0     4m23s
mqtt-broker-65c6fb9d94-vcpxf   1/1   Running   0     3m43s
1778246571
mqtt-broker-65c6fb9d94-ctkvr   1/1   Running   0     4m29s
mqtt-broker-65c6fb9d94-l4cmq   1/1   Running   0     4m28s
mqtt-broker-65c6fb9d94-vcpxf   1/1   Running   0     3m48s
1778246576
mqtt-broker-65c6fb9d94-ctkvr   1/1   Running   0     4m34s
mqtt-broker-65c6fb9d94-l4cmq   1/1   Running   0     4m33s
mqtt-broker-65c6fb9d94-vcpxf   1/1   Running   0     3m53s
1778246581
mqtt-broker-65c6fb9d94-ctkvr   1/1   Running   0     4m39s
mqtt-broker-65c6fb9d94-l4cmq   1/1   Running   0     4m38s
mqtt-broker-65c6fb9d94-vcpxf   1/1   Running   0     3m58s
1778246586
mqtt-broker-65c6fb9d94-ctkvr   1/1   Running   0     4m44s
mqtt-broker-65c6fb9d94-l4cmq   1/1   Running   0     4m43s
mqtt-broker-65c6fb9d94-vcpxf   1/1   Running   0     4m3s
1778246591
mqtt-broker-65c6fb9d94-ctkvr   1/1   Running   0     4m49s
mqtt-broker-65c6fb9d94-l4cmq   1/1   Running   0     4m48s
mqtt-broker-65c6fb9d94-vcpxf   1/1   Running   0     4m8s
1778246596
mqtt-broker-65c6fb9d94-ctkvr   1/1   Running   0     4m54s
mqtt-broker-65c6fb9d94-l4cmq   1/1   Running   0     4m53s
mqtt-broker-65c6fb9d94-vcpxf   1/1   Running   0     4m13s
1778246601
mqtt-broker-65c6fb9d94-ctkvr   1/1   Running   0     5m
mqtt-broker-65c6fb9d94-l4cmq   1/1   Running   0     4m59s
mqtt-broker-65c6fb9d94-vcpxf   1/1   Running   0     4m19s
1778246607
mqtt-broker-65c6fb9d94-ctkvr   1/1   Running   0     5m5s
mqtt-broker-65c6fb9d94-l4cmq   1/1   Running   0     5m4s
mqtt-broker-65c6fb9d94-vcpxf   1/1   Running   0     4m24s
1778246612
mqtt-broker-65c6fb9d94-ctkvr   1/1   Running   0     5m10s
mqtt-broker-65c6fb9d94-l4cmq   1/1   Running   0     5m9s
mqtt-broker-65c6fb9d94-vcpxf   1/1   Running   0     4m29s
1778246617
mqtt-broker-65c6fb9d94-ctkvr   1/1   Running   0     5m15s
mqtt-broker-65c6fb9d94-l4cmq   1/1   Running   0     5m14s
mqtt-broker-65c6fb9d94-vcpxf   1/1   Running   0     4m34s
1778246622
mqtt-broker-65c6fb9d94-ctkvr   1/1   Running   0     5m20s
mqtt-broker-65c6fb9d94-l4cmq   1/1   Running   0     5m19s
mqtt-broker-65c6fb9d94-vcpxf   1/1   Running   0     4m39s
1778246627
mqtt-broker-65c6fb9d94-ctkvr   1/1   Running   0     5m25s
mqtt-broker-65c6fb9d94-l4cmq   1/1   Running   0     5m24s
mqtt-broker-65c6fb9d94-vcpxf   1/1   Running   0     4m44s
1778246632
mqtt-broker-65c6fb9d94-ctkvr   1/1   Running   0     5m30s
mqtt-broker-65c6fb9d94-l4cmq   1/1   Running   0     5m29s
mqtt-broker-65c6fb9d94-vcpxf   1/1   Running   0     4m49s
1778246637
mqtt-broker-65c6fb9d94-ctkvr   1/1   Running   0     5m35s
mqtt-broker-65c6fb9d94-l4cmq   1/1   Running   0     5m34s
mqtt-broker-65c6fb9d94-vcpxf   1/1   Running   0     4m54s
1778246642
mqtt-broker-65c6fb9d94-ctkvr   1/1   Running   0     5m41s
mqtt-broker-65c6fb9d94-l4cmq   1/1   Running   0     5m40s
mqtt-broker-65c6fb9d94-vcpxf   1/1   Running   0     5m
1778246648
mqtt-broker-65c6fb9d94-ctkvr   1/1   Running   0     5m46s
mqtt-broker-65c6fb9d94-l4cmq   1/1   Running   0     5m45s
mqtt-broker-65c6fb9d94-vcpxf   1/1   Running   0     5m5s
1778246653
mqtt-broker-65c6fb9d94-ctkvr   1/1   Running   0     5m51s
mqtt-broker-65c6fb9d94-l4cmq   1/1   Running   0     5m50s
mqtt-broker-65c6fb9d94-vcpxf   1/1   Running   0     5m10s
1778246658
mqtt-broker-65c6fb9d94-ctkvr   1/1   Running   0     5m56s
mqtt-broker-65c6fb9d94-l4cmq   1/1   Running   0     5m55s
mqtt-broker-65c6fb9d94-vcpxf   1/1   Running   0     5m15s
1778246663
mqtt-broker-65c6fb9d94-ctkvr   1/1   Running   0     6m1s
mqtt-broker-65c6fb9d94-l4cmq   1/1   Running   0     6m
mqtt-broker-65c6fb9d94-vcpxf   1/1   Running   0     5m20s
1778246668
mqtt-broker-65c6fb9d94-ctkvr   1/1   Running   0     6m6s
mqtt-broker-65c6fb9d94-l4cmq   1/1   Running   0     6m5s
mqtt-broker-65c6fb9d94-vcpxf   1/1   Running   0     5m25s
1778246673
mqtt-broker-65c6fb9d94-ctkvr   1/1   Running   0     6m11s
mqtt-broker-65c6fb9d94-l4cmq   1/1   Running   0     6m10s
mqtt-broker-65c6fb9d94-vcpxf   1/1   Running   0     5m30s
1778246678
mqtt-broker-65c6fb9d94-ctkvr   1/1   Running   0     6m16s
mqtt-broker-65c6fb9d94-l4cmq   1/1   Running   0     6m15s
mqtt-broker-65c6fb9d94-vcpxf   1/1   Running   0     5m35s
1778246683
mqtt-broker-65c6fb9d94-ctkvr   1/1   Running   0     6m22s
mqtt-broker-65c6fb9d94-l4cmq   1/1   Running   0     6m21s
mqtt-broker-65c6fb9d94-vcpxf   1/1   Running   0     5m41s
1778246689
mqtt-broker-65c6fb9d94-ctkvr   1/1   Running   0     6m27s
mqtt-broker-65c6fb9d94-l4cmq   1/1   Running   0     6m26s
mqtt-broker-65c6fb9d94-vcpxf   1/1   Running   0     5m46s
1778246694
mqtt-broker-65c6fb9d94-ctkvr   1/1   Running   0     6m32s
mqtt-broker-65c6fb9d94-l4cmq   1/1   Running   0     6m31s
mqtt-broker-65c6fb9d94-vcpxf   1/1   Running   0     5m51s
1778246699
mqtt-broker-65c6fb9d94-ctkvr   1/1   Running   0     6m37s
mqtt-broker-65c6fb9d94-l4cmq   1/1   Running   0     6m36s
mqtt-broker-65c6fb9d94-vcpxf   1/1   Running   0     5m56s
1778246704
mqtt-broker-65c6fb9d94-ctkvr   1/1   Running   0     6m42s
mqtt-broker-65c6fb9d94-l4cmq   1/1   Running   0     6m41s
mqtt-broker-65c6fb9d94-vcpxf   1/1   Running   0     6m1s
1778246709
mqtt-broker-65c6fb9d94-ctkvr   1/1   Running   0     6m47s
mqtt-broker-65c6fb9d94-l4cmq   1/1   Running   0     6m46s
mqtt-broker-65c6fb9d94-vcpxf   1/1   Running   0     6m6s
1778246714
mqtt-broker-65c6fb9d94-ctkvr   1/1   Running   0     6m52s
mqtt-broker-65c6fb9d94-l4cmq   1/1   Running   0     6m51s
mqtt-broker-65c6fb9d94-vcpxf   1/1   Running   0     6m11s
1778246719
mqtt-broker-65c6fb9d94-ctkvr   1/1   Running   0     6m57s
mqtt-broker-65c6fb9d94-l4cmq   1/1   Running   0     6m56s
mqtt-broker-65c6fb9d94-vcpxf   1/1   Running   0     6m16s
1778246724
mqtt-broker-65c6fb9d94-ctkvr   1/1   Running   0     7m3s
mqtt-broker-65c6fb9d94-l4cmq   1/1   Running   0     7m2s
mqtt-broker-65c6fb9d94-vcpxf   1/1   Running   0     6m22s
1778246730
mqtt-broker-65c6fb9d94-ctkvr   1/1   Running   0     7m8s
mqtt-broker-65c6fb9d94-l4cmq   1/1   Running   0     7m7s
mqtt-broker-65c6fb9d94-vcpxf   1/1   Running   0     6m27s
1778246735
mqtt-broker-65c6fb9d94-ctkvr   1/1   Running   0     7m13s
mqtt-broker-65c6fb9d94-l4cmq   1/1   Running   0     7m12s
mqtt-broker-65c6fb9d94-vcpxf   1/1   Running   0     6m32s
1778246740
mqtt-broker-65c6fb9d94-ctkvr   1/1   Running   0     7m18s
mqtt-broker-65c6fb9d94-l4cmq   1/1   Running   0     7m17s
mqtt-broker-65c6fb9d94-vcpxf   1/1   Running   0     6m37s
1778246745
mqtt-broker-65c6fb9d94-ctkvr   1/1   Running   0     7m23s
mqtt-broker-65c6fb9d94-l4cmq   1/1   Running   0     7m22s
mqtt-broker-65c6fb9d94-vcpxf   1/1   Running   0     6m42s
1778246750
mqtt-broker-65c6fb9d94-ctkvr   1/1   Running   0     7m28s
mqtt-broker-65c6fb9d94-l4cmq   1/1   Running   0     7m27s
mqtt-broker-65c6fb9d94-vcpxf   1/1   Running   0     6m47s
1778246755
mqtt-broker-65c6fb9d94-ctkvr   1/1   Running   0     7m33s
mqtt-broker-65c6fb9d94-l4cmq   1/1   Running   0     7m32s
mqtt-broker-65c6fb9d94-vcpxf   1/1   Running   0     6m52s
1778246760
mqtt-broker-65c6fb9d94-ctkvr   1/1   Running   0     7m38s
mqtt-broker-65c6fb9d94-l4cmq   1/1   Running   0     7m37s
mqtt-broker-65c6fb9d94-vcpxf   1/1   Running   0     6m57s
1778246765
mqtt-broker-65c6fb9d94-ctkvr   1/1   Running   0     7m44s
mqtt-broker-65c6fb9d94-l4cmq   1/1   Running   0     7m43s
mqtt-broker-65c6fb9d94-vcpxf   1/1   Running   0     7m3s
1778246771
mqtt-broker-65c6fb9d94-ctkvr   1/1   Running   0     7m49s
mqtt-broker-65c6fb9d94-l4cmq   1/1   Running   0     7m48s
mqtt-broker-65c6fb9d94-vcpxf   1/1   Running   0     7m8s
1778246776
mqtt-broker-65c6fb9d94-ctkvr   1/1   Running   0     7m54s
mqtt-broker-65c6fb9d94-l4cmq   1/1   Running   0     7m53s
mqtt-broker-65c6fb9d94-vcpxf   1/1   Running   0     7m13s
1778246781
mqtt-broker-65c6fb9d94-ctkvr   1/1   Running   0     7m59s
mqtt-broker-65c6fb9d94-l4cmq   1/1   Running   0     7m58s
mqtt-broker-65c6fb9d94-vcpxf   1/1   Running   0     7m18s
1778246786
mqtt-broker-65c6fb9d94-ctkvr   1/1   Running   0     8m4s
mqtt-broker-65c6fb9d94-l4cmq   1/1   Running   0     8m3s
mqtt-broker-65c6fb9d94-vcpxf   1/1   Running   0     7m23s
1778246791
mqtt-broker-65c6fb9d94-ctkvr   1/1   Running   0     8m9s
mqtt-broker-65c6fb9d94-l4cmq   1/1   Running   0     8m8s
mqtt-broker-65c6fb9d94-vcpxf   1/1   Running   0     7m28s
1778246796
mqtt-broker-65c6fb9d94-ctkvr   1/1   Running   0     8m14s
mqtt-broker-65c6fb9d94-l4cmq   1/1   Running   0     8m13s
mqtt-broker-65c6fb9d94-vcpxf   1/1   Running   0     7m33s
1778246801
mqtt-broker-65c6fb9d94-ctkvr   1/1   Running   0     8m19s
mqtt-broker-65c6fb9d94-l4cmq   1/1   Running   0     8m18s
mqtt-broker-65c6fb9d94-vcpxf   1/1   Running   0     7m38s
1778246807
mqtt-broker-65c6fb9d94-ctkvr   1/1   Running   0     8m25s
mqtt-broker-65c6fb9d94-l4cmq   1/1   Running   0     8m24s
mqtt-broker-65c6fb9d94-vcpxf   1/1   Running   0     7m44s
1778246812
mqtt-broker-65c6fb9d94-ctkvr   1/1   Running   0     8m30s
mqtt-broker-65c6fb9d94-l4cmq   1/1   Running   0     8m29s
mqtt-broker-65c6fb9d94-vcpxf   1/1   Running   0     7m49s
1778246817
mqtt-broker-65c6fb9d94-ctkvr   1/1   Running   0     8m35s
mqtt-broker-65c6fb9d94-l4cmq   1/1   Running   0     8m34s
mqtt-broker-65c6fb9d94-vcpxf   1/1   Running   0     7m54s
1778246822
mqtt-broker-65c6fb9d94-ctkvr   1/1   Running   0     8m40s
mqtt-broker-65c6fb9d94-l4cmq   1/1   Running   0     8m39s
mqtt-broker-65c6fb9d94-vcpxf   1/1   Running   0     7m59s
1778246827
mqtt-broker-65c6fb9d94-ctkvr   1/1   Running   0     8m45s
mqtt-broker-65c6fb9d94-l4cmq   1/1   Running   0     8m44s
mqtt-broker-65c6fb9d94-vcpxf   1/1   Running   0     8m4s
1778246832
mqtt-broker-65c6fb9d94-ctkvr   1/1   Running   0     8m50s
mqtt-broker-65c6fb9d94-l4cmq   1/1   Running   0     8m49s
mqtt-broker-65c6fb9d94-vcpxf   1/1   Running   0     8m9s
1778246837
mqtt-broker-65c6fb9d94-ctkvr   1/1   Running   0     8m55s
mqtt-broker-65c6fb9d94-l4cmq   1/1   Running   0     8m54s
mqtt-broker-65c6fb9d94-vcpxf   1/1   Running   0     8m14s
1778246842
mqtt-broker-65c6fb9d94-ctkvr   1/1   Running   0     9m
mqtt-broker-65c6fb9d94-l4cmq   1/1   Running   0     8m59s
mqtt-broker-65c6fb9d94-vcpxf   1/1   Running   0     8m19s
1778246847
mqtt-broker-65c6fb9d94-ctkvr   1/1   Running   0     9m6s
mqtt-broker-65c6fb9d94-l4cmq   1/1   Running   0     9m5s
mqtt-broker-65c6fb9d94-vcpxf   1/1   Running   0     8m25s
1778246853
mqtt-broker-65c6fb9d94-ctkvr   1/1   Running   0     9m11s
mqtt-broker-65c6fb9d94-l4cmq   1/1   Running   0     9m10s
mqtt-broker-65c6fb9d94-vcpxf   1/1   Running   0     8m30s
1778246858
mqtt-broker-65c6fb9d94-ctkvr   1/1   Running   0     9m16s
mqtt-broker-65c6fb9d94-l4cmq   1/1   Running   0     9m15s
mqtt-broker-65c6fb9d94-vcpxf   1/1   Running   0     8m35s
1778246863
mqtt-broker-65c6fb9d94-ctkvr   1/1   Running   0     9m21s
mqtt-broker-65c6fb9d94-l4cmq   1/1   Running   0     9m20s
mqtt-broker-65c6fb9d94-vcpxf   1/1   Running   0     8m40s
1778246868
mqtt-broker-65c6fb9d94-ctkvr   1/1   Running   0     9m26s
mqtt-broker-65c6fb9d94-l4cmq   1/1   Running   0     9m25s
mqtt-broker-65c6fb9d94-vcpxf   1/1   Running   0     8m45s
1778246873
mqtt-broker-65c6fb9d94-ctkvr   1/1   Running   0     9m31s
mqtt-broker-65c6fb9d94-l4cmq   1/1   Running   0     9m30s
mqtt-broker-65c6fb9d94-vcpxf   1/1   Running   0     8m50s
1778246878
mqtt-broker-65c6fb9d94-ctkvr   1/1   Running   0     9m36s
mqtt-broker-65c6fb9d94-l4cmq   1/1   Running   0     9m35s
mqtt-broker-65c6fb9d94-vcpxf   1/1   Running   0     8m55s
1778246883
mqtt-broker-65c6fb9d94-ctkvr   1/1   Running   0     9m41s
mqtt-broker-65c6fb9d94-l4cmq   1/1   Running   0     9m40s
mqtt-broker-65c6fb9d94-vcpxf   1/1   Running   0     9m
1778246888
mqtt-broker-65c6fb9d94-ctkvr   1/1   Running   0     9m47s
mqtt-broker-65c6fb9d94-l4cmq   1/1   Running   0     9m46s
mqtt-broker-65c6fb9d94-vcpxf   1/1   Running   0     9m6s
1778246894
mqtt-broker-65c6fb9d94-ctkvr   1/1   Running   0     9m52s
mqtt-broker-65c6fb9d94-l4cmq   1/1   Running   0     9m51s
mqtt-broker-65c6fb9d94-vcpxf   1/1   Running   0     9m11s
1778246899
mqtt-broker-65c6fb9d94-ctkvr   1/1   Running   0     9m57s
mqtt-broker-65c6fb9d94-l4cmq   1/1   Running   0     9m56s
mqtt-broker-65c6fb9d94-vcpxf   1/1   Running   0     9m16s
1778246904
mqtt-broker-65c6fb9d94-ctkvr   1/1   Running   0     10m
mqtt-broker-65c6fb9d94-l4cmq   1/1   Running   0     10m
mqtt-broker-65c6fb9d94-vcpxf   1/1   Running   0     9m21s
1778246909
mqtt-broker-65c6fb9d94-ctkvr   1/1   Running   0     10m
mqtt-broker-65c6fb9d94-l4cmq   1/1   Running   0     10m
mqtt-broker-65c6fb9d94-vcpxf   1/1   Running   0     9m26s
1778246914
mqtt-broker-65c6fb9d94-ctkvr   1/1   Running   0     10m
mqtt-broker-65c6fb9d94-l4cmq   1/1   Running   0     10m
mqtt-broker-65c6fb9d94-vcpxf   1/1   Running   0     9m31s
1778246919
mqtt-broker-65c6fb9d94-ctkvr   1/1   Running   0     10m
mqtt-broker-65c6fb9d94-l4cmq   1/1   Running   0     10m
mqtt-broker-65c6fb9d94-vcpxf   1/1   Running   0     9m36s
1778246924
mqtt-broker-65c6fb9d94-ctkvr   1/1   Running   0     10m
mqtt-broker-65c6fb9d94-l4cmq   1/1   Running   0     10m
mqtt-broker-65c6fb9d94-vcpxf   1/1   Running   0     9m41s
1778246929
mqtt-broker-65c6fb9d94-ctkvr   1/1   Running   0     10m
mqtt-broker-65c6fb9d94-l4cmq   1/1   Running   0     10m
mqtt-broker-65c6fb9d94-vcpxf   1/1   Running   0     9m46s
1778246934
mqtt-broker-65c6fb9d94-ctkvr   1/1   Running   0     10m
mqtt-broker-65c6fb9d94-l4cmq   1/1   Running   0     10m
mqtt-broker-65c6fb9d94-vcpxf   1/1   Running   0     9m52s
1778246940
mqtt-broker-65c6fb9d94-ctkvr   1/1   Running   0     10m
mqtt-broker-65c6fb9d94-l4cmq   1/1   Running   0     10m
mqtt-broker-65c6fb9d94-vcpxf   1/1   Running   0     9m57s
1778246945
mqtt-broker-65c6fb9d94-ctkvr   1/1   Running   0     10m
mqtt-broker-65c6fb9d94-l4cmq   1/1   Running   0     10m
mqtt-broker-65c6fb9d94-vcpxf   1/1   Running   0     10m
1778246950
mqtt-broker-65c6fb9d94-ctkvr   1/1   Running   0     10m
mqtt-broker-65c6fb9d94-l4cmq   1/1   Running   0     10m
mqtt-broker-65c6fb9d94-vcpxf   1/1   Running   0     10m
1778246955
mqtt-broker-65c6fb9d94-ctkvr   1/1   Running   0     10m
mqtt-broker-65c6fb9d94-l4cmq   1/1   Running   0     10m
mqtt-broker-65c6fb9d94-vcpxf   1/1   Running   0     10m
1778246960
mqtt-broker-65c6fb9d94-ctkvr   1/1   Running   0     10m
mqtt-broker-65c6fb9d94-l4cmq   1/1   Running   0     10m
mqtt-broker-65c6fb9d94-vcpxf   1/1   Running   0     10m
1778246965
mqtt-broker-65c6fb9d94-ctkvr   1/1   Running   0     11m
mqtt-broker-65c6fb9d94-l4cmq   1/1   Running   0     11m
mqtt-broker-65c6fb9d94-vcpxf   1/1   Running   0     10m
1778246970
mqtt-broker-65c6fb9d94-ctkvr   1/1   Running   0     11m
mqtt-broker-65c6fb9d94-l4cmq   1/1   Running   0     11m
mqtt-broker-65c6fb9d94-vcpxf   1/1   Running   0     10m
1778246975
mqtt-broker-65c6fb9d94-ctkvr   1/1   Running   0     11m
mqtt-broker-65c6fb9d94-l4cmq   1/1   Running   0     11m
mqtt-broker-65c6fb9d94-vcpxf   1/1   Running   0     10m
1778246981
mqtt-broker-65c6fb9d94-ctkvr   1/1   Running   0     11m
mqtt-broker-65c6fb9d94-l4cmq   1/1   Running   0     11m
mqtt-broker-65c6fb9d94-vcpxf   1/1   Running   0     10m
1778246986
mqtt-broker-65c6fb9d94-ctkvr   1/1   Running   0     11m
mqtt-broker-65c6fb9d94-l4cmq   1/1   Running   0     11m
mqtt-broker-65c6fb9d94-vcpxf   1/1   Running   0     10m
1778246991
mqtt-broker-65c6fb9d94-ctkvr   1/1   Running   0     11m
mqtt-broker-65c6fb9d94-l4cmq   1/1   Running   0     11m
mqtt-broker-65c6fb9d94-vcpxf   1/1   Running   0     10m
1778246996
mqtt-broker-65c6fb9d94-ctkvr   1/1   Running   0     11m
mqtt-broker-65c6fb9d94-l4cmq   1/1   Running   0     11m
mqtt-broker-65c6fb9d94-vcpxf   1/1   Running   0     10m
1778247001
mqtt-broker-65c6fb9d94-ctkvr   1/1   Running   0     11m
mqtt-broker-65c6fb9d94-l4cmq   1/1   Running   0     11m
mqtt-broker-65c6fb9d94-vcpxf   1/1   Running   0     10m
1778247006
mqtt-broker-65c6fb9d94-ctkvr   1/1   Running   0     11m
mqtt-broker-65c6fb9d94-l4cmq   1/1   Running   0     11m
mqtt-broker-65c6fb9d94-vcpxf   1/1   Running   0     11m
1778247011
mqtt-broker-65c6fb9d94-ctkvr   1/1   Running   0     11m
mqtt-broker-65c6fb9d94-l4cmq   1/1   Running   0     11m
mqtt-broker-65c6fb9d94-vcpxf   1/1   Running   0     11m
1778247016
mqtt-broker-65c6fb9d94-ctkvr   1/1   Running   0     11m
mqtt-broker-65c6fb9d94-l4cmq   1/1   Running   0     11m
mqtt-broker-65c6fb9d94-vcpxf   1/1   Running   0     11m
1778247022
mqtt-broker-65c6fb9d94-ctkvr   1/1   Running   0     12m
mqtt-broker-65c6fb9d94-l4cmq   1/1   Running   0     11m
mqtt-broker-65c6fb9d94-vcpxf   1/1   Running   0     11m
1778247027
mqtt-broker-65c6fb9d94-ctkvr   1/1   Running   0     12m
mqtt-broker-65c6fb9d94-l4cmq   1/1   Running   0     12m
mqtt-broker-65c6fb9d94-vcpxf   1/1   Running   0     11m
1778247032
mqtt-broker-65c6fb9d94-ctkvr   1/1   Running   0     12m
mqtt-broker-65c6fb9d94-l4cmq   1/1   Running   0     12m
mqtt-broker-65c6fb9d94-vcpxf   1/1   Running   0     11m
1778247037
mqtt-broker-65c6fb9d94-ctkvr   1/1   Running   0     12m
mqtt-broker-65c6fb9d94-l4cmq   1/1   Running   0     12m
mqtt-broker-65c6fb9d94-vcpxf   1/1   Running   0     11m
1778247042
mqtt-broker-65c6fb9d94-ctkvr   1/1   Running   0     12m
mqtt-broker-65c6fb9d94-l4cmq   1/1   Running   0     12m
mqtt-broker-65c6fb9d94-vcpxf   1/1   Running   0     11m
1778247047
mqtt-broker-65c6fb9d94-ctkvr   1/1   Running   0     12m
mqtt-broker-65c6fb9d94-l4cmq   1/1   Running   0     12m
mqtt-broker-65c6fb9d94-vcpxf   1/1   Running   0     11m
1778247052
mqtt-broker-65c6fb9d94-ctkvr   1/1   Running   0     12m
mqtt-broker-65c6fb9d94-l4cmq   1/1   Running   0     12m
mqtt-broker-65c6fb9d94-vcpxf   1/1   Running   0     11m
1778247057
mqtt-broker-65c6fb9d94-ctkvr   1/1   Running   0     12m
mqtt-broker-65c6fb9d94-l4cmq   1/1   Running   0     12m
mqtt-broker-65c6fb9d94-vcpxf   1/1   Running   0     11m
1778247062
mqtt-broker-65c6fb9d94-ctkvr   1/1   Running   0     12m
mqtt-broker-65c6fb9d94-l4cmq   1/1   Running   0     12m
mqtt-broker-65c6fb9d94-vcpxf   1/1   Running   0     12m
1778247068
mqtt-broker-65c6fb9d94-ctkvr   1/1   Running   0     12m
mqtt-broker-65c6fb9d94-l4cmq   1/1   Running   0     12m
mqtt-broker-65c6fb9d94-vcpxf   1/1   Running   0     12m
1778247073
mqtt-broker-65c6fb9d94-ctkvr   1/1   Running   0     12m
mqtt-broker-65c6fb9d94-l4cmq   1/1   Running   0     12m
mqtt-broker-65c6fb9d94-vcpxf   1/1   Running   0     12m
1778247078
mqtt-broker-65c6fb9d94-ctkvr   1/1   Running   0     12m
mqtt-broker-65c6fb9d94-l4cmq   1/1   Running   0     12m
mqtt-broker-65c6fb9d94-vcpxf   1/1   Running   0     12m
1778247083
mqtt-broker-65c6fb9d94-ctkvr   1/1   Running   0     13m
mqtt-broker-65c6fb9d94-l4cmq   1/1   Running   0     13m
mqtt-broker-65c6fb9d94-vcpxf   1/1   Running   0     12m
1778247088
mqtt-broker-65c6fb9d94-ctkvr   1/1   Running   0     13m
mqtt-broker-65c6fb9d94-l4cmq   1/1   Running   0     13m
mqtt-broker-65c6fb9d94-vcpxf   1/1   Running   0     12m
1778247093
mqtt-broker-65c6fb9d94-ctkvr   1/1   Running   0     13m
mqtt-broker-65c6fb9d94-l4cmq   1/1   Running   0     13m
mqtt-broker-65c6fb9d94-vcpxf   1/1   Running   0     12m
1778247098
mqtt-broker-65c6fb9d94-ctkvr   1/1   Running   0     13m
mqtt-broker-65c6fb9d94-l4cmq   1/1   Running   0     13m
mqtt-broker-65c6fb9d94-vcpxf   1/1   Running   0     12m
1778247103
mqtt-broker-65c6fb9d94-ctkvr   1/1   Running   0     13m
mqtt-broker-65c6fb9d94-l4cmq   1/1   Running   0     13m
mqtt-broker-65c6fb9d94-vcpxf   1/1   Running   0     12m
1778247109
mqtt-broker-65c6fb9d94-ctkvr   1/1   Running   0     13m
mqtt-broker-65c6fb9d94-l4cmq   1/1   Running   0     13m
mqtt-broker-65c6fb9d94-vcpxf   1/1   Running   0     12m
1778247114
mqtt-broker-65c6fb9d94-ctkvr   1/1   Running   0     13m
mqtt-broker-65c6fb9d94-l4cmq   1/1   Running   0     13m
mqtt-broker-65c6fb9d94-vcpxf   1/1   Running   0     12m
1778247119
mqtt-broker-65c6fb9d94-ctkvr   1/1   Running   0     13m
mqtt-broker-65c6fb9d94-l4cmq   1/1   Running   0     13m
mqtt-broker-65c6fb9d94-vcpxf   1/1   Running   0     12m
1778247124
mqtt-broker-65c6fb9d94-ctkvr   1/1   Running   0     13m
mqtt-broker-65c6fb9d94-l4cmq   1/1   Running   0     13m
mqtt-broker-65c6fb9d94-vcpxf   1/1   Running   0     13m
1778247129
mqtt-broker-65c6fb9d94-ctkvr   1/1   Running   0     13m
mqtt-broker-65c6fb9d94-l4cmq   1/1   Running   0     13m
mqtt-broker-65c6fb9d94-vcpxf   1/1   Running   0     13m
1778247134
mqtt-broker-65c6fb9d94-ctkvr   1/1   Running   0     13m
mqtt-broker-65c6fb9d94-l4cmq   1/1   Running   0     13m
mqtt-broker-65c6fb9d94-vcpxf   1/1   Running   0     13m
1778247139
mqtt-broker-65c6fb9d94-ctkvr   1/1   Running   0     13m
mqtt-broker-65c6fb9d94-l4cmq   1/1   Running   0     13m
mqtt-broker-65c6fb9d94-vcpxf   1/1   Running   0     13m
1778247144
mqtt-broker-65c6fb9d94-ctkvr   1/1   Running   0     14m
mqtt-broker-65c6fb9d94-l4cmq   1/1   Running   0     14m
mqtt-broker-65c6fb9d94-vcpxf   1/1   Running   0     13m
1778247150
mqtt-broker-65c6fb9d94-ctkvr   1/1   Running   0     14m
mqtt-broker-65c6fb9d94-l4cmq   1/1   Running   0     14m
mqtt-broker-65c6fb9d94-vcpxf   1/1   Running   0     13m
1778247155
mqtt-broker-65c6fb9d94-ctkvr   1/1   Running   0     14m
mqtt-broker-65c6fb9d94-l4cmq   1/1   Running   0     14m
mqtt-broker-65c6fb9d94-vcpxf   1/1   Running   0     13m
1778247160
mqtt-broker-65c6fb9d94-ctkvr   1/1   Running   0     14m
mqtt-broker-65c6fb9d94-l4cmq   1/1   Running   0     14m
mqtt-broker-65c6fb9d94-vcpxf   1/1   Running   0     13m
1778247165
mqtt-broker-65c6fb9d94-ctkvr   1/1   Running   0     14m
mqtt-broker-65c6fb9d94-l4cmq   1/1   Running   0     14m
mqtt-broker-65c6fb9d94-vcpxf   1/1   Running   0     13m
1778247170
mqtt-broker-65c6fb9d94-ctkvr   1/1   Running   0     14m
mqtt-broker-65c6fb9d94-l4cmq   1/1   Running   0     14m
mqtt-broker-65c6fb9d94-vcpxf   1/1   Running   0     13m
1778247175
mqtt-broker-65c6fb9d94-ctkvr   1/1   Running   0     14m
mqtt-broker-65c6fb9d94-l4cmq   1/1   Running   0     14m
mqtt-broker-65c6fb9d94-vcpxf   1/1   Running   0     13m
1778247180
mqtt-broker-65c6fb9d94-ctkvr   1/1   Running   0     14m
mqtt-broker-65c6fb9d94-l4cmq   1/1   Running   0     14m
mqtt-broker-65c6fb9d94-vcpxf   1/1   Running   0     13m
1778247185
mqtt-broker-65c6fb9d94-ctkvr   1/1   Running   0     14m
mqtt-broker-65c6fb9d94-l4cmq   1/1   Running   0     14m
mqtt-broker-65c6fb9d94-vcpxf   0/1   Running   0     14m
1778247190
mqtt-broker-65c6fb9d94-ctkvr   1/1   Running   0     14m
mqtt-broker-65c6fb9d94-l4cmq   1/1   Running   0     14m
mqtt-broker-65c6fb9d94-vcpxf   0/1   Running   0     14m
1778247196
mqtt-broker-65c6fb9d94-ctkvr   1/1   Running   0     14m
mqtt-broker-65c6fb9d94-l4cmq   1/1   Running   0     14m
mqtt-broker-65c6fb9d94-vcpxf   0/1   Running   0     14m
1778247201
mqtt-broker-65c6fb9d94-ctkvr   1/1   Running   0     14m
mqtt-broker-65c6fb9d94-l4cmq   1/1   Running   0     14m
mqtt-broker-65c6fb9d94-vcpxf   0/1   Running   0     14m
1778247206
mqtt-broker-65c6fb9d94-ctkvr   1/1   Running   0     15m
mqtt-broker-65c6fb9d94-l4cmq   1/1   Running   0     15m
mqtt-broker-65c6fb9d94-vcpxf   0/1   Running   0     14m
1778247211
mqtt-broker-65c6fb9d94-ctkvr   1/1   Running   0     15m
mqtt-broker-65c6fb9d94-l4cmq   1/1   Running   0     15m
mqtt-broker-65c6fb9d94-vcpxf   0/1   Running   0     14m
1778247216
mqtt-broker-65c6fb9d94-ctkvr   1/1   Running   0     15m
mqtt-broker-65c6fb9d94-l4cmq   1/1   Running   0     15m
mqtt-broker-65c6fb9d94-vcpxf   0/1   Running   0     14m
1778247221
mqtt-broker-65c6fb9d94-ctkvr   1/1   Running   0     15m
mqtt-broker-65c6fb9d94-l4cmq   1/1   Running   0     15m
mqtt-broker-65c6fb9d94-vcpxf   0/1   Running   0     14m
1778247226
mqtt-broker-65c6fb9d94-ctkvr   1/1   Running   0     15m
mqtt-broker-65c6fb9d94-l4cmq   1/1   Running   0     15m
mqtt-broker-65c6fb9d94-vcpxf   0/1   Running   0     14m
1778247231
mqtt-broker-65c6fb9d94-ctkvr   1/1   Running   0     15m
mqtt-broker-65c6fb9d94-l4cmq   1/1   Running   0     15m
mqtt-broker-65c6fb9d94-vcpxf   0/1   Running   0     14m
1778247237
mqtt-broker-65c6fb9d94-ctkvr   1/1   Running   0     15m
mqtt-broker-65c6fb9d94-l4cmq   1/1   Running   0     15m
mqtt-broker-65c6fb9d94-vcpxf   0/1   Running   0     14m
1778247242
mqtt-broker-65c6fb9d94-ctkvr   1/1   Running   0     15m
mqtt-broker-65c6fb9d94-l4cmq   1/1   Running   0     15m
mqtt-broker-65c6fb9d94-vcpxf   0/1   Running   0     14m
1778247247
mqtt-broker-65c6fb9d94-ctkvr   1/1   Running   0     15m
mqtt-broker-65c6fb9d94-l4cmq   1/1   Running   0     15m
mqtt-broker-65c6fb9d94-vcpxf   0/1   Running   0     15m
1778247252
mqtt-broker-65c6fb9d94-ctkvr   1/1   Running   0     15m
mqtt-broker-65c6fb9d94-l4cmq   1/1   Running   0     15m
mqtt-broker-65c6fb9d94-vcpxf   0/1   Running   0     15m
1778247257
mqtt-broker-65c6fb9d94-ctkvr   1/1   Running   0     15m
mqtt-broker-65c6fb9d94-l4cmq   1/1   Running   0     15m
mqtt-broker-65c6fb9d94-vcpxf   0/1   Running   0     15m
1778247262
mqtt-broker-65c6fb9d94-ctkvr   1/1   Running   0     16m
mqtt-broker-65c6fb9d94-l4cmq   1/1   Running   0     15m
mqtt-broker-65c6fb9d94-vcpxf   0/1   Running   0     15m
1778247267
mqtt-broker-65c6fb9d94-ctkvr   1/1   Running   0     16m
mqtt-broker-65c6fb9d94-l4cmq   1/1   Running   0     16m
mqtt-broker-65c6fb9d94-vcpxf   0/1   Running   0     15m
1778247272
mqtt-broker-65c6fb9d94-ctkvr   1/1   Running   0     16m
mqtt-broker-65c6fb9d94-l4cmq   1/1   Running   0     16m
mqtt-broker-65c6fb9d94-vcpxf   0/1   Running   0     15m
1778247277
mqtt-broker-65c6fb9d94-ctkvr   1/1   Running   0     16m
mqtt-broker-65c6fb9d94-l4cmq   1/1   Running   0     16m
mqtt-broker-65c6fb9d94-vcpxf   0/1   Running   0     15m
1778247283
mqtt-broker-65c6fb9d94-ctkvr   1/1   Running   0     16m
mqtt-broker-65c6fb9d94-l4cmq   1/1   Running   0     16m
mqtt-broker-65c6fb9d94-vcpxf   0/1   Running   0     15m
1778247288
mqtt-broker-65c6fb9d94-ctkvr   1/1   Running   0     16m
mqtt-broker-65c6fb9d94-l4cmq   1/1   Running   0     16m
mqtt-broker-65c6fb9d94-vcpxf   0/1   Running   0     15m
1778247293
mqtt-broker-65c6fb9d94-ctkvr   1/1   Running   0     16m
mqtt-broker-65c6fb9d94-l4cmq   1/1   Running   0     16m
mqtt-broker-65c6fb9d94-vcpxf   0/1   Running   0     15m
1778247298
mqtt-broker-65c6fb9d94-ctkvr   1/1   Running   0     16m
mqtt-broker-65c6fb9d94-l4cmq   1/1   Running   0     16m
mqtt-broker-65c6fb9d94-vcpxf   0/1   Running   0     15m
1778247303
mqtt-broker-65c6fb9d94-ctkvr   1/1   Running   0     16m
mqtt-broker-65c6fb9d94-l4cmq   1/1   Running   0     16m
mqtt-broker-65c6fb9d94-vcpxf   0/1   Running   0     16m
1778247308
mqtt-broker-65c6fb9d94-ctkvr   1/1   Running   0     16m
mqtt-broker-65c6fb9d94-l4cmq   1/1   Running   0     16m
mqtt-broker-65c6fb9d94-vcpxf   0/1   Running   0     16m
1778247313
mqtt-broker-65c6fb9d94-ctkvr   1/1   Running   0     16m
mqtt-broker-65c6fb9d94-l4cmq   1/1   Running   0     16m
mqtt-broker-65c6fb9d94-vcpxf   0/1   Running   0     16m
1778247318
mqtt-broker-65c6fb9d94-ctkvr   1/1   Running       0     16m
mqtt-broker-65c6fb9d94-l4cmq   1/1   Running       0     16m
mqtt-broker-65c6fb9d94-vcpxf   0/1   Terminating   0     16m
1778247324
mqtt-broker-65c6fb9d94-ctkvr   1/1   Running       0     17m
mqtt-broker-65c6fb9d94-l4cmq   1/1   Running       0     17m
mqtt-broker-65c6fb9d94-vcpxf   0/1   Terminating   0     16m
1778247329
mqtt-broker-65c6fb9d94-ctkvr   1/1   Running       0     17m
mqtt-broker-65c6fb9d94-l4cmq   1/1   Running       0     17m
mqtt-broker-65c6fb9d94-vcpxf   0/1   Terminating   0     16m
1778247334
mqtt-broker-65c6fb9d94-ctkvr   1/1   Running       0     17m
mqtt-broker-65c6fb9d94-l4cmq   1/1   Running       0     17m
mqtt-broker-65c6fb9d94-vcpxf   0/1   Terminating   0     16m
1778247339
mqtt-broker-65c6fb9d94-ctkvr   1/1   Running       0     17m
mqtt-broker-65c6fb9d94-l4cmq   1/1   Running       0     17m
mqtt-broker-65c6fb9d94-vcpxf   0/1   Terminating   0     16m
1778247344
mqtt-broker-65c6fb9d94-ctkvr   1/1   Running       0     17m
mqtt-broker-65c6fb9d94-l4cmq   1/1   Running       0     17m
mqtt-broker-65c6fb9d94-vcpxf   0/1   Terminating   0     16m
1778247349
mqtt-broker-65c6fb9d94-ctkvr   1/1   Running       0     17m
mqtt-broker-65c6fb9d94-l4cmq   1/1   Running       0     17m
mqtt-broker-65c6fb9d94-vcpxf   0/1   Terminating   0     16m
1778247354
mqtt-broker-65c6fb9d94-ctkvr   1/1   Running       0     17m
mqtt-broker-65c6fb9d94-l4cmq   1/1   Running       0     17m
mqtt-broker-65c6fb9d94-vcpxf   0/1   Terminating   0     16m
1778247359
mqtt-broker-65c6fb9d94-ctkvr   1/1   Running       0     17m
mqtt-broker-65c6fb9d94-l4cmq   1/1   Running       0     17m
mqtt-broker-65c6fb9d94-vcpxf   0/1   Terminating   0     16m
1778247364
mqtt-broker-65c6fb9d94-ctkvr   1/1   Running       0     17m
mqtt-broker-65c6fb9d94-l4cmq   1/1   Running       0     17m
mqtt-broker-65c6fb9d94-vcpxf   0/1   Terminating   0     17m
1778247370
mqtt-broker-65c6fb9d94-ctkvr   1/1   Running       0     17m
mqtt-broker-65c6fb9d94-l4cmq   1/1   Running       0     17m
mqtt-broker-65c6fb9d94-vcpxf   0/1   Terminating   0     17m
1778247375
mqtt-broker-65c6fb9d94-ctkvr   1/1   Running       0     17m
mqtt-broker-65c6fb9d94-l4cmq   1/1   Running       0     17m
mqtt-broker-65c6fb9d94-vcpxf   0/1   Terminating   0     17m
1778247380
mqtt-broker-65c6fb9d94-ctkvr   1/1   Running   0     17m
mqtt-broker-65c6fb9d94-l4cmq   1/1   Running   0     17m
1778247385
mqtt-broker-65c6fb9d94-ctkvr   1/1   Running   0     18m
mqtt-broker-65c6fb9d94-l4cmq   1/1   Running   0     18m
1778247390
mqtt-broker-65c6fb9d94-ctkvr   1/1   Running   0     18m
mqtt-broker-65c6fb9d94-l4cmq   1/1   Running   0     18m
1778247395
mqtt-broker-65c6fb9d94-ctkvr   1/1   Running   0     18m
mqtt-broker-65c6fb9d94-l4cmq   1/1   Running   0     18m
1778247400
mqtt-broker-65c6fb9d94-ctkvr   1/1   Running   0     18m
mqtt-broker-65c6fb9d94-l4cmq   1/1   Running   0     18m
1778247405
mqtt-broker-65c6fb9d94-ctkvr   1/1   Running   0     18m
mqtt-broker-65c6fb9d94-l4cmq   1/1   Running   0     18m
1778247410
1778247415
1778247421
1778247426
1778247431
1778247436
1778247441
1778247446
1778247451
1778247456
1778247461
1778247466
1778247471
1778247476
1778247481
1778247486
1778247491
1778247496
1778247501
1778247506
1778247511
1778247516
1778247522
1778247527
1778247532
1778247537
1778247542
1778247547
1778247552
1778247557
1778247562
1778247567
1778247572
1778247577
1778247582
1778247587
1778247592
1778247597
1778247602
1778247607
1778247612
1778247617
1778247622
1778247628
1778247633
1778247638
1778247643
1778247648
1778247653
1778247658
1778247663
1778247668
1778247673
1778247678
1778247683
1778247688
1778247693
1778247698
1778247703
1778247708
1778247713
1778247719
1778247724
1778247729
1778247734
1778247739
1778247744
1778247749
1778247754
1778247759
1778247764
1778247769
1778247774
1778247779
1778247784
1778247789
1778247794
1778247799
1778247804
1778247809
1778247814
1778247819
1778247825
1778247830
1778247835
1778247840
1778247845
1778247850
1778247855
1778247860
1778247865
1778247870
1778247875
1778247880
1778247885
1778247890
1778247895
1778247900
1778247905
1778247910
1778247915
1778247920
1778247926
1778247931
1778247936
1778247941
1778247946
1778247951
1778247956
1778247961
1778247966
1778247971
1778247976
1778247981
1778247986
1778247991
1778247996
1778248001
1778248006
1778248011
1778248016
1778248022
1778248027
1778248032
1778248037
1778248042
1778248047
1778248052
1778248057
1778248062
1778248067
1778248072
1778248077
1778248082
1778248087
1778248092
1778248097
1778248102
1778248107
1778248112
1778248117
1778248123
1778248128
1778248133
1778248138
1778248143
1778248148
1778248153
1778248158
1778248163
1778248168
1778248173
1778248178
1778248183
1778248188
1778248193
1778248198
1778248204
1778248209
1778248214
1778248219
1778248224
1778248229
1778248234
1778248239
1778248244
1778248250
1778248255
1778248260
1778248265
1778248270
1778248275
1778248280
1778248285
1778248291
1778248296
1778248301
1778248306
1778248312
1778248317
1778248322
mqtt-broker-65c6fb9d94-6wf26   0/1   Running   0     1s
mqtt-broker-65c6fb9d94-b4kfz   1/1   Running   0     2s
1778248327
mqtt-broker-65c6fb9d94-6wf26   1/1   Running   0     6s
mqtt-broker-65c6fb9d94-b4kfz   1/1   Running   0     7s
1778248332
mqtt-broker-65c6fb9d94-6wf26   1/1   Running   0     11s
mqtt-broker-65c6fb9d94-b4kfz   1/1   Running   0     12s
1778248337
mqtt-broker-65c6fb9d94-6wf26   1/1   Running   0     16s
mqtt-broker-65c6fb9d94-b4kfz   1/1   Running   0     17s
1778248342
mqtt-broker-65c6fb9d94-6wf26   1/1   Running   0     21s
mqtt-broker-65c6fb9d94-b4kfz   1/1   Running   0     22s
1778248347
mqtt-broker-65c6fb9d94-6wf26   1/1   Running   0     27s
mqtt-broker-65c6fb9d94-b4kfz   1/1   Running   0     28s
1778248353
mqtt-broker-65c6fb9d94-6wf26   1/1   Running   0     32s
mqtt-broker-65c6fb9d94-b4kfz   1/1   Running   0     33s
1778248358
mqtt-broker-65c6fb9d94-6wf26   1/1   Running   0     37s
mqtt-broker-65c6fb9d94-b4kfz   1/1   Running   0     38s
1778248363
mqtt-broker-65c6fb9d94-595cb   1/1   Running   0     2s
mqtt-broker-65c6fb9d94-6wf26   1/1   Running   0     42s
mqtt-broker-65c6fb9d94-b4kfz   1/1   Running   0     43s
1778248368
mqtt-broker-65c6fb9d94-595cb   1/1   Running   0     7s
mqtt-broker-65c6fb9d94-6wf26   1/1   Running   0     47s
mqtt-broker-65c6fb9d94-b4kfz   1/1   Running   0     48s
1778248373
mqtt-broker-65c6fb9d94-595cb   1/1   Running   0     12s
mqtt-broker-65c6fb9d94-6wf26   1/1   Running   0     52s
mqtt-broker-65c6fb9d94-b4kfz   1/1   Running   0     53s
1778248378
mqtt-broker-65c6fb9d94-595cb   1/1   Running   0     17s
mqtt-broker-65c6fb9d94-6wf26   1/1   Running   0     57s
mqtt-broker-65c6fb9d94-b4kfz   1/1   Running   0     58s
1778248383
mqtt-broker-65c6fb9d94-595cb   1/1   Running   0     22s
mqtt-broker-65c6fb9d94-6wf26   1/1   Running   0     62s
mqtt-broker-65c6fb9d94-b4kfz   1/1   Running   0     63s
1778248388
mqtt-broker-65c6fb9d94-595cb   1/1   Running   0     28s
mqtt-broker-65c6fb9d94-6wf26   1/1   Running   0     68s
mqtt-broker-65c6fb9d94-b4kfz   1/1   Running   0     69s
1778248394
mqtt-broker-65c6fb9d94-595cb   1/1   Running   0     33s
mqtt-broker-65c6fb9d94-6wf26   1/1   Running   0     73s
mqtt-broker-65c6fb9d94-b4kfz   1/1   Running   0     74s
1778248399
mqtt-broker-65c6fb9d94-595cb   1/1   Running   0     38s
mqtt-broker-65c6fb9d94-6wf26   1/1   Running   0     78s
mqtt-broker-65c6fb9d94-b4kfz   1/1   Running   0     79s
1778248404
mqtt-broker-65c6fb9d94-595cb   1/1   Running   0     43s
mqtt-broker-65c6fb9d94-6wf26   1/1   Running   0     83s
mqtt-broker-65c6fb9d94-b4kfz   1/1   Running   0     84s
1778248409
mqtt-broker-65c6fb9d94-595cb   1/1   Running   0     48s
mqtt-broker-65c6fb9d94-6wf26   1/1   Running   0     88s
mqtt-broker-65c6fb9d94-b4kfz   1/1   Running   0     89s
1778248414
mqtt-broker-65c6fb9d94-595cb   1/1   Running   0     53s
mqtt-broker-65c6fb9d94-6wf26   1/1   Running   0     93s
mqtt-broker-65c6fb9d94-b4kfz   1/1   Running   0     94s
1778248419
mqtt-broker-65c6fb9d94-595cb   1/1   Running   0     58s
mqtt-broker-65c6fb9d94-6wf26   1/1   Running   0     98s
mqtt-broker-65c6fb9d94-b4kfz   1/1   Running   0     99s
1778248424
mqtt-broker-65c6fb9d94-595cb   1/1   Running   0     63s
mqtt-broker-65c6fb9d94-6wf26   1/1   Running   0     103s
mqtt-broker-65c6fb9d94-b4kfz   1/1   Running   0     104s
1778248429
mqtt-broker-65c6fb9d94-595cb   1/1   Running   0     69s
mqtt-broker-65c6fb9d94-6wf26   1/1   Running   0     109s
mqtt-broker-65c6fb9d94-b4kfz   1/1   Running   0     110s
1778248435
mqtt-broker-65c6fb9d94-595cb   1/1   Running   0     74s
mqtt-broker-65c6fb9d94-6wf26   1/1   Running   0     114s
mqtt-broker-65c6fb9d94-b4kfz   1/1   Running   0     115s
1778248440
mqtt-broker-65c6fb9d94-595cb   1/1   Running   0     79s
mqtt-broker-65c6fb9d94-6wf26   1/1   Running   0     119s
mqtt-broker-65c6fb9d94-b4kfz   1/1   Running   0     2m
1778248445
mqtt-broker-65c6fb9d94-595cb   1/1   Running   0     84s
mqtt-broker-65c6fb9d94-6wf26   1/1   Running   0     2m4s
mqtt-broker-65c6fb9d94-b4kfz   1/1   Running   0     2m5s
1778248450
mqtt-broker-65c6fb9d94-595cb   1/1   Running   0     89s
mqtt-broker-65c6fb9d94-6wf26   1/1   Running   0     2m9s
mqtt-broker-65c6fb9d94-b4kfz   1/1   Running   0     2m10s
1778248455
mqtt-broker-65c6fb9d94-595cb   1/1   Running   0     94s
mqtt-broker-65c6fb9d94-6wf26   1/1   Running   0     2m14s
mqtt-broker-65c6fb9d94-b4kfz   1/1   Running   0     2m15s
1778248460
mqtt-broker-65c6fb9d94-595cb   1/1   Running   0     99s
mqtt-broker-65c6fb9d94-6wf26   1/1   Running   0     2m19s
mqtt-broker-65c6fb9d94-b4kfz   1/1   Running   0     2m20s
1778248465
mqtt-broker-65c6fb9d94-595cb   1/1   Running   0     104s
mqtt-broker-65c6fb9d94-6wf26   1/1   Running   0     2m24s
mqtt-broker-65c6fb9d94-b4kfz   1/1   Running   0     2m25s
1778248470
mqtt-broker-65c6fb9d94-595cb   1/1   Running   0     110s
mqtt-broker-65c6fb9d94-6wf26   1/1   Running   0     2m30s
mqtt-broker-65c6fb9d94-b4kfz   1/1   Running   0     2m31s
1778248476
mqtt-broker-65c6fb9d94-595cb   1/1   Running   0     115s
mqtt-broker-65c6fb9d94-6wf26   1/1   Running   0     2m35s
mqtt-broker-65c6fb9d94-b4kfz   1/1   Running   0     2m36s
1778248481
mqtt-broker-65c6fb9d94-595cb   1/1   Running   0     2m
mqtt-broker-65c6fb9d94-6wf26   1/1   Running   0     2m40s
mqtt-broker-65c6fb9d94-b4kfz   1/1   Running   0     2m41s
1778248486
mqtt-broker-65c6fb9d94-595cb   1/1   Running   0     2m5s
mqtt-broker-65c6fb9d94-6wf26   1/1   Running   0     2m45s
mqtt-broker-65c6fb9d94-b4kfz   1/1   Running   0     2m46s
1778248491
mqtt-broker-65c6fb9d94-595cb   1/1   Running   0     2m10s
mqtt-broker-65c6fb9d94-6wf26   1/1   Running   0     2m50s
mqtt-broker-65c6fb9d94-b4kfz   1/1   Running   0     2m51s
1778248496
mqtt-broker-65c6fb9d94-595cb   1/1   Running   0     2m15s
mqtt-broker-65c6fb9d94-6wf26   1/1   Running   0     2m55s
mqtt-broker-65c6fb9d94-b4kfz   1/1   Running   0     2m56s
1778248501
mqtt-broker-65c6fb9d94-595cb   1/1   Running   0     2m20s
mqtt-broker-65c6fb9d94-6wf26   1/1   Running   0     3m
mqtt-broker-65c6fb9d94-b4kfz   1/1   Running   0     3m1s
1778248506
mqtt-broker-65c6fb9d94-595cb   1/1   Running   0     2m25s
mqtt-broker-65c6fb9d94-6wf26   1/1   Running   0     3m5s
mqtt-broker-65c6fb9d94-b4kfz   1/1   Running   0     3m6s
1778248511
mqtt-broker-65c6fb9d94-595cb   1/1   Running   0     2m30s
mqtt-broker-65c6fb9d94-6wf26   1/1   Running   0     3m10s
mqtt-broker-65c6fb9d94-b4kfz   1/1   Running   0     3m11s
1778248516
mqtt-broker-65c6fb9d94-595cb   1/1   Running   0     2m36s
mqtt-broker-65c6fb9d94-6wf26   1/1   Running   0     3m16s
mqtt-broker-65c6fb9d94-b4kfz   1/1   Running   0     3m17s
1778248522
mqtt-broker-65c6fb9d94-595cb   1/1   Running   0     2m41s
mqtt-broker-65c6fb9d94-6wf26   1/1   Running   0     3m21s
mqtt-broker-65c6fb9d94-b4kfz   1/1   Running   0     3m22s
1778248527
mqtt-broker-65c6fb9d94-595cb   1/1   Running   0     2m46s
mqtt-broker-65c6fb9d94-6wf26   1/1   Running   0     3m26s
mqtt-broker-65c6fb9d94-b4kfz   1/1   Running   0     3m27s
1778248532
mqtt-broker-65c6fb9d94-595cb   1/1   Running   0     2m51s
mqtt-broker-65c6fb9d94-6wf26   1/1   Running   0     3m31s
mqtt-broker-65c6fb9d94-b4kfz   1/1   Running   0     3m32s
1778248537
mqtt-broker-65c6fb9d94-595cb   1/1   Running   0     2m56s
mqtt-broker-65c6fb9d94-6wf26   1/1   Running   0     3m36s
mqtt-broker-65c6fb9d94-b4kfz   1/1   Running   0     3m37s
1778248542
mqtt-broker-65c6fb9d94-595cb   1/1   Running   0     3m1s
mqtt-broker-65c6fb9d94-6wf26   1/1   Running   0     3m41s
mqtt-broker-65c6fb9d94-b4kfz   1/1   Running   0     3m42s
1778248547
mqtt-broker-65c6fb9d94-595cb   1/1   Running   0     3m6s
mqtt-broker-65c6fb9d94-6wf26   1/1   Running   0     3m46s
mqtt-broker-65c6fb9d94-b4kfz   1/1   Running   0     3m47s
1778248552
mqtt-broker-65c6fb9d94-595cb   1/1   Running   0     3m11s
mqtt-broker-65c6fb9d94-6wf26   1/1   Running   0     3m51s
mqtt-broker-65c6fb9d94-b4kfz   1/1   Running   0     3m52s
1778248557
mqtt-broker-65c6fb9d94-595cb   1/1   Running   0     3m17s
mqtt-broker-65c6fb9d94-6wf26   1/1   Running   0     3m57s
mqtt-broker-65c6fb9d94-b4kfz   1/1   Running   0     3m58s
1778248563
mqtt-broker-65c6fb9d94-595cb   1/1   Running   0     3m22s
mqtt-broker-65c6fb9d94-6wf26   1/1   Running   0     4m2s
mqtt-broker-65c6fb9d94-b4kfz   1/1   Running   0     4m3s
1778248568
mqtt-broker-65c6fb9d94-595cb   1/1   Running   0     3m27s
mqtt-broker-65c6fb9d94-6wf26   1/1   Running   0     4m7s
mqtt-broker-65c6fb9d94-b4kfz   1/1   Running   0     4m8s
1778248573
mqtt-broker-65c6fb9d94-595cb   1/1   Running   0     3m32s
mqtt-broker-65c6fb9d94-6wf26   1/1   Running   0     4m12s
mqtt-broker-65c6fb9d94-b4kfz   1/1   Running   0     4m13s
1778248578
mqtt-broker-65c6fb9d94-595cb   1/1   Running   0     3m37s
mqtt-broker-65c6fb9d94-6wf26   1/1   Running   0     4m17s
mqtt-broker-65c6fb9d94-b4kfz   1/1   Running   0     4m18s
1778248583
mqtt-broker-65c6fb9d94-595cb   1/1   Running   0     3m42s
mqtt-broker-65c6fb9d94-6wf26   1/1   Running   0     4m22s
mqtt-broker-65c6fb9d94-b4kfz   1/1   Running   0     4m23s
1778248588
mqtt-broker-65c6fb9d94-595cb   1/1   Running   0     3m48s
mqtt-broker-65c6fb9d94-6wf26   1/1   Running   0     4m28s
mqtt-broker-65c6fb9d94-b4kfz   1/1   Running   0     4m29s
1778248594
mqtt-broker-65c6fb9d94-595cb   1/1   Running   0     3m53s
mqtt-broker-65c6fb9d94-6wf26   1/1   Running   0     4m33s
mqtt-broker-65c6fb9d94-b4kfz   1/1   Running   0     4m34s
1778248599
mqtt-broker-65c6fb9d94-595cb   1/1   Running   0     3m58s
mqtt-broker-65c6fb9d94-6wf26   1/1   Running   0     4m38s
mqtt-broker-65c6fb9d94-b4kfz   1/1   Running   0     4m39s
1778248604
mqtt-broker-65c6fb9d94-595cb   1/1   Running   0     4m3s
mqtt-broker-65c6fb9d94-6wf26   1/1   Running   0     4m43s
mqtt-broker-65c6fb9d94-b4kfz   1/1   Running   0     4m44s
1778248609
mqtt-broker-65c6fb9d94-595cb   1/1   Running   0     4m8s
mqtt-broker-65c6fb9d94-6wf26   1/1   Running   0     4m48s
mqtt-broker-65c6fb9d94-b4kfz   1/1   Running   0     4m49s
1778248614
mqtt-broker-65c6fb9d94-595cb   1/1   Running   0     4m13s
mqtt-broker-65c6fb9d94-6wf26   1/1   Running   0     4m53s
mqtt-broker-65c6fb9d94-b4kfz   1/1   Running   0     4m54s
1778248619
mqtt-broker-65c6fb9d94-595cb   1/1   Running   0     4m19s
mqtt-broker-65c6fb9d94-6wf26   1/1   Running   0     4m59s
mqtt-broker-65c6fb9d94-b4kfz   1/1   Running   0     5m
1778248625
mqtt-broker-65c6fb9d94-595cb   1/1   Running   0     4m24s
mqtt-broker-65c6fb9d94-6wf26   1/1   Running   0     5m4s
mqtt-broker-65c6fb9d94-b4kfz   1/1   Running   0     5m5s
1778248630
mqtt-broker-65c6fb9d94-595cb   1/1   Running   0     4m29s
mqtt-broker-65c6fb9d94-6wf26   1/1   Running   0     5m9s
mqtt-broker-65c6fb9d94-b4kfz   1/1   Running   0     5m10s
1778248635
mqtt-broker-65c6fb9d94-595cb   1/1   Running   0     4m34s
mqtt-broker-65c6fb9d94-6wf26   1/1   Running   0     5m14s
mqtt-broker-65c6fb9d94-b4kfz   1/1   Running   0     5m15s
1778248640
mqtt-broker-65c6fb9d94-595cb   1/1   Running   0     4m39s
mqtt-broker-65c6fb9d94-6wf26   1/1   Running   0     5m19s
mqtt-broker-65c6fb9d94-b4kfz   1/1   Running   0     5m20s
1778248645
mqtt-broker-65c6fb9d94-595cb   1/1   Running   0     4m44s
mqtt-broker-65c6fb9d94-6wf26   1/1   Running   0     5m24s
mqtt-broker-65c6fb9d94-b4kfz   1/1   Running   0     5m25s
1778248650
mqtt-broker-65c6fb9d94-595cb   1/1   Running   0     4m49s
mqtt-broker-65c6fb9d94-6wf26   1/1   Running   0     5m29s
mqtt-broker-65c6fb9d94-b4kfz   1/1   Running   0     5m30s
1778248655
mqtt-broker-65c6fb9d94-595cb   1/1   Running   0     4m55s
mqtt-broker-65c6fb9d94-6wf26   1/1   Running   0     5m35s
mqtt-broker-65c6fb9d94-b4kfz   1/1   Running   0     5m36s
1778248661
mqtt-broker-65c6fb9d94-595cb   1/1   Running   0     5m
mqtt-broker-65c6fb9d94-6wf26   1/1   Running   0     5m40s
mqtt-broker-65c6fb9d94-b4kfz   1/1   Running   0     5m41s
1778248666
mqtt-broker-65c6fb9d94-595cb   1/1   Running   0     5m5s
mqtt-broker-65c6fb9d94-6wf26   1/1   Running   0     5m45s
mqtt-broker-65c6fb9d94-b4kfz   1/1   Running   0     5m46s
1778248671
mqtt-broker-65c6fb9d94-595cb   1/1   Running   0     5m10s
mqtt-broker-65c6fb9d94-6wf26   1/1   Running   0     5m50s
mqtt-broker-65c6fb9d94-b4kfz   1/1   Running   0     5m51s
1778248676
mqtt-broker-65c6fb9d94-595cb   1/1   Running   0     5m15s
mqtt-broker-65c6fb9d94-6wf26   1/1   Running   0     5m55s
mqtt-broker-65c6fb9d94-b4kfz   1/1   Running   0     5m56s
1778248681
mqtt-broker-65c6fb9d94-595cb   1/1   Running   0     5m20s
mqtt-broker-65c6fb9d94-6wf26   1/1   Running   0     6m
mqtt-broker-65c6fb9d94-b4kfz   1/1   Running   0     6m1s
1778248686
mqtt-broker-65c6fb9d94-595cb   1/1   Running   0     5m25s
mqtt-broker-65c6fb9d94-6wf26   1/1   Running   0     6m5s
mqtt-broker-65c6fb9d94-b4kfz   1/1   Running   0     6m6s
1778248691
mqtt-broker-65c6fb9d94-595cb   1/1   Running   0     5m31s
mqtt-broker-65c6fb9d94-6wf26   1/1   Running   0     6m11s
mqtt-broker-65c6fb9d94-b4kfz   1/1   Running   0     6m12s
1778248697
mqtt-broker-65c6fb9d94-595cb   1/1   Running   0     5m36s
mqtt-broker-65c6fb9d94-6wf26   1/1   Running   0     6m16s
mqtt-broker-65c6fb9d94-b4kfz   1/1   Running   0     6m17s
1778248702
mqtt-broker-65c6fb9d94-595cb   1/1   Running   0     5m41s
mqtt-broker-65c6fb9d94-6wf26   1/1   Running   0     6m21s
mqtt-broker-65c6fb9d94-b4kfz   1/1   Running   0     6m22s
1778248707
mqtt-broker-65c6fb9d94-595cb   1/1   Running   0     5m46s
mqtt-broker-65c6fb9d94-6wf26   1/1   Running   0     6m26s
mqtt-broker-65c6fb9d94-b4kfz   1/1   Running   0     6m27s
1778248712
mqtt-broker-65c6fb9d94-595cb   1/1   Running   0     5m51s
mqtt-broker-65c6fb9d94-6wf26   1/1   Running   0     6m31s
mqtt-broker-65c6fb9d94-b4kfz   1/1   Running   0     6m32s
1778248717
mqtt-broker-65c6fb9d94-595cb   1/1   Running   0     5m57s
mqtt-broker-65c6fb9d94-6wf26   1/1   Running   0     6m37s
mqtt-broker-65c6fb9d94-b4kfz   1/1   Running   0     6m38s
1778248723
mqtt-broker-65c6fb9d94-595cb   1/1   Running   0     6m2s
mqtt-broker-65c6fb9d94-6wf26   1/1   Running   0     6m42s
mqtt-broker-65c6fb9d94-b4kfz   1/1   Running   0     6m43s
1778248728
mqtt-broker-65c6fb9d94-595cb   1/1   Running   0     6m7s
mqtt-broker-65c6fb9d94-6wf26   1/1   Running   0     6m47s
mqtt-broker-65c6fb9d94-b4kfz   1/1   Running   0     6m48s
1778248733
mqtt-broker-65c6fb9d94-595cb   1/1   Running   0     6m12s
mqtt-broker-65c6fb9d94-6wf26   1/1   Running   0     6m52s
mqtt-broker-65c6fb9d94-b4kfz   1/1   Running   0     6m53s
1778248738
mqtt-broker-65c6fb9d94-595cb   1/1   Running   0     6m17s
mqtt-broker-65c6fb9d94-6wf26   1/1   Running   0     6m57s
mqtt-broker-65c6fb9d94-b4kfz   1/1   Running   0     6m58s
1778248743
mqtt-broker-65c6fb9d94-595cb   1/1   Running   0     6m22s
mqtt-broker-65c6fb9d94-6wf26   1/1   Running   0     7m2s
mqtt-broker-65c6fb9d94-b4kfz   1/1   Running   0     7m3s
1778248748
mqtt-broker-65c6fb9d94-595cb   1/1   Running   0     6m28s
mqtt-broker-65c6fb9d94-6wf26   1/1   Running   0     7m8s
mqtt-broker-65c6fb9d94-b4kfz   1/1   Running   0     7m9s
1778248754
mqtt-broker-65c6fb9d94-595cb   1/1   Running   0     6m33s
mqtt-broker-65c6fb9d94-6wf26   1/1   Running   0     7m13s
mqtt-broker-65c6fb9d94-b4kfz   1/1   Running   0     7m14s
1778248759
mqtt-broker-65c6fb9d94-595cb   1/1   Running   0     6m38s
mqtt-broker-65c6fb9d94-6wf26   1/1   Running   0     7m18s
mqtt-broker-65c6fb9d94-b4kfz   1/1   Running   0     7m19s
1778248764
mqtt-broker-65c6fb9d94-595cb   1/1   Running   0     6m43s
mqtt-broker-65c6fb9d94-6wf26   1/1   Running   0     7m23s
mqtt-broker-65c6fb9d94-b4kfz   1/1   Running   0     7m24s
1778248769
mqtt-broker-65c6fb9d94-595cb   1/1   Running   0     6m48s
mqtt-broker-65c6fb9d94-6wf26   1/1   Running   0     7m28s
mqtt-broker-65c6fb9d94-b4kfz   1/1   Running   0     7m29s
1778248774
mqtt-broker-65c6fb9d94-595cb   1/1   Running   0     6m53s
mqtt-broker-65c6fb9d94-6wf26   1/1   Running   0     7m33s
mqtt-broker-65c6fb9d94-b4kfz   1/1   Running   0     7m34s
1778248779
mqtt-broker-65c6fb9d94-595cb   1/1   Running   0     6m58s
mqtt-broker-65c6fb9d94-6wf26   1/1   Running   0     7m38s
mqtt-broker-65c6fb9d94-b4kfz   1/1   Running   0     7m39s
1778248784
mqtt-broker-65c6fb9d94-595cb   1/1   Running   0     7m4s
mqtt-broker-65c6fb9d94-6wf26   1/1   Running   0     7m44s
mqtt-broker-65c6fb9d94-b4kfz   1/1   Running   0     7m45s
1778248790
mqtt-broker-65c6fb9d94-595cb   1/1   Running   0     7m9s
mqtt-broker-65c6fb9d94-6wf26   1/1   Running   0     7m49s
mqtt-broker-65c6fb9d94-b4kfz   1/1   Running   0     7m50s
1778248795
mqtt-broker-65c6fb9d94-595cb   1/1   Running   0     7m14s
mqtt-broker-65c6fb9d94-6wf26   1/1   Running   0     7m54s
mqtt-broker-65c6fb9d94-b4kfz   1/1   Running   0     7m55s
1778248800
mqtt-broker-65c6fb9d94-595cb   1/1   Running   0     7m19s
mqtt-broker-65c6fb9d94-6wf26   1/1   Running   0     7m59s
mqtt-broker-65c6fb9d94-b4kfz   1/1   Running   0     8m
1778248805
mqtt-broker-65c6fb9d94-595cb   1/1   Running   0     7m24s
mqtt-broker-65c6fb9d94-6wf26   1/1   Running   0     8m4s
mqtt-broker-65c6fb9d94-b4kfz   1/1   Running   0     8m5s
1778248810
mqtt-broker-65c6fb9d94-595cb   1/1   Running   0     7m29s
mqtt-broker-65c6fb9d94-6wf26   1/1   Running   0     8m9s
mqtt-broker-65c6fb9d94-b4kfz   1/1   Running   0     8m10s
1778248815
mqtt-broker-65c6fb9d94-595cb   1/1   Running   0     7m34s
mqtt-broker-65c6fb9d94-6wf26   1/1   Running   0     8m14s
mqtt-broker-65c6fb9d94-b4kfz   1/1   Running   0     8m15s
1778248820
mqtt-broker-65c6fb9d94-595cb   1/1   Running   0     7m40s
mqtt-broker-65c6fb9d94-6wf26   1/1   Running   0     8m20s
mqtt-broker-65c6fb9d94-b4kfz   1/1   Running   0     8m21s
1778248826
mqtt-broker-65c6fb9d94-595cb   1/1   Running   0     7m45s
mqtt-broker-65c6fb9d94-6wf26   1/1   Running   0     8m25s
mqtt-broker-65c6fb9d94-b4kfz   1/1   Running   0     8m26s
1778248831
mqtt-broker-65c6fb9d94-595cb   1/1   Running   0     7m50s
mqtt-broker-65c6fb9d94-6wf26   1/1   Running   0     8m30s
mqtt-broker-65c6fb9d94-b4kfz   1/1   Running   0     8m31s
1778248836
mqtt-broker-65c6fb9d94-595cb   1/1   Running   0     7m55s
mqtt-broker-65c6fb9d94-6wf26   1/1   Running   0     8m35s
mqtt-broker-65c6fb9d94-b4kfz   1/1   Running   0     8m36s
1778248841
mqtt-broker-65c6fb9d94-595cb   1/1   Running   0     8m
mqtt-broker-65c6fb9d94-6wf26   1/1   Running   0     8m40s
mqtt-broker-65c6fb9d94-b4kfz   1/1   Running   0     8m41s
1778248846
mqtt-broker-65c6fb9d94-595cb   1/1   Running   0     8m5s
mqtt-broker-65c6fb9d94-6wf26   1/1   Running   0     8m45s
mqtt-broker-65c6fb9d94-b4kfz   1/1   Running   0     8m46s
1778248851
mqtt-broker-65c6fb9d94-595cb   1/1   Running   0     8m10s
mqtt-broker-65c6fb9d94-6wf26   1/1   Running   0     8m50s
mqtt-broker-65c6fb9d94-b4kfz   1/1   Running   0     8m51s
1778248856
mqtt-broker-65c6fb9d94-595cb   1/1   Running   0     8m15s
mqtt-broker-65c6fb9d94-6wf26   1/1   Running   0     8m55s
mqtt-broker-65c6fb9d94-b4kfz   1/1   Running   0     8m56s
1778248861
mqtt-broker-65c6fb9d94-595cb   1/1   Running   0     8m21s
mqtt-broker-65c6fb9d94-6wf26   1/1   Running   0     9m1s
mqtt-broker-65c6fb9d94-b4kfz   1/1   Running   0     9m2s
1778248867
mqtt-broker-65c6fb9d94-595cb   1/1   Running   0     8m26s
mqtt-broker-65c6fb9d94-6wf26   1/1   Running   0     9m6s
mqtt-broker-65c6fb9d94-b4kfz   1/1   Running   0     9m7s
1778248872
mqtt-broker-65c6fb9d94-595cb   1/1   Running   0     8m31s
mqtt-broker-65c6fb9d94-6wf26   1/1   Running   0     9m11s
mqtt-broker-65c6fb9d94-b4kfz   1/1   Running   0     9m12s
1778248877
mqtt-broker-65c6fb9d94-595cb   1/1   Running   0     8m36s
mqtt-broker-65c6fb9d94-6wf26   1/1   Running   0     9m16s
mqtt-broker-65c6fb9d94-b4kfz   1/1   Running   0     9m17s
1778248882
mqtt-broker-65c6fb9d94-595cb   1/1   Running   0     8m41s
mqtt-broker-65c6fb9d94-6wf26   1/1   Running   0     9m21s
mqtt-broker-65c6fb9d94-b4kfz   1/1   Running   0     9m22s
1778248887
mqtt-broker-65c6fb9d94-595cb   1/1   Running   0     8m46s
mqtt-broker-65c6fb9d94-6wf26   1/1   Running   0     9m26s
mqtt-broker-65c6fb9d94-b4kfz   1/1   Running   0     9m27s
1778248892
mqtt-broker-65c6fb9d94-595cb   1/1   Running   0     8m51s
mqtt-broker-65c6fb9d94-6wf26   1/1   Running   0     9m31s
mqtt-broker-65c6fb9d94-b4kfz   1/1   Running   0     9m32s
1778248897
mqtt-broker-65c6fb9d94-595cb   1/1   Running   0     8m57s
mqtt-broker-65c6fb9d94-6wf26   1/1   Running   0     9m37s
mqtt-broker-65c6fb9d94-b4kfz   1/1   Running   0     9m38s
1778248903
mqtt-broker-65c6fb9d94-595cb   1/1   Running   0     9m2s
mqtt-broker-65c6fb9d94-6wf26   1/1   Running   0     9m42s
mqtt-broker-65c6fb9d94-b4kfz   1/1   Running   0     9m43s
1778248908
mqtt-broker-65c6fb9d94-595cb   1/1   Running   0     9m7s
mqtt-broker-65c6fb9d94-6wf26   1/1   Running   0     9m47s
mqtt-broker-65c6fb9d94-b4kfz   1/1   Running   0     9m48s
1778248913
mqtt-broker-65c6fb9d94-595cb   1/1   Running   0     9m12s
mqtt-broker-65c6fb9d94-6wf26   1/1   Running   0     9m52s
mqtt-broker-65c6fb9d94-b4kfz   1/1   Running   0     9m53s
1778248918
mqtt-broker-65c6fb9d94-595cb   1/1   Running   0     9m17s
mqtt-broker-65c6fb9d94-6wf26   1/1   Running   0     9m57s
mqtt-broker-65c6fb9d94-b4kfz   1/1   Running   0     9m58s
1778248923
mqtt-broker-65c6fb9d94-595cb   1/1   Running   0     9m22s
mqtt-broker-65c6fb9d94-6wf26   1/1   Running   0     10m
mqtt-broker-65c6fb9d94-b4kfz   1/1   Running   0     10m
1778248928
mqtt-broker-65c6fb9d94-595cb   1/1   Running   0     9m27s
mqtt-broker-65c6fb9d94-6wf26   1/1   Running   0     10m
mqtt-broker-65c6fb9d94-b4kfz   1/1   Running   0     10m
1778248933
mqtt-broker-65c6fb9d94-595cb   1/1   Running   0     9m32s
mqtt-broker-65c6fb9d94-6wf26   1/1   Running   0     10m
mqtt-broker-65c6fb9d94-b4kfz   1/1   Running   0     10m
1778248938
mqtt-broker-65c6fb9d94-595cb   1/1   Running   0     9m38s
mqtt-broker-65c6fb9d94-6wf26   1/1   Running   0     10m
mqtt-broker-65c6fb9d94-b4kfz   1/1   Running   0     10m
1778248944
mqtt-broker-65c6fb9d94-595cb   1/1   Running   0     9m43s
mqtt-broker-65c6fb9d94-6wf26   1/1   Running   0     10m
mqtt-broker-65c6fb9d94-b4kfz   1/1   Running   0     10m
1778248949
mqtt-broker-65c6fb9d94-595cb   1/1   Running   0     9m48s
mqtt-broker-65c6fb9d94-6wf26   1/1   Running   0     10m
mqtt-broker-65c6fb9d94-b4kfz   1/1   Running   0     10m
1778248954
mqtt-broker-65c6fb9d94-595cb   1/1   Running   0     9m53s
mqtt-broker-65c6fb9d94-6wf26   1/1   Running   0     10m
mqtt-broker-65c6fb9d94-b4kfz   1/1   Running   0     10m
1778248959
mqtt-broker-65c6fb9d94-595cb   1/1   Running   0     9m58s
mqtt-broker-65c6fb9d94-6wf26   1/1   Running   0     10m
mqtt-broker-65c6fb9d94-b4kfz   1/1   Running   0     10m
1778248964
mqtt-broker-65c6fb9d94-595cb   1/1   Running   0     10m
mqtt-broker-65c6fb9d94-6wf26   1/1   Running   0     10m
mqtt-broker-65c6fb9d94-b4kfz   1/1   Running   0     10m
1778248969
mqtt-broker-65c6fb9d94-595cb   1/1   Running   0     10m
mqtt-broker-65c6fb9d94-6wf26   1/1   Running   0     10m
mqtt-broker-65c6fb9d94-b4kfz   1/1   Running   0     10m
1778248975
mqtt-broker-65c6fb9d94-595cb   1/1   Running   0     10m
mqtt-broker-65c6fb9d94-6wf26   1/1   Running   0     10m
mqtt-broker-65c6fb9d94-b4kfz   1/1   Running   0     10m
1778248980
mqtt-broker-65c6fb9d94-595cb   1/1   Running   0     10m
mqtt-broker-65c6fb9d94-6wf26   1/1   Running   0     10m
mqtt-broker-65c6fb9d94-b4kfz   1/1   Running   0     11m
1778248985
mqtt-broker-65c6fb9d94-595cb   1/1   Running   0     10m
mqtt-broker-65c6fb9d94-6wf26   1/1   Running   0     11m
mqtt-broker-65c6fb9d94-b4kfz   1/1   Running   0     11m
1778248990
mqtt-broker-65c6fb9d94-595cb   1/1   Running   0     10m
mqtt-broker-65c6fb9d94-6wf26   1/1   Running   0     11m
mqtt-broker-65c6fb9d94-b4kfz   1/1   Running   0     11m
1778248995
mqtt-broker-65c6fb9d94-595cb   1/1   Running   0     10m
mqtt-broker-65c6fb9d94-6wf26   1/1   Running   0     11m
mqtt-broker-65c6fb9d94-b4kfz   1/1   Running   0     11m
1778249000
mqtt-broker-65c6fb9d94-595cb   1/1   Running   0     10m
mqtt-broker-65c6fb9d94-6wf26   1/1   Running   0     11m
mqtt-broker-65c6fb9d94-b4kfz   1/1   Running   0     11m
1778249005
mqtt-broker-65c6fb9d94-595cb   1/1   Running   0     10m
mqtt-broker-65c6fb9d94-6wf26   1/1   Running   0     11m
mqtt-broker-65c6fb9d94-b4kfz   1/1   Running   0     11m
1778249010
mqtt-broker-65c6fb9d94-595cb   1/1   Running   0     10m
mqtt-broker-65c6fb9d94-6wf26   1/1   Running   0     11m
mqtt-broker-65c6fb9d94-b4kfz   1/1   Running   0     11m
1778249016
mqtt-broker-65c6fb9d94-595cb   1/1   Running   0     10m
mqtt-broker-65c6fb9d94-6wf26   1/1   Running   0     11m
mqtt-broker-65c6fb9d94-b4kfz   1/1   Running   0     11m
1778249021
mqtt-broker-65c6fb9d94-595cb   1/1   Running   0     11m
mqtt-broker-65c6fb9d94-6wf26   1/1   Running   0     11m
mqtt-broker-65c6fb9d94-b4kfz   1/1   Running   0     11m
1778249026
mqtt-broker-65c6fb9d94-595cb   1/1   Running   0     11m
mqtt-broker-65c6fb9d94-6wf26   1/1   Running   0     11m
mqtt-broker-65c6fb9d94-b4kfz   1/1   Running   0     11m
1778249031
mqtt-broker-65c6fb9d94-595cb   1/1   Running   0     11m
mqtt-broker-65c6fb9d94-6wf26   1/1   Running   0     11m
mqtt-broker-65c6fb9d94-b4kfz   1/1   Running   0     11m
1778249036
mqtt-broker-65c6fb9d94-595cb   1/1   Running   0     11m
mqtt-broker-65c6fb9d94-6wf26   1/1   Running   0     11m
mqtt-broker-65c6fb9d94-b4kfz   1/1   Running   0     11m
1778249041
mqtt-broker-65c6fb9d94-595cb   1/1   Running   0     11m
mqtt-broker-65c6fb9d94-6wf26   1/1   Running   0     12m
mqtt-broker-65c6fb9d94-b4kfz   1/1   Running   0     12m
1778249047
mqtt-broker-65c6fb9d94-595cb   1/1   Running   0     11m
mqtt-broker-65c6fb9d94-6wf26   1/1   Running   0     12m
mqtt-broker-65c6fb9d94-b4kfz   1/1   Running   0     12m
1778249052
mqtt-broker-65c6fb9d94-595cb   1/1   Running   0     11m
mqtt-broker-65c6fb9d94-6wf26   1/1   Running   0     12m
mqtt-broker-65c6fb9d94-b4kfz   1/1   Running   0     12m
1778249057
mqtt-broker-65c6fb9d94-595cb   1/1   Running   0     11m
mqtt-broker-65c6fb9d94-6wf26   1/1   Running   0     12m
mqtt-broker-65c6fb9d94-b4kfz   1/1   Running   0     12m
1778249062
mqtt-broker-65c6fb9d94-595cb   1/1   Running   0     11m
mqtt-broker-65c6fb9d94-6wf26   1/1   Running   0     12m
mqtt-broker-65c6fb9d94-b4kfz   1/1   Running   0     12m
1778249068
mqtt-broker-65c6fb9d94-595cb   1/1   Running   0     11m
mqtt-broker-65c6fb9d94-6wf26   1/1   Running   0     12m
mqtt-broker-65c6fb9d94-b4kfz   1/1   Running   0     12m
1778249073
mqtt-broker-65c6fb9d94-595cb   1/1   Running   0     11m
mqtt-broker-65c6fb9d94-6wf26   1/1   Running   0     12m
mqtt-broker-65c6fb9d94-b4kfz   1/1   Running   0     12m
1778249078
mqtt-broker-65c6fb9d94-595cb   1/1   Running   0     11m
mqtt-broker-65c6fb9d94-6wf26   1/1   Running   0     12m
mqtt-broker-65c6fb9d94-b4kfz   1/1   Running   0     12m
1778249084
mqtt-broker-65c6fb9d94-595cb   1/1   Running   0     12m
mqtt-broker-65c6fb9d94-6wf26   1/1   Running   0     12m
mqtt-broker-65c6fb9d94-b4kfz   1/1   Running   0     12m
1778249089
mqtt-broker-65c6fb9d94-595cb   1/1   Running   0     12m
mqtt-broker-65c6fb9d94-6wf26   1/1   Running   0     12m
mqtt-broker-65c6fb9d94-b4kfz   1/1   Running   0     12m
1778249094
mqtt-broker-65c6fb9d94-595cb   1/1   Running   0     12m
mqtt-broker-65c6fb9d94-6wf26   1/1   Running   0     12m
mqtt-broker-65c6fb9d94-b4kfz   1/1   Running   0     12m
1778249099
mqtt-broker-65c6fb9d94-595cb   1/1   Running   0     12m
mqtt-broker-65c6fb9d94-6wf26   1/1   Running   0     12m
mqtt-broker-65c6fb9d94-b4kfz   1/1   Running   0     12m
1778249104
mqtt-broker-65c6fb9d94-595cb   1/1   Running   0     12m
mqtt-broker-65c6fb9d94-6wf26   1/1   Running   0     13m
mqtt-broker-65c6fb9d94-b4kfz   1/1   Running   0     13m
1778249110
mqtt-broker-65c6fb9d94-595cb   1/1   Running   0     12m
mqtt-broker-65c6fb9d94-6wf26   1/1   Running   0     13m
mqtt-broker-65c6fb9d94-b4kfz   1/1   Running   0     13m
1778249115
mqtt-broker-65c6fb9d94-595cb   1/1   Running   0     12m
mqtt-broker-65c6fb9d94-6wf26   1/1   Running   0     13m
mqtt-broker-65c6fb9d94-b4kfz   1/1   Running   0     13m
1778249120
mqtt-broker-65c6fb9d94-595cb   1/1   Running   0     12m
mqtt-broker-65c6fb9d94-6wf26   1/1   Running   0     13m
mqtt-broker-65c6fb9d94-b4kfz   1/1   Running   0     13m
1778249125
mqtt-broker-65c6fb9d94-595cb   1/1   Running   0     12m
mqtt-broker-65c6fb9d94-6wf26   1/1   Running   0     13m
mqtt-broker-65c6fb9d94-b4kfz   1/1   Running   0     13m
1778249130
mqtt-broker-65c6fb9d94-595cb   1/1   Running   0     12m
mqtt-broker-65c6fb9d94-6wf26   1/1   Running   0     13m
mqtt-broker-65c6fb9d94-b4kfz   1/1   Running   0     13m
1778249135
mqtt-broker-65c6fb9d94-595cb   1/1   Running   0     12m
mqtt-broker-65c6fb9d94-6wf26   1/1   Running   0     13m
mqtt-broker-65c6fb9d94-b4kfz   1/1   Running   0     13m
1778249141
mqtt-broker-65c6fb9d94-595cb   1/1   Running   0     13m
mqtt-broker-65c6fb9d94-6wf26   1/1   Running   0     13m
mqtt-broker-65c6fb9d94-b4kfz   1/1   Running   0     13m
1778249146
mqtt-broker-65c6fb9d94-595cb   1/1   Running   0     13m
mqtt-broker-65c6fb9d94-6wf26   1/1   Running   0     13m
mqtt-broker-65c6fb9d94-b4kfz   1/1   Running   0     13m
1778249151
mqtt-broker-65c6fb9d94-595cb   1/1   Running   0     13m
mqtt-broker-65c6fb9d94-6wf26   1/1   Running   0     13m
mqtt-broker-65c6fb9d94-b4kfz   1/1   Running   0     13m
1778249156
mqtt-broker-65c6fb9d94-595cb   1/1   Running   0     13m
mqtt-broker-65c6fb9d94-6wf26   1/1   Running   0     13m
mqtt-broker-65c6fb9d94-b4kfz   1/1   Running   0     13m
1778249162
mqtt-broker-65c6fb9d94-595cb   1/1   Running   0     13m
mqtt-broker-65c6fb9d94-6wf26   1/1   Running   0     14m
mqtt-broker-65c6fb9d94-b4kfz   1/1   Running   0     14m
1778249167
mqtt-broker-65c6fb9d94-595cb   1/1   Running   0     13m
mqtt-broker-65c6fb9d94-6wf26   0/1   Running   0     14m
mqtt-broker-65c6fb9d94-b4kfz   1/1   Running   0     14m
1778249172
mqtt-broker-65c6fb9d94-595cb   1/1   Running   0     13m
mqtt-broker-65c6fb9d94-6wf26   0/1   Running   0     14m
mqtt-broker-65c6fb9d94-b4kfz   1/1   Running   0     14m
1778249178
mqtt-broker-65c6fb9d94-595cb   1/1   Running   0     13m
mqtt-broker-65c6fb9d94-6wf26   0/1   Running   0     14m
mqtt-broker-65c6fb9d94-b4kfz   1/1   Running   0     14m
1778249183
mqtt-broker-65c6fb9d94-595cb   1/1   Running   0     13m
mqtt-broker-65c6fb9d94-6wf26   0/1   Running   0     14m
mqtt-broker-65c6fb9d94-b4kfz   1/1   Running   0     14m
1778249188
mqtt-broker-65c6fb9d94-595cb   1/1   Running   0     13m
mqtt-broker-65c6fb9d94-6wf26   0/1   Running   0     14m
mqtt-broker-65c6fb9d94-b4kfz   1/1   Running   0     14m
1778249193
mqtt-broker-65c6fb9d94-595cb   1/1   Running   0     13m
mqtt-broker-65c6fb9d94-6wf26   0/1   Running   0     14m
mqtt-broker-65c6fb9d94-b4kfz   1/1   Running   0     14m
1778249199
mqtt-broker-65c6fb9d94-595cb   1/1   Running   0     13m
mqtt-broker-65c6fb9d94-6wf26   0/1   Running   0     14m
mqtt-broker-65c6fb9d94-b4kfz   1/1   Running   0     14m
1778249204
mqtt-broker-65c6fb9d94-595cb   1/1   Running   0     14m
mqtt-broker-65c6fb9d94-6wf26   0/1   Running   0     14m
mqtt-broker-65c6fb9d94-b4kfz   1/1   Running   0     14m
1778249209
mqtt-broker-65c6fb9d94-595cb   1/1   Running   0     14m
mqtt-broker-65c6fb9d94-6wf26   0/1   Running   0     14m
mqtt-broker-65c6fb9d94-b4kfz   1/1   Running   0     14m
1778249214
mqtt-broker-65c6fb9d94-595cb   1/1   Running   0     14m
mqtt-broker-65c6fb9d94-6wf26   0/1   Running   0     14m
mqtt-broker-65c6fb9d94-b4kfz   1/1   Running   0     14m
1778249219
mqtt-broker-65c6fb9d94-595cb   1/1   Running   0     14m
mqtt-broker-65c6fb9d94-6wf26   0/1   Running   0     14m
mqtt-broker-65c6fb9d94-b4kfz   1/1   Running   0     15m
1778249225
mqtt-broker-65c6fb9d94-595cb   1/1   Running   0     14m
mqtt-broker-65c6fb9d94-6wf26   0/1   Running   0     15m
mqtt-broker-65c6fb9d94-b4kfz   1/1   Running   0     15m
1778249230
mqtt-broker-65c6fb9d94-595cb   1/1   Running   0     14m
mqtt-broker-65c6fb9d94-6wf26   0/1   Running   0     15m
mqtt-broker-65c6fb9d94-b4kfz   1/1   Running   0     15m
1778249235
mqtt-broker-65c6fb9d94-595cb   1/1   Running   0     14m
mqtt-broker-65c6fb9d94-6wf26   0/1   Running   0     15m
mqtt-broker-65c6fb9d94-b4kfz   1/1   Running   0     15m
1778249240
mqtt-broker-65c6fb9d94-595cb   1/1   Running   0     14m
mqtt-broker-65c6fb9d94-6wf26   0/1   Running   0     15m
mqtt-broker-65c6fb9d94-b4kfz   1/1   Running   0     15m
1778249245
mqtt-broker-65c6fb9d94-595cb   1/1   Running   0     14m
mqtt-broker-65c6fb9d94-6wf26   0/1   Running   0     15m
mqtt-broker-65c6fb9d94-b4kfz   1/1   Running   0     15m
1778249250
mqtt-broker-65c6fb9d94-595cb   1/1   Running   0     14m
mqtt-broker-65c6fb9d94-6wf26   0/1   Running   0     15m
mqtt-broker-65c6fb9d94-b4kfz   1/1   Running   0     15m
1778249255
mqtt-broker-65c6fb9d94-595cb   1/1   Running   0     14m
mqtt-broker-65c6fb9d94-6wf26   0/1   Running   0     15m
mqtt-broker-65c6fb9d94-b4kfz   1/1   Running   0     15m
1778249261
mqtt-broker-65c6fb9d94-595cb   1/1   Running   0     15m
mqtt-broker-65c6fb9d94-6wf26   0/1   Running   0     15m
mqtt-broker-65c6fb9d94-b4kfz   1/1   Running   0     15m
1778249266
mqtt-broker-65c6fb9d94-595cb   1/1   Running   0     15m
mqtt-broker-65c6fb9d94-6wf26   0/1   Running   0     15m
mqtt-broker-65c6fb9d94-b4kfz   1/1   Running   0     15m
1778249271
mqtt-broker-65c6fb9d94-595cb   1/1   Running   0     15m
mqtt-broker-65c6fb9d94-6wf26   0/1   Running   0     15m
mqtt-broker-65c6fb9d94-b4kfz   1/1   Running   0     15m
1778249276
mqtt-broker-65c6fb9d94-595cb   1/1   Running   0     15m
mqtt-broker-65c6fb9d94-6wf26   0/1   Running   0     15m
mqtt-broker-65c6fb9d94-b4kfz   1/1   Running   0     15m
1778249281
mqtt-broker-65c6fb9d94-595cb   1/1   Running   0     15m
mqtt-broker-65c6fb9d94-6wf26   0/1   Running   0     16m
mqtt-broker-65c6fb9d94-b4kfz   1/1   Running   0     16m
1778249286
mqtt-broker-65c6fb9d94-595cb   1/1   Running       0     15m
mqtt-broker-65c6fb9d94-6wf26   0/1   Terminating   0     16m
mqtt-broker-65c6fb9d94-b4kfz   1/1   Running       0     16m
1778249291
mqtt-broker-65c6fb9d94-595cb   1/1   Running       0     15m
mqtt-broker-65c6fb9d94-6wf26   0/1   Terminating   0     16m
mqtt-broker-65c6fb9d94-b4kfz   1/1   Running       0     16m
1778249297
mqtt-broker-65c6fb9d94-595cb   1/1   Running       0     15m
mqtt-broker-65c6fb9d94-6wf26   0/1   Terminating   0     16m
mqtt-broker-65c6fb9d94-b4kfz   1/1   Running       0     16m
1778249302
mqtt-broker-65c6fb9d94-595cb   1/1   Running       0     15m
mqtt-broker-65c6fb9d94-6wf26   0/1   Terminating   0     16m
mqtt-broker-65c6fb9d94-b4kfz   1/1   Running       0     16m
1778249307
mqtt-broker-65c6fb9d94-595cb   1/1   Running       0     15m
mqtt-broker-65c6fb9d94-6wf26   0/1   Terminating   0     16m
mqtt-broker-65c6fb9d94-b4kfz   1/1   Running       0     16m
1778249312
mqtt-broker-65c6fb9d94-595cb   1/1   Running       0     15m
mqtt-broker-65c6fb9d94-6wf26   0/1   Terminating   0     16m
mqtt-broker-65c6fb9d94-b4kfz   1/1   Running       0     16m
1778249317
mqtt-broker-65c6fb9d94-595cb   1/1   Running       0     15m
mqtt-broker-65c6fb9d94-6wf26   0/1   Terminating   0     16m
mqtt-broker-65c6fb9d94-b4kfz   1/1   Running       0     16m
1778249322
mqtt-broker-65c6fb9d94-595cb   1/1   Running       0     16m
mqtt-broker-65c6fb9d94-6wf26   0/1   Terminating   0     16m
mqtt-broker-65c6fb9d94-b4kfz   1/1   Running       0     16m
1778249327
mqtt-broker-65c6fb9d94-595cb   1/1   Running       0     16m
mqtt-broker-65c6fb9d94-6wf26   0/1   Terminating   0     16m
mqtt-broker-65c6fb9d94-b4kfz   1/1   Running       0     16m
1778249333
mqtt-broker-65c6fb9d94-595cb   1/1   Running       0     16m
mqtt-broker-65c6fb9d94-6wf26   0/1   Terminating   0     16m
mqtt-broker-65c6fb9d94-b4kfz   1/1   Running       0     16m
1778249338
mqtt-broker-65c6fb9d94-595cb   1/1   Running       0     16m
mqtt-broker-65c6fb9d94-6wf26   0/1   Terminating   0     16m
mqtt-broker-65c6fb9d94-b4kfz   1/1   Running       0     16m
1778249343
mqtt-broker-65c6fb9d94-595cb   1/1   Running       0     16m
mqtt-broker-65c6fb9d94-6wf26   0/1   Terminating   0     17m
mqtt-broker-65c6fb9d94-b4kfz   1/1   Running       0     17m
1778249348
mqtt-broker-65c6fb9d94-595cb   1/1   Running   0     16m
mqtt-broker-65c6fb9d94-b4kfz   1/1   Running   0     17m
1778249353
mqtt-broker-65c6fb9d94-595cb   1/1   Running   0     16m
mqtt-broker-65c6fb9d94-b4kfz   1/1   Running   0     17m
1778249358
mqtt-broker-65c6fb9d94-595cb   1/1   Running   0     16m
mqtt-broker-65c6fb9d94-b4kfz   1/1   Running   0     17m
1778249363
mqtt-broker-65c6fb9d94-595cb   1/1   Running   0     16m
mqtt-broker-65c6fb9d94-b4kfz   1/1   Running   0     17m
1778249368
mqtt-broker-65c6fb9d94-595cb   1/1   Running   0     16m
mqtt-broker-65c6fb9d94-b4kfz   1/1   Running   0     17m
1778249374
mqtt-broker-65c6fb9d94-595cb   1/1   Running   0     16m
mqtt-broker-65c6fb9d94-b4kfz   1/1   Running   0     17m
1778249379
mqtt-broker-65c6fb9d94-595cb   1/1   Running   0     16m
mqtt-broker-65c6fb9d94-b4kfz   1/1   Running   0     17m
1778249384
mqtt-broker-65c6fb9d94-595cb   1/1   Running   0     17m
mqtt-broker-65c6fb9d94-b4kfz   1/1   Running   0     17m
1778249389
mqtt-broker-65c6fb9d94-595cb   1/1   Running   0     17m
mqtt-broker-65c6fb9d94-b4kfz   1/1   Running   0     17m
1778249394
1778249399
1778249404
1778249409
1778249414
1778249419
1778249424
1778249429
1778249435
1778249440
1778249445
1778249450
1778249455
1778249460
1778249465
1778249470
1778249475
1778249480
1778249485
1778249490
1778249495
1778249500
1778249505
1778249510
1778249515
1778249520
1778249526
1778249531
1778249536
1778249541
1778249546
1778249551
1778249556
1778249561
1778249566
1778249571
1778249576
1778249581
1778249586
1778249591
1778249596
1778249601
1778249606
1778249612
1778249617
1778249622
1778249627
1778249632
1778249637
1778249642
1778249647
1778249652
1778249657
1778249662
1778249667
1778249672
1778249677
1778249682
1778249687
1778249692
1778249697
1778249702
1778249707
1778249713
1778249718
1778249723
1778249728
1778249733
1778249738
1778249743
1778249748
1778249753
1778249758
1778249763
1778249768
1778249773
1778249778
1778249783
1778249788
1778249793
1778249798
1778249803
1778249808
1778249814
1778249819
1778249824
1778249829
1778249834
1778249839
1778249844
1778249849
1778249854
1778249859
1778249864
1778249869
1778249874
1778249879
1778249884
1778249889
1778249894
1778249899
1778249904
1778249909
1778249915
1778249920
1778249925
1778249930
1778249935
1778249940
1778249945
1778249950
1778249955
1778249960
1778249965
1778249970
1778249975
1778249980
1778249985
1778249990
1778249995
1778250000
1778250005
1778250010
1778250016
1778250021
1778250026
1778250031
1778250036
1778250041
1778250046
1778250051
1778250056
1778250061
1778250066
1778250071
1778250076
1778250081
1778250087
1778250092
1778250097
1778250102
1778250107
1778250112
1778250117
1778250122
1778250127
1778250132
1778250137
1778250142
1778250147
1778250152
1778250157
1778250162
1778250167
1778250173
1778250178
1778250183
1778250188
1778250193
1778250198
1778250203
1778250208
1778250213
1778250218
1778250223
1778250228
1778250233
1778250238
1778250243
1778250248
1778250253
1778250258
1778250263
1778250269
1778250274
1778250279
1778250284
1778250289
1778250294
1778250299
1778250304
1778250309
1778250314
1778250319
1778250324
1778250329
1778250334
1778250339
1778250344
1778250349
1778250354
1778250360
1778250365
1778250370
1778250375
1778250380
1778250385
1778250390
1778250395
1778250400
1778250405
1778250410
1778250415
1778250420
1778250425
1778250430
1778250436
1778250441
1778250446
1778250451
1778250456
1778250461
1778250466
1778250471
1778250476
1778250481
1778250486
1778250491
1778250496
1778250501
1778250506
1778250511
1778250517
1778250522
1778250527
1778250532
1778250537
1778250542
1778250547
1778250552
1778250557
1778250562
1778250567
1778250572
1778250577
1778250582
1778250587
1778250592
1778250598
1778250603
1778250608
1778250613
1778250618
1778250623
1778250628
1778250633
1778250638
1778250643
1778250648
1778250653
1778250658
1778250663
1778250669
1778250674
1778250679
1778250684
1778250689
1778250694
1778250699
1778250704
1778250710
1778250715
1778250720
1778250725
1778250730
1778250735
1778250740
1778250746
1778250751
1778250756
1778250761
1778250766
1778250772
1778250777
1778250782
mqtt-broker-65c6fb9d94-ck7tr   1/1   Running   0     3s
mqtt-broker-65c6fb9d94-gh6hd   1/1   Running   0     4s
1778250787
mqtt-broker-65c6fb9d94-ck7tr   1/1   Running   0     8s
mqtt-broker-65c6fb9d94-gh6hd   1/1   Running   0     9s
1778250792
mqtt-broker-65c6fb9d94-ck7tr   1/1   Running   0     13s
mqtt-broker-65c6fb9d94-gh6hd   1/1   Running   0     14s
1778250797
mqtt-broker-65c6fb9d94-ck7tr   1/1   Running   0     19s
mqtt-broker-65c6fb9d94-gh6hd   1/1   Running   0     20s
1778250803
mqtt-broker-65c6fb9d94-ck7tr   1/1   Running   0     24s
mqtt-broker-65c6fb9d94-gh6hd   1/1   Running   0     25s
1778250808
mqtt-broker-65c6fb9d94-ck7tr   1/1   Running   0     29s
mqtt-broker-65c6fb9d94-gh6hd   1/1   Running   0     30s
1778250813
mqtt-broker-65c6fb9d94-ck7tr   1/1   Running   0     34s
mqtt-broker-65c6fb9d94-gh6hd   1/1   Running   0     35s
1778250818
mqtt-broker-65c6fb9d94-ck7tr   1/1   Running   0     39s
mqtt-broker-65c6fb9d94-gh6hd   1/1   Running   0     40s
1778250823
mqtt-broker-65c6fb9d94-ck7tr   1/1   Running   0     44s
mqtt-broker-65c6fb9d94-gh6hd   1/1   Running   0     45s
1778250828
mqtt-broker-65c6fb9d94-ck7tr   1/1   Running   0     49s
mqtt-broker-65c6fb9d94-gh6hd   1/1   Running   0     50s
mqtt-broker-65c6fb9d94-mdc77   1/1   Running   0     4s
1778250833
mqtt-broker-65c6fb9d94-ck7tr   1/1   Running   0     55s
mqtt-broker-65c6fb9d94-gh6hd   1/1   Running   0     56s
mqtt-broker-65c6fb9d94-mdc77   1/1   Running   0     10s
1778250839
mqtt-broker-65c6fb9d94-ck7tr   1/1   Running   0     60s
mqtt-broker-65c6fb9d94-gh6hd   1/1   Running   0     61s
mqtt-broker-65c6fb9d94-mdc77   1/1   Running   0     15s
1778250844
mqtt-broker-65c6fb9d94-ck7tr   1/1   Running   0     65s
mqtt-broker-65c6fb9d94-gh6hd   1/1   Running   0     66s
mqtt-broker-65c6fb9d94-mdc77   1/1   Running   0     20s
1778250849
mqtt-broker-65c6fb9d94-ck7tr   1/1   Running   0     70s
mqtt-broker-65c6fb9d94-gh6hd   1/1   Running   0     71s
mqtt-broker-65c6fb9d94-mdc77   1/1   Running   0     25s
1778250854
mqtt-broker-65c6fb9d94-ck7tr   1/1   Running   0     75s
mqtt-broker-65c6fb9d94-gh6hd   1/1   Running   0     76s
mqtt-broker-65c6fb9d94-mdc77   1/1   Running   0     30s
1778250859
mqtt-broker-65c6fb9d94-ck7tr   1/1   Running   0     80s
mqtt-broker-65c6fb9d94-gh6hd   1/1   Running   0     81s
mqtt-broker-65c6fb9d94-mdc77   1/1   Running   0     35s
1778250864
mqtt-broker-65c6fb9d94-ck7tr   1/1   Running   0     86s
mqtt-broker-65c6fb9d94-gh6hd   1/1   Running   0     87s
mqtt-broker-65c6fb9d94-mdc77   1/1   Running   0     41s
1778250870
mqtt-broker-65c6fb9d94-ck7tr   1/1   Running   0     91s
mqtt-broker-65c6fb9d94-gh6hd   1/1   Running   0     92s
mqtt-broker-65c6fb9d94-mdc77   1/1   Running   0     46s
1778250875
mqtt-broker-65c6fb9d94-ck7tr   1/1   Running   0     96s
mqtt-broker-65c6fb9d94-gh6hd   1/1   Running   0     97s
mqtt-broker-65c6fb9d94-mdc77   1/1   Running   0     51s
1778250880
mqtt-broker-65c6fb9d94-ck7tr   1/1   Running   0     101s
mqtt-broker-65c6fb9d94-gh6hd   1/1   Running   0     102s
mqtt-broker-65c6fb9d94-mdc77   1/1   Running   0     56s
1778250885
mqtt-broker-65c6fb9d94-ck7tr   1/1   Running   0     106s
mqtt-broker-65c6fb9d94-gh6hd   1/1   Running   0     107s
mqtt-broker-65c6fb9d94-mdc77   1/1   Running   0     61s
1778250890
mqtt-broker-65c6fb9d94-ck7tr   1/1   Running   0     111s
mqtt-broker-65c6fb9d94-gh6hd   1/1   Running   0     112s
mqtt-broker-65c6fb9d94-mdc77   1/1   Running   0     66s
1778250895
mqtt-broker-65c6fb9d94-ck7tr   1/1   Running   0     116s
mqtt-broker-65c6fb9d94-gh6hd   1/1   Running   0     117s
mqtt-broker-65c6fb9d94-mdc77   1/1   Running   0     71s
1778250900
mqtt-broker-65c6fb9d94-ck7tr   1/1   Running   0     2m2s
mqtt-broker-65c6fb9d94-gh6hd   1/1   Running   0     2m3s
mqtt-broker-65c6fb9d94-mdc77   1/1   Running   0     77s
1778250906
mqtt-broker-65c6fb9d94-ck7tr   1/1   Running   0     2m7s
mqtt-broker-65c6fb9d94-gh6hd   1/1   Running   0     2m8s
mqtt-broker-65c6fb9d94-mdc77   1/1   Running   0     82s
1778250911
mqtt-broker-65c6fb9d94-ck7tr   1/1   Running   0     2m12s
mqtt-broker-65c6fb9d94-gh6hd   1/1   Running   0     2m13s
mqtt-broker-65c6fb9d94-mdc77   1/1   Running   0     87s
1778250916
mqtt-broker-65c6fb9d94-ck7tr   1/1   Running   0     2m17s
mqtt-broker-65c6fb9d94-gh6hd   1/1   Running   0     2m18s
mqtt-broker-65c6fb9d94-mdc77   1/1   Running   0     92s
1778250921
mqtt-broker-65c6fb9d94-ck7tr   1/1   Running   0     2m22s
mqtt-broker-65c6fb9d94-gh6hd   1/1   Running   0     2m23s
mqtt-broker-65c6fb9d94-mdc77   1/1   Running   0     97s
1778250926
mqtt-broker-65c6fb9d94-ck7tr   1/1   Running   0     2m27s
mqtt-broker-65c6fb9d94-gh6hd   1/1   Running   0     2m28s
mqtt-broker-65c6fb9d94-mdc77   1/1   Running   0     102s
1778250931
mqtt-broker-65c6fb9d94-ck7tr   1/1   Running   0     2m32s
mqtt-broker-65c6fb9d94-gh6hd   1/1   Running   0     2m33s
mqtt-broker-65c6fb9d94-mdc77   1/1   Running   0     107s
1778250936
mqtt-broker-65c6fb9d94-ck7tr   1/1   Running   0     2m38s
mqtt-broker-65c6fb9d94-gh6hd   1/1   Running   0     2m39s
mqtt-broker-65c6fb9d94-mdc77   1/1   Running   0     113s
1778250942
mqtt-broker-65c6fb9d94-ck7tr   1/1   Running   0     2m43s
mqtt-broker-65c6fb9d94-gh6hd   1/1   Running   0     2m44s
mqtt-broker-65c6fb9d94-mdc77   1/1   Running   0     118s
1778250947
mqtt-broker-65c6fb9d94-ck7tr   1/1   Running   0     2m48s
mqtt-broker-65c6fb9d94-gh6hd   1/1   Running   0     2m49s
mqtt-broker-65c6fb9d94-mdc77   1/1   Running   0     2m3s
1778250952
mqtt-broker-65c6fb9d94-ck7tr   1/1   Running   0     2m53s
mqtt-broker-65c6fb9d94-gh6hd   1/1   Running   0     2m54s
mqtt-broker-65c6fb9d94-mdc77   1/1   Running   0     2m8s
1778250957
mqtt-broker-65c6fb9d94-ck7tr   1/1   Running   0     2m58s
mqtt-broker-65c6fb9d94-gh6hd   1/1   Running   0     2m59s
mqtt-broker-65c6fb9d94-mdc77   1/1   Running   0     2m13s
1778250962
mqtt-broker-65c6fb9d94-ck7tr   1/1   Running   0     3m3s
mqtt-broker-65c6fb9d94-gh6hd   1/1   Running   0     3m4s
mqtt-broker-65c6fb9d94-mdc77   1/1   Running   0     2m18s
1778250967
mqtt-broker-65c6fb9d94-ck7tr   1/1   Running   0     3m8s
mqtt-broker-65c6fb9d94-gh6hd   1/1   Running   0     3m9s
mqtt-broker-65c6fb9d94-mdc77   1/1   Running   0     2m23s
1778250972
mqtt-broker-65c6fb9d94-ck7tr   1/1   Running   0     3m13s
mqtt-broker-65c6fb9d94-gh6hd   1/1   Running   0     3m14s
mqtt-broker-65c6fb9d94-mdc77   1/1   Running   0     2m28s
1778250977
mqtt-broker-65c6fb9d94-ck7tr   1/1   Running   0     3m19s
mqtt-broker-65c6fb9d94-gh6hd   1/1   Running   0     3m20s
mqtt-broker-65c6fb9d94-mdc77   1/1   Running   0     2m34s
1778250983
mqtt-broker-65c6fb9d94-ck7tr   1/1   Running   0     3m24s
mqtt-broker-65c6fb9d94-gh6hd   1/1   Running   0     3m25s
mqtt-broker-65c6fb9d94-mdc77   1/1   Running   0     2m39s
1778250988
mqtt-broker-65c6fb9d94-ck7tr   1/1   Running   0     3m29s
mqtt-broker-65c6fb9d94-gh6hd   1/1   Running   0     3m30s
mqtt-broker-65c6fb9d94-mdc77   1/1   Running   0     2m44s
1778250993
mqtt-broker-65c6fb9d94-ck7tr   1/1   Running   0     3m34s
mqtt-broker-65c6fb9d94-gh6hd   1/1   Running   0     3m35s
mqtt-broker-65c6fb9d94-mdc77   1/1   Running   0     2m49s
1778250998
mqtt-broker-65c6fb9d94-ck7tr   1/1   Running   0     3m39s
mqtt-broker-65c6fb9d94-gh6hd   1/1   Running   0     3m40s
mqtt-broker-65c6fb9d94-mdc77   1/1   Running   0     2m54s
1778251003
mqtt-broker-65c6fb9d94-ck7tr   1/1   Running   0     3m44s
mqtt-broker-65c6fb9d94-gh6hd   1/1   Running   0     3m45s
mqtt-broker-65c6fb9d94-mdc77   1/1   Running   0     2m59s
1778251008
mqtt-broker-65c6fb9d94-ck7tr   1/1   Running   0     3m49s
mqtt-broker-65c6fb9d94-gh6hd   1/1   Running   0     3m50s
mqtt-broker-65c6fb9d94-mdc77   1/1   Running   0     3m4s
1778251013
mqtt-broker-65c6fb9d94-ck7tr   1/1   Running   0     3m55s
mqtt-broker-65c6fb9d94-gh6hd   1/1   Running   0     3m56s
mqtt-broker-65c6fb9d94-mdc77   1/1   Running   0     3m10s
1778251019
mqtt-broker-65c6fb9d94-ck7tr   1/1   Running   0     4m
mqtt-broker-65c6fb9d94-gh6hd   1/1   Running   0     4m1s
mqtt-broker-65c6fb9d94-mdc77   1/1   Running   0     3m15s
1778251024
mqtt-broker-65c6fb9d94-ck7tr   1/1   Running   0     4m5s
mqtt-broker-65c6fb9d94-gh6hd   1/1   Running   0     4m6s
mqtt-broker-65c6fb9d94-mdc77   1/1   Running   0     3m20s
1778251029
mqtt-broker-65c6fb9d94-ck7tr   1/1   Running   0     4m10s
mqtt-broker-65c6fb9d94-gh6hd   1/1   Running   0     4m11s
mqtt-broker-65c6fb9d94-mdc77   1/1   Running   0     3m25s
1778251034
mqtt-broker-65c6fb9d94-ck7tr   1/1   Running   0     4m15s
mqtt-broker-65c6fb9d94-gh6hd   1/1   Running   0     4m16s
mqtt-broker-65c6fb9d94-mdc77   1/1   Running   0     3m30s
1778251039
mqtt-broker-65c6fb9d94-ck7tr   1/1   Running   0     4m20s
mqtt-broker-65c6fb9d94-gh6hd   1/1   Running   0     4m21s
mqtt-broker-65c6fb9d94-mdc77   1/1   Running   0     3m35s
1778251044
mqtt-broker-65c6fb9d94-ck7tr   1/1   Running   0     4m25s
mqtt-broker-65c6fb9d94-gh6hd   1/1   Running   0     4m26s
mqtt-broker-65c6fb9d94-mdc77   1/1   Running   0     3m40s
1778251049
mqtt-broker-65c6fb9d94-ck7tr   1/1   Running   0     4m30s
mqtt-broker-65c6fb9d94-gh6hd   1/1   Running   0     4m31s
mqtt-broker-65c6fb9d94-mdc77   1/1   Running   0     3m45s
1778251054
mqtt-broker-65c6fb9d94-ck7tr   1/1   Running   0     4m36s
mqtt-broker-65c6fb9d94-gh6hd   1/1   Running   0     4m37s
mqtt-broker-65c6fb9d94-mdc77   1/1   Running   0     3m51s
1778251060
mqtt-broker-65c6fb9d94-ck7tr   1/1   Running   0     4m41s
mqtt-broker-65c6fb9d94-gh6hd   1/1   Running   0     4m42s
mqtt-broker-65c6fb9d94-mdc77   1/1   Running   0     3m56s
1778251065
mqtt-broker-65c6fb9d94-ck7tr   1/1   Running   0     4m46s
mqtt-broker-65c6fb9d94-gh6hd   1/1   Running   0     4m47s
mqtt-broker-65c6fb9d94-mdc77   1/1   Running   0     4m1s
1778251070
mqtt-broker-65c6fb9d94-ck7tr   1/1   Running   0     4m51s
mqtt-broker-65c6fb9d94-gh6hd   1/1   Running   0     4m52s
mqtt-broker-65c6fb9d94-mdc77   1/1   Running   0     4m6s
1778251075
mqtt-broker-65c6fb9d94-ck7tr   1/1   Running   0     4m56s
mqtt-broker-65c6fb9d94-gh6hd   1/1   Running   0     4m57s
mqtt-broker-65c6fb9d94-mdc77   1/1   Running   0     4m11s
1778251080
mqtt-broker-65c6fb9d94-ck7tr   1/1   Running   0     5m1s
mqtt-broker-65c6fb9d94-gh6hd   1/1   Running   0     5m2s
mqtt-broker-65c6fb9d94-mdc77   1/1   Running   0     4m16s
1778251085
mqtt-broker-65c6fb9d94-ck7tr   1/1   Running   0     5m6s
mqtt-broker-65c6fb9d94-gh6hd   1/1   Running   0     5m7s
mqtt-broker-65c6fb9d94-mdc77   1/1   Running   0     4m21s
1778251090
mqtt-broker-65c6fb9d94-ck7tr   1/1   Running   0     5m11s
mqtt-broker-65c6fb9d94-gh6hd   1/1   Running   0     5m12s
mqtt-broker-65c6fb9d94-mdc77   1/1   Running   0     4m26s
1778251095
mqtt-broker-65c6fb9d94-ck7tr   1/1   Running   0     5m17s
mqtt-broker-65c6fb9d94-gh6hd   1/1   Running   0     5m18s
mqtt-broker-65c6fb9d94-mdc77   1/1   Running   0     4m32s
1778251101
mqtt-broker-65c6fb9d94-ck7tr   1/1   Running   0     5m22s
mqtt-broker-65c6fb9d94-gh6hd   1/1   Running   0     5m23s
mqtt-broker-65c6fb9d94-mdc77   1/1   Running   0     4m37s
1778251106
mqtt-broker-65c6fb9d94-ck7tr   1/1   Running   0     5m27s
mqtt-broker-65c6fb9d94-gh6hd   1/1   Running   0     5m28s
mqtt-broker-65c6fb9d94-mdc77   1/1   Running   0     4m42s
1778251111
mqtt-broker-65c6fb9d94-ck7tr   1/1   Running   0     5m32s
mqtt-broker-65c6fb9d94-gh6hd   1/1   Running   0     5m33s
mqtt-broker-65c6fb9d94-mdc77   1/1   Running   0     4m47s
1778251116
mqtt-broker-65c6fb9d94-ck7tr   1/1   Running   0     5m37s
mqtt-broker-65c6fb9d94-gh6hd   1/1   Running   0     5m38s
mqtt-broker-65c6fb9d94-mdc77   1/1   Running   0     4m52s
1778251121
mqtt-broker-65c6fb9d94-ck7tr   1/1   Running   0     5m42s
mqtt-broker-65c6fb9d94-gh6hd   1/1   Running   0     5m43s
mqtt-broker-65c6fb9d94-mdc77   1/1   Running   0     4m57s
1778251126
mqtt-broker-65c6fb9d94-ck7tr   1/1   Running   0     5m47s
mqtt-broker-65c6fb9d94-gh6hd   1/1   Running   0     5m48s
mqtt-broker-65c6fb9d94-mdc77   1/1   Running   0     5m2s
1778251131
mqtt-broker-65c6fb9d94-ck7tr   1/1   Running   0     5m52s
mqtt-broker-65c6fb9d94-gh6hd   1/1   Running   0     5m53s
mqtt-broker-65c6fb9d94-mdc77   1/1   Running   0     5m7s
1778251136
mqtt-broker-65c6fb9d94-ck7tr   1/1   Running   0     5m58s
mqtt-broker-65c6fb9d94-gh6hd   1/1   Running   0     5m59s
mqtt-broker-65c6fb9d94-mdc77   1/1   Running   0     5m13s
1778251142
mqtt-broker-65c6fb9d94-ck7tr   1/1   Running   0     6m3s
mqtt-broker-65c6fb9d94-gh6hd   1/1   Running   0     6m4s
mqtt-broker-65c6fb9d94-mdc77   1/1   Running   0     5m18s
1778251147
mqtt-broker-65c6fb9d94-ck7tr   1/1   Running   0     6m8s
mqtt-broker-65c6fb9d94-gh6hd   1/1   Running   0     6m9s
mqtt-broker-65c6fb9d94-mdc77   1/1   Running   0     5m23s
1778251152
mqtt-broker-65c6fb9d94-ck7tr   1/1   Running   0     6m13s
mqtt-broker-65c6fb9d94-gh6hd   1/1   Running   0     6m14s
mqtt-broker-65c6fb9d94-mdc77   1/1   Running   0     5m28s
1778251157
mqtt-broker-65c6fb9d94-ck7tr   1/1   Running   0     6m18s
mqtt-broker-65c6fb9d94-gh6hd   1/1   Running   0     6m19s
mqtt-broker-65c6fb9d94-mdc77   1/1   Running   0     5m33s
1778251162
mqtt-broker-65c6fb9d94-ck7tr   1/1   Running   0     6m23s
mqtt-broker-65c6fb9d94-gh6hd   1/1   Running   0     6m24s
mqtt-broker-65c6fb9d94-mdc77   1/1   Running   0     5m38s
1778251167
mqtt-broker-65c6fb9d94-ck7tr   1/1   Running   0     6m28s
mqtt-broker-65c6fb9d94-gh6hd   1/1   Running   0     6m29s
mqtt-broker-65c6fb9d94-mdc77   1/1   Running   0     5m43s
1778251172
mqtt-broker-65c6fb9d94-ck7tr   1/1   Running   0     6m34s
mqtt-broker-65c6fb9d94-gh6hd   1/1   Running   0     6m35s
mqtt-broker-65c6fb9d94-mdc77   1/1   Running   0     5m49s
1778251178
mqtt-broker-65c6fb9d94-ck7tr   1/1   Running   0     6m39s
mqtt-broker-65c6fb9d94-gh6hd   1/1   Running   0     6m40s
mqtt-broker-65c6fb9d94-mdc77   1/1   Running   0     5m54s
1778251183
mqtt-broker-65c6fb9d94-ck7tr   1/1   Running   0     6m44s
mqtt-broker-65c6fb9d94-gh6hd   1/1   Running   0     6m45s
mqtt-broker-65c6fb9d94-mdc77   1/1   Running   0     5m59s
1778251188
mqtt-broker-65c6fb9d94-ck7tr   1/1   Running   0     6m49s
mqtt-broker-65c6fb9d94-gh6hd   1/1   Running   0     6m50s
mqtt-broker-65c6fb9d94-mdc77   1/1   Running   0     6m4s
1778251193
mqtt-broker-65c6fb9d94-ck7tr   1/1   Running   0     6m54s
mqtt-broker-65c6fb9d94-gh6hd   1/1   Running   0     6m55s
mqtt-broker-65c6fb9d94-mdc77   1/1   Running   0     6m9s
1778251198
mqtt-broker-65c6fb9d94-ck7tr   1/1   Running   0     6m59s
mqtt-broker-65c6fb9d94-gh6hd   1/1   Running   0     7m
mqtt-broker-65c6fb9d94-mdc77   1/1   Running   0     6m14s
1778251203
mqtt-broker-65c6fb9d94-ck7tr   1/1   Running   0     7m4s
mqtt-broker-65c6fb9d94-gh6hd   1/1   Running   0     7m5s
mqtt-broker-65c6fb9d94-mdc77   1/1   Running   0     6m19s
1778251208
mqtt-broker-65c6fb9d94-ck7tr   1/1   Running   0     7m9s
mqtt-broker-65c6fb9d94-gh6hd   1/1   Running   0     7m10s
mqtt-broker-65c6fb9d94-mdc77   1/1   Running   0     6m24s
1778251213
mqtt-broker-65c6fb9d94-ck7tr   1/1   Running   0     7m15s
mqtt-broker-65c6fb9d94-gh6hd   1/1   Running   0     7m16s
mqtt-broker-65c6fb9d94-mdc77   1/1   Running   0     6m30s
1778251219
mqtt-broker-65c6fb9d94-ck7tr   1/1   Running   0     7m20s
mqtt-broker-65c6fb9d94-gh6hd   1/1   Running   0     7m21s
mqtt-broker-65c6fb9d94-mdc77   1/1   Running   0     6m35s
1778251224
mqtt-broker-65c6fb9d94-ck7tr   1/1   Running   0     7m25s
mqtt-broker-65c6fb9d94-gh6hd   1/1   Running   0     7m26s
mqtt-broker-65c6fb9d94-mdc77   1/1   Running   0     6m40s
1778251229
mqtt-broker-65c6fb9d94-ck7tr   1/1   Running   0     7m30s
mqtt-broker-65c6fb9d94-gh6hd   1/1   Running   0     7m31s
mqtt-broker-65c6fb9d94-mdc77   1/1   Running   0     6m45s
1778251234
mqtt-broker-65c6fb9d94-ck7tr   1/1   Running   0     7m35s
mqtt-broker-65c6fb9d94-gh6hd   1/1   Running   0     7m36s
mqtt-broker-65c6fb9d94-mdc77   1/1   Running   0     6m50s
1778251239
mqtt-broker-65c6fb9d94-ck7tr   1/1   Running   0     7m40s
mqtt-broker-65c6fb9d94-gh6hd   1/1   Running   0     7m41s
mqtt-broker-65c6fb9d94-mdc77   1/1   Running   0     6m55s
1778251244
mqtt-broker-65c6fb9d94-ck7tr   1/1   Running   0     7m46s
mqtt-broker-65c6fb9d94-gh6hd   1/1   Running   0     7m47s
mqtt-broker-65c6fb9d94-mdc77   1/1   Running   0     7m1s
1778251250
mqtt-broker-65c6fb9d94-ck7tr   1/1   Running   0     7m51s
mqtt-broker-65c6fb9d94-gh6hd   1/1   Running   0     7m52s
mqtt-broker-65c6fb9d94-mdc77   1/1   Running   0     7m6s
1778251255
mqtt-broker-65c6fb9d94-ck7tr   1/1   Running   0     7m56s
mqtt-broker-65c6fb9d94-gh6hd   1/1   Running   0     7m57s
mqtt-broker-65c6fb9d94-mdc77   1/1   Running   0     7m11s
1778251260
mqtt-broker-65c6fb9d94-ck7tr   1/1   Running   0     8m1s
mqtt-broker-65c6fb9d94-gh6hd   1/1   Running   0     8m2s
mqtt-broker-65c6fb9d94-mdc77   1/1   Running   0     7m16s
1778251265
mqtt-broker-65c6fb9d94-ck7tr   1/1   Running   0     8m6s
mqtt-broker-65c6fb9d94-gh6hd   1/1   Running   0     8m7s
mqtt-broker-65c6fb9d94-mdc77   1/1   Running   0     7m21s
1778251270
mqtt-broker-65c6fb9d94-ck7tr   1/1   Running   0     8m11s
mqtt-broker-65c6fb9d94-gh6hd   1/1   Running   0     8m12s
mqtt-broker-65c6fb9d94-mdc77   1/1   Running   0     7m26s
1778251275
mqtt-broker-65c6fb9d94-ck7tr   1/1   Running   0     8m16s
mqtt-broker-65c6fb9d94-gh6hd   1/1   Running   0     8m17s
mqtt-broker-65c6fb9d94-mdc77   1/1   Running   0     7m31s
1778251280
mqtt-broker-65c6fb9d94-ck7tr   1/1   Running   0     8m21s
mqtt-broker-65c6fb9d94-gh6hd   1/1   Running   0     8m22s
mqtt-broker-65c6fb9d94-mdc77   1/1   Running   0     7m36s
1778251285
mqtt-broker-65c6fb9d94-ck7tr   1/1   Running   0     8m27s
mqtt-broker-65c6fb9d94-gh6hd   1/1   Running   0     8m28s
mqtt-broker-65c6fb9d94-mdc77   1/1   Running   0     7m42s
1778251291
mqtt-broker-65c6fb9d94-ck7tr   1/1   Running   0     8m32s
mqtt-broker-65c6fb9d94-gh6hd   1/1   Running   0     8m33s
mqtt-broker-65c6fb9d94-mdc77   1/1   Running   0     7m47s
1778251296
mqtt-broker-65c6fb9d94-ck7tr   1/1   Running   0     8m37s
mqtt-broker-65c6fb9d94-gh6hd   1/1   Running   0     8m38s
mqtt-broker-65c6fb9d94-mdc77   1/1   Running   0     7m52s
1778251301
mqtt-broker-65c6fb9d94-ck7tr   1/1   Running   0     8m42s
mqtt-broker-65c6fb9d94-gh6hd   1/1   Running   0     8m43s
mqtt-broker-65c6fb9d94-mdc77   1/1   Running   0     7m57s
1778251306
mqtt-broker-65c6fb9d94-ck7tr   1/1   Running   0     8m47s
mqtt-broker-65c6fb9d94-gh6hd   1/1   Running   0     8m48s
mqtt-broker-65c6fb9d94-mdc77   1/1   Running   0     8m2s
1778251311
mqtt-broker-65c6fb9d94-ck7tr   1/1   Running   0     8m52s
mqtt-broker-65c6fb9d94-gh6hd   1/1   Running   0     8m53s
mqtt-broker-65c6fb9d94-mdc77   1/1   Running   0     8m7s
1778251316
mqtt-broker-65c6fb9d94-ck7tr   1/1   Running   0     8m57s
mqtt-broker-65c6fb9d94-gh6hd   1/1   Running   0     8m58s
mqtt-broker-65c6fb9d94-mdc77   1/1   Running   0     8m12s
1778251321
mqtt-broker-65c6fb9d94-ck7tr   1/1   Running   0     9m3s
mqtt-broker-65c6fb9d94-gh6hd   1/1   Running   0     9m4s
mqtt-broker-65c6fb9d94-mdc77   1/1   Running   0     8m18s
1778251327
mqtt-broker-65c6fb9d94-ck7tr   1/1   Running   0     9m8s
mqtt-broker-65c6fb9d94-gh6hd   1/1   Running   0     9m9s
mqtt-broker-65c6fb9d94-mdc77   1/1   Running   0     8m23s
1778251332
mqtt-broker-65c6fb9d94-ck7tr   1/1   Running   0     9m13s
mqtt-broker-65c6fb9d94-gh6hd   1/1   Running   0     9m14s
mqtt-broker-65c6fb9d94-mdc77   1/1   Running   0     8m28s
1778251337
mqtt-broker-65c6fb9d94-ck7tr   1/1   Running   0     9m18s
mqtt-broker-65c6fb9d94-gh6hd   1/1   Running   0     9m19s
mqtt-broker-65c6fb9d94-mdc77   1/1   Running   0     8m33s
1778251342
mqtt-broker-65c6fb9d94-ck7tr   1/1   Running   0     9m23s
mqtt-broker-65c6fb9d94-gh6hd   1/1   Running   0     9m24s
mqtt-broker-65c6fb9d94-mdc77   1/1   Running   0     8m38s
1778251347
mqtt-broker-65c6fb9d94-ck7tr   1/1   Running   0     9m28s
mqtt-broker-65c6fb9d94-gh6hd   1/1   Running   0     9m29s
mqtt-broker-65c6fb9d94-mdc77   1/1   Running   0     8m43s
1778251352
mqtt-broker-65c6fb9d94-ck7tr   1/1   Running   0     9m33s
mqtt-broker-65c6fb9d94-gh6hd   1/1   Running   0     9m34s
mqtt-broker-65c6fb9d94-mdc77   1/1   Running   0     8m48s
1778251357
mqtt-broker-65c6fb9d94-ck7tr   1/1   Running   0     9m38s
mqtt-broker-65c6fb9d94-gh6hd   1/1   Running   0     9m39s
mqtt-broker-65c6fb9d94-mdc77   1/1   Running   0     8m53s
1778251362
mqtt-broker-65c6fb9d94-ck7tr   1/1   Running   0     9m44s
mqtt-broker-65c6fb9d94-gh6hd   1/1   Running   0     9m45s
mqtt-broker-65c6fb9d94-mdc77   1/1   Running   0     8m59s
1778251368
mqtt-broker-65c6fb9d94-ck7tr   1/1   Running   0     9m49s
mqtt-broker-65c6fb9d94-gh6hd   1/1   Running   0     9m50s
mqtt-broker-65c6fb9d94-mdc77   1/1   Running   0     9m4s
1778251373
mqtt-broker-65c6fb9d94-ck7tr   1/1   Running   0     9m54s
mqtt-broker-65c6fb9d94-gh6hd   1/1   Running   0     9m55s
mqtt-broker-65c6fb9d94-mdc77   1/1   Running   0     9m9s
1778251378
mqtt-broker-65c6fb9d94-ck7tr   1/1   Running   0     9m59s
mqtt-broker-65c6fb9d94-gh6hd   1/1   Running   0     10m
mqtt-broker-65c6fb9d94-mdc77   1/1   Running   0     9m14s
1778251383
mqtt-broker-65c6fb9d94-ck7tr   1/1   Running   0     10m
mqtt-broker-65c6fb9d94-gh6hd   1/1   Running   0     10m
mqtt-broker-65c6fb9d94-mdc77   1/1   Running   0     9m19s
1778251388
mqtt-broker-65c6fb9d94-ck7tr   1/1   Running   0     10m
mqtt-broker-65c6fb9d94-gh6hd   1/1   Running   0     10m
mqtt-broker-65c6fb9d94-mdc77   1/1   Running   0     9m24s
1778251393
mqtt-broker-65c6fb9d94-ck7tr   1/1   Running   0     10m
mqtt-broker-65c6fb9d94-gh6hd   1/1   Running   0     10m
mqtt-broker-65c6fb9d94-mdc77   1/1   Running   0     9m29s
1778251398
mqtt-broker-65c6fb9d94-ck7tr   1/1   Running   0     10m
mqtt-broker-65c6fb9d94-gh6hd   1/1   Running   0     10m
mqtt-broker-65c6fb9d94-mdc77   1/1   Running   0     9m34s
1778251403
mqtt-broker-65c6fb9d94-ck7tr   1/1   Running   0     10m
mqtt-broker-65c6fb9d94-gh6hd   1/1   Running   0     10m
mqtt-broker-65c6fb9d94-mdc77   1/1   Running   0     9m40s
1778251409
mqtt-broker-65c6fb9d94-ck7tr   1/1   Running   0     10m
mqtt-broker-65c6fb9d94-gh6hd   1/1   Running   0     10m
mqtt-broker-65c6fb9d94-mdc77   1/1   Running   0     9m45s
1778251414
mqtt-broker-65c6fb9d94-ck7tr   1/1   Running   0     10m
mqtt-broker-65c6fb9d94-gh6hd   1/1   Running   0     10m
mqtt-broker-65c6fb9d94-mdc77   1/1   Running   0     9m50s
1778251419
mqtt-broker-65c6fb9d94-ck7tr   1/1   Running   0     10m
mqtt-broker-65c6fb9d94-gh6hd   1/1   Running   0     10m
mqtt-broker-65c6fb9d94-mdc77   1/1   Running   0     9m55s
1778251424
mqtt-broker-65c6fb9d94-ck7tr   1/1   Running   0     10m
mqtt-broker-65c6fb9d94-gh6hd   1/1   Running   0     10m
mqtt-broker-65c6fb9d94-mdc77   1/1   Running   0     10m
1778251429
mqtt-broker-65c6fb9d94-ck7tr   1/1   Running   0     10m
mqtt-broker-65c6fb9d94-gh6hd   1/1   Running   0     10m
mqtt-broker-65c6fb9d94-mdc77   1/1   Running   0     10m
1778251434
mqtt-broker-65c6fb9d94-ck7tr   1/1   Running   0     10m
mqtt-broker-65c6fb9d94-gh6hd   1/1   Running   0     10m
mqtt-broker-65c6fb9d94-mdc77   1/1   Running   0     10m
1778251439
mqtt-broker-65c6fb9d94-ck7tr   1/1   Running   0     11m
mqtt-broker-65c6fb9d94-gh6hd   1/1   Running   0     11m
mqtt-broker-65c6fb9d94-mdc77   1/1   Running   0     10m
1778251444
mqtt-broker-65c6fb9d94-ck7tr   1/1   Running   0     11m
mqtt-broker-65c6fb9d94-gh6hd   1/1   Running   0     11m
mqtt-broker-65c6fb9d94-mdc77   1/1   Running   0     10m
1778251450
mqtt-broker-65c6fb9d94-ck7tr   1/1   Running   0     11m
mqtt-broker-65c6fb9d94-gh6hd   1/1   Running   0     11m
mqtt-broker-65c6fb9d94-mdc77   1/1   Running   0     10m
1778251455
mqtt-broker-65c6fb9d94-ck7tr   1/1   Running   0     11m
mqtt-broker-65c6fb9d94-gh6hd   1/1   Running   0     11m
mqtt-broker-65c6fb9d94-mdc77   1/1   Running   0     10m
1778251460
mqtt-broker-65c6fb9d94-ck7tr   1/1   Running   0     11m
mqtt-broker-65c6fb9d94-gh6hd   1/1   Running   0     11m
mqtt-broker-65c6fb9d94-mdc77   1/1   Running   0     10m
1778251465
mqtt-broker-65c6fb9d94-ck7tr   1/1   Running   0     11m
mqtt-broker-65c6fb9d94-gh6hd   1/1   Running   0     11m
mqtt-broker-65c6fb9d94-mdc77   1/1   Running   0     10m
1778251470
mqtt-broker-65c6fb9d94-ck7tr   1/1   Running   0     11m
mqtt-broker-65c6fb9d94-gh6hd   1/1   Running   0     11m
mqtt-broker-65c6fb9d94-mdc77   1/1   Running   0     10m
1778251475
mqtt-broker-65c6fb9d94-ck7tr   1/1   Running   0     11m
mqtt-broker-65c6fb9d94-gh6hd   1/1   Running   0     11m
mqtt-broker-65c6fb9d94-mdc77   1/1   Running   0     10m
1778251480
mqtt-broker-65c6fb9d94-ck7tr   1/1   Running   0     11m
mqtt-broker-65c6fb9d94-gh6hd   1/1   Running   0     11m
mqtt-broker-65c6fb9d94-mdc77   1/1   Running   0     10m
1778251486
mqtt-broker-65c6fb9d94-ck7tr   1/1   Running   0     11m
mqtt-broker-65c6fb9d94-gh6hd   1/1   Running   0     11m
mqtt-broker-65c6fb9d94-mdc77   1/1   Running   0     11m
1778251491
mqtt-broker-65c6fb9d94-ck7tr   1/1   Running   0     11m
mqtt-broker-65c6fb9d94-gh6hd   1/1   Running   0     11m
mqtt-broker-65c6fb9d94-mdc77   1/1   Running   0     11m
1778251496
mqtt-broker-65c6fb9d94-ck7tr   1/1   Running   0     11m
mqtt-broker-65c6fb9d94-gh6hd   1/1   Running   0     11m
mqtt-broker-65c6fb9d94-mdc77   1/1   Running   0     11m
1778251501
mqtt-broker-65c6fb9d94-ck7tr   1/1   Running   0     12m
mqtt-broker-65c6fb9d94-gh6hd   1/1   Running   0     12m
mqtt-broker-65c6fb9d94-mdc77   1/1   Running   0     11m
1778251506
mqtt-broker-65c6fb9d94-ck7tr   1/1   Running   0     12m
mqtt-broker-65c6fb9d94-gh6hd   1/1   Running   0     12m
mqtt-broker-65c6fb9d94-mdc77   1/1   Running   0     11m
1778251511
mqtt-broker-65c6fb9d94-ck7tr   1/1   Running   0     12m
mqtt-broker-65c6fb9d94-gh6hd   1/1   Running   0     12m
mqtt-broker-65c6fb9d94-mdc77   1/1   Running   0     11m
1778251516
mqtt-broker-65c6fb9d94-ck7tr   1/1   Running   0     12m
mqtt-broker-65c6fb9d94-gh6hd   1/1   Running   0     12m
mqtt-broker-65c6fb9d94-mdc77   1/1   Running   0     11m
1778251521
mqtt-broker-65c6fb9d94-ck7tr   1/1   Running   0     12m
mqtt-broker-65c6fb9d94-gh6hd   1/1   Running   0     12m
mqtt-broker-65c6fb9d94-mdc77   1/1   Running   0     11m
1778251527
mqtt-broker-65c6fb9d94-ck7tr   1/1   Running   0     12m
mqtt-broker-65c6fb9d94-gh6hd   1/1   Running   0     12m
mqtt-broker-65c6fb9d94-mdc77   1/1   Running   0     11m
1778251532
mqtt-broker-65c6fb9d94-ck7tr   1/1   Running   0     12m
mqtt-broker-65c6fb9d94-gh6hd   1/1   Running   0     12m
mqtt-broker-65c6fb9d94-mdc77   1/1   Running   0     11m
1778251537
mqtt-broker-65c6fb9d94-ck7tr   1/1   Running   0     12m
mqtt-broker-65c6fb9d94-gh6hd   1/1   Running   0     12m
mqtt-broker-65c6fb9d94-mdc77   1/1   Running   0     11m
1778251542
mqtt-broker-65c6fb9d94-ck7tr   1/1   Running   0     12m
mqtt-broker-65c6fb9d94-gh6hd   1/1   Running   0     12m
mqtt-broker-65c6fb9d94-mdc77   1/1   Running   0     11m
1778251547
mqtt-broker-65c6fb9d94-ck7tr   1/1   Running   0     12m
mqtt-broker-65c6fb9d94-gh6hd   1/1   Running   0     12m
mqtt-broker-65c6fb9d94-mdc77   1/1   Running   0     12m
1778251552
mqtt-broker-65c6fb9d94-ck7tr   1/1   Running   0     12m
mqtt-broker-65c6fb9d94-gh6hd   1/1   Running   0     12m
mqtt-broker-65c6fb9d94-mdc77   1/1   Running   0     12m
1778251557
mqtt-broker-65c6fb9d94-ck7tr   1/1   Running   0     12m
mqtt-broker-65c6fb9d94-gh6hd   1/1   Running   0     13m
mqtt-broker-65c6fb9d94-mdc77   1/1   Running   0     12m
1778251563
mqtt-broker-65c6fb9d94-ck7tr   1/1   Running   0     13m
mqtt-broker-65c6fb9d94-gh6hd   1/1   Running   0     13m
mqtt-broker-65c6fb9d94-mdc77   1/1   Running   0     12m
1778251568
mqtt-broker-65c6fb9d94-ck7tr   1/1   Running   0     13m
mqtt-broker-65c6fb9d94-gh6hd   1/1   Running   0     13m
mqtt-broker-65c6fb9d94-mdc77   1/1   Running   0     12m
1778251573
mqtt-broker-65c6fb9d94-ck7tr   1/1   Running   0     13m
mqtt-broker-65c6fb9d94-gh6hd   1/1   Running   0     13m
mqtt-broker-65c6fb9d94-mdc77   1/1   Running   0     12m
1778251578
mqtt-broker-65c6fb9d94-ck7tr   1/1   Running   0     13m
mqtt-broker-65c6fb9d94-gh6hd   1/1   Running   0     13m
mqtt-broker-65c6fb9d94-mdc77   1/1   Running   0     12m
1778251583
mqtt-broker-65c6fb9d94-ck7tr   1/1   Running   0     13m
mqtt-broker-65c6fb9d94-gh6hd   1/1   Running   0     13m
mqtt-broker-65c6fb9d94-mdc77   1/1   Running   0     12m
1778251588
mqtt-broker-65c6fb9d94-ck7tr   1/1   Running   0     13m
mqtt-broker-65c6fb9d94-gh6hd   1/1   Running   0     13m
mqtt-broker-65c6fb9d94-mdc77   1/1   Running   0     12m
1778251593
mqtt-broker-65c6fb9d94-ck7tr   1/1   Running   0     13m
mqtt-broker-65c6fb9d94-gh6hd   1/1   Running   0     13m
mqtt-broker-65c6fb9d94-mdc77   1/1   Running   0     12m
1778251598
mqtt-broker-65c6fb9d94-ck7tr   1/1   Running   0     13m
mqtt-broker-65c6fb9d94-gh6hd   1/1   Running   0     13m
mqtt-broker-65c6fb9d94-mdc77   1/1   Running   0     12m
1778251603
mqtt-broker-65c6fb9d94-ck7tr   1/1   Running   0     13m
mqtt-broker-65c6fb9d94-gh6hd   1/1   Running   0     13m
mqtt-broker-65c6fb9d94-mdc77   1/1   Running   0     13m
1778251609
mqtt-broker-65c6fb9d94-ck7tr   1/1   Running   0     13m
mqtt-broker-65c6fb9d94-gh6hd   1/1   Running   0     13m
mqtt-broker-65c6fb9d94-mdc77   1/1   Running   0     13m
1778251614
mqtt-broker-65c6fb9d94-ck7tr   1/1   Running   0     13m
mqtt-broker-65c6fb9d94-gh6hd   1/1   Running   0     13m
mqtt-broker-65c6fb9d94-mdc77   1/1   Running   0     13m
1778251619
mqtt-broker-65c6fb9d94-ck7tr   1/1   Running   0     14m
mqtt-broker-65c6fb9d94-gh6hd   1/1   Running   0     14m
mqtt-broker-65c6fb9d94-mdc77   1/1   Running   0     13m
1778251624
mqtt-broker-65c6fb9d94-ck7tr   1/1   Running   0     14m
mqtt-broker-65c6fb9d94-gh6hd   1/1   Running   0     14m
mqtt-broker-65c6fb9d94-mdc77   1/1   Running   0     13m
1778251629
mqtt-broker-65c6fb9d94-ck7tr   1/1   Running   0     14m
mqtt-broker-65c6fb9d94-gh6hd   1/1   Running   0     14m
mqtt-broker-65c6fb9d94-mdc77   1/1   Running   0     13m
1778251634
mqtt-broker-65c6fb9d94-ck7tr   0/1   Running   0     14m
mqtt-broker-65c6fb9d94-gh6hd   1/1   Running   0     14m
mqtt-broker-65c6fb9d94-mdc77   1/1   Running   0     13m
1778251639
mqtt-broker-65c6fb9d94-ck7tr   0/1   Running   0     14m
mqtt-broker-65c6fb9d94-gh6hd   1/1   Running   0     14m
mqtt-broker-65c6fb9d94-mdc77   1/1   Running   0     13m
1778251644
mqtt-broker-65c6fb9d94-ck7tr   0/1   Running   0     14m
mqtt-broker-65c6fb9d94-gh6hd   1/1   Running   0     14m
mqtt-broker-65c6fb9d94-mdc77   1/1   Running   0     13m
1778251650
mqtt-broker-65c6fb9d94-ck7tr   0/1   Running   0     14m
mqtt-broker-65c6fb9d94-gh6hd   1/1   Running   0     14m
mqtt-broker-65c6fb9d94-mdc77   1/1   Running   0     13m
1778251655
mqtt-broker-65c6fb9d94-ck7tr   0/1   Running   0     14m
mqtt-broker-65c6fb9d94-gh6hd   1/1   Running   0     14m
mqtt-broker-65c6fb9d94-mdc77   1/1   Running   0     13m
1778251660
mqtt-broker-65c6fb9d94-ck7tr   0/1   Running   0     14m
mqtt-broker-65c6fb9d94-gh6hd   1/1   Running   0     14m
mqtt-broker-65c6fb9d94-mdc77   1/1   Running   0     13m
1778251665
mqtt-broker-65c6fb9d94-ck7tr   0/1   Running   0     14m
mqtt-broker-65c6fb9d94-gh6hd   1/1   Running   0     14m
mqtt-broker-65c6fb9d94-mdc77   1/1   Running   0     14m
1778251670
mqtt-broker-65c6fb9d94-ck7tr   0/1   Running   0     14m
mqtt-broker-65c6fb9d94-gh6hd   1/1   Running   0     14m
mqtt-broker-65c6fb9d94-mdc77   1/1   Running   0     14m
1778251675
mqtt-broker-65c6fb9d94-ck7tr   0/1   Running   0     14m
mqtt-broker-65c6fb9d94-gh6hd   1/1   Running   0     14m
mqtt-broker-65c6fb9d94-mdc77   1/1   Running   0     14m
1778251680
mqtt-broker-65c6fb9d94-ck7tr   0/1   Running   0     15m
mqtt-broker-65c6fb9d94-gh6hd   1/1   Running   0     15m
mqtt-broker-65c6fb9d94-mdc77   1/1   Running   0     14m
1778251685
mqtt-broker-65c6fb9d94-ck7tr   0/1   Running   0     15m
mqtt-broker-65c6fb9d94-gh6hd   1/1   Running   0     15m
mqtt-broker-65c6fb9d94-mdc77   1/1   Running   0     14m
1778251691
mqtt-broker-65c6fb9d94-ck7tr   0/1   Running   0     15m
mqtt-broker-65c6fb9d94-gh6hd   1/1   Running   0     15m
mqtt-broker-65c6fb9d94-mdc77   1/1   Running   0     14m
1778251696
mqtt-broker-65c6fb9d94-ck7tr   0/1   Running   0     15m
mqtt-broker-65c6fb9d94-gh6hd   1/1   Running   0     15m
mqtt-broker-65c6fb9d94-mdc77   1/1   Running   0     14m
1778251701
mqtt-broker-65c6fb9d94-ck7tr   0/1   Running   0     15m
mqtt-broker-65c6fb9d94-gh6hd   1/1   Running   0     15m
mqtt-broker-65c6fb9d94-mdc77   1/1   Running   0     14m
1778251706
mqtt-broker-65c6fb9d94-ck7tr   0/1   Running   0     15m
mqtt-broker-65c6fb9d94-gh6hd   1/1   Running   0     15m
mqtt-broker-65c6fb9d94-mdc77   1/1   Running   0     14m
1778251711
mqtt-broker-65c6fb9d94-ck7tr   0/1   Running   0     15m
mqtt-broker-65c6fb9d94-gh6hd   1/1   Running   0     15m
mqtt-broker-65c6fb9d94-mdc77   1/1   Running   0     14m
1778251716
mqtt-broker-65c6fb9d94-ck7tr   0/1   Running   0     15m
mqtt-broker-65c6fb9d94-gh6hd   1/1   Running   0     15m
mqtt-broker-65c6fb9d94-mdc77   1/1   Running   0     14m
1778251721
mqtt-broker-65c6fb9d94-ck7tr   0/1   Running   0     15m
mqtt-broker-65c6fb9d94-gh6hd   1/1   Running   0     15m
mqtt-broker-65c6fb9d94-mdc77   1/1   Running   0     14m
1778251726
mqtt-broker-65c6fb9d94-ck7tr   0/1   Running   0     15m
mqtt-broker-65c6fb9d94-gh6hd   1/1   Running   0     15m
mqtt-broker-65c6fb9d94-mdc77   1/1   Running   0     15m
1778251732
mqtt-broker-65c6fb9d94-ck7tr   0/1   Running   0     15m
mqtt-broker-65c6fb9d94-gh6hd   1/1   Running   0     15m
mqtt-broker-65c6fb9d94-mdc77   1/1   Running   0     15m
1778251737
mqtt-broker-65c6fb9d94-ck7tr   0/1   Running   0     15m
mqtt-broker-65c6fb9d94-gh6hd   1/1   Running   0     15m
mqtt-broker-65c6fb9d94-mdc77   1/1   Running   0     15m
1778251742
mqtt-broker-65c6fb9d94-ck7tr   0/1   Running   0     16m
mqtt-broker-65c6fb9d94-gh6hd   1/1   Running   0     16m
mqtt-broker-65c6fb9d94-mdc77   1/1   Running   0     15m
1778251747
mqtt-broker-65c6fb9d94-ck7tr   0/1   Running   0     16m
mqtt-broker-65c6fb9d94-gh6hd   1/1   Running   0     16m
mqtt-broker-65c6fb9d94-mdc77   1/1   Running   0     15m
1778251752
mqtt-broker-65c6fb9d94-ck7tr   0/1   Running   0     16m
mqtt-broker-65c6fb9d94-gh6hd   1/1   Running   0     16m
mqtt-broker-65c6fb9d94-mdc77   1/1   Running   0     15m
1778251757
mqtt-broker-65c6fb9d94-ck7tr   0/1   Running   0     16m
mqtt-broker-65c6fb9d94-gh6hd   1/1   Running   0     16m
mqtt-broker-65c6fb9d94-mdc77   1/1   Running   0     15m
1778251762
mqtt-broker-65c6fb9d94-ck7tr   0/1   Running   0     16m
mqtt-broker-65c6fb9d94-gh6hd   1/1   Running   0     16m
mqtt-broker-65c6fb9d94-mdc77   1/1   Running   0     15m
1778251767
mqtt-broker-65c6fb9d94-ck7tr   0/1   Terminating   0     16m
mqtt-broker-65c6fb9d94-gh6hd   1/1   Running       0     16m
mqtt-broker-65c6fb9d94-mdc77   1/1   Running       0     15m
1778251772
mqtt-broker-65c6fb9d94-ck7tr   0/1   Terminating   0     16m
mqtt-broker-65c6fb9d94-gh6hd   1/1   Running       0     16m
mqtt-broker-65c6fb9d94-mdc77   1/1   Running       0     15m
1778251778
mqtt-broker-65c6fb9d94-ck7tr   0/1   Terminating   0     16m
mqtt-broker-65c6fb9d94-gh6hd   1/1   Running       0     16m
mqtt-broker-65c6fb9d94-mdc77   1/1   Running       0     15m
1778251783
mqtt-broker-65c6fb9d94-ck7tr   0/1   Terminating   0     16m
mqtt-broker-65c6fb9d94-gh6hd   1/1   Running       0     16m
mqtt-broker-65c6fb9d94-mdc77   1/1   Running       0     15m
1778251788
mqtt-broker-65c6fb9d94-ck7tr   0/1   Terminating   0     16m
mqtt-broker-65c6fb9d94-gh6hd   1/1   Running       0     16m
mqtt-broker-65c6fb9d94-mdc77   1/1   Running       0     16m
1778251793
mqtt-broker-65c6fb9d94-ck7tr   0/1   Terminating   0     16m
mqtt-broker-65c6fb9d94-gh6hd   1/1   Running       0     16m
mqtt-broker-65c6fb9d94-mdc77   1/1   Running       0     16m
1778251798
mqtt-broker-65c6fb9d94-ck7tr   0/1   Terminating   0     16m
mqtt-broker-65c6fb9d94-gh6hd   1/1   Running       0     17m
mqtt-broker-65c6fb9d94-mdc77   1/1   Running       0     16m
1778251803
mqtt-broker-65c6fb9d94-ck7tr   0/1   Terminating   0     17m
mqtt-broker-65c6fb9d94-gh6hd   1/1   Running       0     17m
mqtt-broker-65c6fb9d94-mdc77   1/1   Running       0     16m
1778251808
mqtt-broker-65c6fb9d94-ck7tr   0/1   Terminating   0     17m
mqtt-broker-65c6fb9d94-gh6hd   1/1   Running       0     17m
mqtt-broker-65c6fb9d94-mdc77   1/1   Running       0     16m
1778251814
mqtt-broker-65c6fb9d94-ck7tr   0/1   Terminating   0     17m
mqtt-broker-65c6fb9d94-gh6hd   1/1   Running       0     17m
mqtt-broker-65c6fb9d94-mdc77   1/1   Running       0     16m
1778251819
mqtt-broker-65c6fb9d94-ck7tr   0/1   Terminating   0     17m
mqtt-broker-65c6fb9d94-gh6hd   1/1   Running       0     17m
mqtt-broker-65c6fb9d94-mdc77   1/1   Running       0     16m
1778251824
mqtt-broker-65c6fb9d94-ck7tr   0/1   Terminating   0     17m
mqtt-broker-65c6fb9d94-gh6hd   1/1   Running       0     17m
mqtt-broker-65c6fb9d94-mdc77   1/1   Running       0     16m
1778251829
mqtt-broker-65c6fb9d94-gh6hd   1/1   Running   0     17m
mqtt-broker-65c6fb9d94-mdc77   1/1   Running   0     16m
1778251834
mqtt-broker-65c6fb9d94-gh6hd   1/1   Running   0     17m
mqtt-broker-65c6fb9d94-mdc77   1/1   Running   0     16m
1778251839
mqtt-broker-65c6fb9d94-gh6hd   1/1   Running   0     17m
mqtt-broker-65c6fb9d94-mdc77   1/1   Running   0     16m
1778251844
mqtt-broker-65c6fb9d94-gh6hd   1/1   Running   0     17m
mqtt-broker-65c6fb9d94-mdc77   1/1   Running   0     17m
1778251849
mqtt-broker-65c6fb9d94-gh6hd   1/1   Running   0     17m
mqtt-broker-65c6fb9d94-mdc77   1/1   Running   0     17m
1778251855
1778251860
1778251865
1778251870
1778251875
1778251880
1778251885
1778251890
1778251895
1778251900
1778251905
1778251910
1778251915
1778251920
1778251925
1778251930
1778251936
1778251941
1778251946
1778251951
1778251956
1778251961
1778251966
1778251971
1778251976
1778251981
1778251986
1778251991
1778251996
1778252001
1778252006
1778252011
1778252016
1778252021
1778252026
1778252032
1778252037
1778252042
1778252047
1778252052
1778252057
1778252062
1778252067
1778252072
1778252077
1778252082
1778252087
1778252092
1778252097
1778252102
1778252107
1778252113
1778252118
1778252123
1778252128
1778252133
1778252138
1778252143
1778252148
1778252153
1778252158
1778252163
1778252168
1778252173
1778252178
1778252183
1778252188
1778252193
1778252198
1778252203
1778252209
1778252214
1778252219
1778252224
1778252229
1778252234
1778252239
1778252244
1778252249
1778252254
1778252259
1778252264
1778252269
1778252274
1778252279
1778252284
1778252289
1778252294
1778252299
1778252305
1778252310
1778252315
1778252320
1778252325
1778252330
1778252335
1778252340
1778252345
1778252350
1778252355
1778252360
1778252365
1778252370
1778252375
1778252380
1778252385
1778252390
1778252395
1778252400
1778252406
1778252411
1778252416
1778252421
1778252426
1778252431
1778252436
1778252441
1778252446
1778252451
1778252456
1778252461
1778252466
1778252471
1778252476
1778252481
1778252486
1778252491
1778252496
1778252501
1778252507
1778252512
1778252517
1778252522
1778252527
1778252532
1778252537
1778252542
1778252547
1778252552
1778252557
1778252562
1778252567
1778252572
1778252577
1778252582
1778252587
1778252592
1778252597
1778252602
1778252608
1778252613
1778252618
1778252623
1778252628
1778252633
1778252638
1778252643
1778252648
1778252653
1778252658
1778252663
1778252668
1778252673
1778252678
1778252683
1778252688
1778252694
1778252699
1778252704
1778252709
1778252714
1778252719
1778252724
1778252729
1778252734
1778252739
1778252744
1778252749
1778252755
1778252760
1778252765
1778252770
1778252775
1778252780
1778252785
1778252790
1778252796
1778252801
1778252806
1778252811
1778252816
1778252821
1778252826
1778252831
1778252836
1778252841
1778252846
1778252851
1778252856
1778252862
1778252867
1778252872
1778252877
1778252882
1778252887
1778252892
1778252897
1778252902
1778252907
1778252912
1778252917
1778252922
1778252927
1778252932
1778252937
1778252943
1778252948
1778252953
1778252958
1778252963
1778252968
1778252973
1778252978
1778252983
1778252988
1778252993
1778252998
1778253003
1778253008
1778253013
1778253018
1778253023
1778253028
1778253033
1778253039
1778253044
1778253049
1778253054
1778253059
1778253064
1778253069
1778253074
1778253079
1778253084
1778253089
1778253094
1778253099
1778253104
1778253109
1778253114
1778253119
1778253124
1778253129
1778253135
1778253140
1778253145
1778253150
1778253155
1778253160
1778253165
1778253170
1778253175
1778253180
1778253185
1778253190
1778253195
1778253200
1778253205
1778253210
1778253215
1778253221
1778253226
1778253231
1778253236
1778253241
1778253246
1778253251
1778253256
1778253261
1778253266
1778253271
1778253276
1778253281
1778253286
1778253291
1778253296
1778253302
1778253307
1778253312
1778253317
1778253322
1778253327
1778253332
1778253337
1778253342
1778253347
1778253352
1778253358
1778253363
1778253368
1778253373
1778253378
1778253383
1778253388
1778253393
1778253398
1778253403
1778253408
1778253414
1778253419
1778253424
1778253429
1778253434
1778253439
1778253444
1778253449
1778253454
1778253459
1778253464
1778253469
1778253475
1778253480
1778253485
1778253490
1778253495
1778253500
1778253505
1778253510
1778253515
1778253521
1778253526
1778253531
1778253536
1778253541
1778253546
1778253551
1778253556
1778253562
1778253567
1778253572
1778253577
1778253582
1778253587
1778253592
1778253597
1778253602
1778253608
1778253613
1778253618
1778253623
1778253628
1778253633
1778253638
1778253643
1778253649
1778253654
1778253659
1778253664
1778253669
1778253674
1778253679
1778253684
1778253689
1778253694
1778253700
1778253705
1778253710
1778253715
1778253720
1778253725
1778253730
1778253736
1778253741
1778253746
1778253751
1778253756
1778253761
1778253766
1778253771
1778253776
1778253781
1778253786
1778253792
1778253797
1778253802
1778253807
1778253812
1778253817
1778253822
1778253827
1778253832
1778253837
1778253842
1778253848
1778253853
1778253858
1778253863
1778253868
1778253873
1778253878
1778253883
1778253888
1778253894
1778253899
1778253904
1778253909
1778253914
1778253919
1778253924
1778253929
1778253934
1778253939
1778253944
1778253950
1778253955
1778253960
1778253965
1778253970
1778253975
1778253980
1778253985
1778253990
1778253995
1778254000
1778254005
1778254011
1778254016
1778254021
1778254026
1778254031
1778254036
1778254041
1778254046
1778254051
1778254056
1778254061
1778254067
1778254072
1778254077
1778254082
1778254087
1778254092
1778254097
1778254102
1778254108
1778254113
1778254118
1778254123
1778254128
1778254133
1778254138
1778254143
1778254148
1778254153
1778254158
1778254164
1778254169
1778254174
1778254179
1778254184
1778254189
1778254194
1778254199
1778254204
1778254209
1778254215
1778254220
1778254225
1778254230
1778254235
1778254240
1778254245
1778254250
1778254255
1778254261
1778254266
1778254271
1778254276
1778254281
1778254286
1778254291
1778254296
1778254301
1778254307
1778254312
1778254317
1778254322
1778254327
1778254332
1778254337
1778254342
1778254347
1778254352
1778254358
1778254363
1778254368
1778254373
1778254378
1778254383
1778254388
1778254393
1778254398
1778254403
1778254408
1778254413
1778254418
1778254423
1778254429
1778254434
1778254439
1778254444
1778254449
1778254454
1778254459
1778254464
1778254469
1778254474
1778254479
1778254484
1778254489
1778254494
1778254499
1778254504
1778254509
1778254515
1778254520
1778254525
1778254530
1778254535
1778254540
1778254545
1778254550
1778254555
1778254560
1778254565
1778254570
1778254575
1778254580
1778254585
1778254590
1778254595
1778254600
1778254605
1778254611
1778254616
1778254621
1778254626
1778254631
1778254636
1778254641
1778254646
1778254651
1778254656
1778254661
1778254666
1778254671
1778254676
1778254682
1778254687
1778254692
1778254697
1778254702
1778254707
1778254712
1778254717
1778254722
1778254727
1778254732
1778254737
1778254743
1778254748
1778254753
1778254758
1778254763
1778254768
1778254773
1778254778
1778254783
1778254788
1778254793
1778254798
1778254803
1778254808
1778254814
1778254819
1778254824
1778254829
1778254834
1778254839
1778254844
1778254849
1778254854
1778254859
1778254864
1778254870
1778254875
1778254880
1778254885
1778254890
1778254895
1778254900
1778254905
1778254910
1778254915
1778254920
1778254925
1778254930
1778254935
1778254941
1778254946
1778254951
1778254956
1778254961
1778254966
1778254971
1778254976
1778254981
1778254986
1778254991
1778254996
1778255001
1778255006
1778255012
1778255017
1778255022
1778255027
1778255032
1778255037
1778255042
1778255047
1778255052
1778255057
1778255062
1778255067
1778255072
1778255077
1778255082
1778255087
1778255093
1778255098
1778255103
1778255108
1778255113
1778255118
1778255123
1778255128
1778255133
1778255138
1778255143
1778255148
1778255153
1778255158
1778255164
1778255169
1778255174
1778255179
1778255184
1778255189
1778255194
1778255199
1778255204
1778255209
1778255214
1778255219
1778255224
1778255229
1778255234
1778255239
1778255244
1778255249
1778255255
1778255260
1778255265
1778255270
1778255275
1778255280
1778255285
1778255290
1778255295
1778255300
1778255305
1778255310
1778255315
1778255320
1778255325
1778255330
1778255335
1778255340
1778255346
1778255351
1778255356
1778255361
1778255366
1778255371
1778255376
1778255381
1778255386
1778255391
1778255396
1778255401
1778255406
1778255411
1778255416
1778255422
1778255427
1778255432
1778255437
1778255442
1778255447
1778255452
1778255457
1778255462
1778255467
1778255472
1778255477
1778255482
1778255487
1778255492
1778255497
1778255503
1778255508
1778255513
1778255518
1778255523
1778255528
1778255533
1778255538
1778255543
1778255548
1778255553
1778255558
1778255563
1778255568
1778255573
1778255578
1778255583
1778255588
1778255593
1778255599
1778255604
1778255609
1778255614
1778255619
1778255624
1778255629
1778255634
1778255639
1778255644
1778255649
1778255654
1778255659
1778255664
1778255669
1778255674
1778255679
1778255685
1778255690
1778255695
1778255700
1778255705
1778255710
1778255715
1778255720
1778255725
1778255730
1778255735
1778255740
1778255745
1778255750
1778255755
1778255760
1778255766
1778255771
1778255776
1778255781
1778255786
1778255791
1778255796
1778255801
1778255806
1778255811
1778255816
1778255821
1778255826
1778255831
1778255836
1778255841
1778255846
1778255852
1778255857
1778255862
1778255867
1778255872
1778255877
1778255882
1778255887
1778255892
1778255897
1778255902
1778255907
1778255912
1778255918
1778255923
1778255928
1778255933
1778255938
1778255943
1778255948
1778255953
1778255958
1778255963
1778255968
1778255973
1778255978
1778255983
1778255988
1778255994
1778255999
1778256004
1778256009
1778256014
1778256019
1778256024
1778256029
1778256034
1778256039
1778256044
1778256049
1778256054
1778256059
1778256064
1778256070
1778256075
1778256080
1778256085
1778256090
1778256095
1778256100
1778256105
1778256110
1778256115
1778256120
1778256125
1778256130
1778256135
1778256140
1778256145
1778256150
1778256155
1778256160
1778256165
1778256171
1778256176
1778256181
1778256186
1778256191
1778256196
1778256201
1778256206
1778256211
1778256216
1778256221
1778256226
1778256231
1778256236
1778256241
1778256246
1778256251
1778256256
1778256262
1778256267
1778256272
1778256277
1778256282
1778256287
1778256292
1778256297
1778256302
1778256307
1778256312
1778256317
1778256322
1778256327
1778256332
1778256337
1778256342
1778256348
1778256353
1778256358
1778256363
1778256368
1778256373
1778256378
1778256383
1778256388
1778256393
1778256398
1778256403
1778256409
1778256414
1778256419
1778256424
1778256430
1778256435
1778256440
1778256445
1778256450
1778256455
1778256460
1778256465
1778256470
1778256475
1778256481
1778256486
1778256491
1778256496
1778256501
1778256506
1778256511
1778256516
1778256521
1778256526
1778256531
1778256536
1778256542
1778256547
1778256552
1778256557
1778256562
1778256567
1778256572
1778256577
1778256582
1778256587
1778256592
1778256597
1778256602
1778256608
1778256613
1778256618
1778256623
1778256628
1778256633
1778256639
1778256646
1778256651
1778256657
1778256662
1778256667
1778256672
1778256677
1778256682
1778256687
1778256692
1778256697
1778256702
1778256707
1778256712
1778256717
1778256723
1778256728
1778256733
1778256738
1778256743
1778256748
1778256753
1778256758
1778256763
1778256768
1778256773
1778256778
1778256783
1778256788
1778256794
1778256799
1778256804
1778256809
1778256814
1778256819
1778256824
1778256829
1778256834
1778256839
1778256844
1778256849
1778256854
1778256860
1778256865
1778256870
1778256875
1778256880
1778256885
1778256890
1778256895
1778256900
1778256905
1778256910
1778256915
1778256920
1778256926
1778256931
1778256936
1778256941
1778256946
1778256951
1778256956
1778256961
1778256966
1778256971
1778256976
1778256981
1778256986
1778256991
1778256996
1778257001
1778257007
1778257012
1778257017
1778257022
1778257027
1778257032
1778257037
1778257042
1778257047
1778257052
1778257057
1778257062
1778257067
1778257072
1778257077
1778257082
1778257088
1778257093
1778257098
1778257103
1778257108
1778257113
1778257118
1778257123
1778257128
