1781581893
websocket-server-56c97f4c7-4qn7k   0m    72Mi   
websocket-server-56c97f4c7-6gs9r   1m    71Mi   
1781581898
websocket-server-56c97f4c7-4qn7k   0m    72Mi   
websocket-server-56c97f4c7-6gs9r   1m    71Mi   
1781581903
websocket-server-56c97f4c7-4qn7k   1m    72Mi   
websocket-server-56c97f4c7-6gs9r   1m    71Mi   
1781581908
websocket-server-56c97f4c7-4qn7k   1m    72Mi   
websocket-server-56c97f4c7-6gs9r   1m    71Mi   
1781581913
websocket-server-56c97f4c7-4qn7k   1m    72Mi   
websocket-server-56c97f4c7-6gs9r   1m    71Mi   
1781581918
websocket-server-56c97f4c7-4qn7k   5m    80Mi   
websocket-server-56c97f4c7-6gs9r   1m    71Mi   
1781581923
websocket-server-56c97f4c7-4qn7k   5m    80Mi   
websocket-server-56c97f4c7-6gs9r   1m    71Mi   
1781581929
websocket-server-56c97f4c7-4qn7k   5m    80Mi   
websocket-server-56c97f4c7-6gs9r   1m    71Mi   
1781581934
websocket-server-56c97f4c7-4qn7k   5m    80Mi   
websocket-server-56c97f4c7-6gs9r   10m   84Mi   
1781581939
websocket-server-56c97f4c7-4qn7k   5m    80Mi   
websocket-server-56c97f4c7-6gs9r   10m   84Mi   
1781581944
websocket-server-56c97f4c7-4qn7k   5m    80Mi   
websocket-server-56c97f4c7-6gs9r   10m   84Mi   
1781581949
websocket-server-56c97f4c7-2mc4w   28m   29Mi   
websocket-server-56c97f4c7-4qn7k   20m   93Mi   
websocket-server-56c97f4c7-6gs9r   22m   92Mi   
websocket-server-56c97f4c7-8m8kf   25m   30Mi   
websocket-server-56c97f4c7-c5vx4   28m   29Mi   
websocket-server-56c97f4c7-f9x8j   21m   31Mi   
websocket-server-56c97f4c7-kcx8q   22m   33Mi   
websocket-server-56c97f4c7-l69gq   21m   30Mi   
1781581954
websocket-server-56c97f4c7-2mc4w   28m   29Mi   
websocket-server-56c97f4c7-4qn7k   20m   93Mi   
websocket-server-56c97f4c7-6gs9r   22m   92Mi   
websocket-server-56c97f4c7-8m8kf   25m   30Mi   
websocket-server-56c97f4c7-c5vx4   28m   29Mi   
websocket-server-56c97f4c7-f9x8j   21m   31Mi   
websocket-server-56c97f4c7-kcx8q   22m   33Mi   
websocket-server-56c97f4c7-l69gq   21m   30Mi   
1781581959
websocket-server-56c97f4c7-2mc4w   28m   29Mi   
websocket-server-56c97f4c7-4qn7k   20m   93Mi   
websocket-server-56c97f4c7-6gs9r   22m   92Mi   
websocket-server-56c97f4c7-8m8kf   25m   30Mi   
websocket-server-56c97f4c7-c5vx4   28m   29Mi   
websocket-server-56c97f4c7-f9x8j   21m   31Mi   
websocket-server-56c97f4c7-kcx8q   22m   33Mi   
websocket-server-56c97f4c7-l69gq   21m   30Mi   
1781581964
websocket-server-56c97f4c7-2mc4w   5m    31Mi   
websocket-server-56c97f4c7-4qn7k   20m   94Mi   
websocket-server-56c97f4c7-6gs9r   18m   93Mi   
websocket-server-56c97f4c7-8m8kf   7m    34Mi   
websocket-server-56c97f4c7-brxdv   17m   28Mi   
websocket-server-56c97f4c7-c5vx4   4m    31Mi   
websocket-server-56c97f4c7-d6vj5   3m    29Mi   
websocket-server-56c97f4c7-f9x8j   6m    33Mi   
websocket-server-56c97f4c7-kcx8q   7m    35Mi   
websocket-server-56c97f4c7-l69gq   5m    32Mi   
websocket-server-56c97f4c7-szkm7   18m   29Mi   
1781581969
websocket-server-56c97f4c7-2mc4w   5m    31Mi   
websocket-server-56c97f4c7-4qn7k   20m   94Mi   
websocket-server-56c97f4c7-6gs9r   18m   93Mi   
websocket-server-56c97f4c7-8m8kf   7m    34Mi   
websocket-server-56c97f4c7-brxdv   17m   28Mi   
websocket-server-56c97f4c7-c5vx4   4m    31Mi   
websocket-server-56c97f4c7-d6vj5   3m    29Mi   
websocket-server-56c97f4c7-f9x8j   6m    33Mi   
websocket-server-56c97f4c7-kcx8q   7m    35Mi   
websocket-server-56c97f4c7-l69gq   5m    32Mi   
websocket-server-56c97f4c7-szkm7   18m   29Mi   
1781581974
websocket-server-56c97f4c7-2mc4w   5m    31Mi   
websocket-server-56c97f4c7-4qn7k   20m   94Mi   
websocket-server-56c97f4c7-6gs9r   18m   93Mi   
websocket-server-56c97f4c7-8m8kf   7m    34Mi   
websocket-server-56c97f4c7-brxdv   17m   28Mi   
websocket-server-56c97f4c7-c5vx4   4m    31Mi   
websocket-server-56c97f4c7-d6vj5   3m    29Mi   
websocket-server-56c97f4c7-f9x8j   6m    33Mi   
websocket-server-56c97f4c7-kcx8q   7m    35Mi   
websocket-server-56c97f4c7-l69gq   5m    32Mi   
websocket-server-56c97f4c7-szkm7   18m   29Mi   
1781581979
websocket-server-56c97f4c7-2mc4w   6m    33Mi   
websocket-server-56c97f4c7-2p68r   3m    29Mi   
websocket-server-56c97f4c7-4qn7k   20m   96Mi   
websocket-server-56c97f4c7-6gs9r   19m   94Mi   
websocket-server-56c97f4c7-8m8kf   8m    37Mi   
websocket-server-56c97f4c7-8rf2z   21m   28Mi   
websocket-server-56c97f4c7-brxdv   3m    30Mi   
websocket-server-56c97f4c7-c5vx4   5m    33Mi   
websocket-server-56c97f4c7-d6vj5   4m    31Mi   
websocket-server-56c97f4c7-f9x8j   6m    33Mi   
websocket-server-56c97f4c7-hffvx   21m   29Mi   
websocket-server-56c97f4c7-kcx8q   8m    37Mi   
websocket-server-56c97f4c7-kpm6j   20m   28Mi   
websocket-server-56c97f4c7-l69gq   6m    34Mi   
websocket-server-56c97f4c7-ps927   3m    29Mi   
websocket-server-56c97f4c7-szkm7   3m    29Mi   
1781581984
websocket-server-56c97f4c7-2mc4w   6m    33Mi   
websocket-server-56c97f4c7-2p68r   3m    29Mi   
websocket-server-56c97f4c7-4qn7k   20m   96Mi   
websocket-server-56c97f4c7-6gs9r   19m   94Mi   
websocket-server-56c97f4c7-8m8kf   8m    37Mi   
websocket-server-56c97f4c7-8rf2z   21m   28Mi   
websocket-server-56c97f4c7-brxdv   3m    30Mi   
websocket-server-56c97f4c7-c5vx4   5m    33Mi   
websocket-server-56c97f4c7-d6vj5   4m    31Mi   
websocket-server-56c97f4c7-f9x8j   6m    33Mi   
websocket-server-56c97f4c7-hffvx   21m   29Mi   
websocket-server-56c97f4c7-kcx8q   8m    37Mi   
websocket-server-56c97f4c7-kpm6j   20m   28Mi   
websocket-server-56c97f4c7-l69gq   6m    34Mi   
websocket-server-56c97f4c7-ps927   3m    29Mi   
websocket-server-56c97f4c7-szkm7   3m    29Mi   
1781581989
websocket-server-56c97f4c7-2mc4w   6m    33Mi   
websocket-server-56c97f4c7-2p68r   3m    29Mi   
websocket-server-56c97f4c7-4qn7k   20m   96Mi   
websocket-server-56c97f4c7-6gs9r   19m   94Mi   
websocket-server-56c97f4c7-8m8kf   8m    37Mi   
websocket-server-56c97f4c7-8rf2z   21m   28Mi   
websocket-server-56c97f4c7-brxdv   3m    30Mi   
websocket-server-56c97f4c7-c5vx4   5m    33Mi   
websocket-server-56c97f4c7-d6vj5   4m    31Mi   
websocket-server-56c97f4c7-f9x8j   6m    33Mi   
websocket-server-56c97f4c7-hffvx   21m   29Mi   
websocket-server-56c97f4c7-kcx8q   8m    37Mi   
websocket-server-56c97f4c7-kpm6j   20m   28Mi   
websocket-server-56c97f4c7-l69gq   6m    34Mi   
websocket-server-56c97f4c7-ps927   3m    29Mi   
websocket-server-56c97f4c7-szkm7   3m    29Mi   
1781581994
websocket-server-56c97f4c7-2mc4w   6m    34Mi   
websocket-server-56c97f4c7-2p68r   4m    31Mi   
websocket-server-56c97f4c7-4qn7k   20m   96Mi   
websocket-server-56c97f4c7-66ngq   2m    29Mi   
websocket-server-56c97f4c7-6gs9r   20m   94Mi   
websocket-server-56c97f4c7-8m8kf   9m    39Mi   
websocket-server-56c97f4c7-8rf2z   2m    29Mi   
websocket-server-56c97f4c7-brxdv   4m    31Mi   
websocket-server-56c97f4c7-c5vx4   7m    35Mi   
websocket-server-56c97f4c7-c9gz6   2m    28Mi   
websocket-server-56c97f4c7-d6vj5   6m    33Mi   
websocket-server-56c97f4c7-f9x8j   7m    36Mi   
websocket-server-56c97f4c7-hdkd8   2m    28Mi   
websocket-server-56c97f4c7-hffvx   4m    31Mi   
websocket-server-56c97f4c7-kcx8q   9m    38Mi   
websocket-server-56c97f4c7-klqpm   23m   28Mi   
websocket-server-56c97f4c7-kpm6j   3m    29Mi   
websocket-server-56c97f4c7-l69gq   7m    34Mi   
websocket-server-56c97f4c7-mt9jb   18m   28Mi   
websocket-server-56c97f4c7-ps927   3m    29Mi   
websocket-server-56c97f4c7-szkm7   4m    31Mi   
websocket-server-56c97f4c7-xs5nl   2m    28Mi   
1781581999
websocket-server-56c97f4c7-2mc4w   6m    34Mi   
websocket-server-56c97f4c7-2p68r   4m    31Mi   
websocket-server-56c97f4c7-4qn7k   20m   96Mi   
websocket-server-56c97f4c7-66ngq   2m    29Mi   
websocket-server-56c97f4c7-6gs9r   20m   94Mi   
websocket-server-56c97f4c7-8m8kf   9m    39Mi   
websocket-server-56c97f4c7-8rf2z   2m    29Mi   
websocket-server-56c97f4c7-brxdv   4m    31Mi   
websocket-server-56c97f4c7-c5vx4   7m    35Mi   
websocket-server-56c97f4c7-c9gz6   2m    28Mi   
websocket-server-56c97f4c7-d6vj5   6m    33Mi   
websocket-server-56c97f4c7-f9x8j   7m    36Mi   
websocket-server-56c97f4c7-hdkd8   2m    28Mi   
websocket-server-56c97f4c7-hffvx   4m    31Mi   
websocket-server-56c97f4c7-kcx8q   9m    38Mi   
websocket-server-56c97f4c7-klqpm   23m   28Mi   
websocket-server-56c97f4c7-kpm6j   3m    29Mi   
websocket-server-56c97f4c7-l69gq   7m    34Mi   
websocket-server-56c97f4c7-mt9jb   18m   28Mi   
websocket-server-56c97f4c7-ps927   3m    29Mi   
websocket-server-56c97f4c7-szkm7   4m    31Mi   
websocket-server-56c97f4c7-xs5nl   2m    28Mi   
1781582004
websocket-server-56c97f4c7-2mc4w   6m    34Mi   
websocket-server-56c97f4c7-2p68r   4m    31Mi   
websocket-server-56c97f4c7-4qn7k   20m   96Mi   
websocket-server-56c97f4c7-66ngq   2m    29Mi   
websocket-server-56c97f4c7-6gs9r   20m   94Mi   
websocket-server-56c97f4c7-8m8kf   9m    39Mi   
websocket-server-56c97f4c7-8rf2z   2m    29Mi   
websocket-server-56c97f4c7-brxdv   4m    31Mi   
websocket-server-56c97f4c7-c5vx4   7m    35Mi   
websocket-server-56c97f4c7-c9gz6   2m    28Mi   
websocket-server-56c97f4c7-d6vj5   6m    33Mi   
websocket-server-56c97f4c7-f9x8j   7m    36Mi   
websocket-server-56c97f4c7-hdkd8   2m    28Mi   
websocket-server-56c97f4c7-hffvx   4m    31Mi   
websocket-server-56c97f4c7-kcx8q   9m    38Mi   
websocket-server-56c97f4c7-klqpm   23m   28Mi   
websocket-server-56c97f4c7-kpm6j   3m    29Mi   
websocket-server-56c97f4c7-l69gq   7m    34Mi   
websocket-server-56c97f4c7-mt9jb   18m   28Mi   
websocket-server-56c97f4c7-ps927   3m    29Mi   
websocket-server-56c97f4c7-szkm7   4m    31Mi   
websocket-server-56c97f4c7-xs5nl   2m    28Mi   
1781582009
websocket-server-56c97f4c7-2mc4w   7m    36Mi   
websocket-server-56c97f4c7-2p68r   4m    31Mi   
websocket-server-56c97f4c7-4qn7k   22m   95Mi   
websocket-server-56c97f4c7-59wrg   21m   28Mi   
websocket-server-56c97f4c7-66ngq   3m    30Mi   
websocket-server-56c97f4c7-6gs9r   22m   94Mi   
websocket-server-56c97f4c7-8m8kf   9m    39Mi   
websocket-server-56c97f4c7-8rf2z   4m    30Mi   
websocket-server-56c97f4c7-brxdv   4m    32Mi   
websocket-server-56c97f4c7-c5vx4   8m    36Mi   
websocket-server-56c97f4c7-c9gz6   2m    29Mi   
websocket-server-56c97f4c7-d6vj5   6m    34Mi   
websocket-server-56c97f4c7-f9x8j   8m    37Mi   
websocket-server-56c97f4c7-hdkd8   3m    30Mi   
websocket-server-56c97f4c7-hffvx   5m    32Mi   
websocket-server-56c97f4c7-kcx8q   10m   40Mi   
websocket-server-56c97f4c7-kf7tz   1m    28Mi   
websocket-server-56c97f4c7-klqpm   2m    28Mi   
websocket-server-56c97f4c7-kpm6j   3m    30Mi   
websocket-server-56c97f4c7-l69gq   8m    36Mi   
websocket-server-56c97f4c7-mhj4q   16m   28Mi   
websocket-server-56c97f4c7-mt9jb   3m    29Mi   
websocket-server-56c97f4c7-ps927   4m    31Mi   
websocket-server-56c97f4c7-szkm7   5m    33Mi   
websocket-server-56c97f4c7-w6nhx   20m   28Mi   
websocket-server-56c97f4c7-xgdn7   1m    28Mi   
websocket-server-56c97f4c7-xs5nl   2m    28Mi   
1781582014
websocket-server-56c97f4c7-2mc4w   7m    36Mi   
websocket-server-56c97f4c7-2p68r   4m    31Mi   
websocket-server-56c97f4c7-4qn7k   22m   95Mi   
websocket-server-56c97f4c7-59wrg   21m   28Mi   
websocket-server-56c97f4c7-66ngq   3m    30Mi   
websocket-server-56c97f4c7-6gs9r   22m   94Mi   
websocket-server-56c97f4c7-8m8kf   9m    39Mi   
websocket-server-56c97f4c7-8rf2z   4m    30Mi   
websocket-server-56c97f4c7-brxdv   4m    32Mi   
websocket-server-56c97f4c7-c5vx4   8m    36Mi   
websocket-server-56c97f4c7-c9gz6   2m    29Mi   
websocket-server-56c97f4c7-d6vj5   6m    34Mi   
websocket-server-56c97f4c7-f9x8j   8m    37Mi   
websocket-server-56c97f4c7-hdkd8   3m    30Mi   
websocket-server-56c97f4c7-hffvx   5m    32Mi   
websocket-server-56c97f4c7-kcx8q   10m   40Mi   
websocket-server-56c97f4c7-kf7tz   1m    28Mi   
websocket-server-56c97f4c7-klqpm   2m    28Mi   
websocket-server-56c97f4c7-kpm6j   3m    30Mi   
websocket-server-56c97f4c7-l69gq   8m    36Mi   
websocket-server-56c97f4c7-mhj4q   16m   28Mi   
websocket-server-56c97f4c7-mt9jb   3m    29Mi   
websocket-server-56c97f4c7-ps927   4m    31Mi   
websocket-server-56c97f4c7-szkm7   5m    33Mi   
websocket-server-56c97f4c7-w6nhx   20m   28Mi   
websocket-server-56c97f4c7-xgdn7   1m    28Mi   
websocket-server-56c97f4c7-xs5nl   2m    28Mi   
1781582019
websocket-server-56c97f4c7-2mc4w   7m    36Mi   
websocket-server-56c97f4c7-2p68r   4m    31Mi   
websocket-server-56c97f4c7-4qn7k   22m   95Mi   
websocket-server-56c97f4c7-59wrg   21m   28Mi   
websocket-server-56c97f4c7-66ngq   3m    30Mi   
websocket-server-56c97f4c7-6gs9r   22m   94Mi   
websocket-server-56c97f4c7-8m8kf   9m    39Mi   
websocket-server-56c97f4c7-8rf2z   4m    30Mi   
websocket-server-56c97f4c7-brxdv   4m    32Mi   
websocket-server-56c97f4c7-c5vx4   8m    36Mi   
websocket-server-56c97f4c7-c9gz6   2m    29Mi   
websocket-server-56c97f4c7-d6vj5   6m    34Mi   
websocket-server-56c97f4c7-f9x8j   8m    37Mi   
websocket-server-56c97f4c7-hdkd8   3m    30Mi   
websocket-server-56c97f4c7-hffvx   5m    32Mi   
websocket-server-56c97f4c7-kcx8q   10m   40Mi   
websocket-server-56c97f4c7-kf7tz   1m    28Mi   
websocket-server-56c97f4c7-klqpm   2m    28Mi   
websocket-server-56c97f4c7-kpm6j   3m    30Mi   
websocket-server-56c97f4c7-l69gq   8m    36Mi   
websocket-server-56c97f4c7-mhj4q   16m   28Mi   
websocket-server-56c97f4c7-mt9jb   3m    29Mi   
websocket-server-56c97f4c7-ps927   4m    31Mi   
websocket-server-56c97f4c7-szkm7   5m    33Mi   
websocket-server-56c97f4c7-w6nhx   20m   28Mi   
websocket-server-56c97f4c7-xgdn7   1m    28Mi   
websocket-server-56c97f4c7-xs5nl   2m    28Mi   
1781582024
websocket-server-56c97f4c7-2mc4w   7m    35Mi   
websocket-server-56c97f4c7-2p68r   5m    33Mi   
websocket-server-56c97f4c7-4qn7k   21m   95Mi   
websocket-server-56c97f4c7-59wrg   1m    28Mi   
websocket-server-56c97f4c7-5f7dj   1m    27Mi   
websocket-server-56c97f4c7-66ngq   3m    30Mi   
websocket-server-56c97f4c7-6gs9r   20m   94Mi   
websocket-server-56c97f4c7-8m8kf   10m   40Mi   
websocket-server-56c97f4c7-8rf2z   4m    31Mi   
websocket-server-56c97f4c7-9fzrm   16m   27Mi   
websocket-server-56c97f4c7-brxdv   4m    32Mi   
websocket-server-56c97f4c7-c5vx4   8m    36Mi   
websocket-server-56c97f4c7-c9gz6   2m    29Mi   
websocket-server-56c97f4c7-d6vj5   6m    34Mi   
websocket-server-56c97f4c7-f9x8j   8m    37Mi   
websocket-server-56c97f4c7-hdkd8   3m    30Mi   
websocket-server-56c97f4c7-hffvx   5m    32Mi   
websocket-server-56c97f4c7-jj7wd   16m   27Mi   
websocket-server-56c97f4c7-kcx8q   10m   40Mi   
websocket-server-56c97f4c7-kf7tz   1m    28Mi   
websocket-server-56c97f4c7-klqpm   2m    28Mi   
websocket-server-56c97f4c7-kpm6j   3m    30Mi   
websocket-server-56c97f4c7-l69gq   8m    36Mi   
websocket-server-56c97f4c7-mhj4q   1m    28Mi   
websocket-server-56c97f4c7-mt9jb   2m    29Mi   
websocket-server-56c97f4c7-ps927   4m    31Mi   
websocket-server-56c97f4c7-rgktb   1m    27Mi   
websocket-server-56c97f4c7-szkm7   5m    33Mi   
websocket-server-56c97f4c7-w6nhx   2m    28Mi   
websocket-server-56c97f4c7-w74tf   16m   27Mi   
websocket-server-56c97f4c7-xgdn7   1m    28Mi   
websocket-server-56c97f4c7-xs5nl   2m    29Mi   
1781582029
websocket-server-56c97f4c7-2mc4w   7m    35Mi   
websocket-server-56c97f4c7-2p68r   5m    33Mi   
websocket-server-56c97f4c7-4qn7k   21m   95Mi   
websocket-server-56c97f4c7-59wrg   1m    28Mi   
websocket-server-56c97f4c7-5f7dj   1m    27Mi   
websocket-server-56c97f4c7-66ngq   3m    30Mi   
websocket-server-56c97f4c7-6gs9r   20m   94Mi   
websocket-server-56c97f4c7-8m8kf   10m   40Mi   
websocket-server-56c97f4c7-8rf2z   4m    31Mi   
websocket-server-56c97f4c7-9fzrm   16m   27Mi   
websocket-server-56c97f4c7-brxdv   4m    32Mi   
websocket-server-56c97f4c7-c5vx4   8m    36Mi   
websocket-server-56c97f4c7-c9gz6   2m    29Mi   
websocket-server-56c97f4c7-d6vj5   6m    34Mi   
websocket-server-56c97f4c7-f9x8j   8m    37Mi   
websocket-server-56c97f4c7-hdkd8   3m    30Mi   
websocket-server-56c97f4c7-hffvx   5m    32Mi   
websocket-server-56c97f4c7-jj7wd   16m   27Mi   
websocket-server-56c97f4c7-kcx8q   10m   40Mi   
websocket-server-56c97f4c7-kf7tz   1m    28Mi   
websocket-server-56c97f4c7-klqpm   2m    28Mi   
websocket-server-56c97f4c7-kpm6j   3m    30Mi   
websocket-server-56c97f4c7-l69gq   8m    36Mi   
websocket-server-56c97f4c7-mhj4q   1m    28Mi   
websocket-server-56c97f4c7-mt9jb   2m    29Mi   
websocket-server-56c97f4c7-ps927   4m    31Mi   
websocket-server-56c97f4c7-rgktb   1m    27Mi   
websocket-server-56c97f4c7-szkm7   5m    33Mi   
websocket-server-56c97f4c7-w6nhx   2m    28Mi   
websocket-server-56c97f4c7-w74tf   16m   27Mi   
websocket-server-56c97f4c7-xgdn7   1m    28Mi   
websocket-server-56c97f4c7-xs5nl   2m    29Mi   
1781582035
websocket-server-56c97f4c7-2mc4w   7m    35Mi   
websocket-server-56c97f4c7-2p68r   5m    33Mi   
websocket-server-56c97f4c7-4qn7k   21m   95Mi   
websocket-server-56c97f4c7-59wrg   1m    28Mi   
websocket-server-56c97f4c7-5f7dj   1m    27Mi   
websocket-server-56c97f4c7-66ngq   3m    30Mi   
websocket-server-56c97f4c7-6gs9r   20m   94Mi   
websocket-server-56c97f4c7-8m8kf   10m   40Mi   
websocket-server-56c97f4c7-8rf2z   4m    31Mi   
websocket-server-56c97f4c7-9fzrm   16m   27Mi   
websocket-server-56c97f4c7-brxdv   4m    32Mi   
websocket-server-56c97f4c7-c5vx4   8m    36Mi   
websocket-server-56c97f4c7-c9gz6   2m    29Mi   
websocket-server-56c97f4c7-d6vj5   6m    34Mi   
websocket-server-56c97f4c7-f9x8j   8m    37Mi   
websocket-server-56c97f4c7-hdkd8   3m    30Mi   
websocket-server-56c97f4c7-hffvx   5m    32Mi   
websocket-server-56c97f4c7-jj7wd   16m   27Mi   
websocket-server-56c97f4c7-kcx8q   10m   40Mi   
websocket-server-56c97f4c7-kf7tz   1m    28Mi   
websocket-server-56c97f4c7-klqpm   2m    28Mi   
websocket-server-56c97f4c7-kpm6j   3m    30Mi   
websocket-server-56c97f4c7-l69gq   8m    36Mi   
websocket-server-56c97f4c7-mhj4q   1m    28Mi   
websocket-server-56c97f4c7-mt9jb   2m    29Mi   
websocket-server-56c97f4c7-ps927   4m    31Mi   
websocket-server-56c97f4c7-rgktb   1m    27Mi   
websocket-server-56c97f4c7-szkm7   5m    33Mi   
websocket-server-56c97f4c7-w6nhx   2m    28Mi   
websocket-server-56c97f4c7-w74tf   16m   27Mi   
websocket-server-56c97f4c7-xgdn7   1m    28Mi   
websocket-server-56c97f4c7-xs5nl   2m    29Mi   
1781582040
websocket-server-56c97f4c7-2mc4w   7m    36Mi   
websocket-server-56c97f4c7-2p68r   5m    33Mi   
websocket-server-56c97f4c7-4qn7k   20m   95Mi   
websocket-server-56c97f4c7-59wrg   1m    28Mi   
websocket-server-56c97f4c7-5f7dj   1m    27Mi   
websocket-server-56c97f4c7-66ngq   3m    30Mi   
websocket-server-56c97f4c7-6gs9r   20m   94Mi   
websocket-server-56c97f4c7-8m8kf   10m   40Mi   
websocket-server-56c97f4c7-8rf2z   4m    31Mi   
websocket-server-56c97f4c7-9fzrm   1m    27Mi   
websocket-server-56c97f4c7-brxdv   4m    32Mi   
websocket-server-56c97f4c7-c5vx4   7m    36Mi   
websocket-server-56c97f4c7-c9gz6   2m    29Mi   
websocket-server-56c97f4c7-d6vj5   6m    34Mi   
websocket-server-56c97f4c7-f9x8j   8m    37Mi   
websocket-server-56c97f4c7-hdkd8   3m    30Mi   
websocket-server-56c97f4c7-hffvx   5m    32Mi   
websocket-server-56c97f4c7-jj7wd   1m    27Mi   
websocket-server-56c97f4c7-kcx8q   9m    40Mi   
websocket-server-56c97f4c7-kf7tz   1m    28Mi   
websocket-server-56c97f4c7-klqpm   1m    28Mi   
websocket-server-56c97f4c7-kpm6j   3m    30Mi   
websocket-server-56c97f4c7-l69gq   7m    37Mi   
websocket-server-56c97f4c7-mhj4q   1m    28Mi   
websocket-server-56c97f4c7-mt9jb   2m    29Mi   
websocket-server-56c97f4c7-ps927   4m    31Mi   
websocket-server-56c97f4c7-rgktb   1m    27Mi   
websocket-server-56c97f4c7-szkm7   5m    32Mi   
websocket-server-56c97f4c7-w6nhx   2m    28Mi   
websocket-server-56c97f4c7-w74tf   1m    27Mi   
websocket-server-56c97f4c7-xgdn7   1m    28Mi   
websocket-server-56c97f4c7-xs5nl   2m    29Mi   
1781582045
websocket-server-56c97f4c7-2mc4w   7m    36Mi   
websocket-server-56c97f4c7-2p68r   5m    33Mi   
websocket-server-56c97f4c7-4qn7k   20m   95Mi   
websocket-server-56c97f4c7-59wrg   1m    28Mi   
websocket-server-56c97f4c7-5f7dj   1m    27Mi   
websocket-server-56c97f4c7-66ngq   3m    30Mi   
websocket-server-56c97f4c7-6gs9r   20m   94Mi   
websocket-server-56c97f4c7-8m8kf   10m   40Mi   
websocket-server-56c97f4c7-8rf2z   4m    31Mi   
websocket-server-56c97f4c7-9fzrm   1m    27Mi   
websocket-server-56c97f4c7-brxdv   4m    32Mi   
websocket-server-56c97f4c7-c5vx4   7m    36Mi   
websocket-server-56c97f4c7-c9gz6   2m    29Mi   
websocket-server-56c97f4c7-d6vj5   6m    34Mi   
websocket-server-56c97f4c7-f9x8j   8m    37Mi   
websocket-server-56c97f4c7-hdkd8   3m    30Mi   
websocket-server-56c97f4c7-hffvx   5m    32Mi   
websocket-server-56c97f4c7-jj7wd   1m    27Mi   
websocket-server-56c97f4c7-kcx8q   9m    40Mi   
websocket-server-56c97f4c7-kf7tz   1m    28Mi   
websocket-server-56c97f4c7-klqpm   1m    28Mi   
websocket-server-56c97f4c7-kpm6j   3m    30Mi   
websocket-server-56c97f4c7-l69gq   7m    37Mi   
websocket-server-56c97f4c7-mhj4q   1m    28Mi   
websocket-server-56c97f4c7-mt9jb   2m    29Mi   
websocket-server-56c97f4c7-ps927   4m    31Mi   
websocket-server-56c97f4c7-rgktb   1m    27Mi   
websocket-server-56c97f4c7-szkm7   5m    32Mi   
websocket-server-56c97f4c7-w6nhx   2m    28Mi   
websocket-server-56c97f4c7-w74tf   1m    27Mi   
websocket-server-56c97f4c7-xgdn7   1m    28Mi   
websocket-server-56c97f4c7-xs5nl   2m    29Mi   
1781582050
websocket-server-56c97f4c7-2mc4w   7m    36Mi   
websocket-server-56c97f4c7-2p68r   5m    33Mi   
websocket-server-56c97f4c7-4qn7k   20m   95Mi   
websocket-server-56c97f4c7-59wrg   1m    28Mi   
websocket-server-56c97f4c7-5f7dj   1m    27Mi   
websocket-server-56c97f4c7-66ngq   3m    30Mi   
websocket-server-56c97f4c7-6gs9r   20m   94Mi   
websocket-server-56c97f4c7-8m8kf   10m   40Mi   
websocket-server-56c97f4c7-8rf2z   4m    31Mi   
websocket-server-56c97f4c7-9fzrm   1m    27Mi   
websocket-server-56c97f4c7-brxdv   4m    32Mi   
websocket-server-56c97f4c7-c5vx4   7m    36Mi   
websocket-server-56c97f4c7-c9gz6   2m    29Mi   
websocket-server-56c97f4c7-d6vj5   6m    34Mi   
websocket-server-56c97f4c7-f9x8j   8m    37Mi   
websocket-server-56c97f4c7-hdkd8   3m    30Mi   
websocket-server-56c97f4c7-hffvx   5m    32Mi   
websocket-server-56c97f4c7-jj7wd   1m    27Mi   
websocket-server-56c97f4c7-kcx8q   9m    40Mi   
websocket-server-56c97f4c7-kf7tz   1m    28Mi   
websocket-server-56c97f4c7-klqpm   1m    28Mi   
websocket-server-56c97f4c7-kpm6j   3m    30Mi   
websocket-server-56c97f4c7-l69gq   7m    37Mi   
websocket-server-56c97f4c7-mhj4q   1m    28Mi   
websocket-server-56c97f4c7-mt9jb   2m    29Mi   
websocket-server-56c97f4c7-ps927   4m    31Mi   
websocket-server-56c97f4c7-rgktb   1m    27Mi   
websocket-server-56c97f4c7-szkm7   5m    32Mi   
websocket-server-56c97f4c7-w6nhx   2m    28Mi   
websocket-server-56c97f4c7-w74tf   1m    27Mi   
websocket-server-56c97f4c7-xgdn7   1m    28Mi   
websocket-server-56c97f4c7-xs5nl   2m    29Mi   
1781582055
websocket-server-56c97f4c7-2mc4w   3m    35Mi   
websocket-server-56c97f4c7-2p68r   3m    33Mi   
websocket-server-56c97f4c7-4qn7k   9m    95Mi   
websocket-server-56c97f4c7-59wrg   1m    28Mi   
websocket-server-56c97f4c7-5f7dj   1m    27Mi   
websocket-server-56c97f4c7-66ngq   2m    30Mi   
websocket-server-56c97f4c7-6gs9r   9m    94Mi   
websocket-server-56c97f4c7-8m8kf   5m    40Mi   
websocket-server-56c97f4c7-8rf2z   2m    31Mi   
websocket-server-56c97f4c7-9fzrm   1m    27Mi   
websocket-server-56c97f4c7-brxdv   2m    32Mi   
websocket-server-56c97f4c7-c5vx4   2m    36Mi   
websocket-server-56c97f4c7-c9gz6   2m    29Mi   
websocket-server-56c97f4c7-d6vj5   2m    34Mi   
websocket-server-56c97f4c7-f9x8j   4m    37Mi   
websocket-server-56c97f4c7-hdkd8   1m    30Mi   
websocket-server-56c97f4c7-hffvx   3m    32Mi   
websocket-server-56c97f4c7-jj7wd   1m    27Mi   
websocket-server-56c97f4c7-kcx8q   5m    40Mi   
websocket-server-56c97f4c7-kf7tz   1m    28Mi   
websocket-server-56c97f4c7-klqpm   1m    28Mi   
websocket-server-56c97f4c7-kpm6j   1m    30Mi   
websocket-server-56c97f4c7-l69gq   3m    36Mi   
websocket-server-56c97f4c7-mhj4q   1m    28Mi   
websocket-server-56c97f4c7-mt9jb   1m    29Mi   
websocket-server-56c97f4c7-ps927   2m    31Mi   
websocket-server-56c97f4c7-rgktb   1m    27Mi   
websocket-server-56c97f4c7-szkm7   2m    33Mi   
websocket-server-56c97f4c7-w6nhx   1m    28Mi   
websocket-server-56c97f4c7-w74tf   1m    27Mi   
websocket-server-56c97f4c7-xgdn7   1m    28Mi   
websocket-server-56c97f4c7-xs5nl   1m    29Mi   
1781582060
websocket-server-56c97f4c7-2mc4w   3m    35Mi   
websocket-server-56c97f4c7-2p68r   3m    33Mi   
websocket-server-56c97f4c7-4qn7k   9m    95Mi   
websocket-server-56c97f4c7-59wrg   1m    28Mi   
websocket-server-56c97f4c7-5f7dj   1m    27Mi   
websocket-server-56c97f4c7-66ngq   2m    30Mi   
websocket-server-56c97f4c7-6gs9r   9m    94Mi   
websocket-server-56c97f4c7-8m8kf   5m    40Mi   
websocket-server-56c97f4c7-8rf2z   2m    31Mi   
websocket-server-56c97f4c7-9fzrm   1m    27Mi   
websocket-server-56c97f4c7-brxdv   2m    32Mi   
websocket-server-56c97f4c7-c5vx4   2m    36Mi   
websocket-server-56c97f4c7-c9gz6   2m    29Mi   
websocket-server-56c97f4c7-d6vj5   2m    34Mi   
websocket-server-56c97f4c7-f9x8j   4m    37Mi   
websocket-server-56c97f4c7-hdkd8   1m    30Mi   
websocket-server-56c97f4c7-hffvx   3m    32Mi   
websocket-server-56c97f4c7-jj7wd   1m    27Mi   
websocket-server-56c97f4c7-kcx8q   5m    40Mi   
websocket-server-56c97f4c7-kf7tz   1m    28Mi   
websocket-server-56c97f4c7-klqpm   1m    28Mi   
websocket-server-56c97f4c7-kpm6j   1m    30Mi   
websocket-server-56c97f4c7-l69gq   3m    36Mi   
websocket-server-56c97f4c7-mhj4q   1m    28Mi   
websocket-server-56c97f4c7-mt9jb   1m    29Mi   
websocket-server-56c97f4c7-ps927   2m    31Mi   
websocket-server-56c97f4c7-rgktb   1m    27Mi   
websocket-server-56c97f4c7-szkm7   2m    33Mi   
websocket-server-56c97f4c7-w6nhx   1m    28Mi   
websocket-server-56c97f4c7-w74tf   1m    27Mi   
websocket-server-56c97f4c7-xgdn7   1m    28Mi   
websocket-server-56c97f4c7-xs5nl   1m    29Mi   
1781582065
websocket-server-56c97f4c7-2mc4w   3m    35Mi   
websocket-server-56c97f4c7-2p68r   3m    33Mi   
websocket-server-56c97f4c7-4qn7k   9m    95Mi   
websocket-server-56c97f4c7-59wrg   1m    28Mi   
websocket-server-56c97f4c7-5f7dj   1m    27Mi   
websocket-server-56c97f4c7-66ngq   2m    30Mi   
websocket-server-56c97f4c7-6gs9r   9m    94Mi   
websocket-server-56c97f4c7-8m8kf   5m    40Mi   
websocket-server-56c97f4c7-8rf2z   2m    31Mi   
websocket-server-56c97f4c7-9fzrm   1m    27Mi   
websocket-server-56c97f4c7-brxdv   2m    32Mi   
websocket-server-56c97f4c7-c5vx4   2m    36Mi   
websocket-server-56c97f4c7-c9gz6   2m    29Mi   
websocket-server-56c97f4c7-d6vj5   2m    34Mi   
websocket-server-56c97f4c7-f9x8j   4m    37Mi   
websocket-server-56c97f4c7-hdkd8   1m    30Mi   
websocket-server-56c97f4c7-hffvx   3m    32Mi   
websocket-server-56c97f4c7-jj7wd   1m    27Mi   
websocket-server-56c97f4c7-kcx8q   5m    40Mi   
websocket-server-56c97f4c7-kf7tz   1m    28Mi   
websocket-server-56c97f4c7-klqpm   1m    28Mi   
websocket-server-56c97f4c7-kpm6j   1m    30Mi   
websocket-server-56c97f4c7-l69gq   3m    36Mi   
websocket-server-56c97f4c7-mhj4q   1m    28Mi   
websocket-server-56c97f4c7-mt9jb   1m    29Mi   
websocket-server-56c97f4c7-ps927   2m    31Mi   
websocket-server-56c97f4c7-rgktb   1m    27Mi   
websocket-server-56c97f4c7-szkm7   2m    33Mi   
websocket-server-56c97f4c7-w6nhx   1m    28Mi   
websocket-server-56c97f4c7-w74tf   1m    27Mi   
websocket-server-56c97f4c7-xgdn7   1m    28Mi   
websocket-server-56c97f4c7-xs5nl   1m    29Mi   
1781582070
websocket-server-56c97f4c7-2mc4w   2m    36Mi   
websocket-server-56c97f4c7-2p68r   2m    33Mi   
websocket-server-56c97f4c7-4qn7k   7m    95Mi   
websocket-server-56c97f4c7-59wrg   1m    28Mi   
websocket-server-56c97f4c7-5f7dj   1m    27Mi   
websocket-server-56c97f4c7-66ngq   1m    30Mi   
websocket-server-56c97f4c7-6gs9r   6m    94Mi   
websocket-server-56c97f4c7-8m8kf   3m    40Mi   
websocket-server-56c97f4c7-8rf2z   2m    31Mi   
websocket-server-56c97f4c7-9fzrm   1m    27Mi   
websocket-server-56c97f4c7-brxdv   2m    32Mi   
websocket-server-56c97f4c7-c5vx4   2m    36Mi   
websocket-server-56c97f4c7-c9gz6   1m    29Mi   
websocket-server-56c97f4c7-d6vj5   2m    34Mi   
websocket-server-56c97f4c7-f9x8j   3m    37Mi   
websocket-server-56c97f4c7-hdkd8   1m    30Mi   
websocket-server-56c97f4c7-hffvx   2m    32Mi   
websocket-server-56c97f4c7-jj7wd   1m    27Mi   
websocket-server-56c97f4c7-kcx8q   3m    40Mi   
websocket-server-56c97f4c7-kf7tz   1m    28Mi   
websocket-server-56c97f4c7-klqpm   1m    28Mi   
websocket-server-56c97f4c7-kpm6j   1m    30Mi   
websocket-server-56c97f4c7-l69gq   2m    37Mi   
websocket-server-56c97f4c7-mhj4q   1m    28Mi   
websocket-server-56c97f4c7-mt9jb   1m    29Mi   
websocket-server-56c97f4c7-ps927   1m    31Mi   
websocket-server-56c97f4c7-rgktb   1m    27Mi   
websocket-server-56c97f4c7-szkm7   2m    32Mi   
websocket-server-56c97f4c7-w6nhx   1m    28Mi   
websocket-server-56c97f4c7-w74tf   1m    27Mi   
websocket-server-56c97f4c7-xgdn7   1m    28Mi   
websocket-server-56c97f4c7-xs5nl   1m    29Mi   
1781582075
websocket-server-56c97f4c7-2mc4w   2m    36Mi   
websocket-server-56c97f4c7-2p68r   2m    33Mi   
websocket-server-56c97f4c7-4qn7k   7m    95Mi   
websocket-server-56c97f4c7-59wrg   1m    28Mi   
websocket-server-56c97f4c7-5f7dj   1m    27Mi   
websocket-server-56c97f4c7-66ngq   1m    30Mi   
websocket-server-56c97f4c7-6gs9r   6m    94Mi   
websocket-server-56c97f4c7-8m8kf   3m    40Mi   
websocket-server-56c97f4c7-8rf2z   2m    31Mi   
websocket-server-56c97f4c7-9fzrm   1m    27Mi   
websocket-server-56c97f4c7-brxdv   2m    32Mi   
websocket-server-56c97f4c7-c5vx4   2m    36Mi   
websocket-server-56c97f4c7-c9gz6   1m    29Mi   
websocket-server-56c97f4c7-d6vj5   2m    34Mi   
websocket-server-56c97f4c7-f9x8j   3m    37Mi   
websocket-server-56c97f4c7-hdkd8   1m    30Mi   
websocket-server-56c97f4c7-hffvx   2m    32Mi   
websocket-server-56c97f4c7-jj7wd   1m    27Mi   
websocket-server-56c97f4c7-kcx8q   3m    40Mi   
websocket-server-56c97f4c7-kf7tz   1m    28Mi   
websocket-server-56c97f4c7-klqpm   1m    28Mi   
websocket-server-56c97f4c7-kpm6j   1m    30Mi   
websocket-server-56c97f4c7-l69gq   2m    37Mi   
websocket-server-56c97f4c7-mhj4q   1m    28Mi   
websocket-server-56c97f4c7-mt9jb   1m    29Mi   
websocket-server-56c97f4c7-ps927   1m    31Mi   
websocket-server-56c97f4c7-rgktb   1m    27Mi   
websocket-server-56c97f4c7-szkm7   2m    32Mi   
websocket-server-56c97f4c7-w6nhx   1m    28Mi   
websocket-server-56c97f4c7-w74tf   1m    27Mi   
websocket-server-56c97f4c7-xgdn7   1m    28Mi   
websocket-server-56c97f4c7-xs5nl   1m    29Mi   
1781582080
websocket-server-56c97f4c7-2mc4w   2m    36Mi   
websocket-server-56c97f4c7-2p68r   2m    33Mi   
websocket-server-56c97f4c7-4qn7k   7m    95Mi   
websocket-server-56c97f4c7-59wrg   1m    28Mi   
websocket-server-56c97f4c7-5f7dj   1m    27Mi   
websocket-server-56c97f4c7-66ngq   1m    30Mi   
websocket-server-56c97f4c7-6gs9r   6m    94Mi   
websocket-server-56c97f4c7-8m8kf   3m    40Mi   
websocket-server-56c97f4c7-8rf2z   2m    31Mi   
websocket-server-56c97f4c7-9fzrm   1m    27Mi   
websocket-server-56c97f4c7-brxdv   2m    32Mi   
websocket-server-56c97f4c7-c5vx4   2m    36Mi   
websocket-server-56c97f4c7-c9gz6   1m    29Mi   
websocket-server-56c97f4c7-d6vj5   2m    34Mi   
websocket-server-56c97f4c7-f9x8j   3m    37Mi   
websocket-server-56c97f4c7-hdkd8   1m    30Mi   
websocket-server-56c97f4c7-hffvx   2m    32Mi   
websocket-server-56c97f4c7-jj7wd   1m    27Mi   
websocket-server-56c97f4c7-kcx8q   3m    40Mi   
websocket-server-56c97f4c7-kf7tz   1m    28Mi   
websocket-server-56c97f4c7-klqpm   1m    28Mi   
websocket-server-56c97f4c7-kpm6j   1m    30Mi   
websocket-server-56c97f4c7-l69gq   2m    37Mi   
websocket-server-56c97f4c7-mhj4q   1m    28Mi   
websocket-server-56c97f4c7-mt9jb   1m    29Mi   
websocket-server-56c97f4c7-ps927   1m    31Mi   
websocket-server-56c97f4c7-rgktb   1m    27Mi   
websocket-server-56c97f4c7-szkm7   2m    32Mi   
websocket-server-56c97f4c7-w6nhx   1m    28Mi   
websocket-server-56c97f4c7-w74tf   1m    27Mi   
websocket-server-56c97f4c7-xgdn7   1m    28Mi   
websocket-server-56c97f4c7-xs5nl   1m    29Mi   
1781582085
websocket-server-56c97f4c7-2mc4w   2m    35Mi   
websocket-server-56c97f4c7-2p68r   2m    33Mi   
websocket-server-56c97f4c7-4qn7k   6m    95Mi   
websocket-server-56c97f4c7-59wrg   1m    28Mi   
websocket-server-56c97f4c7-5f7dj   1m    27Mi   
websocket-server-56c97f4c7-66ngq   1m    30Mi   
websocket-server-56c97f4c7-6gs9r   6m    94Mi   
websocket-server-56c97f4c7-8m8kf   3m    40Mi   
websocket-server-56c97f4c7-8rf2z   1m    31Mi   
websocket-server-56c97f4c7-9fzrm   1m    27Mi   
websocket-server-56c97f4c7-brxdv   2m    32Mi   
websocket-server-56c97f4c7-c5vx4   3m    36Mi   
websocket-server-56c97f4c7-c9gz6   1m    29Mi   
websocket-server-56c97f4c7-d6vj5   2m    34Mi   
websocket-server-56c97f4c7-f9x8j   2m    37Mi   
websocket-server-56c97f4c7-hdkd8   1m    30Mi   
websocket-server-56c97f4c7-hffvx   2m    32Mi   
websocket-server-56c97f4c7-jj7wd   1m    27Mi   
websocket-server-56c97f4c7-kcx8q   3m    40Mi   
websocket-server-56c97f4c7-kf7tz   1m    28Mi   
websocket-server-56c97f4c7-klqpm   1m    28Mi   
websocket-server-56c97f4c7-kpm6j   1m    30Mi   
websocket-server-56c97f4c7-l69gq   2m    37Mi   
websocket-server-56c97f4c7-mhj4q   1m    28Mi   
websocket-server-56c97f4c7-mt9jb   1m    29Mi   
websocket-server-56c97f4c7-ps927   1m    31Mi   
websocket-server-56c97f4c7-rgktb   1m    27Mi   
websocket-server-56c97f4c7-szkm7   2m    32Mi   
websocket-server-56c97f4c7-w6nhx   1m    28Mi   
websocket-server-56c97f4c7-w74tf   1m    27Mi   
websocket-server-56c97f4c7-xgdn7   1m    28Mi   
websocket-server-56c97f4c7-xs5nl   1m    29Mi   
1781582090
websocket-server-56c97f4c7-2mc4w   2m    35Mi   
websocket-server-56c97f4c7-2p68r   2m    33Mi   
websocket-server-56c97f4c7-4qn7k   6m    95Mi   
websocket-server-56c97f4c7-59wrg   1m    28Mi   
websocket-server-56c97f4c7-5f7dj   1m    27Mi   
websocket-server-56c97f4c7-66ngq   1m    30Mi   
websocket-server-56c97f4c7-6gs9r   6m    94Mi   
websocket-server-56c97f4c7-8m8kf   3m    40Mi   
websocket-server-56c97f4c7-8rf2z   1m    31Mi   
websocket-server-56c97f4c7-9fzrm   1m    27Mi   
websocket-server-56c97f4c7-brxdv   2m    32Mi   
websocket-server-56c97f4c7-c5vx4   3m    36Mi   
websocket-server-56c97f4c7-c9gz6   1m    29Mi   
websocket-server-56c97f4c7-d6vj5   2m    34Mi   
websocket-server-56c97f4c7-f9x8j   2m    37Mi   
websocket-server-56c97f4c7-hdkd8   1m    30Mi   
websocket-server-56c97f4c7-hffvx   2m    32Mi   
websocket-server-56c97f4c7-jj7wd   1m    27Mi   
websocket-server-56c97f4c7-kcx8q   3m    40Mi   
websocket-server-56c97f4c7-kf7tz   1m    28Mi   
websocket-server-56c97f4c7-klqpm   1m    28Mi   
websocket-server-56c97f4c7-kpm6j   1m    30Mi   
websocket-server-56c97f4c7-l69gq   2m    37Mi   
websocket-server-56c97f4c7-mhj4q   1m    28Mi   
websocket-server-56c97f4c7-mt9jb   1m    29Mi   
websocket-server-56c97f4c7-ps927   1m    31Mi   
websocket-server-56c97f4c7-rgktb   1m    27Mi   
websocket-server-56c97f4c7-szkm7   2m    32Mi   
websocket-server-56c97f4c7-w6nhx   1m    28Mi   
websocket-server-56c97f4c7-w74tf   1m    27Mi   
websocket-server-56c97f4c7-xgdn7   1m    28Mi   
websocket-server-56c97f4c7-xs5nl   1m    29Mi   
1781582095
websocket-server-56c97f4c7-2mc4w   2m    35Mi   
websocket-server-56c97f4c7-2p68r   2m    33Mi   
websocket-server-56c97f4c7-4qn7k   6m    95Mi   
websocket-server-56c97f4c7-59wrg   1m    28Mi   
websocket-server-56c97f4c7-5f7dj   1m    27Mi   
websocket-server-56c97f4c7-66ngq   1m    30Mi   
websocket-server-56c97f4c7-6gs9r   6m    94Mi   
websocket-server-56c97f4c7-8m8kf   3m    40Mi   
websocket-server-56c97f4c7-8rf2z   1m    31Mi   
websocket-server-56c97f4c7-9fzrm   1m    27Mi   
websocket-server-56c97f4c7-brxdv   2m    32Mi   
websocket-server-56c97f4c7-c5vx4   3m    36Mi   
websocket-server-56c97f4c7-c9gz6   1m    29Mi   
websocket-server-56c97f4c7-d6vj5   2m    34Mi   
websocket-server-56c97f4c7-f9x8j   2m    37Mi   
websocket-server-56c97f4c7-hdkd8   1m    30Mi   
websocket-server-56c97f4c7-hffvx   2m    32Mi   
websocket-server-56c97f4c7-jj7wd   1m    27Mi   
websocket-server-56c97f4c7-kcx8q   3m    40Mi   
websocket-server-56c97f4c7-kf7tz   1m    28Mi   
websocket-server-56c97f4c7-klqpm   1m    28Mi   
websocket-server-56c97f4c7-kpm6j   1m    30Mi   
websocket-server-56c97f4c7-l69gq   2m    37Mi   
websocket-server-56c97f4c7-mhj4q   1m    28Mi   
websocket-server-56c97f4c7-mt9jb   1m    29Mi   
websocket-server-56c97f4c7-ps927   1m    31Mi   
websocket-server-56c97f4c7-rgktb   1m    27Mi   
websocket-server-56c97f4c7-szkm7   2m    32Mi   
websocket-server-56c97f4c7-w6nhx   1m    28Mi   
websocket-server-56c97f4c7-w74tf   1m    27Mi   
websocket-server-56c97f4c7-xgdn7   1m    28Mi   
websocket-server-56c97f4c7-xs5nl   1m    29Mi   
1781582100
websocket-server-56c97f4c7-2mc4w   7m    35Mi   
websocket-server-56c97f4c7-2p68r   5m    33Mi   
websocket-server-56c97f4c7-4qn7k   6m    95Mi   
websocket-server-56c97f4c7-59wrg   1m    28Mi   
websocket-server-56c97f4c7-5f7dj   1m    28Mi   
websocket-server-56c97f4c7-66ngq   2m    30Mi   
websocket-server-56c97f4c7-6gs9r   6m    94Mi   
websocket-server-56c97f4c7-8m8kf   3m    40Mi   
websocket-server-56c97f4c7-8rf2z   1m    31Mi   
websocket-server-56c97f4c7-9fzrm   1m    28Mi   
websocket-server-56c97f4c7-brxdv   4m    32Mi   
websocket-server-56c97f4c7-c5vx4   3m    36Mi   
websocket-server-56c97f4c7-c9gz6   1m    29Mi   
websocket-server-56c97f4c7-d6vj5   5m    33Mi   
websocket-server-56c97f4c7-f9x8j   11m   36Mi   
websocket-server-56c97f4c7-hdkd8   3m    30Mi   
websocket-server-56c97f4c7-hffvx   5m    32Mi   
websocket-server-56c97f4c7-jj7wd   1m    27Mi   
websocket-server-56c97f4c7-kcx8q   3m    40Mi   
websocket-server-56c97f4c7-kf7tz   1m    28Mi   
websocket-server-56c97f4c7-klqpm   1m    28Mi   
websocket-server-56c97f4c7-kpm6j   4m    30Mi   
websocket-server-56c97f4c7-l69gq   6m    36Mi   
websocket-server-56c97f4c7-mhj4q   1m    28Mi   
websocket-server-56c97f4c7-mt9jb   1m    29Mi   
websocket-server-56c97f4c7-ps927   1m    31Mi   
websocket-server-56c97f4c7-rgktb   1m    27Mi   
websocket-server-56c97f4c7-szkm7   5m    32Mi   
websocket-server-56c97f4c7-w6nhx   2m    28Mi   
websocket-server-56c97f4c7-w74tf   1m    27Mi   
websocket-server-56c97f4c7-xgdn7   1m    28Mi   
websocket-server-56c97f4c7-xs5nl   1m    29Mi   
1781582105
websocket-server-56c97f4c7-2mc4w   7m    35Mi   
websocket-server-56c97f4c7-2p68r   5m    33Mi   
websocket-server-56c97f4c7-4qn7k   6m    95Mi   
websocket-server-56c97f4c7-59wrg   1m    28Mi   
websocket-server-56c97f4c7-5f7dj   1m    28Mi   
websocket-server-56c97f4c7-66ngq   2m    30Mi   
websocket-server-56c97f4c7-6gs9r   6m    94Mi   
websocket-server-56c97f4c7-8m8kf   3m    40Mi   
websocket-server-56c97f4c7-8rf2z   1m    31Mi   
websocket-server-56c97f4c7-9fzrm   1m    28Mi   
websocket-server-56c97f4c7-brxdv   4m    32Mi   
websocket-server-56c97f4c7-c5vx4   3m    36Mi   
websocket-server-56c97f4c7-c9gz6   1m    29Mi   
websocket-server-56c97f4c7-d6vj5   5m    33Mi   
websocket-server-56c97f4c7-f9x8j   11m   36Mi   
websocket-server-56c97f4c7-hdkd8   3m    30Mi   
websocket-server-56c97f4c7-hffvx   5m    32Mi   
websocket-server-56c97f4c7-jj7wd   1m    27Mi   
websocket-server-56c97f4c7-kcx8q   3m    40Mi   
websocket-server-56c97f4c7-kf7tz   1m    28Mi   
websocket-server-56c97f4c7-klqpm   1m    28Mi   
websocket-server-56c97f4c7-kpm6j   4m    30Mi   
websocket-server-56c97f4c7-l69gq   6m    36Mi   
websocket-server-56c97f4c7-mhj4q   1m    28Mi   
websocket-server-56c97f4c7-mt9jb   1m    29Mi   
websocket-server-56c97f4c7-ps927   1m    31Mi   
websocket-server-56c97f4c7-rgktb   1m    27Mi   
websocket-server-56c97f4c7-szkm7   5m    32Mi   
websocket-server-56c97f4c7-w6nhx   2m    28Mi   
websocket-server-56c97f4c7-w74tf   1m    27Mi   
websocket-server-56c97f4c7-xgdn7   1m    28Mi   
websocket-server-56c97f4c7-xs5nl   1m    29Mi   
1781582110
websocket-server-56c97f4c7-2mc4w   7m    35Mi   
websocket-server-56c97f4c7-2p68r   5m    33Mi   
websocket-server-56c97f4c7-4qn7k   6m    95Mi   
websocket-server-56c97f4c7-59wrg   1m    28Mi   
websocket-server-56c97f4c7-5f7dj   1m    28Mi   
websocket-server-56c97f4c7-66ngq   2m    30Mi   
websocket-server-56c97f4c7-6gs9r   6m    94Mi   
websocket-server-56c97f4c7-8m8kf   3m    40Mi   
websocket-server-56c97f4c7-8rf2z   1m    31Mi   
websocket-server-56c97f4c7-9fzrm   1m    28Mi   
websocket-server-56c97f4c7-brxdv   4m    32Mi   
websocket-server-56c97f4c7-c5vx4   3m    36Mi   
websocket-server-56c97f4c7-c9gz6   1m    29Mi   
websocket-server-56c97f4c7-d6vj5   5m    33Mi   
websocket-server-56c97f4c7-f9x8j   11m   36Mi   
websocket-server-56c97f4c7-hdkd8   3m    30Mi   
websocket-server-56c97f4c7-hffvx   5m    32Mi   
websocket-server-56c97f4c7-jj7wd   1m    27Mi   
websocket-server-56c97f4c7-kcx8q   3m    40Mi   
websocket-server-56c97f4c7-kf7tz   1m    28Mi   
websocket-server-56c97f4c7-klqpm   1m    28Mi   
websocket-server-56c97f4c7-kpm6j   4m    30Mi   
websocket-server-56c97f4c7-l69gq   6m    36Mi   
websocket-server-56c97f4c7-mhj4q   1m    28Mi   
websocket-server-56c97f4c7-mt9jb   1m    29Mi   
websocket-server-56c97f4c7-ps927   1m    31Mi   
websocket-server-56c97f4c7-rgktb   1m    27Mi   
websocket-server-56c97f4c7-szkm7   5m    32Mi   
websocket-server-56c97f4c7-w6nhx   2m    28Mi   
websocket-server-56c97f4c7-w74tf   1m    27Mi   
websocket-server-56c97f4c7-xgdn7   1m    28Mi   
websocket-server-56c97f4c7-xs5nl   1m    29Mi   
1781582115
websocket-server-56c97f4c7-2mc4w   1m    35Mi   
websocket-server-56c97f4c7-2p68r   1m    33Mi   
websocket-server-56c97f4c7-4qn7k   13m   95Mi   
websocket-server-56c97f4c7-59wrg   1m    28Mi   
websocket-server-56c97f4c7-5f7dj   1m    28Mi   
websocket-server-56c97f4c7-66ngq   1m    30Mi   
websocket-server-56c97f4c7-6gs9r   9m    93Mi   
websocket-server-56c97f4c7-8m8kf   8m    39Mi   
websocket-server-56c97f4c7-8rf2z   3m    31Mi   
websocket-server-56c97f4c7-9fzrm   1m    28Mi   
websocket-server-56c97f4c7-brxdv   1m    32Mi   
websocket-server-56c97f4c7-c5vx4   9m    36Mi   
websocket-server-56c97f4c7-c9gz6   3m    29Mi   
websocket-server-56c97f4c7-d6vj5   1m    33Mi   
websocket-server-56c97f4c7-f9x8j   1m    37Mi   
websocket-server-56c97f4c7-hdkd8   1m    30Mi   
websocket-server-56c97f4c7-hffvx   1m    32Mi   
websocket-server-56c97f4c7-jj7wd   1m    27Mi   
websocket-server-56c97f4c7-kcx8q   7m    39Mi   
websocket-server-56c97f4c7-kf7tz   1m    28Mi   
websocket-server-56c97f4c7-klqpm   2m    28Mi   
websocket-server-56c97f4c7-kpm6j   4m    30Mi   
websocket-server-56c97f4c7-l69gq   1m    36Mi   
websocket-server-56c97f4c7-mhj4q   1m    28Mi   
websocket-server-56c97f4c7-mt9jb   2m    29Mi   
websocket-server-56c97f4c7-ps927   2m    31Mi   
websocket-server-56c97f4c7-rgktb   1m    27Mi   
websocket-server-56c97f4c7-szkm7   1m    32Mi   
websocket-server-56c97f4c7-w6nhx   2m    28Mi   
websocket-server-56c97f4c7-w74tf   1m    27Mi   
websocket-server-56c97f4c7-xgdn7   1m    28Mi   
websocket-server-56c97f4c7-xs5nl   2m    29Mi   
1781582120
websocket-server-56c97f4c7-2mc4w   1m    35Mi   
websocket-server-56c97f4c7-2p68r   1m    33Mi   
websocket-server-56c97f4c7-4qn7k   13m   95Mi   
websocket-server-56c97f4c7-59wrg   1m    28Mi   
websocket-server-56c97f4c7-5f7dj   1m    28Mi   
websocket-server-56c97f4c7-66ngq   1m    30Mi   
websocket-server-56c97f4c7-6gs9r   9m    93Mi   
websocket-server-56c97f4c7-8m8kf   8m    39Mi   
websocket-server-56c97f4c7-8rf2z   3m    31Mi   
websocket-server-56c97f4c7-9fzrm   1m    28Mi   
websocket-server-56c97f4c7-brxdv   1m    32Mi   
websocket-server-56c97f4c7-c5vx4   9m    36Mi   
websocket-server-56c97f4c7-c9gz6   3m    29Mi   
websocket-server-56c97f4c7-d6vj5   1m    33Mi   
websocket-server-56c97f4c7-f9x8j   1m    37Mi   
websocket-server-56c97f4c7-hdkd8   1m    30Mi   
websocket-server-56c97f4c7-hffvx   1m    32Mi   
websocket-server-56c97f4c7-jj7wd   1m    27Mi   
websocket-server-56c97f4c7-kcx8q   7m    39Mi   
websocket-server-56c97f4c7-kf7tz   1m    28Mi   
websocket-server-56c97f4c7-klqpm   2m    28Mi   
websocket-server-56c97f4c7-kpm6j   4m    30Mi   
websocket-server-56c97f4c7-l69gq   1m    36Mi   
websocket-server-56c97f4c7-mhj4q   1m    28Mi   
websocket-server-56c97f4c7-mt9jb   2m    29Mi   
websocket-server-56c97f4c7-ps927   2m    31Mi   
websocket-server-56c97f4c7-rgktb   1m    27Mi   
websocket-server-56c97f4c7-szkm7   1m    32Mi   
websocket-server-56c97f4c7-w6nhx   2m    28Mi   
websocket-server-56c97f4c7-w74tf   1m    27Mi   
websocket-server-56c97f4c7-xgdn7   1m    28Mi   
websocket-server-56c97f4c7-xs5nl   2m    29Mi   
1781582125
websocket-server-56c97f4c7-2mc4w   1m    35Mi   
websocket-server-56c97f4c7-2p68r   1m    33Mi   
websocket-server-56c97f4c7-4qn7k   13m   95Mi   
websocket-server-56c97f4c7-59wrg   1m    28Mi   
websocket-server-56c97f4c7-5f7dj   1m    28Mi   
websocket-server-56c97f4c7-66ngq   1m    30Mi   
websocket-server-56c97f4c7-6gs9r   9m    93Mi   
websocket-server-56c97f4c7-8m8kf   8m    39Mi   
websocket-server-56c97f4c7-8rf2z   3m    31Mi   
websocket-server-56c97f4c7-9fzrm   1m    28Mi   
websocket-server-56c97f4c7-brxdv   1m    32Mi   
websocket-server-56c97f4c7-c5vx4   9m    36Mi   
websocket-server-56c97f4c7-c9gz6   3m    29Mi   
websocket-server-56c97f4c7-d6vj5   1m    33Mi   
websocket-server-56c97f4c7-f9x8j   1m    37Mi   
websocket-server-56c97f4c7-hdkd8   1m    30Mi   
websocket-server-56c97f4c7-hffvx   1m    32Mi   
websocket-server-56c97f4c7-jj7wd   1m    27Mi   
websocket-server-56c97f4c7-kcx8q   7m    39Mi   
websocket-server-56c97f4c7-kf7tz   1m    28Mi   
websocket-server-56c97f4c7-klqpm   2m    28Mi   
websocket-server-56c97f4c7-kpm6j   4m    30Mi   
websocket-server-56c97f4c7-l69gq   1m    36Mi   
websocket-server-56c97f4c7-mhj4q   1m    28Mi   
websocket-server-56c97f4c7-mt9jb   2m    29Mi   
websocket-server-56c97f4c7-ps927   2m    31Mi   
websocket-server-56c97f4c7-rgktb   1m    27Mi   
websocket-server-56c97f4c7-szkm7   1m    32Mi   
websocket-server-56c97f4c7-w6nhx   2m    28Mi   
websocket-server-56c97f4c7-w74tf   1m    27Mi   
websocket-server-56c97f4c7-xgdn7   1m    28Mi   
websocket-server-56c97f4c7-xs5nl   2m    29Mi   
1781582130
websocket-server-56c97f4c7-2mc4w   1m    35Mi   
websocket-server-56c97f4c7-2p68r   0m    33Mi   
websocket-server-56c97f4c7-4qn7k   1m    95Mi   
websocket-server-56c97f4c7-59wrg   1m    28Mi   
websocket-server-56c97f4c7-5f7dj   1m    28Mi   
websocket-server-56c97f4c7-66ngq   1m    30Mi   
websocket-server-56c97f4c7-6gs9r   1m    93Mi   
websocket-server-56c97f4c7-8m8kf   1m    39Mi   
websocket-server-56c97f4c7-8rf2z   1m    31Mi   
websocket-server-56c97f4c7-9fzrm   1m    28Mi   
websocket-server-56c97f4c7-brxdv   1m    32Mi   
websocket-server-56c97f4c7-c5vx4   1m    36Mi   
websocket-server-56c97f4c7-c9gz6   1m    29Mi   
websocket-server-56c97f4c7-d6vj5   1m    33Mi   
websocket-server-56c97f4c7-f9x8j   1m    36Mi   
websocket-server-56c97f4c7-hdkd8   1m    30Mi   
websocket-server-56c97f4c7-hffvx   1m    33Mi   
websocket-server-56c97f4c7-jj7wd   1m    27Mi   
websocket-server-56c97f4c7-kcx8q   0m    39Mi   
websocket-server-56c97f4c7-kf7tz   1m    28Mi   
websocket-server-56c97f4c7-klqpm   1m    28Mi   
websocket-server-56c97f4c7-kpm6j   1m    30Mi   
websocket-server-56c97f4c7-l69gq   1m    36Mi   
websocket-server-56c97f4c7-mhj4q   1m    28Mi   
websocket-server-56c97f4c7-mt9jb   1m    29Mi   
websocket-server-56c97f4c7-ps927   2m    31Mi   
websocket-server-56c97f4c7-rgktb   1m    27Mi   
websocket-server-56c97f4c7-szkm7   1m    32Mi   
websocket-server-56c97f4c7-w6nhx   1m    28Mi   
websocket-server-56c97f4c7-w74tf   1m    27Mi   
websocket-server-56c97f4c7-xgdn7   1m    28Mi   
websocket-server-56c97f4c7-xs5nl   1m    29Mi   
1781582135
websocket-server-56c97f4c7-2mc4w   1m    35Mi   
websocket-server-56c97f4c7-2p68r   0m    33Mi   
websocket-server-56c97f4c7-4qn7k   1m    95Mi   
websocket-server-56c97f4c7-59wrg   1m    28Mi   
websocket-server-56c97f4c7-5f7dj   1m    28Mi   
websocket-server-56c97f4c7-66ngq   1m    30Mi   
websocket-server-56c97f4c7-6gs9r   1m    93Mi   
websocket-server-56c97f4c7-8m8kf   1m    39Mi   
websocket-server-56c97f4c7-8rf2z   1m    31Mi   
websocket-server-56c97f4c7-9fzrm   1m    28Mi   
websocket-server-56c97f4c7-brxdv   1m    32Mi   
websocket-server-56c97f4c7-c5vx4   1m    36Mi   
websocket-server-56c97f4c7-c9gz6   1m    29Mi   
websocket-server-56c97f4c7-d6vj5   1m    33Mi   
websocket-server-56c97f4c7-f9x8j   1m    36Mi   
websocket-server-56c97f4c7-hdkd8   1m    30Mi   
websocket-server-56c97f4c7-hffvx   1m    33Mi   
websocket-server-56c97f4c7-jj7wd   1m    27Mi   
websocket-server-56c97f4c7-kcx8q   0m    39Mi   
websocket-server-56c97f4c7-kf7tz   1m    28Mi   
websocket-server-56c97f4c7-klqpm   1m    28Mi   
websocket-server-56c97f4c7-kpm6j   1m    30Mi   
websocket-server-56c97f4c7-l69gq   1m    36Mi   
websocket-server-56c97f4c7-mhj4q   1m    28Mi   
websocket-server-56c97f4c7-mt9jb   1m    29Mi   
websocket-server-56c97f4c7-ps927   2m    31Mi   
websocket-server-56c97f4c7-rgktb   1m    27Mi   
websocket-server-56c97f4c7-szkm7   1m    32Mi   
websocket-server-56c97f4c7-w6nhx   1m    28Mi   
websocket-server-56c97f4c7-w74tf   1m    27Mi   
websocket-server-56c97f4c7-xgdn7   1m    28Mi   
websocket-server-56c97f4c7-xs5nl   1m    29Mi   
1781582140
websocket-server-56c97f4c7-2mc4w   1m    35Mi   
websocket-server-56c97f4c7-2p68r   0m    33Mi   
websocket-server-56c97f4c7-4qn7k   1m    95Mi   
websocket-server-56c97f4c7-59wrg   1m    28Mi   
websocket-server-56c97f4c7-5f7dj   1m    28Mi   
websocket-server-56c97f4c7-66ngq   1m    30Mi   
websocket-server-56c97f4c7-6gs9r   1m    93Mi   
websocket-server-56c97f4c7-8m8kf   1m    39Mi   
websocket-server-56c97f4c7-8rf2z   1m    31Mi   
websocket-server-56c97f4c7-9fzrm   1m    28Mi   
websocket-server-56c97f4c7-brxdv   1m    32Mi   
websocket-server-56c97f4c7-c5vx4   1m    36Mi   
websocket-server-56c97f4c7-c9gz6   1m    29Mi   
websocket-server-56c97f4c7-d6vj5   1m    33Mi   
websocket-server-56c97f4c7-f9x8j   1m    36Mi   
websocket-server-56c97f4c7-hdkd8   1m    30Mi   
websocket-server-56c97f4c7-hffvx   1m    33Mi   
websocket-server-56c97f4c7-jj7wd   1m    27Mi   
websocket-server-56c97f4c7-kcx8q   0m    39Mi   
websocket-server-56c97f4c7-kf7tz   1m    28Mi   
websocket-server-56c97f4c7-klqpm   1m    28Mi   
websocket-server-56c97f4c7-kpm6j   1m    30Mi   
websocket-server-56c97f4c7-l69gq   1m    36Mi   
websocket-server-56c97f4c7-mhj4q   1m    28Mi   
websocket-server-56c97f4c7-mt9jb   1m    29Mi   
websocket-server-56c97f4c7-ps927   2m    31Mi   
websocket-server-56c97f4c7-rgktb   1m    27Mi   
websocket-server-56c97f4c7-szkm7   1m    32Mi   
websocket-server-56c97f4c7-w6nhx   1m    28Mi   
websocket-server-56c97f4c7-w74tf   1m    27Mi   
websocket-server-56c97f4c7-xgdn7   1m    28Mi   
websocket-server-56c97f4c7-xs5nl   1m    29Mi   
1781582145
websocket-server-56c97f4c7-2mc4w   1m    35Mi   
websocket-server-56c97f4c7-2p68r   1m    33Mi   
websocket-server-56c97f4c7-4qn7k   1m    95Mi   
websocket-server-56c97f4c7-59wrg   1m    28Mi   
websocket-server-56c97f4c7-5f7dj   1m    28Mi   
websocket-server-56c97f4c7-66ngq   1m    30Mi   
websocket-server-56c97f4c7-6gs9r   1m    93Mi   
websocket-server-56c97f4c7-8m8kf   1m    39Mi   
websocket-server-56c97f4c7-8rf2z   1m    31Mi   
websocket-server-56c97f4c7-9fzrm   1m    28Mi   
websocket-server-56c97f4c7-brxdv   1m    32Mi   
websocket-server-56c97f4c7-c5vx4   0m    36Mi   
websocket-server-56c97f4c7-c9gz6   1m    29Mi   
websocket-server-56c97f4c7-d6vj5   1m    33Mi   
websocket-server-56c97f4c7-f9x8j   1m    36Mi   
websocket-server-56c97f4c7-hdkd8   1m    30Mi   
websocket-server-56c97f4c7-hffvx   1m    32Mi   
websocket-server-56c97f4c7-jj7wd   1m    27Mi   
websocket-server-56c97f4c7-kcx8q   1m    40Mi   
websocket-server-56c97f4c7-kf7tz   1m    28Mi   
websocket-server-56c97f4c7-klqpm   1m    28Mi   
websocket-server-56c97f4c7-kpm6j   1m    30Mi   
websocket-server-56c97f4c7-l69gq   1m    36Mi   
websocket-server-56c97f4c7-mhj4q   1m    28Mi   
websocket-server-56c97f4c7-mt9jb   1m    29Mi   
websocket-server-56c97f4c7-ps927   1m    31Mi   
websocket-server-56c97f4c7-rgktb   1m    27Mi   
websocket-server-56c97f4c7-szkm7   1m    32Mi   
websocket-server-56c97f4c7-w6nhx   1m    29Mi   
websocket-server-56c97f4c7-w74tf   1m    27Mi   
websocket-server-56c97f4c7-xgdn7   1m    28Mi   
websocket-server-56c97f4c7-xs5nl   1m    29Mi   
1781582151
websocket-server-56c97f4c7-2mc4w   1m    35Mi   
websocket-server-56c97f4c7-2p68r   1m    33Mi   
websocket-server-56c97f4c7-4qn7k   1m    95Mi   
websocket-server-56c97f4c7-59wrg   1m    28Mi   
websocket-server-56c97f4c7-5f7dj   1m    28Mi   
websocket-server-56c97f4c7-66ngq   1m    30Mi   
websocket-server-56c97f4c7-6gs9r   1m    93Mi   
websocket-server-56c97f4c7-8m8kf   1m    39Mi   
websocket-server-56c97f4c7-8rf2z   1m    31Mi   
websocket-server-56c97f4c7-9fzrm   1m    28Mi   
websocket-server-56c97f4c7-brxdv   1m    32Mi   
websocket-server-56c97f4c7-c5vx4   0m    36Mi   
websocket-server-56c97f4c7-c9gz6   1m    29Mi   
websocket-server-56c97f4c7-d6vj5   1m    33Mi   
websocket-server-56c97f4c7-f9x8j   1m    36Mi   
websocket-server-56c97f4c7-hdkd8   1m    30Mi   
websocket-server-56c97f4c7-hffvx   1m    32Mi   
websocket-server-56c97f4c7-jj7wd   1m    27Mi   
websocket-server-56c97f4c7-kcx8q   1m    40Mi   
websocket-server-56c97f4c7-kf7tz   1m    28Mi   
websocket-server-56c97f4c7-klqpm   1m    28Mi   
websocket-server-56c97f4c7-kpm6j   1m    30Mi   
websocket-server-56c97f4c7-l69gq   1m    36Mi   
websocket-server-56c97f4c7-mhj4q   1m    28Mi   
websocket-server-56c97f4c7-mt9jb   1m    29Mi   
websocket-server-56c97f4c7-ps927   1m    31Mi   
websocket-server-56c97f4c7-rgktb   1m    27Mi   
websocket-server-56c97f4c7-szkm7   1m    32Mi   
websocket-server-56c97f4c7-w6nhx   1m    29Mi   
websocket-server-56c97f4c7-w74tf   1m    27Mi   
websocket-server-56c97f4c7-xgdn7   1m    28Mi   
websocket-server-56c97f4c7-xs5nl   1m    29Mi   
1781582156
websocket-server-56c97f4c7-2mc4w   1m    35Mi   
websocket-server-56c97f4c7-2p68r   1m    33Mi   
websocket-server-56c97f4c7-4qn7k   1m    95Mi   
websocket-server-56c97f4c7-59wrg   1m    28Mi   
websocket-server-56c97f4c7-5f7dj   1m    28Mi   
websocket-server-56c97f4c7-66ngq   1m    30Mi   
websocket-server-56c97f4c7-6gs9r   1m    93Mi   
websocket-server-56c97f4c7-8m8kf   1m    39Mi   
websocket-server-56c97f4c7-8rf2z   1m    31Mi   
websocket-server-56c97f4c7-9fzrm   1m    28Mi   
websocket-server-56c97f4c7-brxdv   1m    32Mi   
websocket-server-56c97f4c7-c5vx4   0m    36Mi   
websocket-server-56c97f4c7-c9gz6   1m    29Mi   
websocket-server-56c97f4c7-d6vj5   1m    33Mi   
websocket-server-56c97f4c7-f9x8j   1m    36Mi   
websocket-server-56c97f4c7-hdkd8   1m    30Mi   
websocket-server-56c97f4c7-hffvx   1m    32Mi   
websocket-server-56c97f4c7-jj7wd   1m    27Mi   
websocket-server-56c97f4c7-kcx8q   1m    40Mi   
websocket-server-56c97f4c7-kf7tz   1m    28Mi   
websocket-server-56c97f4c7-klqpm   1m    28Mi   
websocket-server-56c97f4c7-kpm6j   1m    30Mi   
websocket-server-56c97f4c7-l69gq   1m    36Mi   
websocket-server-56c97f4c7-mhj4q   1m    28Mi   
websocket-server-56c97f4c7-mt9jb   1m    29Mi   
websocket-server-56c97f4c7-ps927   1m    31Mi   
websocket-server-56c97f4c7-rgktb   1m    27Mi   
websocket-server-56c97f4c7-szkm7   1m    32Mi   
websocket-server-56c97f4c7-w6nhx   1m    29Mi   
websocket-server-56c97f4c7-w74tf   1m    27Mi   
websocket-server-56c97f4c7-xgdn7   1m    28Mi   
websocket-server-56c97f4c7-xs5nl   1m    29Mi   
1781582161
websocket-server-56c97f4c7-2mc4w   1m    35Mi   
websocket-server-56c97f4c7-2p68r   1m    33Mi   
websocket-server-56c97f4c7-4qn7k   1m    95Mi   
websocket-server-56c97f4c7-59wrg   1m    28Mi   
websocket-server-56c97f4c7-5f7dj   1m    28Mi   
websocket-server-56c97f4c7-66ngq   1m    30Mi   
websocket-server-56c97f4c7-6gs9r   1m    93Mi   
websocket-server-56c97f4c7-8m8kf   1m    39Mi   
websocket-server-56c97f4c7-8rf2z   1m    31Mi   
websocket-server-56c97f4c7-9fzrm   1m    28Mi   
websocket-server-56c97f4c7-brxdv   1m    32Mi   
websocket-server-56c97f4c7-c5vx4   1m    36Mi   
websocket-server-56c97f4c7-c9gz6   1m    29Mi   
websocket-server-56c97f4c7-d6vj5   1m    34Mi   
websocket-server-56c97f4c7-f9x8j   1m    36Mi   
websocket-server-56c97f4c7-hdkd8   1m    31Mi   
websocket-server-56c97f4c7-hffvx   1m    32Mi   
websocket-server-56c97f4c7-jj7wd   1m    28Mi   
websocket-server-56c97f4c7-kcx8q   0m    39Mi   
websocket-server-56c97f4c7-kf7tz   1m    28Mi   
websocket-server-56c97f4c7-klqpm   1m    28Mi   
websocket-server-56c97f4c7-kpm6j   1m    30Mi   
websocket-server-56c97f4c7-l69gq   1m    37Mi   
websocket-server-56c97f4c7-mhj4q   1m    28Mi   
websocket-server-56c97f4c7-mt9jb   1m    29Mi   
websocket-server-56c97f4c7-ps927   1m    31Mi   
websocket-server-56c97f4c7-rgktb   1m    27Mi   
websocket-server-56c97f4c7-szkm7   1m    32Mi   
websocket-server-56c97f4c7-w6nhx   1m    28Mi   
websocket-server-56c97f4c7-w74tf   1m    27Mi   
websocket-server-56c97f4c7-xgdn7   1m    28Mi   
websocket-server-56c97f4c7-xs5nl   1m    29Mi   
1781582166
websocket-server-56c97f4c7-2mc4w   1m    35Mi   
websocket-server-56c97f4c7-2p68r   1m    33Mi   
websocket-server-56c97f4c7-4qn7k   1m    95Mi   
websocket-server-56c97f4c7-59wrg   1m    28Mi   
websocket-server-56c97f4c7-5f7dj   1m    28Mi   
websocket-server-56c97f4c7-66ngq   1m    30Mi   
websocket-server-56c97f4c7-6gs9r   1m    93Mi   
websocket-server-56c97f4c7-8m8kf   1m    39Mi   
websocket-server-56c97f4c7-8rf2z   1m    31Mi   
websocket-server-56c97f4c7-9fzrm   1m    28Mi   
websocket-server-56c97f4c7-brxdv   1m    32Mi   
websocket-server-56c97f4c7-c5vx4   1m    36Mi   
websocket-server-56c97f4c7-c9gz6   1m    29Mi   
websocket-server-56c97f4c7-d6vj5   1m    34Mi   
websocket-server-56c97f4c7-f9x8j   1m    36Mi   
websocket-server-56c97f4c7-hdkd8   1m    31Mi   
websocket-server-56c97f4c7-hffvx   1m    32Mi   
websocket-server-56c97f4c7-jj7wd   1m    28Mi   
websocket-server-56c97f4c7-kcx8q   0m    39Mi   
websocket-server-56c97f4c7-kf7tz   1m    28Mi   
websocket-server-56c97f4c7-klqpm   1m    28Mi   
websocket-server-56c97f4c7-kpm6j   1m    30Mi   
websocket-server-56c97f4c7-l69gq   1m    37Mi   
websocket-server-56c97f4c7-mhj4q   1m    28Mi   
websocket-server-56c97f4c7-mt9jb   1m    29Mi   
websocket-server-56c97f4c7-ps927   1m    31Mi   
websocket-server-56c97f4c7-rgktb   1m    27Mi   
websocket-server-56c97f4c7-szkm7   1m    32Mi   
websocket-server-56c97f4c7-w6nhx   1m    28Mi   
websocket-server-56c97f4c7-w74tf   1m    27Mi   
websocket-server-56c97f4c7-xgdn7   1m    28Mi   
websocket-server-56c97f4c7-xs5nl   1m    29Mi   
1781582171
websocket-server-56c97f4c7-2mc4w   1m    35Mi   
websocket-server-56c97f4c7-2p68r   1m    33Mi   
websocket-server-56c97f4c7-4qn7k   1m    95Mi   
websocket-server-56c97f4c7-59wrg   1m    28Mi   
websocket-server-56c97f4c7-5f7dj   1m    28Mi   
websocket-server-56c97f4c7-66ngq   1m    30Mi   
websocket-server-56c97f4c7-6gs9r   1m    93Mi   
websocket-server-56c97f4c7-8m8kf   1m    39Mi   
websocket-server-56c97f4c7-8rf2z   1m    31Mi   
websocket-server-56c97f4c7-9fzrm   1m    28Mi   
websocket-server-56c97f4c7-brxdv   1m    32Mi   
websocket-server-56c97f4c7-c5vx4   1m    36Mi   
websocket-server-56c97f4c7-c9gz6   1m    29Mi   
websocket-server-56c97f4c7-d6vj5   1m    34Mi   
websocket-server-56c97f4c7-f9x8j   1m    36Mi   
websocket-server-56c97f4c7-hdkd8   1m    31Mi   
websocket-server-56c97f4c7-hffvx   1m    32Mi   
websocket-server-56c97f4c7-jj7wd   1m    28Mi   
websocket-server-56c97f4c7-kcx8q   0m    39Mi   
websocket-server-56c97f4c7-kf7tz   1m    28Mi   
websocket-server-56c97f4c7-klqpm   1m    28Mi   
websocket-server-56c97f4c7-kpm6j   1m    30Mi   
websocket-server-56c97f4c7-l69gq   1m    37Mi   
websocket-server-56c97f4c7-mhj4q   1m    28Mi   
websocket-server-56c97f4c7-mt9jb   1m    29Mi   
websocket-server-56c97f4c7-ps927   1m    31Mi   
websocket-server-56c97f4c7-rgktb   1m    27Mi   
websocket-server-56c97f4c7-szkm7   1m    32Mi   
websocket-server-56c97f4c7-w6nhx   1m    28Mi   
websocket-server-56c97f4c7-w74tf   1m    27Mi   
websocket-server-56c97f4c7-xgdn7   1m    28Mi   
websocket-server-56c97f4c7-xs5nl   1m    29Mi   
1781582176
websocket-server-56c97f4c7-2mc4w   1m    35Mi   
websocket-server-56c97f4c7-2p68r   2m    34Mi   
websocket-server-56c97f4c7-4qn7k   1m    95Mi   
websocket-server-56c97f4c7-59wrg   1m    28Mi   
websocket-server-56c97f4c7-5f7dj   2m    28Mi   
websocket-server-56c97f4c7-66ngq   1m    30Mi   
websocket-server-56c97f4c7-6gs9r   1m    94Mi   
websocket-server-56c97f4c7-8m8kf   1m    40Mi   
websocket-server-56c97f4c7-8rf2z   1m    32Mi   
websocket-server-56c97f4c7-9fzrm   2m    29Mi   
websocket-server-56c97f4c7-brxdv   1m    32Mi   
websocket-server-56c97f4c7-c5vx4   2m    37Mi   
websocket-server-56c97f4c7-c9gz6   1m    29Mi   
websocket-server-56c97f4c7-d6vj5   1m    34Mi   
websocket-server-56c97f4c7-f9x8j   2m    37Mi   
websocket-server-56c97f4c7-hdkd8   2m    31Mi   
websocket-server-56c97f4c7-hffvx   1m    33Mi   
websocket-server-56c97f4c7-jj7wd   2m    28Mi   
websocket-server-56c97f4c7-kcx8q   1m    40Mi   
websocket-server-56c97f4c7-kf7tz   1m    29Mi   
websocket-server-56c97f4c7-klqpm   2m    30Mi   
websocket-server-56c97f4c7-kpm6j   1m    31Mi   
websocket-server-56c97f4c7-l69gq   2m    37Mi   
websocket-server-56c97f4c7-mhj4q   1m    28Mi   
websocket-server-56c97f4c7-mt9jb   2m    30Mi   
websocket-server-56c97f4c7-ps927   1m    32Mi   
websocket-server-56c97f4c7-rgktb   1m    28Mi   
websocket-server-56c97f4c7-szkm7   2m    34Mi   
websocket-server-56c97f4c7-w6nhx   1m    29Mi   
websocket-server-56c97f4c7-w74tf   1m    27Mi   
websocket-server-56c97f4c7-xgdn7   1m    28Mi   
websocket-server-56c97f4c7-xs5nl   1m    30Mi   
1781582181
websocket-server-56c97f4c7-2mc4w   1m    35Mi   
websocket-server-56c97f4c7-2p68r   2m    34Mi   
websocket-server-56c97f4c7-4qn7k   1m    95Mi   
websocket-server-56c97f4c7-59wrg   1m    28Mi   
websocket-server-56c97f4c7-5f7dj   2m    28Mi   
websocket-server-56c97f4c7-66ngq   1m    30Mi   
websocket-server-56c97f4c7-6gs9r   1m    94Mi   
websocket-server-56c97f4c7-8m8kf   1m    40Mi   
websocket-server-56c97f4c7-8rf2z   1m    32Mi   
websocket-server-56c97f4c7-9fzrm   2m    29Mi   
websocket-server-56c97f4c7-brxdv   1m    32Mi   
websocket-server-56c97f4c7-c5vx4   2m    37Mi   
websocket-server-56c97f4c7-c9gz6   1m    29Mi   
websocket-server-56c97f4c7-d6vj5   1m    34Mi   
websocket-server-56c97f4c7-f9x8j   2m    37Mi   
websocket-server-56c97f4c7-hdkd8   2m    31Mi   
websocket-server-56c97f4c7-hffvx   1m    33Mi   
websocket-server-56c97f4c7-jj7wd   2m    28Mi   
websocket-server-56c97f4c7-kcx8q   1m    40Mi   
websocket-server-56c97f4c7-kf7tz   1m    29Mi   
websocket-server-56c97f4c7-klqpm   2m    30Mi   
websocket-server-56c97f4c7-kpm6j   1m    31Mi   
websocket-server-56c97f4c7-l69gq   2m    37Mi   
websocket-server-56c97f4c7-mhj4q   1m    28Mi   
websocket-server-56c97f4c7-mt9jb   2m    30Mi   
websocket-server-56c97f4c7-ps927   1m    32Mi   
websocket-server-56c97f4c7-rgktb   1m    28Mi   
websocket-server-56c97f4c7-szkm7   2m    34Mi   
websocket-server-56c97f4c7-w6nhx   1m    29Mi   
websocket-server-56c97f4c7-w74tf   1m    27Mi   
websocket-server-56c97f4c7-xgdn7   1m    28Mi   
websocket-server-56c97f4c7-xs5nl   1m    30Mi   
1781582186
websocket-server-56c97f4c7-2mc4w   1m    35Mi   
websocket-server-56c97f4c7-2p68r   2m    34Mi   
websocket-server-56c97f4c7-4qn7k   1m    95Mi   
websocket-server-56c97f4c7-59wrg   1m    28Mi   
websocket-server-56c97f4c7-5f7dj   2m    28Mi   
websocket-server-56c97f4c7-66ngq   1m    30Mi   
websocket-server-56c97f4c7-6gs9r   1m    94Mi   
websocket-server-56c97f4c7-8m8kf   1m    40Mi   
websocket-server-56c97f4c7-8rf2z   1m    32Mi   
websocket-server-56c97f4c7-9fzrm   2m    29Mi   
websocket-server-56c97f4c7-brxdv   1m    32Mi   
websocket-server-56c97f4c7-c5vx4   2m    37Mi   
websocket-server-56c97f4c7-c9gz6   1m    29Mi   
websocket-server-56c97f4c7-d6vj5   1m    34Mi   
websocket-server-56c97f4c7-f9x8j   2m    37Mi   
websocket-server-56c97f4c7-hdkd8   2m    31Mi   
websocket-server-56c97f4c7-hffvx   1m    33Mi   
websocket-server-56c97f4c7-jj7wd   2m    28Mi   
websocket-server-56c97f4c7-kcx8q   1m    40Mi   
websocket-server-56c97f4c7-kf7tz   1m    29Mi   
websocket-server-56c97f4c7-klqpm   2m    30Mi   
websocket-server-56c97f4c7-kpm6j   1m    31Mi   
websocket-server-56c97f4c7-l69gq   2m    37Mi   
websocket-server-56c97f4c7-mhj4q   1m    28Mi   
websocket-server-56c97f4c7-mt9jb   2m    30Mi   
websocket-server-56c97f4c7-ps927   1m    32Mi   
websocket-server-56c97f4c7-rgktb   1m    28Mi   
websocket-server-56c97f4c7-szkm7   2m    34Mi   
websocket-server-56c97f4c7-w6nhx   1m    29Mi   
websocket-server-56c97f4c7-w74tf   1m    27Mi   
websocket-server-56c97f4c7-xgdn7   1m    28Mi   
websocket-server-56c97f4c7-xs5nl   1m    30Mi   
1781582191
websocket-server-56c97f4c7-2mc4w   2m    37Mi   
websocket-server-56c97f4c7-2p68r   3m    35Mi   
websocket-server-56c97f4c7-4qn7k   2m    95Mi   
websocket-server-56c97f4c7-59wrg   2m    28Mi   
websocket-server-56c97f4c7-5f7dj   2m    29Mi   
websocket-server-56c97f4c7-66ngq   2m    31Mi   
websocket-server-56c97f4c7-6gs9r   2m    94Mi   
websocket-server-56c97f4c7-8m8kf   2m    41Mi   
websocket-server-56c97f4c7-8rf2z   1m    32Mi   
websocket-server-56c97f4c7-9fzrm   3m    30Mi   
websocket-server-56c97f4c7-brxdv   2m    33Mi   
websocket-server-56c97f4c7-c5vx4   2m    37Mi   
websocket-server-56c97f4c7-c9gz6   2m    30Mi   
websocket-server-56c97f4c7-d6vj5   1m    34Mi   
websocket-server-56c97f4c7-f9x8j   2m    37Mi   
websocket-server-56c97f4c7-hdkd8   2m    31Mi   
websocket-server-56c97f4c7-hffvx   2m    34Mi   
websocket-server-56c97f4c7-jj7wd   2m    29Mi   
websocket-server-56c97f4c7-kcx8q   2m    41Mi   
websocket-server-56c97f4c7-kf7tz   2m    31Mi   
websocket-server-56c97f4c7-klqpm   3m    31Mi   
websocket-server-56c97f4c7-kpm6j   2m    32Mi   
websocket-server-56c97f4c7-l69gq   3m    37Mi   
websocket-server-56c97f4c7-mhj4q   2m    30Mi   
websocket-server-56c97f4c7-mt9jb   2m    30Mi   
websocket-server-56c97f4c7-ps927   2m    32Mi   
websocket-server-56c97f4c7-rgktb   2m    28Mi   
websocket-server-56c97f4c7-szkm7   2m    34Mi   
websocket-server-56c97f4c7-w6nhx   2m    30Mi   
websocket-server-56c97f4c7-w74tf   2m    28Mi   
websocket-server-56c97f4c7-xgdn7   2m    30Mi   
websocket-server-56c97f4c7-xs5nl   2m    30Mi   
1781582196
websocket-server-56c97f4c7-2mc4w   2m    37Mi   
websocket-server-56c97f4c7-2p68r   3m    35Mi   
websocket-server-56c97f4c7-4qn7k   2m    95Mi   
websocket-server-56c97f4c7-59wrg   2m    28Mi   
websocket-server-56c97f4c7-5f7dj   2m    29Mi   
websocket-server-56c97f4c7-66ngq   2m    31Mi   
websocket-server-56c97f4c7-6gs9r   2m    94Mi   
websocket-server-56c97f4c7-8m8kf   2m    41Mi   
websocket-server-56c97f4c7-8rf2z   1m    32Mi   
websocket-server-56c97f4c7-9fzrm   3m    30Mi   
websocket-server-56c97f4c7-brxdv   2m    33Mi   
websocket-server-56c97f4c7-c5vx4   2m    37Mi   
websocket-server-56c97f4c7-c9gz6   2m    30Mi   
websocket-server-56c97f4c7-d6vj5   1m    34Mi   
websocket-server-56c97f4c7-f9x8j   2m    37Mi   
websocket-server-56c97f4c7-hdkd8   2m    31Mi   
websocket-server-56c97f4c7-hffvx   2m    34Mi   
websocket-server-56c97f4c7-jj7wd   2m    29Mi   
websocket-server-56c97f4c7-kcx8q   2m    41Mi   
websocket-server-56c97f4c7-kf7tz   2m    31Mi   
websocket-server-56c97f4c7-klqpm   3m    31Mi   
websocket-server-56c97f4c7-kpm6j   2m    32Mi   
websocket-server-56c97f4c7-l69gq   3m    37Mi   
websocket-server-56c97f4c7-mhj4q   2m    30Mi   
websocket-server-56c97f4c7-mt9jb   2m    30Mi   
websocket-server-56c97f4c7-ps927   2m    32Mi   
websocket-server-56c97f4c7-rgktb   2m    28Mi   
websocket-server-56c97f4c7-szkm7   2m    34Mi   
websocket-server-56c97f4c7-w6nhx   2m    30Mi   
websocket-server-56c97f4c7-w74tf   2m    28Mi   
websocket-server-56c97f4c7-xgdn7   2m    30Mi   
websocket-server-56c97f4c7-xs5nl   2m    30Mi   
1781582201
websocket-server-56c97f4c7-2mc4w   2m    37Mi   
websocket-server-56c97f4c7-2p68r   3m    35Mi   
websocket-server-56c97f4c7-4qn7k   2m    95Mi   
websocket-server-56c97f4c7-59wrg   2m    28Mi   
websocket-server-56c97f4c7-5f7dj   2m    29Mi   
websocket-server-56c97f4c7-66ngq   2m    31Mi   
websocket-server-56c97f4c7-6gs9r   2m    94Mi   
websocket-server-56c97f4c7-8m8kf   2m    41Mi   
websocket-server-56c97f4c7-8rf2z   1m    32Mi   
websocket-server-56c97f4c7-9fzrm   3m    30Mi   
websocket-server-56c97f4c7-brxdv   2m    33Mi   
websocket-server-56c97f4c7-c5vx4   2m    37Mi   
websocket-server-56c97f4c7-c9gz6   2m    30Mi   
websocket-server-56c97f4c7-d6vj5   1m    34Mi   
websocket-server-56c97f4c7-f9x8j   2m    37Mi   
websocket-server-56c97f4c7-hdkd8   2m    31Mi   
websocket-server-56c97f4c7-hffvx   2m    34Mi   
websocket-server-56c97f4c7-jj7wd   2m    29Mi   
websocket-server-56c97f4c7-kcx8q   2m    41Mi   
websocket-server-56c97f4c7-kf7tz   2m    31Mi   
websocket-server-56c97f4c7-klqpm   3m    31Mi   
websocket-server-56c97f4c7-kpm6j   2m    32Mi   
websocket-server-56c97f4c7-l69gq   3m    37Mi   
websocket-server-56c97f4c7-mhj4q   2m    30Mi   
websocket-server-56c97f4c7-mt9jb   2m    30Mi   
websocket-server-56c97f4c7-ps927   2m    32Mi   
websocket-server-56c97f4c7-rgktb   2m    28Mi   
websocket-server-56c97f4c7-szkm7   2m    34Mi   
websocket-server-56c97f4c7-w6nhx   2m    30Mi   
websocket-server-56c97f4c7-w74tf   2m    28Mi   
websocket-server-56c97f4c7-xgdn7   2m    30Mi   
websocket-server-56c97f4c7-xs5nl   2m    30Mi   
1781582206
websocket-server-56c97f4c7-2mc4w   3m    37Mi   
websocket-server-56c97f4c7-2p68r   3m    36Mi   
websocket-server-56c97f4c7-4qn7k   3m    95Mi   
websocket-server-56c97f4c7-59wrg   2m    29Mi   
websocket-server-56c97f4c7-5f7dj   3m    30Mi   
websocket-server-56c97f4c7-66ngq   3m    32Mi   
websocket-server-56c97f4c7-6gs9r   2m    94Mi   
websocket-server-56c97f4c7-8m8kf   3m    42Mi   
websocket-server-56c97f4c7-8rf2z   2m    32Mi   
websocket-server-56c97f4c7-9fzrm   3m    31Mi   
websocket-server-56c97f4c7-brxdv   2m    34Mi   
websocket-server-56c97f4c7-c5vx4   3m    37Mi   
websocket-server-56c97f4c7-c9gz6   2m    31Mi   
websocket-server-56c97f4c7-d6vj5   2m    35Mi   
websocket-server-56c97f4c7-f9x8j   3m    38Mi   
websocket-server-56c97f4c7-hdkd8   3m    32Mi   
websocket-server-56c97f4c7-hffvx   3m    35Mi   
websocket-server-56c97f4c7-jj7wd   2m    29Mi   
websocket-server-56c97f4c7-kcx8q   3m    42Mi   
websocket-server-56c97f4c7-kf7tz   3m    31Mi   
websocket-server-56c97f4c7-klqpm   3m    31Mi   
websocket-server-56c97f4c7-kpm6j   2m    32Mi   
websocket-server-56c97f4c7-l69gq   3m    37Mi   
websocket-server-56c97f4c7-mhj4q   3m    30Mi   
websocket-server-56c97f4c7-mt9jb   3m    31Mi   
websocket-server-56c97f4c7-ps927   3m    32Mi   
websocket-server-56c97f4c7-rgktb   3m    30Mi   
websocket-server-56c97f4c7-szkm7   3m    36Mi   
websocket-server-56c97f4c7-w6nhx   2m    31Mi   
websocket-server-56c97f4c7-w74tf   2m    29Mi   
websocket-server-56c97f4c7-xgdn7   3m    32Mi   
websocket-server-56c97f4c7-xs5nl   3m    32Mi   
1781582211
websocket-server-56c97f4c7-2mc4w   3m    37Mi   
websocket-server-56c97f4c7-2p68r   3m    36Mi   
websocket-server-56c97f4c7-4qn7k   3m    95Mi   
websocket-server-56c97f4c7-59wrg   2m    29Mi   
websocket-server-56c97f4c7-5f7dj   3m    30Mi   
websocket-server-56c97f4c7-66ngq   3m    32Mi   
websocket-server-56c97f4c7-6gs9r   2m    94Mi   
websocket-server-56c97f4c7-8m8kf   3m    42Mi   
websocket-server-56c97f4c7-8rf2z   2m    32Mi   
websocket-server-56c97f4c7-9fzrm   3m    31Mi   
websocket-server-56c97f4c7-brxdv   2m    34Mi   
websocket-server-56c97f4c7-c5vx4   3m    37Mi   
websocket-server-56c97f4c7-c9gz6   2m    31Mi   
websocket-server-56c97f4c7-d6vj5   2m    35Mi   
websocket-server-56c97f4c7-f9x8j   3m    38Mi   
websocket-server-56c97f4c7-hdkd8   3m    32Mi   
websocket-server-56c97f4c7-hffvx   3m    35Mi   
websocket-server-56c97f4c7-jj7wd   2m    29Mi   
websocket-server-56c97f4c7-kcx8q   3m    42Mi   
websocket-server-56c97f4c7-kf7tz   3m    31Mi   
websocket-server-56c97f4c7-klqpm   3m    31Mi   
websocket-server-56c97f4c7-kpm6j   2m    32Mi   
websocket-server-56c97f4c7-l69gq   3m    37Mi   
websocket-server-56c97f4c7-mhj4q   3m    30Mi   
websocket-server-56c97f4c7-mt9jb   3m    31Mi   
websocket-server-56c97f4c7-ps927   3m    32Mi   
websocket-server-56c97f4c7-rgktb   3m    30Mi   
websocket-server-56c97f4c7-szkm7   3m    36Mi   
websocket-server-56c97f4c7-w6nhx   2m    31Mi   
websocket-server-56c97f4c7-w74tf   2m    29Mi   
websocket-server-56c97f4c7-xgdn7   3m    32Mi   
websocket-server-56c97f4c7-xs5nl   3m    32Mi   
1781582216
websocket-server-56c97f4c7-2mc4w   3m    37Mi   
websocket-server-56c97f4c7-2p68r   3m    36Mi   
websocket-server-56c97f4c7-4qn7k   3m    95Mi   
websocket-server-56c97f4c7-59wrg   2m    29Mi   
websocket-server-56c97f4c7-5f7dj   3m    30Mi   
websocket-server-56c97f4c7-66ngq   3m    32Mi   
websocket-server-56c97f4c7-6gs9r   2m    94Mi   
websocket-server-56c97f4c7-8m8kf   3m    42Mi   
websocket-server-56c97f4c7-8rf2z   2m    32Mi   
websocket-server-56c97f4c7-9fzrm   3m    31Mi   
websocket-server-56c97f4c7-brxdv   2m    34Mi   
websocket-server-56c97f4c7-c5vx4   3m    37Mi   
websocket-server-56c97f4c7-c9gz6   2m    31Mi   
websocket-server-56c97f4c7-d6vj5   2m    35Mi   
websocket-server-56c97f4c7-f9x8j   3m    38Mi   
websocket-server-56c97f4c7-hdkd8   3m    32Mi   
websocket-server-56c97f4c7-hffvx   3m    35Mi   
websocket-server-56c97f4c7-jj7wd   2m    29Mi   
websocket-server-56c97f4c7-kcx8q   3m    42Mi   
websocket-server-56c97f4c7-kf7tz   3m    31Mi   
websocket-server-56c97f4c7-klqpm   3m    31Mi   
websocket-server-56c97f4c7-kpm6j   2m    32Mi   
websocket-server-56c97f4c7-l69gq   3m    37Mi   
websocket-server-56c97f4c7-mhj4q   3m    30Mi   
websocket-server-56c97f4c7-mt9jb   3m    31Mi   
websocket-server-56c97f4c7-ps927   3m    32Mi   
websocket-server-56c97f4c7-rgktb   3m    30Mi   
websocket-server-56c97f4c7-szkm7   3m    36Mi   
websocket-server-56c97f4c7-w6nhx   2m    31Mi   
websocket-server-56c97f4c7-w74tf   2m    29Mi   
websocket-server-56c97f4c7-xgdn7   3m    32Mi   
websocket-server-56c97f4c7-xs5nl   3m    32Mi   
1781582221
websocket-server-56c97f4c7-2mc4w   3m    37Mi   
websocket-server-56c97f4c7-2p68r   4m    36Mi   
websocket-server-56c97f4c7-4qn7k   4m    93Mi   
websocket-server-56c97f4c7-59wrg   3m    30Mi   
websocket-server-56c97f4c7-5f7dj   4m    32Mi   
websocket-server-56c97f4c7-66ngq   4m    32Mi   
websocket-server-56c97f4c7-6gs9r   3m    92Mi   
websocket-server-56c97f4c7-8m8kf   5m    42Mi   
websocket-server-56c97f4c7-8rf2z   4m    32Mi   
websocket-server-56c97f4c7-9fzrm   4m    32Mi   
websocket-server-56c97f4c7-brxdv   3m    35Mi   
websocket-server-56c97f4c7-c5vx4   3m    37Mi   
websocket-server-56c97f4c7-c9gz6   3m    31Mi   
websocket-server-56c97f4c7-d6vj5   2m    35Mi   
websocket-server-56c97f4c7-f9x8j   4m    38Mi   
websocket-server-56c97f4c7-hdkd8   3m    32Mi   
websocket-server-56c97f4c7-hffvx   4m    36Mi   
websocket-server-56c97f4c7-jj7wd   3m    30Mi   
websocket-server-56c97f4c7-kcx8q   5m    42Mi   
websocket-server-56c97f4c7-kf7tz   4m    32Mi   
websocket-server-56c97f4c7-klqpm   3m    32Mi   
websocket-server-56c97f4c7-kpm6j   3m    32Mi   
websocket-server-56c97f4c7-l69gq   4m    38Mi   
websocket-server-56c97f4c7-mhj4q   4m    31Mi   
websocket-server-56c97f4c7-mt9jb   4m    32Mi   
websocket-server-56c97f4c7-ps927   4m    32Mi   
websocket-server-56c97f4c7-rgktb   4m    31Mi   
websocket-server-56c97f4c7-szkm7   4m    36Mi   
websocket-server-56c97f4c7-w6nhx   3m    31Mi   
websocket-server-56c97f4c7-w74tf   3m    30Mi   
websocket-server-56c97f4c7-xgdn7   3m    32Mi   
websocket-server-56c97f4c7-xs5nl   3m    32Mi   
1781582226
websocket-server-56c97f4c7-2mc4w   3m    37Mi   
websocket-server-56c97f4c7-2p68r   4m    36Mi   
websocket-server-56c97f4c7-4qn7k   4m    93Mi   
websocket-server-56c97f4c7-59wrg   3m    30Mi   
websocket-server-56c97f4c7-5f7dj   4m    32Mi   
websocket-server-56c97f4c7-66ngq   4m    32Mi   
websocket-server-56c97f4c7-6gs9r   3m    92Mi   
websocket-server-56c97f4c7-8m8kf   5m    42Mi   
websocket-server-56c97f4c7-8rf2z   4m    32Mi   
websocket-server-56c97f4c7-9fzrm   4m    32Mi   
websocket-server-56c97f4c7-brxdv   3m    35Mi   
websocket-server-56c97f4c7-c5vx4   3m    37Mi   
websocket-server-56c97f4c7-c9gz6   3m    31Mi   
websocket-server-56c97f4c7-d6vj5   2m    35Mi   
websocket-server-56c97f4c7-f9x8j   4m    38Mi   
websocket-server-56c97f4c7-hdkd8   3m    32Mi   
websocket-server-56c97f4c7-hffvx   4m    36Mi   
websocket-server-56c97f4c7-jj7wd   3m    30Mi   
websocket-server-56c97f4c7-kcx8q   5m    42Mi   
websocket-server-56c97f4c7-kf7tz   4m    32Mi   
websocket-server-56c97f4c7-klqpm   3m    32Mi   
websocket-server-56c97f4c7-kpm6j   3m    32Mi   
websocket-server-56c97f4c7-l69gq   4m    38Mi   
websocket-server-56c97f4c7-mhj4q   4m    31Mi   
websocket-server-56c97f4c7-mt9jb   4m    32Mi   
websocket-server-56c97f4c7-ps927   4m    32Mi   
websocket-server-56c97f4c7-rgktb   4m    31Mi   
websocket-server-56c97f4c7-szkm7   4m    36Mi   
websocket-server-56c97f4c7-w6nhx   3m    31Mi   
websocket-server-56c97f4c7-w74tf   3m    30Mi   
websocket-server-56c97f4c7-xgdn7   3m    32Mi   
websocket-server-56c97f4c7-xs5nl   3m    32Mi   
1781582231
websocket-server-56c97f4c7-2mc4w   3m    37Mi   
websocket-server-56c97f4c7-2p68r   4m    36Mi   
websocket-server-56c97f4c7-4qn7k   4m    93Mi   
websocket-server-56c97f4c7-59wrg   3m    30Mi   
websocket-server-56c97f4c7-5f7dj   4m    32Mi   
websocket-server-56c97f4c7-66ngq   4m    32Mi   
websocket-server-56c97f4c7-6gs9r   3m    92Mi   
websocket-server-56c97f4c7-8m8kf   5m    42Mi   
websocket-server-56c97f4c7-8rf2z   4m    32Mi   
websocket-server-56c97f4c7-9fzrm   4m    32Mi   
websocket-server-56c97f4c7-brxdv   3m    35Mi   
websocket-server-56c97f4c7-c5vx4   3m    37Mi   
websocket-server-56c97f4c7-c9gz6   3m    31Mi   
websocket-server-56c97f4c7-d6vj5   2m    35Mi   
websocket-server-56c97f4c7-f9x8j   4m    38Mi   
websocket-server-56c97f4c7-hdkd8   3m    32Mi   
websocket-server-56c97f4c7-hffvx   4m    36Mi   
websocket-server-56c97f4c7-jj7wd   3m    30Mi   
websocket-server-56c97f4c7-kcx8q   5m    42Mi   
websocket-server-56c97f4c7-kf7tz   4m    32Mi   
websocket-server-56c97f4c7-klqpm   3m    32Mi   
websocket-server-56c97f4c7-kpm6j   3m    32Mi   
websocket-server-56c97f4c7-l69gq   4m    38Mi   
websocket-server-56c97f4c7-mhj4q   4m    31Mi   
websocket-server-56c97f4c7-mt9jb   4m    32Mi   
websocket-server-56c97f4c7-ps927   4m    32Mi   
websocket-server-56c97f4c7-rgktb   4m    31Mi   
websocket-server-56c97f4c7-szkm7   4m    36Mi   
websocket-server-56c97f4c7-w6nhx   3m    31Mi   
websocket-server-56c97f4c7-w74tf   3m    30Mi   
websocket-server-56c97f4c7-xgdn7   3m    32Mi   
websocket-server-56c97f4c7-xs5nl   3m    32Mi   
1781582236
websocket-server-56c97f4c7-2mc4w   4m    37Mi   
websocket-server-56c97f4c7-2p68r   6m    38Mi   
websocket-server-56c97f4c7-4qn7k   4m    94Mi   
websocket-server-56c97f4c7-59wrg   3m    30Mi   
websocket-server-56c97f4c7-5f7dj   5m    33Mi   
websocket-server-56c97f4c7-66ngq   5m    33Mi   
websocket-server-56c97f4c7-6gs9r   4m    92Mi   
websocket-server-56c97f4c7-8m8kf   6m    43Mi   
websocket-server-56c97f4c7-8rf2z   4m    32Mi   
websocket-server-56c97f4c7-9fzrm   5m    32Mi   
websocket-server-56c97f4c7-brxdv   3m    35Mi   
websocket-server-56c97f4c7-c5vx4   4m    38Mi   
websocket-server-56c97f4c7-c9gz6   4m    32Mi   
websocket-server-56c97f4c7-d6vj5   3m    36Mi   
websocket-server-56c97f4c7-f9x8j   4m    38Mi   
websocket-server-56c97f4c7-hdkd8   4m    32Mi   
websocket-server-56c97f4c7-hffvx   4m    37Mi   
websocket-server-56c97f4c7-jj7wd   4m    31Mi   
websocket-server-56c97f4c7-kcx8q   5m    42Mi   
websocket-server-56c97f4c7-kf7tz   4m    32Mi   
websocket-server-56c97f4c7-klqpm   3m    32Mi   
websocket-server-56c97f4c7-kpm6j   4m    32Mi   
websocket-server-56c97f4c7-l69gq   5m    38Mi   
websocket-server-56c97f4c7-mhj4q   4m    32Mi   
websocket-server-56c97f4c7-mt9jb   4m    32Mi   
websocket-server-56c97f4c7-ps927   4m    32Mi   
websocket-server-56c97f4c7-rgktb   5m    32Mi   
websocket-server-56c97f4c7-szkm7   5m    37Mi   
websocket-server-56c97f4c7-w6nhx   4m    32Mi   
websocket-server-56c97f4c7-w74tf   4m    31Mi   
websocket-server-56c97f4c7-xgdn7   5m    33Mi   
websocket-server-56c97f4c7-xs5nl   4m    32Mi   
1781582241
websocket-server-56c97f4c7-2mc4w   4m    37Mi   
websocket-server-56c97f4c7-2p68r   6m    38Mi   
websocket-server-56c97f4c7-4qn7k   4m    94Mi   
websocket-server-56c97f4c7-5f7dj   5m    33Mi   
websocket-server-56c97f4c7-66ngq   5m    33Mi   
websocket-server-56c97f4c7-6gs9r   4m    92Mi   
websocket-server-56c97f4c7-8m8kf   6m    43Mi   
websocket-server-56c97f4c7-8rf2z   4m    32Mi   
websocket-server-56c97f4c7-9fzrm   5m    32Mi   
websocket-server-56c97f4c7-brxdv   3m    35Mi   
websocket-server-56c97f4c7-c5vx4   4m    38Mi   
websocket-server-56c97f4c7-c9gz6   4m    32Mi   
websocket-server-56c97f4c7-d6vj5   3m    36Mi   
websocket-server-56c97f4c7-f9x8j   4m    38Mi   
websocket-server-56c97f4c7-hdkd8   4m    32Mi   
websocket-server-56c97f4c7-hffvx   4m    37Mi   
websocket-server-56c97f4c7-jj7wd   4m    31Mi   
websocket-server-56c97f4c7-kcx8q   5m    42Mi   
websocket-server-56c97f4c7-kf7tz   4m    32Mi   
websocket-server-56c97f4c7-kpm6j   4m    32Mi   
websocket-server-56c97f4c7-l69gq   5m    38Mi   
websocket-server-56c97f4c7-mhj4q   4m    32Mi   
websocket-server-56c97f4c7-mt9jb   4m    32Mi   
websocket-server-56c97f4c7-ps927   4m    32Mi   
websocket-server-56c97f4c7-rgktb   5m    32Mi   
websocket-server-56c97f4c7-szkm7   5m    37Mi   
websocket-server-56c97f4c7-w6nhx   4m    32Mi   
websocket-server-56c97f4c7-w74tf   4m    31Mi   
websocket-server-56c97f4c7-xgdn7   5m    33Mi   
websocket-server-56c97f4c7-xs5nl   4m    32Mi   
1781582246
websocket-server-56c97f4c7-2mc4w   4m    37Mi   
websocket-server-56c97f4c7-2p68r   6m    38Mi   
websocket-server-56c97f4c7-4qn7k   4m    94Mi   
websocket-server-56c97f4c7-5f7dj   5m    33Mi   
websocket-server-56c97f4c7-66ngq   5m    33Mi   
websocket-server-56c97f4c7-6gs9r   4m    92Mi   
websocket-server-56c97f4c7-8m8kf   6m    43Mi   
websocket-server-56c97f4c7-8rf2z   4m    32Mi   
websocket-server-56c97f4c7-9fzrm   5m    32Mi   
websocket-server-56c97f4c7-brxdv   3m    35Mi   
websocket-server-56c97f4c7-c5vx4   4m    38Mi   
websocket-server-56c97f4c7-c9gz6   4m    32Mi   
websocket-server-56c97f4c7-d6vj5   3m    36Mi   
websocket-server-56c97f4c7-f9x8j   4m    38Mi   
websocket-server-56c97f4c7-hdkd8   4m    32Mi   
websocket-server-56c97f4c7-hffvx   4m    37Mi   
websocket-server-56c97f4c7-kcx8q   5m    42Mi   
websocket-server-56c97f4c7-kf7tz   4m    32Mi   
websocket-server-56c97f4c7-kpm6j   4m    32Mi   
websocket-server-56c97f4c7-l69gq   5m    38Mi   
websocket-server-56c97f4c7-mhj4q   4m    32Mi   
websocket-server-56c97f4c7-mt9jb   4m    32Mi   
websocket-server-56c97f4c7-rgktb   5m    32Mi   
websocket-server-56c97f4c7-szkm7   5m    37Mi   
websocket-server-56c97f4c7-w6nhx   4m    32Mi   
websocket-server-56c97f4c7-w74tf   4m    31Mi   
websocket-server-56c97f4c7-xgdn7   5m    33Mi   
websocket-server-56c97f4c7-xs5nl   4m    32Mi   
1781582251
websocket-server-56c97f4c7-2mc4w   5m    38Mi   
websocket-server-56c97f4c7-2p68r   6m    38Mi   
websocket-server-56c97f4c7-4qn7k   5m    94Mi   
websocket-server-56c97f4c7-5f7dj   5m    33Mi   
websocket-server-56c97f4c7-66ngq   6m    34Mi   
websocket-server-56c97f4c7-6gs9r   5m    93Mi   
websocket-server-56c97f4c7-8m8kf   7m    43Mi   
websocket-server-56c97f4c7-8rf2z   5m    33Mi   
websocket-server-56c97f4c7-9fzrm   6m    34Mi   
websocket-server-56c97f4c7-c5vx4   6m    40Mi   
websocket-server-56c97f4c7-c9gz6   3m    32Mi   
websocket-server-56c97f4c7-d6vj5   5m    37Mi   
websocket-server-56c97f4c7-f9x8j   6m    39Mi   
websocket-server-56c97f4c7-hdkd8   4m    32Mi   
websocket-server-56c97f4c7-hffvx   5m    38Mi   
websocket-server-56c97f4c7-kcx8q   6m    43Mi   
websocket-server-56c97f4c7-kf7tz   5m    33Mi   
websocket-server-56c97f4c7-kpm6j   5m    33Mi   
websocket-server-56c97f4c7-l69gq   6m    39Mi   
websocket-server-56c97f4c7-mt9jb   6m    34Mi   
websocket-server-56c97f4c7-mxbhc   21m   28Mi   
websocket-server-56c97f4c7-rg4bl   20m   28Mi   
websocket-server-56c97f4c7-rgktb   5m    32Mi   
websocket-server-56c97f4c7-szkm7   6m    38Mi   
websocket-server-56c97f4c7-w6nhx   5m    33Mi   
websocket-server-56c97f4c7-w74tf   5m    33Mi   
websocket-server-56c97f4c7-wkp76   21m   28Mi   
websocket-server-56c97f4c7-xgdn7   7m    34Mi   
websocket-server-56c97f4c7-xs5nl   5m    33Mi   
1781582256
websocket-server-56c97f4c7-2mc4w   5m    38Mi   
websocket-server-56c97f4c7-2p68r   6m    38Mi   
websocket-server-56c97f4c7-4qn7k   5m    94Mi   
websocket-server-56c97f4c7-5f7dj   5m    33Mi   
websocket-server-56c97f4c7-66ngq   6m    34Mi   
websocket-server-56c97f4c7-6gs9r   5m    93Mi   
websocket-server-56c97f4c7-8m8kf   7m    43Mi   
websocket-server-56c97f4c7-8rf2z   5m    33Mi   
websocket-server-56c97f4c7-9fzrm   6m    34Mi   
websocket-server-56c97f4c7-c5vx4   6m    40Mi   
websocket-server-56c97f4c7-d6vj5   5m    37Mi   
websocket-server-56c97f4c7-f9x8j   6m    39Mi   
websocket-server-56c97f4c7-hffvx   5m    38Mi   
websocket-server-56c97f4c7-kcx8q   6m    43Mi   
websocket-server-56c97f4c7-kf7tz   5m    33Mi   
websocket-server-56c97f4c7-kpm6j   5m    33Mi   
websocket-server-56c97f4c7-l69gq   6m    39Mi   
websocket-server-56c97f4c7-mt9jb   6m    34Mi   
websocket-server-56c97f4c7-mxbhc   21m   28Mi   
websocket-server-56c97f4c7-rg4bl   20m   28Mi   
websocket-server-56c97f4c7-rgktb   5m    32Mi   
websocket-server-56c97f4c7-szkm7   6m    38Mi   
websocket-server-56c97f4c7-w6nhx   5m    33Mi   
websocket-server-56c97f4c7-w74tf   5m    33Mi   
websocket-server-56c97f4c7-wkp76   21m   28Mi   
websocket-server-56c97f4c7-xgdn7   7m    34Mi   
websocket-server-56c97f4c7-xs5nl   5m    33Mi   
1781582261
websocket-server-56c97f4c7-2mc4w   5m    38Mi   
websocket-server-56c97f4c7-2p68r   6m    38Mi   
websocket-server-56c97f4c7-4qn7k   5m    94Mi   
websocket-server-56c97f4c7-5f7dj   5m    33Mi   
websocket-server-56c97f4c7-66ngq   6m    34Mi   
websocket-server-56c97f4c7-6gs9r   5m    93Mi   
websocket-server-56c97f4c7-8m8kf   7m    43Mi   
websocket-server-56c97f4c7-8rf2z   5m    33Mi   
websocket-server-56c97f4c7-9fzrm   6m    34Mi   
websocket-server-56c97f4c7-c5vx4   6m    40Mi   
websocket-server-56c97f4c7-d6vj5   5m    37Mi   
websocket-server-56c97f4c7-f9x8j   6m    39Mi   
websocket-server-56c97f4c7-hffvx   5m    38Mi   
websocket-server-56c97f4c7-kcx8q   6m    43Mi   
websocket-server-56c97f4c7-kf7tz   5m    33Mi   
websocket-server-56c97f4c7-kpm6j   5m    33Mi   
websocket-server-56c97f4c7-l69gq   6m    39Mi   
websocket-server-56c97f4c7-mt9jb   6m    34Mi   
websocket-server-56c97f4c7-mxbhc   21m   28Mi   
websocket-server-56c97f4c7-rg4bl   20m   28Mi   
websocket-server-56c97f4c7-rgktb   5m    32Mi   
websocket-server-56c97f4c7-szkm7   6m    38Mi   
websocket-server-56c97f4c7-w6nhx   5m    33Mi   
websocket-server-56c97f4c7-w74tf   5m    33Mi   
websocket-server-56c97f4c7-wkp76   21m   28Mi   
websocket-server-56c97f4c7-xgdn7   7m    34Mi   
websocket-server-56c97f4c7-xs5nl   5m    33Mi   
1781582266
websocket-server-56c97f4c7-2mc4w   6m    38Mi   
websocket-server-56c97f4c7-2p68r   7m    40Mi   
websocket-server-56c97f4c7-4qn7k   6m    94Mi   
websocket-server-56c97f4c7-5f7dj   7m    36Mi   
websocket-server-56c97f4c7-66ngq   6m    35Mi   
websocket-server-56c97f4c7-6gs9r   6m    93Mi   
websocket-server-56c97f4c7-79xrv   19m   28Mi   
websocket-server-56c97f4c7-7lr5f   18m   28Mi   
websocket-server-56c97f4c7-8m8kf   7m    43Mi   
websocket-server-56c97f4c7-8rf2z   6m    34Mi   
websocket-server-56c97f4c7-9fzrm   7m    35Mi   
websocket-server-56c97f4c7-c5vx4   8m    40Mi   
websocket-server-56c97f4c7-d6vj5   6m    38Mi   
websocket-server-56c97f4c7-f9x8j   7m    40Mi   
websocket-server-56c97f4c7-g46gf   2m    28Mi   
websocket-server-56c97f4c7-hffvx   6m    39Mi   
websocket-server-56c97f4c7-jp4dr   1m    28Mi   
websocket-server-56c97f4c7-jz4tx   21m   28Mi   
websocket-server-56c97f4c7-kcx8q   6m    43Mi   
websocket-server-56c97f4c7-kf7tz   6m    33Mi   
websocket-server-56c97f4c7-kpm6j   6m    35Mi   
websocket-server-56c97f4c7-l69gq   8m    40Mi   
websocket-server-56c97f4c7-mt9jb   7m    35Mi   
websocket-server-56c97f4c7-mxbhc   2m    28Mi   
websocket-server-56c97f4c7-rg4bl   2m    28Mi   
websocket-server-56c97f4c7-rgktb   6m    33Mi   
websocket-server-56c97f4c7-szkm7   6m    38Mi   
websocket-server-56c97f4c7-t7f7l   18m   28Mi   
websocket-server-56c97f4c7-w6nhx   6m    34Mi   
websocket-server-56c97f4c7-w74tf   6m    34Mi   
websocket-server-56c97f4c7-wkp76   2m    28Mi   
websocket-server-56c97f4c7-xgdn7   7m    36Mi   
websocket-server-56c97f4c7-xs5nl   6m    34Mi   
1781582272
websocket-server-56c97f4c7-2mc4w   6m    38Mi   
websocket-server-56c97f4c7-2p68r   7m    40Mi   
websocket-server-56c97f4c7-4qn7k   6m    94Mi   
websocket-server-56c97f4c7-5f7dj   7m    36Mi   
websocket-server-56c97f4c7-66ngq   6m    35Mi   
websocket-server-56c97f4c7-6gs9r   6m    93Mi   
websocket-server-56c97f4c7-79xrv   19m   28Mi   
websocket-server-56c97f4c7-7lr5f   18m   28Mi   
websocket-server-56c97f4c7-8m8kf   7m    43Mi   
websocket-server-56c97f4c7-8rf2z   6m    34Mi   
websocket-server-56c97f4c7-9fzrm   7m    35Mi   
websocket-server-56c97f4c7-c5vx4   8m    40Mi   
websocket-server-56c97f4c7-d6vj5   6m    38Mi   
websocket-server-56c97f4c7-f9x8j   7m    40Mi   
websocket-server-56c97f4c7-g46gf   2m    28Mi   
websocket-server-56c97f4c7-hffvx   6m    39Mi   
websocket-server-56c97f4c7-jp4dr   1m    28Mi   
websocket-server-56c97f4c7-jz4tx   21m   28Mi   
websocket-server-56c97f4c7-kcx8q   6m    43Mi   
websocket-server-56c97f4c7-kf7tz   6m    33Mi   
websocket-server-56c97f4c7-kpm6j   6m    35Mi   
websocket-server-56c97f4c7-l69gq   8m    40Mi   
websocket-server-56c97f4c7-mt9jb   7m    35Mi   
websocket-server-56c97f4c7-mxbhc   2m    28Mi   
websocket-server-56c97f4c7-rg4bl   2m    28Mi   
websocket-server-56c97f4c7-rgktb   6m    33Mi   
websocket-server-56c97f4c7-szkm7   6m    38Mi   
websocket-server-56c97f4c7-t7f7l   18m   28Mi   
websocket-server-56c97f4c7-w6nhx   6m    34Mi   
websocket-server-56c97f4c7-w74tf   6m    34Mi   
websocket-server-56c97f4c7-wkp76   2m    28Mi   
websocket-server-56c97f4c7-xgdn7   7m    36Mi   
websocket-server-56c97f4c7-xs5nl   6m    34Mi   
1781582277
websocket-server-56c97f4c7-2mc4w   6m    38Mi   
websocket-server-56c97f4c7-2p68r   7m    40Mi   
websocket-server-56c97f4c7-4qn7k   6m    94Mi   
websocket-server-56c97f4c7-5f7dj   7m    36Mi   
websocket-server-56c97f4c7-66ngq   6m    35Mi   
websocket-server-56c97f4c7-6gs9r   6m    93Mi   
websocket-server-56c97f4c7-79xrv   19m   28Mi   
websocket-server-56c97f4c7-7lr5f   18m   28Mi   
websocket-server-56c97f4c7-8m8kf   7m    43Mi   
websocket-server-56c97f4c7-8rf2z   6m    34Mi   
websocket-server-56c97f4c7-9fzrm   7m    35Mi   
websocket-server-56c97f4c7-c5vx4   8m    40Mi   
websocket-server-56c97f4c7-d6vj5   6m    38Mi   
websocket-server-56c97f4c7-f9x8j   7m    40Mi   
websocket-server-56c97f4c7-g46gf   2m    28Mi   
websocket-server-56c97f4c7-hffvx   6m    39Mi   
websocket-server-56c97f4c7-jp4dr   1m    28Mi   
websocket-server-56c97f4c7-jz4tx   21m   28Mi   
websocket-server-56c97f4c7-kcx8q   6m    43Mi   
websocket-server-56c97f4c7-kf7tz   6m    33Mi   
websocket-server-56c97f4c7-kpm6j   6m    35Mi   
websocket-server-56c97f4c7-l69gq   8m    40Mi   
websocket-server-56c97f4c7-mt9jb   7m    35Mi   
websocket-server-56c97f4c7-mxbhc   2m    28Mi   
websocket-server-56c97f4c7-rg4bl   2m    28Mi   
websocket-server-56c97f4c7-rgktb   6m    33Mi   
websocket-server-56c97f4c7-szkm7   6m    38Mi   
websocket-server-56c97f4c7-t7f7l   18m   28Mi   
websocket-server-56c97f4c7-w6nhx   6m    34Mi   
websocket-server-56c97f4c7-w74tf   6m    34Mi   
websocket-server-56c97f4c7-wkp76   2m    28Mi   
websocket-server-56c97f4c7-xgdn7   7m    36Mi   
websocket-server-56c97f4c7-xs5nl   6m    34Mi   
1781582282
websocket-server-56c97f4c7-2mc4w   6m    39Mi   
websocket-server-56c97f4c7-2p68r   6m    40Mi   
websocket-server-56c97f4c7-4qn7k   6m    94Mi   
websocket-server-56c97f4c7-5f7dj   5m    36Mi   
websocket-server-56c97f4c7-66ngq   6m    35Mi   
websocket-server-56c97f4c7-6gs9r   6m    93Mi   
websocket-server-56c97f4c7-79xrv   1m    28Mi   
websocket-server-56c97f4c7-7lr5f   1m    28Mi   
websocket-server-56c97f4c7-8m8kf   6m    43Mi   
websocket-server-56c97f4c7-8rf2z   6m    35Mi   
websocket-server-56c97f4c7-9fzrm   5m    35Mi   
websocket-server-56c97f4c7-c5vx4   8m    40Mi   
websocket-server-56c97f4c7-cm7jh   1m    28Mi   
websocket-server-56c97f4c7-d6vj5   4m    38Mi   
websocket-server-56c97f4c7-f9x8j   6m    40Mi   
websocket-server-56c97f4c7-g46gf   1m    28Mi   
websocket-server-56c97f4c7-hffvx   6m    39Mi   
websocket-server-56c97f4c7-jp4dr   1m    28Mi   
websocket-server-56c97f4c7-jz4tx   1m    28Mi   
websocket-server-56c97f4c7-kcx8q   6m    43Mi   
websocket-server-56c97f4c7-kf7tz   6m    34Mi   
websocket-server-56c97f4c7-kpm6j   4m    35Mi   
websocket-server-56c97f4c7-l69gq   6m    40Mi   
websocket-server-56c97f4c7-mt9jb   5m    35Mi   
websocket-server-56c97f4c7-mxbhc   1m    28Mi   
websocket-server-56c97f4c7-rg4bl   2m    28Mi   
websocket-server-56c97f4c7-rgktb   6m    33Mi   
websocket-server-56c97f4c7-szkm7   6m    39Mi   
websocket-server-56c97f4c7-t7f7l   1m    28Mi   
websocket-server-56c97f4c7-w6nhx   5m    34Mi   
websocket-server-56c97f4c7-w74tf   6m    34Mi   
websocket-server-56c97f4c7-wkp76   2m    29Mi   
websocket-server-56c97f4c7-xgdn7   6m    35Mi   
websocket-server-56c97f4c7-xs5nl   6m    34Mi   
1781582287
websocket-server-56c97f4c7-2mc4w   6m    39Mi   
websocket-server-56c97f4c7-2p68r   6m    40Mi   
websocket-server-56c97f4c7-4qn7k   6m    94Mi   
websocket-server-56c97f4c7-5f7dj   5m    36Mi   
websocket-server-56c97f4c7-66ngq   6m    35Mi   
websocket-server-56c97f4c7-6gs9r   6m    93Mi   
websocket-server-56c97f4c7-79xrv   1m    28Mi   
websocket-server-56c97f4c7-7lr5f   1m    28Mi   
websocket-server-56c97f4c7-8m8kf   6m    43Mi   
websocket-server-56c97f4c7-8rf2z   6m    35Mi   
websocket-server-56c97f4c7-9fzrm   5m    35Mi   
websocket-server-56c97f4c7-c5vx4   8m    40Mi   
websocket-server-56c97f4c7-cm7jh   1m    28Mi   
websocket-server-56c97f4c7-d6vj5   4m    38Mi   
websocket-server-56c97f4c7-f9x8j   6m    40Mi   
websocket-server-56c97f4c7-g46gf   1m    28Mi   
websocket-server-56c97f4c7-hffvx   6m    39Mi   
websocket-server-56c97f4c7-jp4dr   1m    28Mi   
websocket-server-56c97f4c7-jz4tx   1m    28Mi   
websocket-server-56c97f4c7-kcx8q   6m    43Mi   
websocket-server-56c97f4c7-kf7tz   6m    34Mi   
websocket-server-56c97f4c7-kpm6j   4m    35Mi   
websocket-server-56c97f4c7-l69gq   6m    40Mi   
websocket-server-56c97f4c7-mt9jb   5m    35Mi   
websocket-server-56c97f4c7-mxbhc   1m    28Mi   
websocket-server-56c97f4c7-rg4bl   2m    28Mi   
websocket-server-56c97f4c7-rgktb   6m    33Mi   
websocket-server-56c97f4c7-szkm7   6m    39Mi   
websocket-server-56c97f4c7-t7f7l   1m    28Mi   
websocket-server-56c97f4c7-w6nhx   5m    34Mi   
websocket-server-56c97f4c7-w74tf   6m    34Mi   
websocket-server-56c97f4c7-wkp76   2m    29Mi   
websocket-server-56c97f4c7-xgdn7   6m    35Mi   
websocket-server-56c97f4c7-xs5nl   6m    34Mi   
1781582292
websocket-server-56c97f4c7-2mc4w   2m    39Mi   
websocket-server-56c97f4c7-2p68r   2m    40Mi   
websocket-server-56c97f4c7-4qn7k   3m    94Mi   
websocket-server-56c97f4c7-5f7dj   2m    36Mi   
websocket-server-56c97f4c7-66ngq   2m    35Mi   
websocket-server-56c97f4c7-6gs9r   2m    93Mi   
websocket-server-56c97f4c7-79xrv   1m    28Mi   
websocket-server-56c97f4c7-7lr5f   1m    28Mi   
websocket-server-56c97f4c7-8m8kf   2m    43Mi   
websocket-server-56c97f4c7-8rf2z   2m    35Mi   
websocket-server-56c97f4c7-9fzrm   2m    35Mi   
websocket-server-56c97f4c7-c5vx4   5m    40Mi   
websocket-server-56c97f4c7-cm7jh   1m    28Mi   
websocket-server-56c97f4c7-d6vj5   2m    38Mi   
websocket-server-56c97f4c7-f9x8j   2m    40Mi   
websocket-server-56c97f4c7-g46gf   1m    28Mi   
websocket-server-56c97f4c7-hffvx   3m    39Mi   
websocket-server-56c97f4c7-jp4dr   1m    28Mi   
websocket-server-56c97f4c7-jz4tx   1m    28Mi   
websocket-server-56c97f4c7-kcx8q   2m    43Mi   
websocket-server-56c97f4c7-kf7tz   3m    34Mi   
websocket-server-56c97f4c7-kpm6j   4m    35Mi   
websocket-server-56c97f4c7-l69gq   2m    40Mi   
websocket-server-56c97f4c7-mt9jb   5m    35Mi   
websocket-server-56c97f4c7-mxbhc   1m    28Mi   
websocket-server-56c97f4c7-rg4bl   1m    28Mi   
websocket-server-56c97f4c7-rgktb   4m    33Mi   
websocket-server-56c97f4c7-szkm7   4m    39Mi   
websocket-server-56c97f4c7-t7f7l   1m    28Mi   
websocket-server-56c97f4c7-w6nhx   2m    34Mi   
websocket-server-56c97f4c7-w74tf   2m    34Mi   
websocket-server-56c97f4c7-wkp76   1m    28Mi   
websocket-server-56c97f4c7-xgdn7   2m    35Mi   
websocket-server-56c97f4c7-xs5nl   2m    34Mi   
1781582297
websocket-server-56c97f4c7-2mc4w   2m    39Mi   
websocket-server-56c97f4c7-2p68r   2m    40Mi   
websocket-server-56c97f4c7-4qn7k   3m    94Mi   
websocket-server-56c97f4c7-5f7dj   2m    36Mi   
websocket-server-56c97f4c7-66ngq   2m    35Mi   
websocket-server-56c97f4c7-6gs9r   2m    93Mi   
websocket-server-56c97f4c7-79xrv   1m    28Mi   
websocket-server-56c97f4c7-7lr5f   1m    28Mi   
websocket-server-56c97f4c7-8m8kf   2m    43Mi   
websocket-server-56c97f4c7-8rf2z   2m    35Mi   
websocket-server-56c97f4c7-9fzrm   2m    35Mi   
websocket-server-56c97f4c7-c5vx4   5m    40Mi   
websocket-server-56c97f4c7-cm7jh   1m    28Mi   
websocket-server-56c97f4c7-d6vj5   2m    38Mi   
websocket-server-56c97f4c7-f9x8j   2m    40Mi   
websocket-server-56c97f4c7-g46gf   1m    28Mi   
websocket-server-56c97f4c7-hffvx   3m    39Mi   
websocket-server-56c97f4c7-jp4dr   1m    28Mi   
websocket-server-56c97f4c7-jz4tx   1m    28Mi   
websocket-server-56c97f4c7-kcx8q   2m    43Mi   
websocket-server-56c97f4c7-kf7tz   3m    34Mi   
websocket-server-56c97f4c7-kpm6j   4m    35Mi   
websocket-server-56c97f4c7-l69gq   2m    40Mi   
websocket-server-56c97f4c7-mt9jb   5m    35Mi   
websocket-server-56c97f4c7-mxbhc   1m    28Mi   
websocket-server-56c97f4c7-rg4bl   1m    28Mi   
websocket-server-56c97f4c7-rgktb   4m    33Mi   
websocket-server-56c97f4c7-szkm7   4m    39Mi   
websocket-server-56c97f4c7-t7f7l   1m    28Mi   
websocket-server-56c97f4c7-w6nhx   2m    34Mi   
websocket-server-56c97f4c7-w74tf   2m    34Mi   
websocket-server-56c97f4c7-wkp76   1m    28Mi   
websocket-server-56c97f4c7-xgdn7   2m    35Mi   
websocket-server-56c97f4c7-xs5nl   2m    34Mi   
1781582302
websocket-server-56c97f4c7-2mc4w   2m    39Mi   
websocket-server-56c97f4c7-2p68r   2m    40Mi   
websocket-server-56c97f4c7-4qn7k   3m    94Mi   
websocket-server-56c97f4c7-5f7dj   2m    36Mi   
websocket-server-56c97f4c7-66ngq   2m    35Mi   
websocket-server-56c97f4c7-6gs9r   2m    93Mi   
websocket-server-56c97f4c7-79xrv   1m    28Mi   
websocket-server-56c97f4c7-7lr5f   1m    28Mi   
websocket-server-56c97f4c7-8m8kf   2m    43Mi   
websocket-server-56c97f4c7-8rf2z   2m    35Mi   
websocket-server-56c97f4c7-9fzrm   2m    35Mi   
websocket-server-56c97f4c7-c5vx4   5m    40Mi   
websocket-server-56c97f4c7-cm7jh   1m    28Mi   
websocket-server-56c97f4c7-d6vj5   2m    38Mi   
websocket-server-56c97f4c7-f9x8j   2m    40Mi   
websocket-server-56c97f4c7-g46gf   1m    28Mi   
websocket-server-56c97f4c7-hffvx   3m    39Mi   
websocket-server-56c97f4c7-jp4dr   1m    28Mi   
websocket-server-56c97f4c7-jz4tx   1m    28Mi   
websocket-server-56c97f4c7-kcx8q   2m    43Mi   
websocket-server-56c97f4c7-kf7tz   3m    34Mi   
websocket-server-56c97f4c7-kpm6j   4m    35Mi   
websocket-server-56c97f4c7-l69gq   2m    40Mi   
websocket-server-56c97f4c7-mt9jb   5m    35Mi   
websocket-server-56c97f4c7-mxbhc   1m    28Mi   
websocket-server-56c97f4c7-rg4bl   1m    28Mi   
websocket-server-56c97f4c7-rgktb   4m    33Mi   
websocket-server-56c97f4c7-szkm7   4m    39Mi   
websocket-server-56c97f4c7-t7f7l   1m    28Mi   
websocket-server-56c97f4c7-w6nhx   2m    34Mi   
websocket-server-56c97f4c7-w74tf   2m    34Mi   
websocket-server-56c97f4c7-wkp76   1m    28Mi   
websocket-server-56c97f4c7-xgdn7   2m    35Mi   
websocket-server-56c97f4c7-xs5nl   2m    34Mi   
1781582307
websocket-server-56c97f4c7-2mc4w   2m    39Mi   
websocket-server-56c97f4c7-2p68r   2m    40Mi   
websocket-server-56c97f4c7-4qn7k   2m    94Mi   
websocket-server-56c97f4c7-5f7dj   2m    36Mi   
websocket-server-56c97f4c7-66ngq   2m    35Mi   
websocket-server-56c97f4c7-6gs9r   2m    93Mi   
websocket-server-56c97f4c7-79xrv   1m    28Mi   
websocket-server-56c97f4c7-7lr5f   1m    28Mi   
websocket-server-56c97f4c7-8m8kf   2m    43Mi   
websocket-server-56c97f4c7-8rf2z   2m    35Mi   
websocket-server-56c97f4c7-9fzrm   2m    35Mi   
websocket-server-56c97f4c7-c5vx4   2m    40Mi   
websocket-server-56c97f4c7-cm7jh   1m    28Mi   
websocket-server-56c97f4c7-d6vj5   2m    38Mi   
websocket-server-56c97f4c7-f9x8j   2m    40Mi   
websocket-server-56c97f4c7-g46gf   1m    28Mi   
websocket-server-56c97f4c7-hffvx   2m    39Mi   
websocket-server-56c97f4c7-jp4dr   1m    28Mi   
websocket-server-56c97f4c7-jz4tx   1m    28Mi   
websocket-server-56c97f4c7-kcx8q   2m    43Mi   
websocket-server-56c97f4c7-kf7tz   2m    34Mi   
websocket-server-56c97f4c7-kpm6j   2m    34Mi   
websocket-server-56c97f4c7-l69gq   2m    40Mi   
websocket-server-56c97f4c7-mt9jb   2m    35Mi   
websocket-server-56c97f4c7-mxbhc   1m    28Mi   
websocket-server-56c97f4c7-rg4bl   1m    28Mi   
websocket-server-56c97f4c7-rgktb   2m    34Mi   
websocket-server-56c97f4c7-szkm7   2m    39Mi   
websocket-server-56c97f4c7-t7f7l   1m    28Mi   
websocket-server-56c97f4c7-w6nhx   2m    34Mi   
websocket-server-56c97f4c7-w74tf   2m    34Mi   
websocket-server-56c97f4c7-wkp76   1m    28Mi   
websocket-server-56c97f4c7-xgdn7   2m    36Mi   
websocket-server-56c97f4c7-xs5nl   2m    34Mi   
1781582312
websocket-server-56c97f4c7-2mc4w   2m    39Mi   
websocket-server-56c97f4c7-2p68r   2m    40Mi   
websocket-server-56c97f4c7-4qn7k   2m    94Mi   
websocket-server-56c97f4c7-5f7dj   2m    36Mi   
websocket-server-56c97f4c7-66ngq   2m    35Mi   
websocket-server-56c97f4c7-6gs9r   2m    93Mi   
websocket-server-56c97f4c7-79xrv   1m    28Mi   
websocket-server-56c97f4c7-7lr5f   1m    28Mi   
websocket-server-56c97f4c7-8m8kf   2m    43Mi   
websocket-server-56c97f4c7-8rf2z   2m    35Mi   
websocket-server-56c97f4c7-9fzrm   2m    35Mi   
websocket-server-56c97f4c7-c5vx4   2m    40Mi   
websocket-server-56c97f4c7-cm7jh   1m    28Mi   
websocket-server-56c97f4c7-d6vj5   2m    38Mi   
websocket-server-56c97f4c7-f9x8j   2m    40Mi   
websocket-server-56c97f4c7-g46gf   1m    28Mi   
websocket-server-56c97f4c7-hffvx   2m    39Mi   
websocket-server-56c97f4c7-jp4dr   1m    28Mi   
websocket-server-56c97f4c7-jz4tx   1m    28Mi   
websocket-server-56c97f4c7-kcx8q   2m    43Mi   
websocket-server-56c97f4c7-kf7tz   2m    34Mi   
websocket-server-56c97f4c7-kpm6j   2m    34Mi   
websocket-server-56c97f4c7-l69gq   2m    40Mi   
websocket-server-56c97f4c7-mt9jb   2m    35Mi   
websocket-server-56c97f4c7-mxbhc   1m    28Mi   
websocket-server-56c97f4c7-rg4bl   1m    28Mi   
websocket-server-56c97f4c7-rgktb   2m    34Mi   
websocket-server-56c97f4c7-szkm7   2m    39Mi   
websocket-server-56c97f4c7-t7f7l   1m    28Mi   
websocket-server-56c97f4c7-w6nhx   2m    34Mi   
websocket-server-56c97f4c7-w74tf   2m    34Mi   
websocket-server-56c97f4c7-wkp76   1m    28Mi   
websocket-server-56c97f4c7-xgdn7   2m    36Mi   
websocket-server-56c97f4c7-xs5nl   2m    34Mi   
1781582317
websocket-server-56c97f4c7-2mc4w   2m    39Mi   
websocket-server-56c97f4c7-2p68r   2m    40Mi   
websocket-server-56c97f4c7-4qn7k   2m    94Mi   
websocket-server-56c97f4c7-5f7dj   2m    36Mi   
websocket-server-56c97f4c7-66ngq   2m    35Mi   
websocket-server-56c97f4c7-6gs9r   2m    93Mi   
websocket-server-56c97f4c7-79xrv   1m    28Mi   
websocket-server-56c97f4c7-7lr5f   1m    28Mi   
websocket-server-56c97f4c7-8m8kf   2m    43Mi   
websocket-server-56c97f4c7-8rf2z   2m    35Mi   
websocket-server-56c97f4c7-9fzrm   2m    35Mi   
websocket-server-56c97f4c7-c5vx4   2m    40Mi   
websocket-server-56c97f4c7-cm7jh   1m    28Mi   
websocket-server-56c97f4c7-d6vj5   2m    38Mi   
websocket-server-56c97f4c7-f9x8j   2m    40Mi   
websocket-server-56c97f4c7-g46gf   1m    28Mi   
websocket-server-56c97f4c7-hffvx   2m    39Mi   
websocket-server-56c97f4c7-jp4dr   1m    28Mi   
websocket-server-56c97f4c7-jz4tx   1m    28Mi   
websocket-server-56c97f4c7-kcx8q   2m    43Mi   
websocket-server-56c97f4c7-kf7tz   2m    34Mi   
websocket-server-56c97f4c7-kpm6j   2m    34Mi   
websocket-server-56c97f4c7-l69gq   2m    40Mi   
websocket-server-56c97f4c7-mt9jb   2m    35Mi   
websocket-server-56c97f4c7-mxbhc   1m    28Mi   
websocket-server-56c97f4c7-rg4bl   1m    28Mi   
websocket-server-56c97f4c7-rgktb   2m    34Mi   
websocket-server-56c97f4c7-szkm7   2m    39Mi   
websocket-server-56c97f4c7-t7f7l   1m    28Mi   
websocket-server-56c97f4c7-w6nhx   2m    34Mi   
websocket-server-56c97f4c7-w74tf   2m    34Mi   
websocket-server-56c97f4c7-wkp76   1m    28Mi   
websocket-server-56c97f4c7-xgdn7   2m    36Mi   
websocket-server-56c97f4c7-xs5nl   2m    34Mi   
1781582322
websocket-server-56c97f4c7-2mc4w   2m    39Mi   
websocket-server-56c97f4c7-2p68r   2m    40Mi   
websocket-server-56c97f4c7-4qn7k   2m    94Mi   
websocket-server-56c97f4c7-5f7dj   2m    36Mi   
websocket-server-56c97f4c7-66ngq   2m    35Mi   
websocket-server-56c97f4c7-6gs9r   2m    93Mi   
websocket-server-56c97f4c7-79xrv   1m    28Mi   
websocket-server-56c97f4c7-7lr5f   1m    28Mi   
websocket-server-56c97f4c7-8m8kf   2m    43Mi   
websocket-server-56c97f4c7-8rf2z   2m    35Mi   
websocket-server-56c97f4c7-9fzrm   2m    35Mi   
websocket-server-56c97f4c7-c5vx4   2m    40Mi   
websocket-server-56c97f4c7-cm7jh   1m    28Mi   
websocket-server-56c97f4c7-d6vj5   2m    38Mi   
websocket-server-56c97f4c7-f9x8j   2m    40Mi   
websocket-server-56c97f4c7-g46gf   1m    28Mi   
websocket-server-56c97f4c7-hffvx   2m    39Mi   
websocket-server-56c97f4c7-jp4dr   1m    28Mi   
websocket-server-56c97f4c7-jz4tx   1m    28Mi   
websocket-server-56c97f4c7-kcx8q   2m    43Mi   
websocket-server-56c97f4c7-kf7tz   2m    34Mi   
websocket-server-56c97f4c7-kpm6j   2m    35Mi   
websocket-server-56c97f4c7-l69gq   2m    40Mi   
websocket-server-56c97f4c7-mt9jb   2m    35Mi   
websocket-server-56c97f4c7-mxbhc   1m    28Mi   
websocket-server-56c97f4c7-rg4bl   1m    28Mi   
websocket-server-56c97f4c7-rgktb   2m    34Mi   
websocket-server-56c97f4c7-szkm7   2m    39Mi   
websocket-server-56c97f4c7-t7f7l   1m    28Mi   
websocket-server-56c97f4c7-w6nhx   2m    34Mi   
websocket-server-56c97f4c7-w74tf   2m    34Mi   
websocket-server-56c97f4c7-wkp76   1m    28Mi   
websocket-server-56c97f4c7-xgdn7   2m    36Mi   
websocket-server-56c97f4c7-xs5nl   2m    34Mi   
1781582327
websocket-server-56c97f4c7-2mc4w   2m    39Mi   
websocket-server-56c97f4c7-2p68r   2m    40Mi   
websocket-server-56c97f4c7-4qn7k   2m    94Mi   
websocket-server-56c97f4c7-5f7dj   2m    36Mi   
websocket-server-56c97f4c7-66ngq   2m    35Mi   
websocket-server-56c97f4c7-6gs9r   2m    93Mi   
websocket-server-56c97f4c7-79xrv   1m    28Mi   
websocket-server-56c97f4c7-7lr5f   1m    28Mi   
websocket-server-56c97f4c7-8m8kf   2m    43Mi   
websocket-server-56c97f4c7-8rf2z   2m    35Mi   
websocket-server-56c97f4c7-9fzrm   2m    35Mi   
websocket-server-56c97f4c7-c5vx4   2m    40Mi   
websocket-server-56c97f4c7-cm7jh   1m    28Mi   
websocket-server-56c97f4c7-d6vj5   2m    38Mi   
websocket-server-56c97f4c7-f9x8j   2m    40Mi   
websocket-server-56c97f4c7-g46gf   1m    28Mi   
websocket-server-56c97f4c7-hffvx   2m    39Mi   
websocket-server-56c97f4c7-jp4dr   1m    28Mi   
websocket-server-56c97f4c7-jz4tx   1m    28Mi   
websocket-server-56c97f4c7-kcx8q   2m    43Mi   
websocket-server-56c97f4c7-kf7tz   2m    34Mi   
websocket-server-56c97f4c7-kpm6j   2m    35Mi   
websocket-server-56c97f4c7-l69gq   2m    40Mi   
websocket-server-56c97f4c7-mt9jb   2m    35Mi   
websocket-server-56c97f4c7-mxbhc   1m    28Mi   
websocket-server-56c97f4c7-rg4bl   1m    28Mi   
websocket-server-56c97f4c7-rgktb   2m    34Mi   
websocket-server-56c97f4c7-szkm7   2m    39Mi   
websocket-server-56c97f4c7-t7f7l   1m    28Mi   
websocket-server-56c97f4c7-w6nhx   2m    34Mi   
websocket-server-56c97f4c7-w74tf   2m    34Mi   
websocket-server-56c97f4c7-wkp76   1m    28Mi   
websocket-server-56c97f4c7-xgdn7   2m    36Mi   
websocket-server-56c97f4c7-xs5nl   2m    34Mi   
1781582332
websocket-server-56c97f4c7-2mc4w   2m    39Mi   
websocket-server-56c97f4c7-2p68r   2m    40Mi   
websocket-server-56c97f4c7-4qn7k   2m    94Mi   
websocket-server-56c97f4c7-5f7dj   2m    36Mi   
websocket-server-56c97f4c7-66ngq   2m    35Mi   
websocket-server-56c97f4c7-6gs9r   2m    93Mi   
websocket-server-56c97f4c7-79xrv   1m    28Mi   
websocket-server-56c97f4c7-7lr5f   1m    28Mi   
websocket-server-56c97f4c7-8m8kf   2m    43Mi   
websocket-server-56c97f4c7-8rf2z   2m    35Mi   
websocket-server-56c97f4c7-9fzrm   2m    35Mi   
websocket-server-56c97f4c7-c5vx4   2m    40Mi   
websocket-server-56c97f4c7-cm7jh   1m    28Mi   
websocket-server-56c97f4c7-d6vj5   2m    38Mi   
websocket-server-56c97f4c7-f9x8j   2m    40Mi   
websocket-server-56c97f4c7-g46gf   1m    28Mi   
websocket-server-56c97f4c7-hffvx   2m    39Mi   
websocket-server-56c97f4c7-jp4dr   1m    28Mi   
websocket-server-56c97f4c7-jz4tx   1m    28Mi   
websocket-server-56c97f4c7-kcx8q   2m    43Mi   
websocket-server-56c97f4c7-kf7tz   2m    34Mi   
websocket-server-56c97f4c7-kpm6j   2m    35Mi   
websocket-server-56c97f4c7-l69gq   2m    40Mi   
websocket-server-56c97f4c7-mt9jb   2m    35Mi   
websocket-server-56c97f4c7-mxbhc   1m    28Mi   
websocket-server-56c97f4c7-rg4bl   1m    28Mi   
websocket-server-56c97f4c7-rgktb   2m    34Mi   
websocket-server-56c97f4c7-szkm7   2m    39Mi   
websocket-server-56c97f4c7-t7f7l   1m    28Mi   
websocket-server-56c97f4c7-w6nhx   2m    34Mi   
websocket-server-56c97f4c7-w74tf   2m    34Mi   
websocket-server-56c97f4c7-wkp76   1m    28Mi   
websocket-server-56c97f4c7-xgdn7   2m    36Mi   
websocket-server-56c97f4c7-xs5nl   2m    34Mi   
1781582337
websocket-server-56c97f4c7-2mc4w   2m    39Mi   
websocket-server-56c97f4c7-2p68r   2m    40Mi   
websocket-server-56c97f4c7-4qn7k   2m    94Mi   
websocket-server-56c97f4c7-5f7dj   2m    36Mi   
websocket-server-56c97f4c7-66ngq   6m    34Mi   
websocket-server-56c97f4c7-6gs9r   2m    93Mi   
websocket-server-56c97f4c7-79xrv   1m    28Mi   
websocket-server-56c97f4c7-7lr5f   1m    28Mi   
websocket-server-56c97f4c7-8m8kf   8m    42Mi   
websocket-server-56c97f4c7-8rf2z   2m    35Mi   
websocket-server-56c97f4c7-9fzrm   8m    34Mi   
websocket-server-56c97f4c7-c5vx4   6m    39Mi   
websocket-server-56c97f4c7-cm7jh   1m    28Mi   
websocket-server-56c97f4c7-d6vj5   2m    38Mi   
websocket-server-56c97f4c7-f9x8j   7m    39Mi   
websocket-server-56c97f4c7-g46gf   2m    28Mi   
websocket-server-56c97f4c7-hffvx   8m    39Mi   
websocket-server-56c97f4c7-jp4dr   2m    28Mi   
websocket-server-56c97f4c7-jz4tx   1m    28Mi   
websocket-server-56c97f4c7-kcx8q   2m    43Mi   
websocket-server-56c97f4c7-kf7tz   8m    33Mi   
websocket-server-56c97f4c7-kpm6j   6m    34Mi   
websocket-server-56c97f4c7-l69gq   9m    39Mi   
websocket-server-56c97f4c7-mt9jb   8m    34Mi   
websocket-server-56c97f4c7-mxbhc   1m    28Mi   
websocket-server-56c97f4c7-rg4bl   1m    29Mi   
websocket-server-56c97f4c7-rgktb   8m    33Mi   
websocket-server-56c97f4c7-szkm7   5m    38Mi   
websocket-server-56c97f4c7-t7f7l   1m    28Mi   
websocket-server-56c97f4c7-w6nhx   7m    33Mi   
websocket-server-56c97f4c7-w74tf   5m    34Mi   
websocket-server-56c97f4c7-wkp76   2m    28Mi   
websocket-server-56c97f4c7-xgdn7   5m    35Mi   
websocket-server-56c97f4c7-xs5nl   6m    34Mi   
1781582342
websocket-server-56c97f4c7-2mc4w   2m    39Mi   
websocket-server-56c97f4c7-2p68r   2m    40Mi   
websocket-server-56c97f4c7-4qn7k   2m    94Mi   
websocket-server-56c97f4c7-5f7dj   2m    36Mi   
websocket-server-56c97f4c7-66ngq   6m    34Mi   
websocket-server-56c97f4c7-6gs9r   2m    93Mi   
websocket-server-56c97f4c7-79xrv   1m    28Mi   
websocket-server-56c97f4c7-7lr5f   1m    28Mi   
websocket-server-56c97f4c7-8m8kf   8m    42Mi   
websocket-server-56c97f4c7-8rf2z   2m    35Mi   
websocket-server-56c97f4c7-9fzrm   8m    34Mi   
websocket-server-56c97f4c7-c5vx4   6m    39Mi   
websocket-server-56c97f4c7-cm7jh   1m    28Mi   
websocket-server-56c97f4c7-d6vj5   2m    38Mi   
websocket-server-56c97f4c7-f9x8j   7m    39Mi   
websocket-server-56c97f4c7-g46gf   2m    28Mi   
websocket-server-56c97f4c7-hffvx   8m    39Mi   
websocket-server-56c97f4c7-jp4dr   2m    28Mi   
websocket-server-56c97f4c7-jz4tx   1m    28Mi   
websocket-server-56c97f4c7-kcx8q   2m    43Mi   
websocket-server-56c97f4c7-kf7tz   8m    33Mi   
websocket-server-56c97f4c7-kpm6j   6m    34Mi   
websocket-server-56c97f4c7-l69gq   9m    39Mi   
websocket-server-56c97f4c7-mt9jb   8m    34Mi   
websocket-server-56c97f4c7-mxbhc   1m    28Mi   
websocket-server-56c97f4c7-rg4bl   1m    29Mi   
websocket-server-56c97f4c7-rgktb   8m    33Mi   
websocket-server-56c97f4c7-szkm7   5m    38Mi   
websocket-server-56c97f4c7-t7f7l   1m    28Mi   
websocket-server-56c97f4c7-w6nhx   7m    33Mi   
websocket-server-56c97f4c7-w74tf   5m    34Mi   
websocket-server-56c97f4c7-wkp76   2m    28Mi   
websocket-server-56c97f4c7-xgdn7   5m    35Mi   
websocket-server-56c97f4c7-xs5nl   6m    34Mi   
1781582347
websocket-server-56c97f4c7-2mc4w   2m    39Mi   
websocket-server-56c97f4c7-2p68r   2m    40Mi   
websocket-server-56c97f4c7-4qn7k   2m    94Mi   
websocket-server-56c97f4c7-5f7dj   2m    36Mi   
websocket-server-56c97f4c7-66ngq   6m    34Mi   
websocket-server-56c97f4c7-6gs9r   2m    93Mi   
websocket-server-56c97f4c7-79xrv   1m    28Mi   
websocket-server-56c97f4c7-7lr5f   1m    28Mi   
websocket-server-56c97f4c7-8m8kf   8m    42Mi   
websocket-server-56c97f4c7-8rf2z   2m    35Mi   
websocket-server-56c97f4c7-9fzrm   8m    34Mi   
websocket-server-56c97f4c7-c5vx4   6m    39Mi   
websocket-server-56c97f4c7-cm7jh   1m    28Mi   
websocket-server-56c97f4c7-d6vj5   2m    38Mi   
websocket-server-56c97f4c7-f9x8j   7m    39Mi   
websocket-server-56c97f4c7-g46gf   2m    28Mi   
websocket-server-56c97f4c7-hffvx   8m    39Mi   
websocket-server-56c97f4c7-jp4dr   2m    28Mi   
websocket-server-56c97f4c7-jz4tx   1m    28Mi   
websocket-server-56c97f4c7-kcx8q   2m    43Mi   
websocket-server-56c97f4c7-kf7tz   8m    33Mi   
websocket-server-56c97f4c7-kpm6j   6m    34Mi   
websocket-server-56c97f4c7-l69gq   9m    39Mi   
websocket-server-56c97f4c7-mt9jb   8m    34Mi   
websocket-server-56c97f4c7-mxbhc   1m    28Mi   
websocket-server-56c97f4c7-rg4bl   1m    29Mi   
websocket-server-56c97f4c7-rgktb   8m    33Mi   
websocket-server-56c97f4c7-szkm7   5m    38Mi   
websocket-server-56c97f4c7-t7f7l   1m    28Mi   
websocket-server-56c97f4c7-w6nhx   7m    33Mi   
websocket-server-56c97f4c7-w74tf   5m    34Mi   
websocket-server-56c97f4c7-wkp76   2m    28Mi   
websocket-server-56c97f4c7-xgdn7   5m    35Mi   
websocket-server-56c97f4c7-xs5nl   6m    34Mi   
1781582352
websocket-server-56c97f4c7-2mc4w   6m    39Mi   
websocket-server-56c97f4c7-2p68r   10m   39Mi   
websocket-server-56c97f4c7-4qn7k   5m    94Mi   
websocket-server-56c97f4c7-5f7dj   7m    35Mi   
websocket-server-56c97f4c7-66ngq   1m    34Mi   
websocket-server-56c97f4c7-6gs9r   4m    93Mi   
websocket-server-56c97f4c7-79xrv   1m    28Mi   
websocket-server-56c97f4c7-7lr5f   1m    28Mi   
websocket-server-56c97f4c7-8m8kf   1m    42Mi   
websocket-server-56c97f4c7-8rf2z   5m    34Mi   
websocket-server-56c97f4c7-9fzrm   1m    34Mi   
websocket-server-56c97f4c7-c5vx4   1m    39Mi   
websocket-server-56c97f4c7-cm7jh   1m    28Mi   
websocket-server-56c97f4c7-d6vj5   6m    38Mi   
websocket-server-56c97f4c7-f9x8j   1m    39Mi   
websocket-server-56c97f4c7-g46gf   0m    28Mi   
websocket-server-56c97f4c7-hffvx   1m    39Mi   
websocket-server-56c97f4c7-jp4dr   1m    28Mi   
websocket-server-56c97f4c7-jz4tx   2m    28Mi   
websocket-server-56c97f4c7-kcx8q   4m    42Mi   
websocket-server-56c97f4c7-kf7tz   1m    33Mi   
websocket-server-56c97f4c7-kpm6j   6m    34Mi   
websocket-server-56c97f4c7-l69gq   1m    39Mi   
websocket-server-56c97f4c7-mt9jb   8m    34Mi   
websocket-server-56c97f4c7-mxbhc   2m    28Mi   
websocket-server-56c97f4c7-rg4bl   2m    28Mi   
websocket-server-56c97f4c7-rgktb   1m    33Mi   
websocket-server-56c97f4c7-szkm7   1m    38Mi   
websocket-server-56c97f4c7-t7f7l   1m    28Mi   
websocket-server-56c97f4c7-w6nhx   7m    33Mi   
websocket-server-56c97f4c7-w74tf   4m    34Mi   
websocket-server-56c97f4c7-wkp76   2m    28Mi   
websocket-server-56c97f4c7-xgdn7   1m    35Mi   
websocket-server-56c97f4c7-xs5nl   1m    34Mi   
1781582357
websocket-server-56c97f4c7-2mc4w   6m    39Mi   
websocket-server-56c97f4c7-2p68r   10m   39Mi   
websocket-server-56c97f4c7-4qn7k   5m    94Mi   
websocket-server-56c97f4c7-5f7dj   7m    35Mi   
websocket-server-56c97f4c7-66ngq   1m    34Mi   
websocket-server-56c97f4c7-6gs9r   4m    93Mi   
websocket-server-56c97f4c7-79xrv   1m    28Mi   
websocket-server-56c97f4c7-7lr5f   1m    28Mi   
websocket-server-56c97f4c7-8m8kf   1m    42Mi   
websocket-server-56c97f4c7-8rf2z   5m    34Mi   
websocket-server-56c97f4c7-9fzrm   1m    34Mi   
websocket-server-56c97f4c7-c5vx4   1m    39Mi   
websocket-server-56c97f4c7-cm7jh   1m    28Mi   
websocket-server-56c97f4c7-d6vj5   6m    38Mi   
websocket-server-56c97f4c7-f9x8j   1m    39Mi   
websocket-server-56c97f4c7-g46gf   0m    28Mi   
websocket-server-56c97f4c7-hffvx   1m    39Mi   
websocket-server-56c97f4c7-jp4dr   1m    28Mi   
websocket-server-56c97f4c7-jz4tx   2m    28Mi   
websocket-server-56c97f4c7-kcx8q   4m    42Mi   
websocket-server-56c97f4c7-kf7tz   1m    33Mi   
websocket-server-56c97f4c7-kpm6j   6m    34Mi   
websocket-server-56c97f4c7-l69gq   1m    39Mi   
websocket-server-56c97f4c7-mt9jb   8m    34Mi   
websocket-server-56c97f4c7-mxbhc   2m    28Mi   
websocket-server-56c97f4c7-rg4bl   2m    28Mi   
websocket-server-56c97f4c7-rgktb   1m    33Mi   
websocket-server-56c97f4c7-szkm7   1m    38Mi   
websocket-server-56c97f4c7-t7f7l   1m    28Mi   
websocket-server-56c97f4c7-w6nhx   7m    33Mi   
websocket-server-56c97f4c7-w74tf   4m    34Mi   
websocket-server-56c97f4c7-wkp76   2m    28Mi   
websocket-server-56c97f4c7-xgdn7   1m    35Mi   
websocket-server-56c97f4c7-xs5nl   1m    34Mi   
1781582362
websocket-server-56c97f4c7-2mc4w   6m    39Mi   
websocket-server-56c97f4c7-2p68r   10m   39Mi   
websocket-server-56c97f4c7-4qn7k   5m    94Mi   
websocket-server-56c97f4c7-5f7dj   7m    35Mi   
websocket-server-56c97f4c7-66ngq   1m    34Mi   
websocket-server-56c97f4c7-6gs9r   4m    93Mi   
websocket-server-56c97f4c7-79xrv   1m    28Mi   
websocket-server-56c97f4c7-7lr5f   1m    28Mi   
websocket-server-56c97f4c7-8m8kf   1m    42Mi   
websocket-server-56c97f4c7-8rf2z   5m    34Mi   
websocket-server-56c97f4c7-9fzrm   1m    34Mi   
websocket-server-56c97f4c7-c5vx4   1m    39Mi   
websocket-server-56c97f4c7-cm7jh   1m    28Mi   
websocket-server-56c97f4c7-d6vj5   6m    38Mi   
websocket-server-56c97f4c7-f9x8j   1m    39Mi   
websocket-server-56c97f4c7-g46gf   0m    28Mi   
websocket-server-56c97f4c7-hffvx   1m    39Mi   
websocket-server-56c97f4c7-jp4dr   1m    28Mi   
websocket-server-56c97f4c7-jz4tx   2m    28Mi   
websocket-server-56c97f4c7-kcx8q   4m    42Mi   
websocket-server-56c97f4c7-kf7tz   1m    33Mi   
websocket-server-56c97f4c7-kpm6j   6m    34Mi   
websocket-server-56c97f4c7-l69gq   1m    39Mi   
websocket-server-56c97f4c7-mt9jb   8m    34Mi   
websocket-server-56c97f4c7-mxbhc   2m    28Mi   
websocket-server-56c97f4c7-rg4bl   2m    28Mi   
websocket-server-56c97f4c7-rgktb   1m    33Mi   
websocket-server-56c97f4c7-szkm7   1m    38Mi   
websocket-server-56c97f4c7-t7f7l   1m    28Mi   
websocket-server-56c97f4c7-w6nhx   7m    33Mi   
websocket-server-56c97f4c7-w74tf   4m    34Mi   
websocket-server-56c97f4c7-wkp76   2m    28Mi   
websocket-server-56c97f4c7-xgdn7   1m    35Mi   
websocket-server-56c97f4c7-xs5nl   1m    34Mi   
1781582367
websocket-server-56c97f4c7-2mc4w   1m    39Mi   
websocket-server-56c97f4c7-2p68r   1m    39Mi   
websocket-server-56c97f4c7-4qn7k   1m    94Mi   
websocket-server-56c97f4c7-5f7dj   1m    35Mi   
websocket-server-56c97f4c7-66ngq   1m    34Mi   
websocket-server-56c97f4c7-6gs9r   1m    93Mi   
websocket-server-56c97f4c7-79xrv   1m    28Mi   
websocket-server-56c97f4c7-7lr5f   1m    28Mi   
websocket-server-56c97f4c7-8m8kf   1m    42Mi   
websocket-server-56c97f4c7-8rf2z   1m    34Mi   
websocket-server-56c97f4c7-9fzrm   1m    34Mi   
websocket-server-56c97f4c7-c5vx4   1m    39Mi   
websocket-server-56c97f4c7-cm7jh   1m    28Mi   
websocket-server-56c97f4c7-d6vj5   1m    38Mi   
websocket-server-56c97f4c7-f9x8j   1m    39Mi   
websocket-server-56c97f4c7-g46gf   1m    28Mi   
websocket-server-56c97f4c7-hffvx   1m    39Mi   
websocket-server-56c97f4c7-jp4dr   1m    28Mi   
websocket-server-56c97f4c7-jz4tx   1m    28Mi   
websocket-server-56c97f4c7-kcx8q   4m    42Mi   
websocket-server-56c97f4c7-kf7tz   1m    33Mi   
websocket-server-56c97f4c7-kpm6j   1m    34Mi   
websocket-server-56c97f4c7-l69gq   1m    39Mi   
websocket-server-56c97f4c7-mt9jb   1m    34Mi   
websocket-server-56c97f4c7-mxbhc   1m    28Mi   
websocket-server-56c97f4c7-rg4bl   1m    28Mi   
websocket-server-56c97f4c7-rgktb   1m    33Mi   
websocket-server-56c97f4c7-szkm7   1m    38Mi   
websocket-server-56c97f4c7-t7f7l   1m    28Mi   
websocket-server-56c97f4c7-w6nhx   1m    33Mi   
websocket-server-56c97f4c7-w74tf   1m    34Mi   
websocket-server-56c97f4c7-wkp76   1m    28Mi   
websocket-server-56c97f4c7-xgdn7   0m    35Mi   
websocket-server-56c97f4c7-xs5nl   1m    34Mi   
1781582372
websocket-server-56c97f4c7-2mc4w   1m    39Mi   
websocket-server-56c97f4c7-2p68r   1m    39Mi   
websocket-server-56c97f4c7-4qn7k   1m    94Mi   
websocket-server-56c97f4c7-5f7dj   1m    35Mi   
websocket-server-56c97f4c7-66ngq   1m    34Mi   
websocket-server-56c97f4c7-6gs9r   1m    93Mi   
websocket-server-56c97f4c7-79xrv   1m    28Mi   
websocket-server-56c97f4c7-7lr5f   1m    28Mi   
websocket-server-56c97f4c7-8m8kf   1m    42Mi   
websocket-server-56c97f4c7-8rf2z   1m    34Mi   
websocket-server-56c97f4c7-9fzrm   1m    34Mi   
websocket-server-56c97f4c7-c5vx4   1m    39Mi   
websocket-server-56c97f4c7-cm7jh   1m    28Mi   
websocket-server-56c97f4c7-d6vj5   1m    38Mi   
websocket-server-56c97f4c7-f9x8j   1m    39Mi   
websocket-server-56c97f4c7-g46gf   1m    28Mi   
websocket-server-56c97f4c7-hffvx   1m    39Mi   
websocket-server-56c97f4c7-jp4dr   1m    28Mi   
websocket-server-56c97f4c7-jz4tx   1m    28Mi   
websocket-server-56c97f4c7-kcx8q   4m    42Mi   
websocket-server-56c97f4c7-kf7tz   1m    33Mi   
websocket-server-56c97f4c7-kpm6j   1m    34Mi   
websocket-server-56c97f4c7-l69gq   1m    39Mi   
websocket-server-56c97f4c7-mt9jb   1m    34Mi   
websocket-server-56c97f4c7-mxbhc   1m    28Mi   
websocket-server-56c97f4c7-rg4bl   1m    28Mi   
websocket-server-56c97f4c7-rgktb   1m    33Mi   
websocket-server-56c97f4c7-szkm7   1m    38Mi   
websocket-server-56c97f4c7-t7f7l   1m    28Mi   
websocket-server-56c97f4c7-w6nhx   1m    33Mi   
websocket-server-56c97f4c7-w74tf   1m    34Mi   
websocket-server-56c97f4c7-wkp76   1m    28Mi   
websocket-server-56c97f4c7-xgdn7   0m    35Mi   
websocket-server-56c97f4c7-xs5nl   1m    34Mi   
1781582377
websocket-server-56c97f4c7-2mc4w   1m    39Mi   
websocket-server-56c97f4c7-2p68r   1m    39Mi   
websocket-server-56c97f4c7-4qn7k   1m    94Mi   
websocket-server-56c97f4c7-5f7dj   1m    35Mi   
websocket-server-56c97f4c7-66ngq   1m    34Mi   
websocket-server-56c97f4c7-6gs9r   1m    93Mi   
websocket-server-56c97f4c7-79xrv   1m    28Mi   
websocket-server-56c97f4c7-7lr5f   1m    28Mi   
websocket-server-56c97f4c7-8m8kf   1m    42Mi   
websocket-server-56c97f4c7-8rf2z   1m    34Mi   
websocket-server-56c97f4c7-9fzrm   1m    34Mi   
websocket-server-56c97f4c7-c5vx4   1m    39Mi   
websocket-server-56c97f4c7-cm7jh   1m    28Mi   
websocket-server-56c97f4c7-d6vj5   1m    38Mi   
websocket-server-56c97f4c7-f9x8j   1m    39Mi   
websocket-server-56c97f4c7-g46gf   1m    28Mi   
websocket-server-56c97f4c7-hffvx   1m    39Mi   
websocket-server-56c97f4c7-jp4dr   1m    28Mi   
websocket-server-56c97f4c7-jz4tx   1m    28Mi   
websocket-server-56c97f4c7-kcx8q   4m    42Mi   
websocket-server-56c97f4c7-kf7tz   1m    33Mi   
websocket-server-56c97f4c7-kpm6j   1m    34Mi   
websocket-server-56c97f4c7-l69gq   1m    39Mi   
websocket-server-56c97f4c7-mt9jb   1m    34Mi   
websocket-server-56c97f4c7-mxbhc   1m    28Mi   
websocket-server-56c97f4c7-rg4bl   1m    28Mi   
websocket-server-56c97f4c7-rgktb   1m    33Mi   
websocket-server-56c97f4c7-szkm7   1m    38Mi   
websocket-server-56c97f4c7-t7f7l   1m    28Mi   
websocket-server-56c97f4c7-w6nhx   1m    33Mi   
websocket-server-56c97f4c7-w74tf   1m    34Mi   
websocket-server-56c97f4c7-wkp76   1m    28Mi   
websocket-server-56c97f4c7-xgdn7   0m    35Mi   
websocket-server-56c97f4c7-xs5nl   1m    34Mi   
1781582382
websocket-server-56c97f4c7-2mc4w   1m    39Mi   
websocket-server-56c97f4c7-2p68r   1m    39Mi   
websocket-server-56c97f4c7-4qn7k   1m    94Mi   
websocket-server-56c97f4c7-5f7dj   1m    35Mi   
websocket-server-56c97f4c7-66ngq   1m    34Mi   
websocket-server-56c97f4c7-6gs9r   1m    93Mi   
websocket-server-56c97f4c7-79xrv   1m    28Mi   
websocket-server-56c97f4c7-7lr5f   1m    28Mi   
websocket-server-56c97f4c7-8m8kf   1m    42Mi   
websocket-server-56c97f4c7-8rf2z   1m    34Mi   
websocket-server-56c97f4c7-9fzrm   1m    34Mi   
websocket-server-56c97f4c7-c5vx4   1m    39Mi   
websocket-server-56c97f4c7-cm7jh   0m    28Mi   
websocket-server-56c97f4c7-d6vj5   1m    38Mi   
websocket-server-56c97f4c7-f9x8j   1m    39Mi   
websocket-server-56c97f4c7-g46gf   0m    28Mi   
websocket-server-56c97f4c7-hffvx   1m    39Mi   
websocket-server-56c97f4c7-jp4dr   1m    28Mi   
websocket-server-56c97f4c7-jz4tx   1m    28Mi   
websocket-server-56c97f4c7-kcx8q   1m    42Mi   
websocket-server-56c97f4c7-kf7tz   1m    33Mi   
websocket-server-56c97f4c7-kpm6j   1m    34Mi   
websocket-server-56c97f4c7-l69gq   1m    39Mi   
websocket-server-56c97f4c7-mt9jb   1m    34Mi   
websocket-server-56c97f4c7-mxbhc   1m    28Mi   
websocket-server-56c97f4c7-rg4bl   1m    28Mi   
websocket-server-56c97f4c7-rgktb   1m    33Mi   
websocket-server-56c97f4c7-szkm7   1m    38Mi   
websocket-server-56c97f4c7-t7f7l   1m    28Mi   
websocket-server-56c97f4c7-w6nhx   1m    33Mi   
websocket-server-56c97f4c7-w74tf   1m    34Mi   
websocket-server-56c97f4c7-wkp76   1m    28Mi   
websocket-server-56c97f4c7-xgdn7   0m    35Mi   
websocket-server-56c97f4c7-xs5nl   1m    34Mi   
1781582387
websocket-server-56c97f4c7-2mc4w   1m    39Mi   
websocket-server-56c97f4c7-2p68r   1m    39Mi   
websocket-server-56c97f4c7-4qn7k   1m    94Mi   
websocket-server-56c97f4c7-5f7dj   1m    35Mi   
websocket-server-56c97f4c7-66ngq   1m    34Mi   
websocket-server-56c97f4c7-6gs9r   1m    93Mi   
websocket-server-56c97f4c7-79xrv   1m    28Mi   
websocket-server-56c97f4c7-7lr5f   1m    28Mi   
websocket-server-56c97f4c7-8m8kf   1m    42Mi   
websocket-server-56c97f4c7-8rf2z   1m    34Mi   
websocket-server-56c97f4c7-9fzrm   1m    34Mi   
websocket-server-56c97f4c7-c5vx4   1m    39Mi   
websocket-server-56c97f4c7-cm7jh   0m    28Mi   
websocket-server-56c97f4c7-d6vj5   1m    38Mi   
websocket-server-56c97f4c7-f9x8j   1m    39Mi   
websocket-server-56c97f4c7-g46gf   0m    28Mi   
websocket-server-56c97f4c7-hffvx   1m    39Mi   
websocket-server-56c97f4c7-jp4dr   1m    28Mi   
websocket-server-56c97f4c7-jz4tx   1m    28Mi   
websocket-server-56c97f4c7-kcx8q   1m    42Mi   
websocket-server-56c97f4c7-kf7tz   1m    33Mi   
websocket-server-56c97f4c7-kpm6j   1m    34Mi   
websocket-server-56c97f4c7-l69gq   1m    39Mi   
websocket-server-56c97f4c7-mt9jb   1m    34Mi   
websocket-server-56c97f4c7-mxbhc   1m    28Mi   
websocket-server-56c97f4c7-rg4bl   1m    28Mi   
websocket-server-56c97f4c7-rgktb   1m    33Mi   
websocket-server-56c97f4c7-szkm7   1m    38Mi   
websocket-server-56c97f4c7-t7f7l   1m    28Mi   
websocket-server-56c97f4c7-w6nhx   1m    33Mi   
websocket-server-56c97f4c7-w74tf   1m    34Mi   
websocket-server-56c97f4c7-wkp76   1m    28Mi   
websocket-server-56c97f4c7-xgdn7   0m    35Mi   
websocket-server-56c97f4c7-xs5nl   1m    34Mi   
1781582393
websocket-server-56c97f4c7-2mc4w   1m    39Mi   
websocket-server-56c97f4c7-2p68r   1m    39Mi   
websocket-server-56c97f4c7-4qn7k   1m    94Mi   
websocket-server-56c97f4c7-5f7dj   1m    35Mi   
websocket-server-56c97f4c7-66ngq   1m    34Mi   
websocket-server-56c97f4c7-6gs9r   1m    93Mi   
websocket-server-56c97f4c7-79xrv   1m    28Mi   
websocket-server-56c97f4c7-7lr5f   1m    28Mi   
websocket-server-56c97f4c7-8m8kf   1m    42Mi   
websocket-server-56c97f4c7-8rf2z   1m    34Mi   
websocket-server-56c97f4c7-9fzrm   1m    34Mi   
websocket-server-56c97f4c7-c5vx4   1m    39Mi   
websocket-server-56c97f4c7-cm7jh   0m    28Mi   
websocket-server-56c97f4c7-d6vj5   1m    38Mi   
websocket-server-56c97f4c7-f9x8j   1m    39Mi   
websocket-server-56c97f4c7-g46gf   0m    28Mi   
websocket-server-56c97f4c7-hffvx   1m    39Mi   
websocket-server-56c97f4c7-jp4dr   1m    28Mi   
websocket-server-56c97f4c7-jz4tx   1m    28Mi   
websocket-server-56c97f4c7-kcx8q   1m    42Mi   
websocket-server-56c97f4c7-kf7tz   1m    33Mi   
websocket-server-56c97f4c7-kpm6j   1m    34Mi   
websocket-server-56c97f4c7-l69gq   1m    39Mi   
websocket-server-56c97f4c7-mt9jb   1m    34Mi   
websocket-server-56c97f4c7-mxbhc   1m    28Mi   
websocket-server-56c97f4c7-rg4bl   1m    28Mi   
websocket-server-56c97f4c7-rgktb   1m    33Mi   
websocket-server-56c97f4c7-szkm7   1m    38Mi   
websocket-server-56c97f4c7-t7f7l   1m    28Mi   
websocket-server-56c97f4c7-w6nhx   1m    33Mi   
websocket-server-56c97f4c7-w74tf   1m    34Mi   
websocket-server-56c97f4c7-wkp76   1m    28Mi   
websocket-server-56c97f4c7-xgdn7   0m    35Mi   
websocket-server-56c97f4c7-xs5nl   1m    34Mi   
1781582398
websocket-server-56c97f4c7-2mc4w   1m    39Mi   
websocket-server-56c97f4c7-2p68r   0m    39Mi   
websocket-server-56c97f4c7-4qn7k   1m    94Mi   
websocket-server-56c97f4c7-5f7dj   1m    35Mi   
websocket-server-56c97f4c7-66ngq   0m    34Mi   
websocket-server-56c97f4c7-6gs9r   1m    93Mi   
websocket-server-56c97f4c7-79xrv   1m    28Mi   
websocket-server-56c97f4c7-7lr5f   0m    28Mi   
websocket-server-56c97f4c7-8m8kf   1m    42Mi   
websocket-server-56c97f4c7-8rf2z   1m    34Mi   
websocket-server-56c97f4c7-9fzrm   1m    34Mi   
websocket-server-56c97f4c7-c5vx4   1m    39Mi   
websocket-server-56c97f4c7-cm7jh   1m    28Mi   
websocket-server-56c97f4c7-d6vj5   0m    38Mi   
websocket-server-56c97f4c7-f9x8j   1m    39Mi   
websocket-server-56c97f4c7-g46gf   0m    28Mi   
websocket-server-56c97f4c7-hffvx   0m    39Mi   
websocket-server-56c97f4c7-jp4dr   1m    28Mi   
websocket-server-56c97f4c7-jz4tx   1m    28Mi   
websocket-server-56c97f4c7-kcx8q   1m    42Mi   
websocket-server-56c97f4c7-kf7tz   1m    33Mi   
websocket-server-56c97f4c7-kpm6j   1m    34Mi   
websocket-server-56c97f4c7-l69gq   1m    39Mi   
websocket-server-56c97f4c7-mt9jb   1m    34Mi   
websocket-server-56c97f4c7-mxbhc   1m    28Mi   
websocket-server-56c97f4c7-rg4bl   1m    28Mi   
websocket-server-56c97f4c7-rgktb   1m    33Mi   
websocket-server-56c97f4c7-szkm7   1m    38Mi   
websocket-server-56c97f4c7-t7f7l   1m    28Mi   
websocket-server-56c97f4c7-w6nhx   1m    33Mi   
websocket-server-56c97f4c7-w74tf   1m    34Mi   
websocket-server-56c97f4c7-wkp76   1m    28Mi   
websocket-server-56c97f4c7-xgdn7   1m    35Mi   
websocket-server-56c97f4c7-xs5nl   1m    34Mi   
1781582403
websocket-server-56c97f4c7-2mc4w   1m    39Mi   
websocket-server-56c97f4c7-2p68r   0m    39Mi   
websocket-server-56c97f4c7-4qn7k   1m    94Mi   
websocket-server-56c97f4c7-5f7dj   1m    35Mi   
websocket-server-56c97f4c7-66ngq   0m    34Mi   
websocket-server-56c97f4c7-6gs9r   1m    93Mi   
websocket-server-56c97f4c7-79xrv   1m    28Mi   
websocket-server-56c97f4c7-7lr5f   0m    28Mi   
websocket-server-56c97f4c7-8m8kf   1m    42Mi   
websocket-server-56c97f4c7-8rf2z   1m    34Mi   
websocket-server-56c97f4c7-9fzrm   1m    34Mi   
websocket-server-56c97f4c7-c5vx4   1m    39Mi   
websocket-server-56c97f4c7-cm7jh   1m    28Mi   
websocket-server-56c97f4c7-d6vj5   0m    38Mi   
websocket-server-56c97f4c7-f9x8j   1m    39Mi   
websocket-server-56c97f4c7-g46gf   0m    28Mi   
websocket-server-56c97f4c7-hffvx   0m    39Mi   
websocket-server-56c97f4c7-jp4dr   1m    28Mi   
websocket-server-56c97f4c7-jz4tx   1m    28Mi   
websocket-server-56c97f4c7-kcx8q   1m    42Mi   
websocket-server-56c97f4c7-kf7tz   1m    33Mi   
websocket-server-56c97f4c7-kpm6j   1m    34Mi   
websocket-server-56c97f4c7-l69gq   1m    39Mi   
websocket-server-56c97f4c7-mt9jb   1m    34Mi   
websocket-server-56c97f4c7-mxbhc   1m    28Mi   
websocket-server-56c97f4c7-rg4bl   1m    28Mi   
websocket-server-56c97f4c7-rgktb   1m    33Mi   
websocket-server-56c97f4c7-szkm7   1m    38Mi   
websocket-server-56c97f4c7-t7f7l   1m    28Mi   
websocket-server-56c97f4c7-w6nhx   1m    33Mi   
websocket-server-56c97f4c7-w74tf   1m    34Mi   
websocket-server-56c97f4c7-wkp76   1m    28Mi   
websocket-server-56c97f4c7-xgdn7   1m    35Mi   
websocket-server-56c97f4c7-xs5nl   1m    34Mi   
1781582408
websocket-server-56c97f4c7-2mc4w   1m    39Mi   
websocket-server-56c97f4c7-2p68r   0m    39Mi   
websocket-server-56c97f4c7-4qn7k   1m    94Mi   
websocket-server-56c97f4c7-5f7dj   1m    35Mi   
websocket-server-56c97f4c7-66ngq   0m    34Mi   
websocket-server-56c97f4c7-6gs9r   1m    93Mi   
websocket-server-56c97f4c7-79xrv   1m    28Mi   
websocket-server-56c97f4c7-7lr5f   0m    28Mi   
websocket-server-56c97f4c7-8m8kf   1m    42Mi   
websocket-server-56c97f4c7-8rf2z   1m    34Mi   
websocket-server-56c97f4c7-9fzrm   1m    34Mi   
websocket-server-56c97f4c7-c5vx4   1m    39Mi   
websocket-server-56c97f4c7-cm7jh   1m    28Mi   
websocket-server-56c97f4c7-d6vj5   0m    38Mi   
websocket-server-56c97f4c7-f9x8j   1m    39Mi   
websocket-server-56c97f4c7-g46gf   0m    28Mi   
websocket-server-56c97f4c7-hffvx   0m    39Mi   
websocket-server-56c97f4c7-jp4dr   1m    28Mi   
websocket-server-56c97f4c7-kcx8q   1m    42Mi   
websocket-server-56c97f4c7-kf7tz   1m    33Mi   
websocket-server-56c97f4c7-kpm6j   1m    34Mi   
websocket-server-56c97f4c7-l69gq   1m    39Mi   
websocket-server-56c97f4c7-mt9jb   1m    34Mi   
websocket-server-56c97f4c7-mxbhc   1m    28Mi   
websocket-server-56c97f4c7-rg4bl   1m    28Mi   
websocket-server-56c97f4c7-rgktb   1m    33Mi   
websocket-server-56c97f4c7-szkm7   1m    38Mi   
websocket-server-56c97f4c7-t7f7l   1m    28Mi   
websocket-server-56c97f4c7-w6nhx   1m    33Mi   
websocket-server-56c97f4c7-w74tf   1m    34Mi   
websocket-server-56c97f4c7-wkp76   1m    28Mi   
websocket-server-56c97f4c7-xgdn7   1m    35Mi   
websocket-server-56c97f4c7-xs5nl   1m    34Mi   
1781582413
websocket-server-56c97f4c7-2mc4w   0m    39Mi   
websocket-server-56c97f4c7-2p68r   1m    39Mi   
websocket-server-56c97f4c7-4qn7k   1m    94Mi   
websocket-server-56c97f4c7-5f7dj   1m    35Mi   
websocket-server-56c97f4c7-66ngq   1m    34Mi   
websocket-server-56c97f4c7-6gs9r   1m    93Mi   
websocket-server-56c97f4c7-79xrv   1m    28Mi   
websocket-server-56c97f4c7-7lr5f   0m    28Mi   
websocket-server-56c97f4c7-8m8kf   0m    42Mi   
websocket-server-56c97f4c7-8rf2z   1m    34Mi   
websocket-server-56c97f4c7-9fzrm   1m    34Mi   
websocket-server-56c97f4c7-c5vx4   1m    39Mi   
websocket-server-56c97f4c7-cm7jh   1m    28Mi   
websocket-server-56c97f4c7-d6vj5   1m    38Mi   
websocket-server-56c97f4c7-f9x8j   1m    39Mi   
websocket-server-56c97f4c7-g46gf   1m    28Mi   
websocket-server-56c97f4c7-hffvx   0m    39Mi   
websocket-server-56c97f4c7-jp4dr   1m    28Mi   
websocket-server-56c97f4c7-kcx8q   1m    42Mi   
websocket-server-56c97f4c7-kf7tz   1m    33Mi   
websocket-server-56c97f4c7-kpm6j   1m    34Mi   
websocket-server-56c97f4c7-l69gq   1m    39Mi   
websocket-server-56c97f4c7-mt9jb   1m    34Mi   
websocket-server-56c97f4c7-mxbhc   1m    28Mi   
websocket-server-56c97f4c7-rg4bl   1m    28Mi   
websocket-server-56c97f4c7-rgktb   1m    33Mi   
websocket-server-56c97f4c7-szkm7   1m    38Mi   
websocket-server-56c97f4c7-t7f7l   1m    28Mi   
websocket-server-56c97f4c7-w6nhx   1m    33Mi   
websocket-server-56c97f4c7-w74tf   1m    34Mi   
websocket-server-56c97f4c7-wkp76   1m    28Mi   
websocket-server-56c97f4c7-xgdn7   1m    35Mi   
websocket-server-56c97f4c7-xs5nl   1m    34Mi   
1781582418
websocket-server-56c97f4c7-2mc4w   0m    39Mi   
websocket-server-56c97f4c7-2p68r   1m    39Mi   
websocket-server-56c97f4c7-4qn7k   1m    94Mi   
websocket-server-56c97f4c7-5f7dj   1m    35Mi   
websocket-server-56c97f4c7-66ngq   1m    34Mi   
websocket-server-56c97f4c7-6gs9r   1m    93Mi   
websocket-server-56c97f4c7-79xrv   1m    28Mi   
websocket-server-56c97f4c7-7lr5f   0m    28Mi   
websocket-server-56c97f4c7-8m8kf   0m    42Mi   
websocket-server-56c97f4c7-8rf2z   1m    34Mi   
websocket-server-56c97f4c7-9fzrm   1m    34Mi   
websocket-server-56c97f4c7-c5vx4   1m    39Mi   
websocket-server-56c97f4c7-cm7jh   1m    28Mi   
websocket-server-56c97f4c7-d6vj5   1m    38Mi   
websocket-server-56c97f4c7-f9x8j   1m    39Mi   
websocket-server-56c97f4c7-g46gf   1m    28Mi   
websocket-server-56c97f4c7-hffvx   0m    39Mi   
websocket-server-56c97f4c7-jp4dr   1m    28Mi   
websocket-server-56c97f4c7-kcx8q   1m    42Mi   
websocket-server-56c97f4c7-kf7tz   1m    33Mi   
websocket-server-56c97f4c7-kpm6j   1m    34Mi   
websocket-server-56c97f4c7-l69gq   1m    39Mi   
websocket-server-56c97f4c7-mt9jb   1m    34Mi   
websocket-server-56c97f4c7-mxbhc   1m    28Mi   
websocket-server-56c97f4c7-rg4bl   1m    28Mi   
websocket-server-56c97f4c7-rgktb   1m    33Mi   
websocket-server-56c97f4c7-szkm7   1m    38Mi   
websocket-server-56c97f4c7-t7f7l   1m    28Mi   
websocket-server-56c97f4c7-w6nhx   1m    33Mi   
websocket-server-56c97f4c7-w74tf   1m    34Mi   
websocket-server-56c97f4c7-wkp76   1m    28Mi   
websocket-server-56c97f4c7-xgdn7   1m    35Mi   
websocket-server-56c97f4c7-xs5nl   1m    34Mi   
1781582423
websocket-server-56c97f4c7-2mc4w   0m    39Mi   
websocket-server-56c97f4c7-2p68r   1m    39Mi   
websocket-server-56c97f4c7-4qn7k   1m    94Mi   
websocket-server-56c97f4c7-5f7dj   1m    35Mi   
websocket-server-56c97f4c7-66ngq   1m    34Mi   
websocket-server-56c97f4c7-6gs9r   1m    93Mi   
websocket-server-56c97f4c7-79xrv   1m    28Mi   
websocket-server-56c97f4c7-7lr5f   0m    28Mi   
websocket-server-56c97f4c7-8m8kf   0m    42Mi   
websocket-server-56c97f4c7-8rf2z   1m    34Mi   
websocket-server-56c97f4c7-9fzrm   1m    34Mi   
websocket-server-56c97f4c7-c5vx4   1m    39Mi   
websocket-server-56c97f4c7-cm7jh   1m    28Mi   
websocket-server-56c97f4c7-d6vj5   1m    38Mi   
websocket-server-56c97f4c7-f9x8j   1m    39Mi   
websocket-server-56c97f4c7-g46gf   1m    28Mi   
websocket-server-56c97f4c7-hffvx   0m    39Mi   
websocket-server-56c97f4c7-kcx8q   1m    42Mi   
websocket-server-56c97f4c7-kf7tz   1m    33Mi   
websocket-server-56c97f4c7-kpm6j   1m    34Mi   
websocket-server-56c97f4c7-l69gq   1m    39Mi   
websocket-server-56c97f4c7-mt9jb   1m    34Mi   
websocket-server-56c97f4c7-mxbhc   1m    28Mi   
websocket-server-56c97f4c7-rg4bl   1m    28Mi   
websocket-server-56c97f4c7-rgktb   1m    33Mi   
websocket-server-56c97f4c7-szkm7   1m    38Mi   
websocket-server-56c97f4c7-t7f7l   1m    28Mi   
websocket-server-56c97f4c7-w6nhx   1m    33Mi   
websocket-server-56c97f4c7-w74tf   1m    34Mi   
websocket-server-56c97f4c7-wkp76   1m    28Mi   
websocket-server-56c97f4c7-xgdn7   1m    35Mi   
websocket-server-56c97f4c7-xs5nl   1m    34Mi   
1781582428
websocket-server-56c97f4c7-2mc4w   0m    39Mi   
websocket-server-56c97f4c7-2p68r   1m    39Mi   
websocket-server-56c97f4c7-4qn7k   1m    94Mi   
websocket-server-56c97f4c7-5f7dj   1m    35Mi   
websocket-server-56c97f4c7-66ngq   1m    34Mi   
websocket-server-56c97f4c7-6gs9r   1m    93Mi   
websocket-server-56c97f4c7-79xrv   1m    28Mi   
websocket-server-56c97f4c7-7lr5f   1m    28Mi   
websocket-server-56c97f4c7-8m8kf   0m    42Mi   
websocket-server-56c97f4c7-8rf2z   1m    34Mi   
websocket-server-56c97f4c7-9fzrm   1m    34Mi   
websocket-server-56c97f4c7-c5vx4   1m    39Mi   
websocket-server-56c97f4c7-cm7jh   1m    28Mi   
websocket-server-56c97f4c7-d6vj5   1m    38Mi   
websocket-server-56c97f4c7-f9x8j   1m    39Mi   
websocket-server-56c97f4c7-g46gf   1m    28Mi   
websocket-server-56c97f4c7-hffvx   1m    39Mi   
websocket-server-56c97f4c7-kcx8q   1m    42Mi   
websocket-server-56c97f4c7-kf7tz   1m    33Mi   
websocket-server-56c97f4c7-kpm6j   1m    34Mi   
websocket-server-56c97f4c7-l69gq   1m    39Mi   
websocket-server-56c97f4c7-mt9jb   1m    34Mi   
websocket-server-56c97f4c7-mxbhc   1m    28Mi   
websocket-server-56c97f4c7-rg4bl   1m    28Mi   
websocket-server-56c97f4c7-rgktb   1m    33Mi   
websocket-server-56c97f4c7-szkm7   1m    38Mi   
websocket-server-56c97f4c7-t7f7l   1m    28Mi   
websocket-server-56c97f4c7-w6nhx   1m    34Mi   
websocket-server-56c97f4c7-w74tf   1m    34Mi   
websocket-server-56c97f4c7-wkp76   1m    28Mi   
websocket-server-56c97f4c7-xgdn7   1m    35Mi   
websocket-server-56c97f4c7-xs5nl   1m    34Mi   
1781582433
websocket-server-56c97f4c7-2mc4w   0m    39Mi   
websocket-server-56c97f4c7-2p68r   1m    39Mi   
websocket-server-56c97f4c7-4qn7k   1m    94Mi   
websocket-server-56c97f4c7-5f7dj   1m    35Mi   
websocket-server-56c97f4c7-66ngq   1m    34Mi   
websocket-server-56c97f4c7-6gs9r   1m    93Mi   
websocket-server-56c97f4c7-79xrv   1m    28Mi   
websocket-server-56c97f4c7-7lr5f   1m    28Mi   
websocket-server-56c97f4c7-8m8kf   0m    42Mi   
websocket-server-56c97f4c7-8rf2z   1m    34Mi   
websocket-server-56c97f4c7-9fzrm   1m    34Mi   
websocket-server-56c97f4c7-c5vx4   1m    39Mi   
websocket-server-56c97f4c7-cm7jh   1m    28Mi   
websocket-server-56c97f4c7-d6vj5   1m    38Mi   
websocket-server-56c97f4c7-f9x8j   1m    39Mi   
websocket-server-56c97f4c7-g46gf   1m    28Mi   
websocket-server-56c97f4c7-hffvx   1m    39Mi   
websocket-server-56c97f4c7-kcx8q   1m    42Mi   
websocket-server-56c97f4c7-kf7tz   1m    33Mi   
websocket-server-56c97f4c7-kpm6j   1m    34Mi   
websocket-server-56c97f4c7-l69gq   1m    39Mi   
websocket-server-56c97f4c7-mt9jb   1m    34Mi   
websocket-server-56c97f4c7-mxbhc   1m    28Mi   
websocket-server-56c97f4c7-rg4bl   1m    28Mi   
websocket-server-56c97f4c7-rgktb   1m    33Mi   
websocket-server-56c97f4c7-szkm7   1m    38Mi   
websocket-server-56c97f4c7-t7f7l   1m    28Mi   
websocket-server-56c97f4c7-w6nhx   1m    34Mi   
websocket-server-56c97f4c7-w74tf   1m    34Mi   
websocket-server-56c97f4c7-wkp76   1m    28Mi   
websocket-server-56c97f4c7-xgdn7   1m    35Mi   
websocket-server-56c97f4c7-xs5nl   1m    34Mi   
1781582438
websocket-server-56c97f4c7-2mc4w   0m    39Mi   
websocket-server-56c97f4c7-2p68r   1m    39Mi   
websocket-server-56c97f4c7-4qn7k   1m    94Mi   
websocket-server-56c97f4c7-5f7dj   1m    35Mi   
websocket-server-56c97f4c7-66ngq   1m    34Mi   
websocket-server-56c97f4c7-6gs9r   1m    93Mi   
websocket-server-56c97f4c7-79xrv   1m    28Mi   
websocket-server-56c97f4c7-7lr5f   1m    28Mi   
websocket-server-56c97f4c7-8m8kf   0m    42Mi   
websocket-server-56c97f4c7-8rf2z   1m    34Mi   
websocket-server-56c97f4c7-9fzrm   1m    34Mi   
websocket-server-56c97f4c7-c5vx4   1m    39Mi   
websocket-server-56c97f4c7-cm7jh   1m    28Mi   
websocket-server-56c97f4c7-d6vj5   1m    38Mi   
websocket-server-56c97f4c7-f9x8j   1m    39Mi   
websocket-server-56c97f4c7-g46gf   1m    28Mi   
websocket-server-56c97f4c7-hffvx   1m    39Mi   
websocket-server-56c97f4c7-kcx8q   1m    42Mi   
websocket-server-56c97f4c7-kf7tz   1m    33Mi   
websocket-server-56c97f4c7-kpm6j   1m    34Mi   
websocket-server-56c97f4c7-l69gq   1m    39Mi   
websocket-server-56c97f4c7-mt9jb   1m    34Mi   
websocket-server-56c97f4c7-mxbhc   1m    28Mi   
websocket-server-56c97f4c7-rg4bl   1m    28Mi   
websocket-server-56c97f4c7-rgktb   1m    33Mi   
websocket-server-56c97f4c7-szkm7   1m    38Mi   
websocket-server-56c97f4c7-t7f7l   1m    28Mi   
websocket-server-56c97f4c7-w6nhx   1m    34Mi   
websocket-server-56c97f4c7-w74tf   1m    34Mi   
websocket-server-56c97f4c7-wkp76   1m    28Mi   
websocket-server-56c97f4c7-xgdn7   1m    35Mi   
websocket-server-56c97f4c7-xs5nl   1m    34Mi   
1781582443
websocket-server-56c97f4c7-2mc4w   1m    39Mi   
websocket-server-56c97f4c7-2p68r   1m    39Mi   
websocket-server-56c97f4c7-4qn7k   1m    94Mi   
websocket-server-56c97f4c7-5f7dj   1m    35Mi   
websocket-server-56c97f4c7-66ngq   1m    34Mi   
websocket-server-56c97f4c7-6gs9r   1m    93Mi   
websocket-server-56c97f4c7-79xrv   1m    28Mi   
websocket-server-56c97f4c7-7lr5f   1m    28Mi   
websocket-server-56c97f4c7-8m8kf   1m    42Mi   
websocket-server-56c97f4c7-8rf2z   1m    34Mi   
websocket-server-56c97f4c7-9fzrm   1m    34Mi   
websocket-server-56c97f4c7-c5vx4   1m    39Mi   
websocket-server-56c97f4c7-cm7jh   1m    28Mi   
websocket-server-56c97f4c7-d6vj5   1m    38Mi   
websocket-server-56c97f4c7-f9x8j   1m    39Mi   
websocket-server-56c97f4c7-g46gf   1m    28Mi   
websocket-server-56c97f4c7-hffvx   1m    39Mi   
websocket-server-56c97f4c7-kcx8q   1m    42Mi   
websocket-server-56c97f4c7-kf7tz   1m    33Mi   
websocket-server-56c97f4c7-kpm6j   1m    34Mi   
websocket-server-56c97f4c7-l69gq   1m    39Mi   
websocket-server-56c97f4c7-mt9jb   1m    34Mi   
websocket-server-56c97f4c7-mxbhc   1m    28Mi   
websocket-server-56c97f4c7-rg4bl   1m    28Mi   
websocket-server-56c97f4c7-rgktb   1m    33Mi   
websocket-server-56c97f4c7-szkm7   1m    38Mi   
websocket-server-56c97f4c7-t7f7l   1m    28Mi   
websocket-server-56c97f4c7-w6nhx   0m    33Mi   
websocket-server-56c97f4c7-w74tf   1m    34Mi   
websocket-server-56c97f4c7-wkp76   1m    28Mi   
websocket-server-56c97f4c7-xgdn7   1m    35Mi   
websocket-server-56c97f4c7-xs5nl   1m    34Mi   
1781582448
websocket-server-56c97f4c7-2mc4w   1m    39Mi   
websocket-server-56c97f4c7-2p68r   1m    39Mi   
websocket-server-56c97f4c7-4qn7k   1m    94Mi   
websocket-server-56c97f4c7-5f7dj   1m    35Mi   
websocket-server-56c97f4c7-66ngq   1m    34Mi   
websocket-server-56c97f4c7-6gs9r   1m    93Mi   
websocket-server-56c97f4c7-79xrv   1m    28Mi   
websocket-server-56c97f4c7-7lr5f   1m    28Mi   
websocket-server-56c97f4c7-8m8kf   1m    42Mi   
websocket-server-56c97f4c7-8rf2z   1m    34Mi   
websocket-server-56c97f4c7-9fzrm   1m    34Mi   
websocket-server-56c97f4c7-c5vx4   1m    39Mi   
websocket-server-56c97f4c7-cm7jh   1m    28Mi   
websocket-server-56c97f4c7-d6vj5   1m    38Mi   
websocket-server-56c97f4c7-f9x8j   1m    39Mi   
websocket-server-56c97f4c7-g46gf   1m    28Mi   
websocket-server-56c97f4c7-hffvx   1m    39Mi   
websocket-server-56c97f4c7-kcx8q   1m    42Mi   
websocket-server-56c97f4c7-kf7tz   1m    33Mi   
websocket-server-56c97f4c7-kpm6j   1m    34Mi   
websocket-server-56c97f4c7-l69gq   1m    39Mi   
websocket-server-56c97f4c7-mt9jb   1m    34Mi   
websocket-server-56c97f4c7-mxbhc   1m    28Mi   
websocket-server-56c97f4c7-rg4bl   1m    28Mi   
websocket-server-56c97f4c7-rgktb   1m    33Mi   
websocket-server-56c97f4c7-szkm7   1m    38Mi   
websocket-server-56c97f4c7-t7f7l   1m    28Mi   
websocket-server-56c97f4c7-w6nhx   0m    33Mi   
websocket-server-56c97f4c7-w74tf   1m    34Mi   
websocket-server-56c97f4c7-wkp76   1m    28Mi   
websocket-server-56c97f4c7-xgdn7   1m    35Mi   
websocket-server-56c97f4c7-xs5nl   1m    34Mi   
1781582453
websocket-server-56c97f4c7-2mc4w   1m    39Mi   
websocket-server-56c97f4c7-2p68r   1m    39Mi   
websocket-server-56c97f4c7-4qn7k   1m    94Mi   
websocket-server-56c97f4c7-5f7dj   1m    35Mi   
websocket-server-56c97f4c7-66ngq   1m    34Mi   
websocket-server-56c97f4c7-6gs9r   1m    93Mi   
websocket-server-56c97f4c7-79xrv   1m    28Mi   
websocket-server-56c97f4c7-7lr5f   1m    28Mi   
websocket-server-56c97f4c7-8m8kf   1m    42Mi   
websocket-server-56c97f4c7-8rf2z   1m    34Mi   
websocket-server-56c97f4c7-9fzrm   1m    34Mi   
websocket-server-56c97f4c7-c5vx4   1m    39Mi   
websocket-server-56c97f4c7-cm7jh   1m    28Mi   
websocket-server-56c97f4c7-d6vj5   1m    38Mi   
websocket-server-56c97f4c7-f9x8j   1m    39Mi   
websocket-server-56c97f4c7-g46gf   1m    28Mi   
websocket-server-56c97f4c7-hffvx   1m    39Mi   
websocket-server-56c97f4c7-kcx8q   1m    42Mi   
websocket-server-56c97f4c7-kf7tz   1m    33Mi   
websocket-server-56c97f4c7-kpm6j   1m    34Mi   
websocket-server-56c97f4c7-l69gq   1m    39Mi   
websocket-server-56c97f4c7-mt9jb   1m    34Mi   
websocket-server-56c97f4c7-mxbhc   1m    28Mi   
websocket-server-56c97f4c7-rg4bl   1m    28Mi   
websocket-server-56c97f4c7-rgktb   1m    33Mi   
websocket-server-56c97f4c7-szkm7   1m    38Mi   
websocket-server-56c97f4c7-t7f7l   1m    28Mi   
websocket-server-56c97f4c7-w6nhx   0m    33Mi   
websocket-server-56c97f4c7-w74tf   1m    34Mi   
websocket-server-56c97f4c7-wkp76   1m    28Mi   
websocket-server-56c97f4c7-xgdn7   1m    35Mi   
websocket-server-56c97f4c7-xs5nl   1m    34Mi   
1781582458
websocket-server-56c97f4c7-2mc4w   1m    39Mi   
websocket-server-56c97f4c7-2p68r   1m    39Mi   
websocket-server-56c97f4c7-4qn7k   1m    94Mi   
websocket-server-56c97f4c7-5f7dj   1m    35Mi   
websocket-server-56c97f4c7-66ngq   1m    34Mi   
websocket-server-56c97f4c7-6gs9r   1m    93Mi   
websocket-server-56c97f4c7-79xrv   1m    28Mi   
websocket-server-56c97f4c7-7lr5f   1m    28Mi   
websocket-server-56c97f4c7-8m8kf   1m    42Mi   
websocket-server-56c97f4c7-8rf2z   1m    34Mi   
websocket-server-56c97f4c7-9fzrm   1m    34Mi   
websocket-server-56c97f4c7-c5vx4   0m    39Mi   
websocket-server-56c97f4c7-cm7jh   1m    28Mi   
websocket-server-56c97f4c7-d6vj5   1m    38Mi   
websocket-server-56c97f4c7-f9x8j   1m    39Mi   
websocket-server-56c97f4c7-g46gf   1m    28Mi   
websocket-server-56c97f4c7-hffvx   1m    39Mi   
websocket-server-56c97f4c7-kcx8q   1m    42Mi   
websocket-server-56c97f4c7-kf7tz   1m    33Mi   
websocket-server-56c97f4c7-kpm6j   1m    34Mi   
websocket-server-56c97f4c7-l69gq   1m    39Mi   
websocket-server-56c97f4c7-mt9jb   1m    34Mi   
websocket-server-56c97f4c7-mxbhc   1m    28Mi   
websocket-server-56c97f4c7-rg4bl   1m    28Mi   
websocket-server-56c97f4c7-rgktb   1m    33Mi   
websocket-server-56c97f4c7-szkm7   1m    38Mi   
websocket-server-56c97f4c7-t7f7l   1m    28Mi   
websocket-server-56c97f4c7-w6nhx   1m    33Mi   
websocket-server-56c97f4c7-w74tf   1m    34Mi   
websocket-server-56c97f4c7-wkp76   1m    28Mi   
websocket-server-56c97f4c7-xgdn7   1m    35Mi   
websocket-server-56c97f4c7-xs5nl   1m    34Mi   
1781582463
websocket-server-56c97f4c7-2mc4w   1m    39Mi   
websocket-server-56c97f4c7-2p68r   1m    39Mi   
websocket-server-56c97f4c7-4qn7k   1m    94Mi   
websocket-server-56c97f4c7-5f7dj   1m    35Mi   
websocket-server-56c97f4c7-66ngq   1m    34Mi   
websocket-server-56c97f4c7-6gs9r   1m    93Mi   
websocket-server-56c97f4c7-79xrv   1m    28Mi   
websocket-server-56c97f4c7-7lr5f   1m    28Mi   
websocket-server-56c97f4c7-8m8kf   1m    42Mi   
websocket-server-56c97f4c7-8rf2z   1m    34Mi   
websocket-server-56c97f4c7-9fzrm   1m    34Mi   
websocket-server-56c97f4c7-c5vx4   0m    39Mi   
websocket-server-56c97f4c7-cm7jh   1m    28Mi   
websocket-server-56c97f4c7-d6vj5   1m    38Mi   
websocket-server-56c97f4c7-f9x8j   1m    39Mi   
websocket-server-56c97f4c7-g46gf   1m    28Mi   
websocket-server-56c97f4c7-hffvx   1m    39Mi   
websocket-server-56c97f4c7-kcx8q   1m    42Mi   
websocket-server-56c97f4c7-kf7tz   1m    33Mi   
websocket-server-56c97f4c7-kpm6j   1m    34Mi   
websocket-server-56c97f4c7-l69gq   1m    39Mi   
websocket-server-56c97f4c7-mt9jb   1m    34Mi   
websocket-server-56c97f4c7-mxbhc   1m    28Mi   
websocket-server-56c97f4c7-rg4bl   1m    28Mi   
websocket-server-56c97f4c7-rgktb   1m    33Mi   
websocket-server-56c97f4c7-szkm7   1m    38Mi   
websocket-server-56c97f4c7-t7f7l   1m    28Mi   
websocket-server-56c97f4c7-w6nhx   1m    33Mi   
websocket-server-56c97f4c7-w74tf   1m    34Mi   
websocket-server-56c97f4c7-wkp76   1m    28Mi   
websocket-server-56c97f4c7-xgdn7   1m    35Mi   
websocket-server-56c97f4c7-xs5nl   1m    34Mi   
1781582468
websocket-server-56c97f4c7-2mc4w   1m    39Mi   
websocket-server-56c97f4c7-2p68r   1m    39Mi   
websocket-server-56c97f4c7-4qn7k   1m    94Mi   
websocket-server-56c97f4c7-5f7dj   1m    35Mi   
websocket-server-56c97f4c7-66ngq   1m    34Mi   
websocket-server-56c97f4c7-6gs9r   1m    93Mi   
websocket-server-56c97f4c7-79xrv   1m    28Mi   
websocket-server-56c97f4c7-7lr5f   1m    28Mi   
websocket-server-56c97f4c7-8m8kf   1m    42Mi   
websocket-server-56c97f4c7-8rf2z   1m    34Mi   
websocket-server-56c97f4c7-9fzrm   1m    34Mi   
websocket-server-56c97f4c7-c5vx4   0m    39Mi   
websocket-server-56c97f4c7-cm7jh   1m    28Mi   
websocket-server-56c97f4c7-d6vj5   1m    38Mi   
websocket-server-56c97f4c7-f9x8j   1m    39Mi   
websocket-server-56c97f4c7-g46gf   1m    28Mi   
websocket-server-56c97f4c7-hffvx   1m    39Mi   
websocket-server-56c97f4c7-kcx8q   1m    42Mi   
websocket-server-56c97f4c7-kf7tz   1m    33Mi   
websocket-server-56c97f4c7-kpm6j   1m    34Mi   
websocket-server-56c97f4c7-l69gq   1m    39Mi   
websocket-server-56c97f4c7-mt9jb   1m    34Mi   
websocket-server-56c97f4c7-mxbhc   1m    28Mi   
websocket-server-56c97f4c7-rg4bl   1m    28Mi   
websocket-server-56c97f4c7-rgktb   1m    33Mi   
websocket-server-56c97f4c7-szkm7   1m    38Mi   
websocket-server-56c97f4c7-t7f7l   1m    28Mi   
websocket-server-56c97f4c7-w6nhx   1m    33Mi   
websocket-server-56c97f4c7-w74tf   1m    34Mi   
websocket-server-56c97f4c7-wkp76   1m    28Mi   
websocket-server-56c97f4c7-xgdn7   1m    35Mi   
websocket-server-56c97f4c7-xs5nl   1m    34Mi   
1781582473
websocket-server-56c97f4c7-2mc4w   0m    39Mi   
websocket-server-56c97f4c7-2p68r   1m    39Mi   
websocket-server-56c97f4c7-4qn7k   1m    94Mi   
websocket-server-56c97f4c7-5f7dj   0m    35Mi   
websocket-server-56c97f4c7-66ngq   1m    34Mi   
websocket-server-56c97f4c7-6gs9r   1m    93Mi   
websocket-server-56c97f4c7-79xrv   1m    28Mi   
websocket-server-56c97f4c7-7lr5f   0m    28Mi   
websocket-server-56c97f4c7-8m8kf   1m    43Mi   
websocket-server-56c97f4c7-8rf2z   1m    34Mi   
websocket-server-56c97f4c7-9fzrm   1m    34Mi   
websocket-server-56c97f4c7-c5vx4   0m    39Mi   
websocket-server-56c97f4c7-cm7jh   1m    28Mi   
websocket-server-56c97f4c7-d6vj5   1m    38Mi   
websocket-server-56c97f4c7-f9x8j   1m    39Mi   
websocket-server-56c97f4c7-g46gf   1m    28Mi   
websocket-server-56c97f4c7-hffvx   1m    39Mi   
websocket-server-56c97f4c7-kcx8q   1m    42Mi   
websocket-server-56c97f4c7-kf7tz   1m    33Mi   
websocket-server-56c97f4c7-kpm6j   1m    34Mi   
websocket-server-56c97f4c7-l69gq   1m    39Mi   
websocket-server-56c97f4c7-mt9jb   1m    34Mi   
websocket-server-56c97f4c7-mxbhc   1m    28Mi   
websocket-server-56c97f4c7-rg4bl   0m    28Mi   
websocket-server-56c97f4c7-rgktb   1m    33Mi   
websocket-server-56c97f4c7-szkm7   1m    38Mi   
websocket-server-56c97f4c7-t7f7l   1m    28Mi   
websocket-server-56c97f4c7-w6nhx   1m    33Mi   
websocket-server-56c97f4c7-w74tf   1m    34Mi   
websocket-server-56c97f4c7-wkp76   1m    28Mi   
websocket-server-56c97f4c7-xgdn7   1m    35Mi   
websocket-server-56c97f4c7-xs5nl   1m    34Mi   
1781582478
websocket-server-56c97f4c7-2mc4w   0m    39Mi   
websocket-server-56c97f4c7-2p68r   1m    39Mi   
websocket-server-56c97f4c7-4qn7k   1m    94Mi   
websocket-server-56c97f4c7-5f7dj   0m    35Mi   
websocket-server-56c97f4c7-66ngq   1m    34Mi   
websocket-server-56c97f4c7-6gs9r   1m    93Mi   
websocket-server-56c97f4c7-79xrv   1m    28Mi   
websocket-server-56c97f4c7-7lr5f   0m    28Mi   
websocket-server-56c97f4c7-8m8kf   1m    43Mi   
websocket-server-56c97f4c7-8rf2z   1m    34Mi   
websocket-server-56c97f4c7-9fzrm   1m    34Mi   
websocket-server-56c97f4c7-c5vx4   0m    39Mi   
websocket-server-56c97f4c7-cm7jh   1m    28Mi   
websocket-server-56c97f4c7-d6vj5   1m    38Mi   
websocket-server-56c97f4c7-f9x8j   1m    39Mi   
websocket-server-56c97f4c7-hffvx   1m    39Mi   
websocket-server-56c97f4c7-kcx8q   1m    42Mi   
websocket-server-56c97f4c7-kf7tz   1m    33Mi   
websocket-server-56c97f4c7-kpm6j   1m    34Mi   
websocket-server-56c97f4c7-l69gq   1m    39Mi   
websocket-server-56c97f4c7-mt9jb   1m    34Mi   
websocket-server-56c97f4c7-mxbhc   1m    28Mi   
websocket-server-56c97f4c7-rg4bl   0m    28Mi   
websocket-server-56c97f4c7-rgktb   1m    33Mi   
websocket-server-56c97f4c7-szkm7   1m    38Mi   
websocket-server-56c97f4c7-w6nhx   1m    33Mi   
websocket-server-56c97f4c7-w74tf   1m    34Mi   
websocket-server-56c97f4c7-wkp76   1m    28Mi   
websocket-server-56c97f4c7-xgdn7   1m    35Mi   
websocket-server-56c97f4c7-xs5nl   1m    34Mi   
1781582483
websocket-server-56c97f4c7-2mc4w   0m    39Mi   
websocket-server-56c97f4c7-2p68r   1m    39Mi   
websocket-server-56c97f4c7-4qn7k   1m    94Mi   
websocket-server-56c97f4c7-5f7dj   0m    35Mi   
websocket-server-56c97f4c7-66ngq   1m    34Mi   
websocket-server-56c97f4c7-6gs9r   1m    93Mi   
websocket-server-56c97f4c7-79xrv   1m    28Mi   
websocket-server-56c97f4c7-7lr5f   0m    28Mi   
websocket-server-56c97f4c7-8m8kf   1m    43Mi   
websocket-server-56c97f4c7-8rf2z   1m    34Mi   
websocket-server-56c97f4c7-9fzrm   1m    34Mi   
websocket-server-56c97f4c7-c5vx4   0m    39Mi   
websocket-server-56c97f4c7-d6vj5   1m    38Mi   
websocket-server-56c97f4c7-f9x8j   1m    39Mi   
websocket-server-56c97f4c7-hffvx   1m    39Mi   
websocket-server-56c97f4c7-kcx8q   1m    42Mi   
websocket-server-56c97f4c7-kf7tz   1m    33Mi   
websocket-server-56c97f4c7-kpm6j   1m    34Mi   
websocket-server-56c97f4c7-l69gq   1m    39Mi   
websocket-server-56c97f4c7-mt9jb   1m    34Mi   
websocket-server-56c97f4c7-mxbhc   1m    28Mi   
websocket-server-56c97f4c7-rgktb   1m    33Mi   
websocket-server-56c97f4c7-szkm7   1m    38Mi   
websocket-server-56c97f4c7-w6nhx   1m    33Mi   
websocket-server-56c97f4c7-w74tf   1m    34Mi   
websocket-server-56c97f4c7-wkp76   1m    28Mi   
websocket-server-56c97f4c7-xgdn7   1m    35Mi   
websocket-server-56c97f4c7-xs5nl   1m    34Mi   
1781582488
websocket-server-56c97f4c7-2mc4w   0m    39Mi   
websocket-server-56c97f4c7-2p68r   1m    39Mi   
websocket-server-56c97f4c7-4qn7k   1m    94Mi   
websocket-server-56c97f4c7-5f7dj   1m    35Mi   
websocket-server-56c97f4c7-66ngq   1m    34Mi   
websocket-server-56c97f4c7-6gs9r   1m    93Mi   
websocket-server-56c97f4c7-7lr5f   1m    28Mi   
websocket-server-56c97f4c7-8m8kf   0m    42Mi   
websocket-server-56c97f4c7-8rf2z   1m    34Mi   
websocket-server-56c97f4c7-9fzrm   1m    34Mi   
websocket-server-56c97f4c7-c5vx4   1m    39Mi   
websocket-server-56c97f4c7-d6vj5   1m    38Mi   
websocket-server-56c97f4c7-f9x8j   1m    39Mi   
websocket-server-56c97f4c7-hffvx   1m    39Mi   
websocket-server-56c97f4c7-kcx8q   1m    42Mi   
websocket-server-56c97f4c7-kf7tz   1m    33Mi   
websocket-server-56c97f4c7-kpm6j   1m    34Mi   
websocket-server-56c97f4c7-l69gq   1m    39Mi   
websocket-server-56c97f4c7-mt9jb   1m    34Mi   
websocket-server-56c97f4c7-mxbhc   1m    28Mi   
websocket-server-56c97f4c7-rgktb   1m    33Mi   
websocket-server-56c97f4c7-szkm7   1m    38Mi   
websocket-server-56c97f4c7-w6nhx   1m    33Mi   
websocket-server-56c97f4c7-w74tf   1m    34Mi   
websocket-server-56c97f4c7-xgdn7   1m    35Mi   
websocket-server-56c97f4c7-xs5nl   1m    34Mi   
1781582493
websocket-server-56c97f4c7-2mc4w   0m    39Mi   
websocket-server-56c97f4c7-2p68r   1m    39Mi   
websocket-server-56c97f4c7-4qn7k   1m    94Mi   
websocket-server-56c97f4c7-5f7dj   1m    35Mi   
websocket-server-56c97f4c7-66ngq   1m    34Mi   
websocket-server-56c97f4c7-6gs9r   1m    93Mi   
websocket-server-56c97f4c7-8m8kf   0m    42Mi   
websocket-server-56c97f4c7-8rf2z   1m    34Mi   
websocket-server-56c97f4c7-9fzrm   1m    34Mi   
websocket-server-56c97f4c7-c5vx4   1m    39Mi   
websocket-server-56c97f4c7-d6vj5   1m    38Mi   
websocket-server-56c97f4c7-f9x8j   1m    39Mi   
websocket-server-56c97f4c7-hffvx   1m    39Mi   
websocket-server-56c97f4c7-kcx8q   1m    42Mi   
websocket-server-56c97f4c7-kf7tz   1m    33Mi   
websocket-server-56c97f4c7-kpm6j   1m    34Mi   
websocket-server-56c97f4c7-l69gq   1m    39Mi   
websocket-server-56c97f4c7-mt9jb   1m    34Mi   
websocket-server-56c97f4c7-rgktb   1m    33Mi   
websocket-server-56c97f4c7-szkm7   1m    38Mi   
websocket-server-56c97f4c7-w6nhx   1m    33Mi   
websocket-server-56c97f4c7-w74tf   1m    34Mi   
websocket-server-56c97f4c7-xgdn7   1m    35Mi   
websocket-server-56c97f4c7-xs5nl   1m    34Mi   
1781582498
websocket-server-56c97f4c7-2mc4w   0m    39Mi   
websocket-server-56c97f4c7-2p68r   1m    39Mi   
websocket-server-56c97f4c7-4qn7k   1m    94Mi   
websocket-server-56c97f4c7-5f7dj   1m    35Mi   
websocket-server-56c97f4c7-66ngq   1m    34Mi   
websocket-server-56c97f4c7-6gs9r   1m    93Mi   
websocket-server-56c97f4c7-8m8kf   0m    42Mi   
websocket-server-56c97f4c7-8rf2z   1m    34Mi   
websocket-server-56c97f4c7-9fzrm   1m    34Mi   
websocket-server-56c97f4c7-c5vx4   1m    39Mi   
websocket-server-56c97f4c7-d6vj5   1m    38Mi   
websocket-server-56c97f4c7-f9x8j   1m    39Mi   
websocket-server-56c97f4c7-hffvx   1m    39Mi   
websocket-server-56c97f4c7-kf7tz   1m    33Mi   
websocket-server-56c97f4c7-kpm6j   1m    34Mi   
websocket-server-56c97f4c7-mt9jb   1m    34Mi   
websocket-server-56c97f4c7-rgktb   1m    33Mi   
websocket-server-56c97f4c7-szkm7   1m    38Mi   
websocket-server-56c97f4c7-w6nhx   1m    33Mi   
websocket-server-56c97f4c7-w74tf   1m    34Mi   
websocket-server-56c97f4c7-xgdn7   1m    35Mi   
websocket-server-56c97f4c7-xs5nl   1m    34Mi   
1781582503
websocket-server-56c97f4c7-2p68r   1m    39Mi   
websocket-server-56c97f4c7-4qn7k   1m    94Mi   
websocket-server-56c97f4c7-5f7dj   1m    35Mi   
websocket-server-56c97f4c7-66ngq   1m    34Mi   
websocket-server-56c97f4c7-6gs9r   1m    93Mi   
websocket-server-56c97f4c7-8m8kf   1m    42Mi   
websocket-server-56c97f4c7-8rf2z   1m    34Mi   
websocket-server-56c97f4c7-9fzrm   1m    34Mi   
websocket-server-56c97f4c7-c5vx4   1m    39Mi   
websocket-server-56c97f4c7-d6vj5   1m    38Mi   
websocket-server-56c97f4c7-f9x8j   0m    39Mi   
websocket-server-56c97f4c7-hffvx   1m    39Mi   
websocket-server-56c97f4c7-kf7tz   1m    33Mi   
websocket-server-56c97f4c7-mt9jb   1m    34Mi   
websocket-server-56c97f4c7-rgktb   1m    33Mi   
websocket-server-56c97f4c7-szkm7   1m    38Mi   
websocket-server-56c97f4c7-w6nhx   1m    33Mi   
websocket-server-56c97f4c7-w74tf   1m    34Mi   
websocket-server-56c97f4c7-xgdn7   1m    35Mi   
websocket-server-56c97f4c7-xs5nl   1m    34Mi   
1781582508
websocket-server-56c97f4c7-2p68r   1m    39Mi   
websocket-server-56c97f4c7-4qn7k   1m    94Mi   
websocket-server-56c97f4c7-5f7dj   1m    35Mi   
websocket-server-56c97f4c7-66ngq   1m    34Mi   
websocket-server-56c97f4c7-6gs9r   1m    93Mi   
websocket-server-56c97f4c7-8rf2z   1m    34Mi   
websocket-server-56c97f4c7-9fzrm   1m    34Mi   
websocket-server-56c97f4c7-c5vx4   1m    39Mi   
websocket-server-56c97f4c7-d6vj5   1m    38Mi   
websocket-server-56c97f4c7-f9x8j   0m    39Mi   
websocket-server-56c97f4c7-hffvx   1m    39Mi   
websocket-server-56c97f4c7-kf7tz   1m    33Mi   
websocket-server-56c97f4c7-mt9jb   1m    34Mi   
websocket-server-56c97f4c7-rgktb   1m    33Mi   
websocket-server-56c97f4c7-szkm7   1m    38Mi   
websocket-server-56c97f4c7-w6nhx   1m    33Mi   
websocket-server-56c97f4c7-w74tf   1m    34Mi   
websocket-server-56c97f4c7-xgdn7   1m    35Mi   
1781582514
websocket-server-56c97f4c7-4qn7k   1m    94Mi   
websocket-server-56c97f4c7-5f7dj   1m    35Mi   
websocket-server-56c97f4c7-66ngq   1m    34Mi   
websocket-server-56c97f4c7-6gs9r   1m    93Mi   
websocket-server-56c97f4c7-8rf2z   1m    34Mi   
websocket-server-56c97f4c7-9fzrm   1m    34Mi   
websocket-server-56c97f4c7-d6vj5   1m    38Mi   
websocket-server-56c97f4c7-f9x8j   0m    39Mi   
websocket-server-56c97f4c7-hffvx   1m    39Mi   
websocket-server-56c97f4c7-kf7tz   1m    33Mi   
websocket-server-56c97f4c7-mt9jb   1m    34Mi   
websocket-server-56c97f4c7-rgktb   1m    33Mi   
websocket-server-56c97f4c7-szkm7   1m    38Mi   
websocket-server-56c97f4c7-w6nhx   1m    33Mi   
websocket-server-56c97f4c7-w74tf   1m    34Mi   
websocket-server-56c97f4c7-xgdn7   1m    35Mi   
1781582519
websocket-server-56c97f4c7-4qn7k   1m    94Mi   
websocket-server-56c97f4c7-5f7dj   1m    35Mi   
websocket-server-56c97f4c7-66ngq   1m    34Mi   
websocket-server-56c97f4c7-6gs9r   1m    93Mi   
websocket-server-56c97f4c7-9fzrm   1m    34Mi   
websocket-server-56c97f4c7-d6vj5   1m    38Mi   
websocket-server-56c97f4c7-f9x8j   1m    39Mi   
websocket-server-56c97f4c7-hffvx   1m    39Mi   
websocket-server-56c97f4c7-kf7tz   1m    33Mi   
websocket-server-56c97f4c7-mt9jb   1m    34Mi   
websocket-server-56c97f4c7-rgktb   1m    33Mi   
websocket-server-56c97f4c7-w6nhx   1m    33Mi   
websocket-server-56c97f4c7-w74tf   1m    34Mi   
websocket-server-56c97f4c7-xgdn7   1m    35Mi   
1781582524
websocket-server-56c97f4c7-4qn7k   1m    94Mi   
websocket-server-56c97f4c7-5f7dj   1m    35Mi   
websocket-server-56c97f4c7-66ngq   1m    34Mi   
websocket-server-56c97f4c7-6gs9r   1m    93Mi   
websocket-server-56c97f4c7-9fzrm   1m    34Mi   
websocket-server-56c97f4c7-f9x8j   1m    39Mi   
websocket-server-56c97f4c7-hffvx   1m    39Mi   
websocket-server-56c97f4c7-kf7tz   1m    33Mi   
websocket-server-56c97f4c7-mt9jb   1m    34Mi   
websocket-server-56c97f4c7-rgktb   1m    33Mi   
websocket-server-56c97f4c7-w6nhx   1m    33Mi   
websocket-server-56c97f4c7-xgdn7   1m    35Mi   
1781582529
websocket-server-56c97f4c7-4qn7k   1m    94Mi   
websocket-server-56c97f4c7-5f7dj   1m    35Mi   
websocket-server-56c97f4c7-66ngq   1m    34Mi   
websocket-server-56c97f4c7-6gs9r   1m    93Mi   
websocket-server-56c97f4c7-f9x8j   1m    39Mi   
websocket-server-56c97f4c7-hffvx   1m    39Mi   
websocket-server-56c97f4c7-kf7tz   1m    33Mi   
websocket-server-56c97f4c7-mt9jb   1m    34Mi   
websocket-server-56c97f4c7-rgktb   1m    33Mi   
websocket-server-56c97f4c7-xgdn7   1m    35Mi   
1781582534
websocket-server-56c97f4c7-4qn7k   1m    94Mi   
websocket-server-56c97f4c7-66ngq   0m    34Mi   
websocket-server-56c97f4c7-6gs9r   1m    93Mi   
websocket-server-56c97f4c7-f9x8j   1m    39Mi   
websocket-server-56c97f4c7-hffvx   1m    39Mi   
websocket-server-56c97f4c7-kf7tz   1m    33Mi   
websocket-server-56c97f4c7-mt9jb   1m    34Mi   
websocket-server-56c97f4c7-xgdn7   1m    35Mi   
1781582539
websocket-server-56c97f4c7-4qn7k   1m    94Mi   
websocket-server-56c97f4c7-66ngq   0m    34Mi   
websocket-server-56c97f4c7-6gs9r   1m    93Mi   
websocket-server-56c97f4c7-f9x8j   1m    39Mi   
websocket-server-56c97f4c7-hffvx   1m    39Mi   
websocket-server-56c97f4c7-mt9jb   1m    34Mi   
1781582544
websocket-server-56c97f4c7-4qn7k   1m    94Mi   
websocket-server-56c97f4c7-6gs9r   1m    93Mi   
websocket-server-56c97f4c7-f9x8j   1m    39Mi   
websocket-server-56c97f4c7-hffvx   1m    39Mi   
1781582549
websocket-server-56c97f4c7-4qn7k   1m    94Mi   
websocket-server-56c97f4c7-6gs9r   1m    93Mi   
1781582554
websocket-server-56c97f4c7-4qn7k   1m    94Mi   
websocket-server-56c97f4c7-6gs9r   1m    93Mi   
